  5.000000E-01 -1.800000E+02     1  8.628187E-02 -8.976630E+01  3.519228E-04 -8.628116E-02
  5.000000E-01 -1.800000E+02     2  8.812470E-07 -9.370374E+01 -5.692624E-08 -8.794065E-07
  5.000000E-01 -1.800000E+02     3  3.729694E-06 -2.581130E+01  3.357593E-06 -1.623941E-06
  5.000000E-01 -1.800000E+02     4  1.521968E-07 -9.450525E+01 -1.195512E-08 -1.517265E-07
  5.000000E-01 -1.800000E+02     5  1.960444E-02  9.338916E+01 -1.158968E-03  1.957016E-02
  5.000000E-01 -1.800000E+02     6  4.502022E-06 -5.831840E+00  4.478722E-06 -4.574466E-07
  5.000000E-01 -1.500000E+02     1  3.119604E-01  8.665797E+01  1.818618E-02  3.114298E-01
  5.000000E-01 -1.500000E+02     2  1.495420E-01  8.483330E+01  1.346681E-02  1.489344E-01
  5.000000E-01 -1.500000E+02     3  4.425149E-05  1.796128E+02 -4.425048E-05  2.990375E-07
  5.000000E-01 -1.500000E+02     4  2.544591E-02  8.078332E+01  4.075636E-03  2.511740E-02
  5.000000E-01 -1.500000E+02     5  1.135919E-01 -9.349944E+01 -6.933522E-03 -1.133801E-01
  5.000000E-01 -1.500000E+02     6  2.588763E-01  3.880273E+00  2.582829E-01  1.751862E-02
  5.000000E-01 -1.200000E+02     1  1.534624E-01  8.741535E+01  6.920435E-03  1.533063E-01
  5.000000E-01 -1.200000E+02     2  3.063899E-01  8.579737E+01  2.245349E-02  3.055661E-01
  5.000000E-01 -1.200000E+02     3  4.529417E-05 -1.793204E+02 -4.529098E-05 -5.372059E-07
  5.000000E-01 -1.200000E+02     4  1.128183E-01  8.621884E+01  7.439880E-03  1.125727E-01
  5.000000E-01 -1.200000E+02     5  2.396500E-02 -9.615562E+01 -2.569747E-03 -2.382682E-02
  5.000000E-01 -1.200000E+02     6  2.435523E-01 -1.732840E+02 -2.418811E-01 -2.848280E-02
  5.000000E-01 -9.000000E+01     1  4.268819E-07  8.564055E+01  3.244875E-08  4.256468E-07
  5.000000E-01 -9.000000E+01     2  8.543368E-02 -8.871790E+01  1.911582E-03 -8.541229E-02
  5.000000E-01 -9.000000E+01     3  1.308739E-06 -1.317793E+02 -8.719643E-07 -9.759483E-07
  5.000000E-01 -9.000000E+01     4  1.863666E-02 -8.436575E+01  1.829707E-03 -1.854662E-02
  5.000000E-01 -9.000000E+01     5  7.706544E-08 -9.555190E+01 -7.455867E-09 -7.670393E-08
  5.000000E-01 -9.000000E+01     6  2.166036E-06 -4.861294E+00  2.158245E-06 -1.835582E-07
  5.000000E-01 -6.000000E+01     1  1.534621E-01 -9.258466E+01 -6.920462E-03 -1.533059E-01
  5.000000E-01 -6.000000E+01     2  3.063905E-01  8.579737E+01  2.245352E-02  3.055666E-01
  5.000000E-01 -6.000000E+01     3  4.529432E-05 -1.793204E+02 -4.529113E-05 -5.372196E-07
  5.000000E-01 -6.000000E+01     4  1.128183E-01  8.621880E+01  7.439967E-03  1.125727E-01
  5.000000E-01 -6.000000E+01     5  2.396502E-02  8.384436E+01  2.569760E-03  2.382684E-02
  5.000000E-01 -6.000000E+01     6  2.435474E-01  6.716289E+00  2.418761E-01  2.848362E-02
  5.000000E-01 -3.000000E+01     1  3.119613E-01 -9.334203E+01 -1.818623E-02 -3.114308E-01
  5.000000E-01 -3.000000E+01     2  1.495415E-01  8.483325E+01  1.346689E-02  1.489339E-01
  5.000000E-01 -3.000000E+01     3  4.425161E-05  1.796128E+02 -4.425060E-05  2.990125E-07
  5.000000E-01 -3.000000E+01     4  2.544601E-02  8.078333E+01  4.075650E-03  2.511749E-02
  5.000000E-01 -3.000000E+01     5  1.135923E-01  8.650055E+01  6.933553E-03  1.133805E-01
  5.000000E-01 -3.000000E+01     6  2.588721E-01 -1.761194E+02 -2.582786E-01 -1.751981E-02
  5.000000E-01  0.000000E+00     1  8.628187E-02  9.023370E+01 -3.519228E-04  8.628116E-02
  5.000000E-01  0.000000E+00     2  0.000000E+00  9.000000E+01  0.000000E+00  0.000000E+00
  5.000000E-01  0.000000E+00     3  3.729694E-06 -2.581130E+01  3.357593E-06 -1.623941E-06
  5.000000E-01  0.000000E+00     4  0.000000E+00  9.000000E+01  0.000000E+00  0.000000E+00
  5.000000E-01  0.000000E+00     5  1.960444E-02 -8.661084E+01  1.158968E-03 -1.957016E-02
  5.000000E-01  0.000000E+00     6  0.000000E+00  9.000000E+01  0.000000E+00  0.000000E+00
  5.000000E-01  3.000000E+01     1  3.119613E-01 -9.334203E+01 -1.818623E-02 -3.114308E-01
  5.000000E-01  3.000000E+01     2  1.495415E-01 -9.516675E+01 -1.346689E-02 -1.489339E-01
  5.000000E-01  3.000000E+01     3  4.425161E-05  1.796128E+02 -4.425060E-05  2.990125E-07
  5.000000E-01  3.000000E+01     4  2.544601E-02 -9.921668E+01 -4.075650E-03 -2.511749E-02
  5.000000E-01  3.000000E+01     5  1.135923E-01  8.650055E+01  6.933553E-03  1.133805E-01
  5.000000E-01  3.000000E+01     6  2.588721E-01  3.880599E+00  2.582786E-01  1.751981E-02
  5.000000E-01  6.000000E+01     1  1.534621E-01 -9.258466E+01 -6.920462E-03 -1.533059E-01
  5.000000E-01  6.000000E+01     2  3.063905E-01 -9.420263E+01 -2.245352E-02 -3.055666E-01
  5.000000E-01  6.000000E+01     3  4.529432E-05 -1.793204E+02 -4.529113E-05 -5.372196E-07
  5.000000E-01  6.000000E+01     4  1.128183E-01 -9.378120E+01 -7.439967E-03 -1.125727E-01
  5.000000E-01  6.000000E+01     5  2.396502E-02  8.384436E+01  2.569760E-03  2.382684E-02
  5.000000E-01  6.000000E+01     6  2.435474E-01 -1.732837E+02 -2.418761E-01 -2.848362E-02
  5.000000E-01  9.000000E+01     1  4.268819E-07  8.564055E+01  3.244875E-08  4.256468E-07
  5.000000E-01  9.000000E+01     2  8.543368E-02  9.128210E+01 -1.911582E-03  8.541229E-02
  5.000000E-01  9.000000E+01     3  1.308739E-06 -1.317793E+02 -8.719643E-07 -9.759483E-07
  5.000000E-01  9.000000E+01     4  1.863666E-02  9.563425E+01 -1.829707E-03  1.854662E-02
  5.000000E-01  9.000000E+01     5  7.706544E-08 -9.555190E+01 -7.455867E-09 -7.670393E-08
  5.000000E-01  9.000000E+01     6  2.166036E-06  1.751387E+02 -2.158245E-06  1.835582E-07
  5.000000E-01  1.200000E+02     1  1.534624E-01  8.741535E+01  6.920435E-03  1.533063E-01
  5.000000E-01  1.200000E+02     2  3.063899E-01 -9.420263E+01 -2.245349E-02 -3.055661E-01
  5.000000E-01  1.200000E+02     3  4.529417E-05 -1.793204E+02 -4.529098E-05 -5.372059E-07
  5.000000E-01  1.200000E+02     4  1.128183E-01 -9.378116E+01 -7.439880E-03 -1.125727E-01
  5.000000E-01  1.200000E+02     5  2.396500E-02 -9.615562E+01 -2.569747E-03 -2.382682E-02
  5.000000E-01  1.200000E+02     6  2.435523E-01  6.715958E+00  2.418811E-01  2.848280E-02
  5.000000E-01  1.500000E+02     1  3.119604E-01  8.665797E+01  1.818618E-02  3.114298E-01
  5.000000E-01  1.500000E+02     2  1.495420E-01 -9.516670E+01 -1.346681E-02 -1.489344E-01
  5.000000E-01  1.500000E+02     3  4.425149E-05  1.796128E+02 -4.425048E-05  2.990375E-07
  5.000000E-01  1.500000E+02     4  2.544591E-02 -9.921668E+01 -4.075636E-03 -2.511740E-02
  5.000000E-01  1.500000E+02     5  1.135919E-01 -9.349944E+01 -6.933522E-03 -1.133801E-01
  5.000000E-01  1.500000E+02     6  2.588763E-01 -1.761197E+02 -2.582829E-01 -1.751862E-02
  5.000000E-01  1.800000E+02     1  8.628187E-02 -8.976630E+01  3.519228E-04 -8.628116E-02
  5.000000E-01  1.800000E+02     2  8.812470E-07  8.629626E+01  5.692624E-08  8.794065E-07
  5.000000E-01  1.800000E+02     3  3.729694E-06 -2.581130E+01  3.357593E-06 -1.623941E-06
  5.000000E-01  1.800000E+02     4  1.521968E-07  8.549476E+01  1.195512E-08  1.517265E-07
  5.000000E-01  1.800000E+02     5  1.960444E-02  9.338916E+01 -1.158968E-03  1.957016E-02
  5.000000E-01  1.800000E+02     6  4.502022E-06  1.741682E+02 -4.478722E-06  4.574466E-07
  1.000000E+00 -1.800000E+02     1  4.012990E+00 -5.459776E+01  2.324777E+00 -3.271009E+00
  1.000000E+00 -1.800000E+02     2  2.963357E-07  1.095862E+02 -9.933888E-08  2.791892E-07
  1.000000E+00 -1.800000E+02     3  2.114691E-04  1.140482E+02 -8.617469E-05  1.931142E-04
  1.000000E+00 -1.800000E+02     4  9.904268E-08  9.531460E+01 -9.173753E-09  9.861691E-08
  1.000000E+00 -1.800000E+02     5  1.119680E+00  1.226240E+02 -6.036460E-01  9.430243E-01
  1.000000E+00 -1.800000E+02     6  8.442640E-06  2.154632E+01  7.852676E-06  3.100588E-06
  1.000000E+00 -1.500000E+02     1  5.008639E-01 -1.474199E+02 -4.220475E-01 -2.697046E-01
  1.000000E+00 -1.500000E+02     2  5.316233E-01  1.509692E+02 -4.648294E-01  2.579864E-01
  1.000000E+00 -1.500000E+02     3  2.455591E-05  1.540564E+02 -2.208129E-05  1.074288E-05
  1.000000E+00 -1.500000E+02     4  1.655844E-01  1.552887E+02 -1.504210E-01  6.922205E-02
  1.000000E+00 -1.500000E+02     5  1.033132E-01  3.634546E+01  8.321449E-02  6.122882E-02
  1.000000E+00 -1.500000E+02     6  7.327438E+00 -1.436408E+02 -5.900901E+00 -4.344043E+00
  1.000000E+00 -1.200000E+02     1  4.215865E-01  1.608261E+02 -3.981995E-01  1.384641E-01
  1.000000E+00 -1.200000E+02     2  5.306215E-01 -1.387040E+02 -3.986611E-01 -3.501835E-01
  1.000000E+00 -1.200000E+02     3  3.867174E-05  1.882734E+01  3.660263E-05  1.248005E-05
  1.000000E+00 -1.200000E+02     4  1.087964E-01 -1.275317E+02 -6.627873E-02 -8.627740E-02
  1.000000E+00 -1.200000E+02     5  1.447184E-01 -2.158862E+01  1.345664E-01 -5.324766E-02
  1.000000E+00 -1.200000E+02     6  6.738218E+00  2.135955E+01  6.275392E+00  2.454189E+00
  1.000000E+00 -9.000000E+01     1  1.683422E-07 -8.407594E+01  1.737464E-08 -1.674432E-07
  1.000000E+00 -9.000000E+01     2  4.120585E+00 -5.440936E+01  2.398140E+00 -3.350843E+00
  1.000000E+00 -9.000000E+01     3  2.079365E-04  1.366770E+02 -1.512731E-04  1.426675E-04
  1.000000E+00 -9.000000E+01     4  1.192496E+00 -5.623083E+01  6.628467E-01 -9.913023E-01
  1.000000E+00 -9.000000E+01     5  6.266153E-08  9.991261E+01 -1.078692E-08  6.172609E-08
  1.000000E+00 -9.000000E+01     6  4.585945E-06  2.625896E+01  4.112691E-06  2.028955E-06
  1.000000E+00 -6.000000E+01     1  4.215877E-01 -1.917421E+01  3.981999E-01 -1.384669E-01
  1.000000E+00 -6.000000E+01     2  5.306252E-01 -1.387036E+02 -3.986614E-01 -3.501888E-01
  1.000000E+00 -6.000000E+01     3  3.867155E-05  1.882680E+01  3.660256E-05  1.247964E-05
  1.000000E+00 -6.000000E+01     4  1.087977E-01 -1.275313E+02 -6.627896E-02 -8.627883E-02
  1.000000E+00 -6.000000E+01     5  1.447187E-01  1.584114E+02 -1.345667E-01  5.324774E-02
  1.000000E+00 -6.000000E+01     6  6.738218E+00 -1.586405E+02 -6.275392E+00 -2.454188E+00
  1.000000E+00 -3.000000E+01     1  5.008648E-01  3.258057E+01  4.220462E-01  2.697082E-01
  1.000000E+00 -3.000000E+01     2  5.316233E-01  1.509691E+02 -4.648293E-01  2.579865E-01
  1.000000E+00 -3.000000E+01     3  2.455565E-05  1.540560E+02 -2.208098E-05  1.074292E-05
  1.000000E+00 -3.000000E+01     4  1.655839E-01  1.552889E+02 -1.504209E-01  6.922109E-02
  1.000000E+00 -3.000000E+01     5  1.033139E-01 -1.436538E+02 -8.321423E-02 -6.123026E-02
  1.000000E+00 -3.000000E+01     6  7.327440E+00  3.635927E+01  5.900900E+00  4.344048E+00
  1.000000E+00  0.000000E+00     1  4.012990E+00  1.254022E+02 -2.324777E+00  3.271009E+00
  1.000000E+00  0.000000E+00     2  0.000000E+00  9.000000E+01  0.000000E+00  0.000000E+00
  1.000000E+00  0.000000E+00     3  2.114691E-04  1.140482E+02 -8.617469E-05  1.931142E-04
  1.000000E+00  0.000000E+00     4  0.000000E+00  9.000000E+01  0.000000E+00  0.000000E+00
  1.000000E+00  0.000000E+00     5  1.119680E+00 -5.737600E+01  6.036460E-01 -9.430243E-01
  1.000000E+00  0.000000E+00     6  0.000000E+00  9.000000E+01  0.000000E+00  0.000000E+00
  1.000000E+00  3.000000E+01     1  5.008648E-01  3.258057E+01  4.220462E-01  2.697082E-01
  1.000000E+00  3.000000E+01     2  5.316233E-01 -2.903086E+01  4.648293E-01 -2.579865E-01
  1.000000E+00  3.000000E+01     3  2.455565E-05  1.540560E+02 -2.208098E-05  1.074292E-05
  1.000000E+00  3.000000E+01     4  1.655839E-01 -2.471106E+01  1.504209E-01 -6.922109E-02
  1.000000E+00  3.000000E+01     5  1.033139E-01 -1.436538E+02 -8.321423E-02 -6.123026E-02
  1.000000E+00  3.000000E+01     6  7.327440E+00 -1.436407E+02 -5.900900E+00 -4.344048E+00
  1.000000E+00  6.000000E+01     1  4.215877E-01 -1.917421E+01  3.981999E-01 -1.384669E-01
  1.000000E+00  6.000000E+01     2  5.306252E-01  4.129645E+01  3.986614E-01  3.501888E-01
  1.000000E+00  6.000000E+01     3  3.867155E-05  1.882680E+01  3.660256E-05  1.247964E-05
  1.000000E+00  6.000000E+01     4  1.087977E-01  5.246871E+01  6.627896E-02  8.627883E-02
  1.000000E+00  6.000000E+01     5  1.447187E-01  1.584114E+02 -1.345667E-01  5.324774E-02
  1.000000E+00  6.000000E+01     6  6.738218E+00  2.135953E+01  6.275392E+00  2.454188E+00
  1.000000E+00  9.000000E+01     1  1.683422E-07 -8.407594E+01  1.737464E-08 -1.674432E-07
  1.000000E+00  9.000000E+01     2  4.120585E+00  1.255907E+02 -2.398140E+00  3.350843E+00
  1.000000E+00  9.000000E+01     3  2.079365E-04  1.366770E+02 -1.512731E-04  1.426675E-04
  1.000000E+00  9.000000E+01     4  1.192496E+00  1.237692E+02 -6.628467E-01  9.913023E-01
  1.000000E+00  9.000000E+01     5  6.266153E-08  9.991261E+01 -1.078692E-08  6.172609E-08
  1.000000E+00  9.000000E+01     6  4.585945E-06 -1.537410E+02 -4.112691E-06 -2.028955E-06
  1.000000E+00  1.200000E+02     1  4.215865E-01  1.608261E+02 -3.981995E-01  1.384641E-01
  1.000000E+00  1.200000E+02     2  5.306215E-01  4.129604E+01  3.986611E-01  3.501835E-01
  1.000000E+00  1.200000E+02     3  3.867174E-05  1.882734E+01  3.660263E-05  1.248005E-05
  1.000000E+00  1.200000E+02     4  1.087964E-01  5.246835E+01  6.627873E-02  8.627740E-02
  1.000000E+00  1.200000E+02     5  1.447184E-01 -2.158862E+01  1.345664E-01 -5.324766E-02
  1.000000E+00  1.200000E+02     6  6.738218E+00 -1.586405E+02 -6.275392E+00 -2.454189E+00
  1.000000E+00  1.500000E+02     1  5.008639E-01 -1.474199E+02 -4.220475E-01 -2.697046E-01
  1.000000E+00  1.500000E+02     2  5.316233E-01 -2.903085E+01  4.648294E-01 -2.579864E-01
  1.000000E+00  1.500000E+02     3  2.455591E-05  1.540564E+02 -2.208129E-05  1.074288E-05
  1.000000E+00  1.500000E+02     4  1.655844E-01 -2.471135E+01  1.504210E-01 -6.922205E-02
  1.000000E+00  1.500000E+02     5  1.033132E-01  3.634546E+01  8.321449E-02  6.122882E-02
  1.000000E+00  1.500000E+02     6  7.327438E+00  3.635924E+01  5.900901E+00  4.344043E+00
  1.000000E+00  1.800000E+02     1  4.012990E+00 -5.459776E+01  2.324777E+00 -3.271009E+00
  1.000000E+00  1.800000E+02     2  2.963357E-07 -7.041383E+01  9.933888E-08 -2.791892E-07
  1.000000E+00  1.800000E+02     3  2.114691E-04  1.140482E+02 -8.617469E-05  1.931142E-04
  1.000000E+00  1.800000E+02     4  9.904268E-08 -8.468541E+01  9.173753E-09 -9.861691E-08
  1.000000E+00  1.800000E+02     5  1.119680E+00  1.226240E+02 -6.036460E-01  9.430243E-01
  1.000000E+00  1.800000E+02     6  8.442640E-06 -1.584537E+02 -7.852676E-06 -3.100588E-06
  1.500000E+00 -1.800000E+02     1  1.114726E+01  1.977164E+00  1.114062E+01  3.845935E-01
  1.500000E+00 -1.800000E+02     2  1.345697E-06 -1.374537E+02 -9.914172E-07 -9.099411E-07
  1.500000E+00 -1.800000E+02     3  1.589783E-04  1.584437E+02 -1.478589E-04  5.841099E-05
  1.500000E+00 -1.800000E+02     4  7.577399E-07 -1.377663E+02 -5.610374E-07 -5.093199E-07
  1.500000E+00 -1.800000E+02     5  6.252292E+00 -1.779843E+02 -6.248423E+00 -2.199138E-01
  1.500000E+00 -1.800000E+02     6  1.733836E-05  8.251363E+01  2.259020E-06  1.719056E-05
  1.500000E+00 -1.500000E+02     1  2.014691E+00  9.317348E+01 -1.115317E-01  2.011601E+00
  1.500000E+00 -1.500000E+02     2  3.873724E+00  1.488674E+02 -3.315802E+00  2.002795E+00
  1.500000E+00 -1.500000E+02     3  1.088120E-04 -5.239220E+01  6.640286E-05 -8.620159E-05
  1.500000E+00 -1.500000E+02     4  2.166316E+00  1.491811E+02 -1.860413E+00  1.109860E+00
  1.500000E+00 -1.500000E+02     5  1.125150E+00 -8.722326E+01  5.450713E-02 -1.123829E+00
  1.500000E+00 -1.500000E+02     6  1.989112E+01  1.177781E+02 -9.270220E+00  1.759885E+01
  1.500000E+00 -1.200000E+02     1  4.054439E+00  1.395331E+02 -3.084541E+00  2.631365E+00
  1.500000E+00 -1.200000E+02     2  2.201574E+00  1.014656E+02 -4.376287E-01  2.157640E+00
  1.500000E+00 -1.200000E+02     3  1.091416E-04 -5.065275E+01  6.919784E-05 -8.440113E-05
  1.500000E+00 -1.200000E+02     4  1.231273E+00  1.010984E+02 -2.370140E-01  1.208246E+00
  1.500000E+00 -1.200000E+02     5  2.266944E+00 -4.015328E+01  1.732675E+00 -1.461804E+00
  1.500000E+00 -1.200000E+02     6  1.828977E+01 -7.175117E+01  5.727341E+00 -1.736990E+01
  1.500000E+00 -9.000000E+01     1  8.558844E-07  3.188622E+01  7.267304E-07  4.521073E-07
  1.500000E+00 -9.000000E+01     2  1.064126E+01  1.826405E+00  1.063585E+01  3.391517E-01
  1.500000E+00 -9.000000E+01     3  1.619859E-04  1.574138E+02 -1.495620E-04  6.221448E-05
  1.500000E+00 -9.000000E+01     4  5.966238E+00  1.908172E+00  5.962930E+00  1.986622E-01
  1.500000E+00 -9.000000E+01     5  4.835682E-07 -1.484035E+02 -4.118833E-07 -2.533581E-07
  1.500000E+00 -9.000000E+01     6  8.524722E-06  7.792697E+01  1.783016E-06  8.336170E-06
  1.500000E+00 -6.000000E+01     1  4.054434E+00 -4.046679E+01  3.084542E+00 -2.631357E+00
  1.500000E+00 -6.000000E+01     2  2.201580E+00  1.014659E+02 -4.376386E-01  2.157644E+00
  1.500000E+00 -6.000000E+01     3  1.091435E-04 -5.065350E+01  6.919795E-05 -8.440353E-05
  1.500000E+00 -6.000000E+01     4  1.231268E+00  1.010985E+02 -2.370155E-01  1.208240E+00
  1.500000E+00 -6.000000E+01     5  2.266939E+00  1.398468E+02 -1.732675E+00  1.461797E+00
  1.500000E+00 -6.000000E+01     6  1.828975E+01  1.082488E+02 -5.727314E+00  1.736989E+01
  1.500000E+00 -3.000000E+01     1  2.014683E+00 -8.682664E+01  1.115273E-01 -2.011594E+00
  1.500000E+00 -3.000000E+01     2  3.873720E+00  1.488673E+02 -3.315796E+00  2.002800E+00
  1.500000E+00 -3.000000E+01     3  1.088122E-04 -5.239167E+01  6.640377E-05 -8.620114E-05
  1.500000E+00 -3.000000E+01     4  2.166316E+00  1.491810E+02 -1.860411E+00  1.109863E+00
  1.500000E+00 -3.000000E+01     5  1.125146E+00  9.277660E+01 -5.450404E-02  1.123825E+00
  1.500000E+00 -3.000000E+01     6  1.989110E+01 -6.222193E+01  9.270206E+00 -1.759883E+01
  1.500000E+00  0.000000E+00     1  1.114726E+01 -1.780228E+02 -1.114062E+01 -3.845935E-01
  1.500000E+00  0.000000E+00     2  0.000000E+00  9.000000E+01  0.000000E+00  0.000000E+00
  1.500000E+00  0.000000E+00     3  1.589783E-04  1.584437E+02 -1.478589E-04  5.841099E-05
  1.500000E+00  0.000000E+00     4  0.000000E+00  9.000000E+01  0.000000E+00  0.000000E+00
  1.500000E+00  0.000000E+00     5  6.252292E+00  2.015698E+00  6.248423E+00  2.199138E-01
  1.500000E+00  0.000000E+00     6  0.000000E+00  9.000000E+01  0.000000E+00  0.000000E+00
  1.500000E+00  3.000000E+01     1  2.014683E+00 -8.682664E+01  1.115273E-01 -2.011594E+00
  1.500000E+00  3.000000E+01     2  3.873720E+00 -3.113273E+01  3.315796E+00 -2.002800E+00
  1.500000E+00  3.000000E+01     3  1.088122E-04 -5.239167E+01  6.640377E-05 -8.620114E-05
  1.500000E+00  3.000000E+01     4  2.166316E+00 -3.081899E+01  1.860411E+00 -1.109863E+00
  1.500000E+00  3.000000E+01     5  1.125146E+00  9.277660E+01 -5.450404E-02  1.123825E+00
  1.500000E+00  3.000000E+01     6  1.989110E+01  1.177781E+02 -9.270206E+00  1.759883E+01
  1.500000E+00  6.000000E+01     1  4.054434E+00 -4.046679E+01  3.084542E+00 -2.631357E+00
  1.500000E+00  6.000000E+01     2  2.201580E+00 -7.853415E+01  4.376386E-01 -2.157644E+00
  1.500000E+00  6.000000E+01     3  1.091435E-04 -5.065350E+01  6.919795E-05 -8.440353E-05
  1.500000E+00  6.000000E+01     4  1.231268E+00 -7.890145E+01  2.370155E-01 -1.208240E+00
  1.500000E+00  6.000000E+01     5  2.266939E+00  1.398468E+02 -1.732675E+00  1.461797E+00
  1.500000E+00  6.000000E+01     6  1.828975E+01 -7.175124E+01  5.727314E+00 -1.736989E+01
  1.500000E+00  9.000000E+01     1  8.558844E-07  3.188622E+01  7.267304E-07  4.521073E-07
  1.500000E+00  9.000000E+01     2  1.064126E+01 -1.781736E+02 -1.063585E+01 -3.391517E-01
  1.500000E+00  9.000000E+01     3  1.619859E-04  1.574138E+02 -1.495620E-04  6.221448E-05
  1.500000E+00  9.000000E+01     4  5.966238E+00 -1.780918E+02 -5.962930E+00 -1.986622E-01
  1.500000E+00  9.000000E+01     5  4.835682E-07 -1.484035E+02 -4.118833E-07 -2.533581E-07
  1.500000E+00  9.000000E+01     6  8.524722E-06 -1.020730E+02 -1.783016E-06 -8.336170E-06
  1.500000E+00  1.200000E+02     1  4.054439E+00  1.395331E+02 -3.084541E+00  2.631365E+00
  1.500000E+00  1.200000E+02     2  2.201574E+00 -7.853439E+01  4.376287E-01 -2.157640E+00
  1.500000E+00  1.200000E+02     3  1.091416E-04 -5.065275E+01  6.919784E-05 -8.440113E-05
  1.500000E+00  1.200000E+02     4  1.231273E+00 -7.890157E+01  2.370140E-01 -1.208246E+00
  1.500000E+00  1.200000E+02     5  2.266944E+00 -4.015328E+01  1.732675E+00 -1.461804E+00
  1.500000E+00  1.200000E+02     6  1.828977E+01  1.082488E+02 -5.727341E+00  1.736990E+01
  1.500000E+00  1.500000E+02     1  2.014691E+00  9.317348E+01 -1.115317E-01  2.011601E+00
  1.500000E+00  1.500000E+02     2  3.873724E+00 -3.113262E+01  3.315802E+00 -2.002795E+00
  1.500000E+00  1.500000E+02     3  1.088120E-04 -5.239220E+01  6.640286E-05 -8.620159E-05
  1.500000E+00  1.500000E+02     4  2.166316E+00 -3.081888E+01  1.860413E+00 -1.109860E+00
  1.500000E+00  1.500000E+02     5  1.125150E+00 -8.722326E+01  5.450713E-02 -1.123829E+00
  1.500000E+00  1.500000E+02     6  1.989112E+01 -6.222192E+01  9.270220E+00 -1.759885E+01
  1.500000E+00  1.800000E+02     1  1.114726E+01  1.977164E+00  1.114062E+01  3.845935E-01
  1.500000E+00  1.800000E+02     2  1.345697E-06  4.254629E+01  9.914172E-07  9.099411E-07
  1.500000E+00  1.800000E+02     3  1.589783E-04  1.584437E+02 -1.478589E-04  5.841099E-05
  1.500000E+00  1.800000E+02     4  7.577399E-07  4.223373E+01  5.610374E-07  5.093199E-07
  1.500000E+00  1.800000E+02     5  6.252292E+00 -1.779843E+02 -6.248423E+00 -2.199138E-01
  1.500000E+00  1.800000E+02     6  1.733836E-05 -9.748637E+01 -2.259020E-06 -1.719056E-05
  2.000000E+00 -1.800000E+02     1  1.515776E+01  1.095197E+02 -5.064686E+00  1.428659E+01
  2.000000E+00 -1.800000E+02     2  4.019676E-06 -8.176497E+01  5.757546E-07 -3.978228E-06
  2.000000E+00 -1.800000E+02     3  4.633677E-05 -7.752818E+01  1.000687E-05 -4.524332E-05
  2.000000E+00 -1.800000E+02     4  3.997136E-06 -8.177596E+01  5.717668E-07 -3.956030E-06
  2.000000E+00 -1.800000E+02     5  1.505051E+01 -7.047558E+01  5.030010E+00 -1.418509E+01
  2.000000E+00 -1.800000E+02     6  2.513996E-05 -1.654845E+02 -2.433749E-05 -6.301143E-06
  2.000000E+00 -1.500000E+02     1  1.036618E+01 -1.173245E+02 -4.758375E+00 -9.209532E+00
  2.000000E+00 -1.500000E+02     2  2.173115E+00  1.093232E+02 -7.190766E-01  2.050696E+00
  2.000000E+00 -1.500000E+02     3  9.876904E-06 -2.226384E+01  9.140571E-06 -3.742084E-06
  2.000000E+00 -1.500000E+02     4  2.161351E+00  1.093829E+02 -7.173092E-01  2.038849E+00
  2.000000E+00 -1.500000E+02     5  1.030771E+01  6.267638E+01  4.731401E+00  9.157655E+00
  2.000000E+00 -1.500000E+02     6  5.934394E+01  2.120366E+01  5.532640E+01  2.146376E+01
  2.000000E+00 -1.200000E+02     1  2.241361E+00  1.091924E+02 -7.368268E-01  2.116787E+00
  2.000000E+00 -1.200000E+02     2  1.037042E+01 -1.173458E+02 -4.763758E+00 -9.211526E+00
  2.000000E+00 -1.200000E+02     3  1.012876E-05 -2.298915E+01  9.324319E-06 -3.955856E-06
  2.000000E+00 -1.200000E+02     4  1.031192E+01 -1.173451E+02 -4.736773E+00 -9.159625E+00
  2.000000E+00 -1.200000E+02     5  2.229284E+00 -7.075384E+01  7.348332E-01 -2.104692E+00
  2.000000E+00 -1.200000E+02     6  5.909307E+01 -1.586417E+02 -5.503464E+01 -2.152162E+01
  2.000000E+00 -9.000000E+01     1  1.979143E-06  9.788325E+01 -2.714490E-07  1.960439E-06
  2.000000E+00 -9.000000E+01     2  1.511371E+01  1.093551E+02 -5.009016E+00  1.425953E+01
  2.000000E+00 -9.000000E+01     3  4.664010E-05 -7.776726E+01  9.882263E-06 -4.558114E-05
  2.000000E+00 -9.000000E+01     4  1.500635E+01  1.093597E+02 -4.974558E+00  1.415783E+01
  2.000000E+00 -9.000000E+01     5  1.967924E-06 -8.212842E+01  2.695137E-07 -1.949381E-06
  2.000000E+00 -9.000000E+01     6  1.259654E-05 -1.655343E+02 -1.219720E-05 -3.146623E-06
  2.000000E+00 -6.000000E+01     1  2.241358E+00 -7.080764E+01  7.368255E-01 -2.116784E+00
  2.000000E+00 -6.000000E+01     2  1.037042E+01 -1.173459E+02 -4.763762E+00 -9.211519E+00
  2.000000E+00 -6.000000E+01     3  1.012434E-05 -2.299562E+01  9.319804E-06 -3.955182E-06
  2.000000E+00 -6.000000E+01     4  1.031192E+01 -1.173451E+02 -4.736777E+00 -9.159625E+00
  2.000000E+00 -6.000000E+01     5  2.229289E+00  1.092462E+02 -7.348373E-01  2.104696E+00
  2.000000E+00 -6.000000E+01     6  5.909308E+01  2.135828E+01  5.503465E+01  2.152162E+01
  2.000000E+00 -3.000000E+01     1  1.036617E+01  6.267543E+01  4.758389E+00  9.209517E+00
  2.000000E+00 -3.000000E+01     2  2.173118E+00  1.093231E+02 -7.190719E-01  2.050702E+00
  2.000000E+00 -3.000000E+01     3  9.880491E-06 -2.227699E+01  9.143031E-06 -3.745542E-06
  2.000000E+00 -3.000000E+01     4  2.161351E+00  1.093828E+02 -7.173045E-01  2.038851E+00
  2.000000E+00 -3.000000E+01     5  1.030768E+01 -1.173237E+02 -4.731404E+00 -9.157621E+00
  2.000000E+00 -3.000000E+01     6  5.934394E+01 -1.587963E+02 -5.532640E+01 -2.146377E+01
  2.000000E+00  0.000000E+00     1  1.515776E+01 -7.048026E+01  5.064686E+00 -1.428659E+01
  2.000000E+00  0.000000E+00     2  0.000000E+00  9.000000E+01  0.000000E+00  0.000000E+00
  2.000000E+00  0.000000E+00     3  4.633677E-05 -7.752818E+01  1.000687E-05 -4.524332E-05
  2.000000E+00  0.000000E+00     4  0.000000E+00  9.000000E+01  0.000000E+00  0.000000E+00
  2.000000E+00  0.000000E+00     5  1.505051E+01  1.095244E+02 -5.030010E+00  1.418509E+01
  2.000000E+00  0.000000E+00     6  0.000000E+00  9.000000E+01  0.000000E+00  0.000000E+00
  2.000000E+00  3.000000E+01     1  1.036617E+01  6.267543E+01  4.758389E+00  9.209517E+00
  2.000000E+00  3.000000E+01     2  2.173118E+00 -7.067695E+01  7.190719E-01 -2.050702E+00
  2.000000E+00  3.000000E+01     3  9.880491E-06 -2.227699E+01  9.143031E-06 -3.745542E-06
  2.000000E+00  3.000000E+01     4  2.161351E+00 -7.061720E+01  7.173045E-01 -2.038851E+00
  2.000000E+00  3.000000E+01     5  1.030768E+01 -1.173237E+02 -4.731404E+00 -9.157621E+00
  2.000000E+00  3.000000E+01     6  5.934394E+01  2.120366E+01  5.532640E+01  2.146377E+01
  2.000000E+00  6.000000E+01     1  2.241358E+00 -7.080764E+01  7.368255E-01 -2.116784E+00
  2.000000E+00  6.000000E+01     2  1.037042E+01  6.265413E+01  4.763762E+00  9.211519E+00
  2.000000E+00  6.000000E+01     3  1.012434E-05 -2.299562E+01  9.319804E-06 -3.955182E-06
  2.000000E+00  6.000000E+01     4  1.031192E+01  6.265486E+01  4.736777E+00  9.159625E+00
  2.000000E+00  6.000000E+01     5  2.229289E+00  1.092462E+02 -7.348373E-01  2.104696E+00
  2.000000E+00  6.000000E+01     6  5.909308E+01 -1.586417E+02 -5.503465E+01 -2.152162E+01
  2.000000E+00  9.000000E+01     1  1.979143E-06  9.788325E+01 -2.714490E-07  1.960439E-06
  2.000000E+00  9.000000E+01     2  1.511371E+01 -7.064490E+01  5.009016E+00 -1.425953E+01
  2.000000E+00  9.000000E+01     3  4.664010E-05 -7.776726E+01  9.882263E-06 -4.558114E-05
  2.000000E+00  9.000000E+01     4  1.500635E+01 -7.064034E+01  4.974558E+00 -1.415783E+01
  2.000000E+00  9.000000E+01     5  1.967924E-06 -8.212842E+01  2.695137E-07 -1.949381E-06
  2.000000E+00  9.000000E+01     6  1.259654E-05  1.446571E+01  1.219720E-05  3.146623E-06
  2.000000E+00  1.200000E+02     1  2.241361E+00  1.091924E+02 -7.368268E-01  2.116787E+00
  2.000000E+00  1.200000E+02     2  1.037042E+01  6.265417E+01  4.763758E+00  9.211526E+00
  2.000000E+00  1.200000E+02     3  1.012876E-05 -2.298915E+01  9.324319E-06 -3.955856E-06
  2.000000E+00  1.200000E+02     4  1.031192E+01  6.265488E+01  4.736773E+00  9.159625E+00
  2.000000E+00  1.200000E+02     5  2.229284E+00 -7.075384E+01  7.348332E-01 -2.104692E+00
  2.000000E+00  1.200000E+02     6  5.909307E+01  2.135828E+01  5.503464E+01  2.152162E+01
  2.000000E+00  1.500000E+02     1  1.036618E+01 -1.173245E+02 -4.758375E+00 -9.209532E+00
  2.000000E+00  1.500000E+02     2  2.173115E+00 -7.067678E+01  7.190766E-01 -2.050696E+00
  2.000000E+00  1.500000E+02     3  9.876904E-06 -2.226384E+01  9.140571E-06 -3.742084E-06
  2.000000E+00  1.500000E+02     4  2.161351E+00 -7.061707E+01  7.173092E-01 -2.038849E+00
  2.000000E+00  1.500000E+02     5  1.030771E+01  6.267638E+01  4.731401E+00  9.157655E+00
  2.000000E+00  1.500000E+02     6  5.934394E+01 -1.587963E+02 -5.532640E+01 -2.146376E+01
  2.000000E+00  1.800000E+02     1  1.515776E+01  1.095197E+02 -5.064686E+00  1.428659E+01
  2.000000E+00  1.800000E+02     2  4.019676E-06  9.823503E+01 -5.757546E-07  3.978228E-06
  2.000000E+00  1.800000E+02     3  4.633677E-05 -7.752818E+01  1.000687E-05 -4.524332E-05
  2.000000E+00  1.800000E+02     4  3.997136E-06  9.822404E+01 -5.717668E-07  3.956030E-06
  2.000000E+00  1.800000E+02     5  1.505051E+01 -7.047558E+01  5.030010E+00 -1.418509E+01
  2.000000E+00  1.800000E+02     6  2.513996E-05  1.451554E+01  2.433749E-05  6.301143E-06
  2.500000E+00 -1.800000E+02     1  1.291700E+01  5.429518E+01  7.538484E+00  1.048905E+01
  2.500000E+00 -1.800000E+02     2  5.829215E-06 -9.502653E+01 -5.107379E-07 -5.806797E-06
  2.500000E+00 -1.800000E+02     3  1.761337E-03 -1.795547E+02 -1.761284E-03 -1.369049E-05
  2.500000E+00 -1.800000E+02     4  9.040805E-06 -9.501296E+01 -7.899945E-07 -9.006223E-06
  2.500000E+00 -1.800000E+02     5  2.001388E+01 -1.257092E+02 -1.168154E+01 -1.625106E+01
  2.500000E+00 -1.800000E+02     6  3.712841E-05  1.589901E+02 -3.466006E-05  1.331163E-05
  2.500000E+00 -1.500000E+02     1  8.342971E+00 -6.911102E+01  2.974755E+00 -7.794613E+00
  2.500000E+00 -1.500000E+02     2  9.652112E+00  8.184869E+01  1.368551E+00  9.554598E+00
  2.500000E+00 -1.500000E+02     3  4.749333E-04 -1.409167E+01  4.606413E-04 -1.156339E-04
  2.500000E+00 -1.500000E+02     4  1.497180E+01  8.187614E+01  2.115719E+00  1.482155E+01
  2.500000E+00 -1.500000E+02     5  1.293985E+01  1.108541E+02 -4.606457E+00  1.209216E+01
  2.500000E+00 -1.500000E+02     6  9.406944E+01 -2.174816E+01  8.737372E+01 -3.485532E+01
  2.500000E+00 -1.200000E+02     1  9.651527E+00  8.181908E+01  1.373406E+00  9.553310E+00
  2.500000E+00 -1.200000E+02     2  8.340410E+00 -6.919711E+01  2.962131E+00 -7.796680E+00
  2.500000E+00 -1.200000E+02     3  4.746329E-04 -1.411782E+01  4.602972E-04 -1.157708E-04
  2.500000E+00 -1.200000E+02     4  1.293605E+01 -6.923134E+01  4.587065E+00 -1.209546E+01
  2.500000E+00 -1.200000E+02     5  1.497091E+01 -9.815314E+01 -2.123165E+00 -1.481960E+01
  2.500000E+00 -1.200000E+02     6  9.409447E+01  1.582118E+02 -8.737257E+01  3.492568E+01
  2.500000E+00 -9.000000E+01     1  2.913988E-06  8.497204E+01  2.553873E-07  2.902775E-06
  2.500000E+00 -9.000000E+01     2  1.291883E+01  5.420139E+01  7.556717E+00  1.047818E+01
  2.500000E+00 -9.000000E+01     3  1.761224E-03 -1.795726E+02 -1.761175E-03 -1.313847E-05
  2.500000E+00 -9.000000E+01     4  2.001698E+01  5.419776E+01  1.170972E+01  1.623459E+01
  2.500000E+00 -9.000000E+01     5  4.519445E-06 -9.501450E+01 -3.950352E-07 -4.502147E-06
  2.500000E+00 -9.000000E+01     6  1.854462E-05  1.588588E+02 -1.729647E-05  6.688435E-06
  2.500000E+00 -6.000000E+01     1  9.651526E+00 -9.818076E+01 -1.373379E+00 -9.553313E+00
  2.500000E+00 -6.000000E+01     2  8.340404E+00 -6.919701E+01  2.962143E+00 -7.796669E+00
  2.500000E+00 -6.000000E+01     3  4.746325E-04 -1.411921E+01  4.602939E-04 -1.157819E-04
  2.500000E+00 -6.000000E+01     4  1.293604E+01 -6.923127E+01  4.587080E+00 -1.209545E+01
  2.500000E+00 -6.000000E+01     5  1.497091E+01  8.184695E+01  2.123144E+00  1.481960E+01
  2.500000E+00 -6.000000E+01     6  9.409450E+01 -2.178819E+01  8.737260E+01 -3.492566E+01
  2.500000E+00 -3.000000E+01     1  8.342983E+00  1.108890E+02 -2.974769E+00  7.794621E+00
  2.500000E+00 -3.000000E+01     2  9.652100E+00  8.184871E+01  1.368546E+00  9.554585E+00
  2.500000E+00 -3.000000E+01     3  4.749128E-04 -1.409093E+01  4.606230E-04 -1.156230E-04
  2.500000E+00 -3.000000E+01     4  1.497180E+01  8.187611E+01  2.115725E+00  1.482155E+01
  2.500000E+00 -3.000000E+01     5  1.293987E+01 -6.914586E+01  4.606467E+00 -1.209218E+01
  2.500000E+00 -3.000000E+01     6  9.406941E+01  1.582518E+02 -8.737369E+01  3.485531E+01
  2.500000E+00  0.000000E+00     1  1.291700E+01 -1.257048E+02 -7.538484E+00 -1.048905E+01
  2.500000E+00  0.000000E+00     2  0.000000E+00  9.000000E+01  0.000000E+00  0.000000E+00
  2.500000E+00  0.000000E+00     3  1.761337E-03 -1.795547E+02 -1.761284E-03 -1.369049E-05
  2.500000E+00  0.000000E+00     4  0.000000E+00  9.000000E+01  0.000000E+00  0.000000E+00
  2.500000E+00  0.000000E+00     5  2.001388E+01  5.429076E+01  1.168154E+01  1.625106E+01
  2.500000E+00  0.000000E+00     6  0.000000E+00  9.000000E+01  0.000000E+00  0.000000E+00
  2.500000E+00  3.000000E+01     1  8.342983E+00  1.108890E+02 -2.974769E+00  7.794621E+00
  2.500000E+00  3.000000E+01     2  9.652100E+00 -9.815129E+01 -1.368546E+00 -9.554585E+00
  2.500000E+00  3.000000E+01     3  4.749128E-04 -1.409093E+01  4.606230E-04 -1.156230E-04
  2.500000E+00  3.000000E+01     4  1.497180E+01 -9.812389E+01 -2.115725E+00 -1.482155E+01
  2.500000E+00  3.000000E+01     5  1.293987E+01 -6.914586E+01  4.606467E+00 -1.209218E+01
  2.500000E+00  3.000000E+01     6  9.406941E+01 -2.174816E+01  8.737369E+01 -3.485531E+01
  2.500000E+00  6.000000E+01     1  9.651526E+00 -9.818076E+01 -1.373379E+00 -9.553313E+00
  2.500000E+00  6.000000E+01     2  8.340404E+00  1.108030E+02 -2.962143E+00  7.796669E+00
  2.500000E+00  6.000000E+01     3  4.746325E-04 -1.411921E+01  4.602939E-04 -1.157819E-04
  2.500000E+00  6.000000E+01     4  1.293604E+01  1.107687E+02 -4.587080E+00  1.209545E+01
  2.500000E+00  6.000000E+01     5  1.497091E+01  8.184695E+01  2.123144E+00  1.481960E+01
  2.500000E+00  6.000000E+01     6  9.409450E+01  1.582118E+02 -8.737260E+01  3.492566E+01
  2.500000E+00  9.000000E+01     1  2.913988E-06  8.497204E+01  2.553873E-07  2.902775E-06
  2.500000E+00  9.000000E+01     2  1.291883E+01 -1.257986E+02 -7.556717E+00 -1.047818E+01
  2.500000E+00  9.000000E+01     3  1.761224E-03 -1.795726E+02 -1.761175E-03 -1.313847E-05
  2.500000E+00  9.000000E+01     4  2.001698E+01 -1.258022E+02 -1.170972E+01 -1.623459E+01
  2.500000E+00  9.000000E+01     5  4.519445E-06 -9.501450E+01 -3.950352E-07 -4.502147E-06
  2.500000E+00  9.000000E+01     6  1.854462E-05 -2.114117E+01  1.729647E-05 -6.688435E-06
  2.500000E+00  1.200000E+02     1  9.651527E+00  8.181908E+01  1.373406E+00  9.553310E+00
  2.500000E+00  1.200000E+02     2  8.340410E+00  1.108029E+02 -2.962131E+00  7.796680E+00
  2.500000E+00  1.200000E+02     3  4.746329E-04 -1.411782E+01  4.602972E-04 -1.157708E-04
  2.500000E+00  1.200000E+02     4  1.293605E+01  1.107687E+02 -4.587065E+00  1.209546E+01
  2.500000E+00  1.200000E+02     5  1.497091E+01 -9.815314E+01 -2.123165E+00 -1.481960E+01
  2.500000E+00  1.200000E+02     6  9.409447E+01 -2.178821E+01  8.737257E+01 -3.492568E+01
  2.500000E+00  1.500000E+02     1  8.342971E+00 -6.911102E+01  2.974755E+00 -7.794613E+00
  2.500000E+00  1.500000E+02     2  9.652112E+00 -9.815131E+01 -1.368551E+00 -9.554598E+00
  2.500000E+00  1.500000E+02     3  4.749333E-04 -1.409167E+01  4.606413E-04 -1.156339E-04
  2.500000E+00  1.500000E+02     4  1.497180E+01 -9.812387E+01 -2.115719E+00 -1.482155E+01
  2.500000E+00  1.500000E+02     5  1.293985E+01  1.108541E+02 -4.606457E+00  1.209216E+01
  2.500000E+00  1.500000E+02     6  9.406944E+01  1.582518E+02 -8.737372E+01  3.485532E+01
  2.500000E+00  1.800000E+02     1  1.291700E+01  5.429518E+01  7.538484E+00  1.048905E+01
  2.500000E+00  1.800000E+02     2  5.829215E-06  8.497347E+01  5.107379E-07  5.806797E-06
  2.500000E+00  1.800000E+02     3  1.761337E-03 -1.795547E+02 -1.761284E-03 -1.369049E-05
  2.500000E+00  1.800000E+02     4  9.040805E-06  8.498705E+01  7.899945E-07  9.006223E-06
  2.500000E+00  1.800000E+02     5  2.001388E+01 -1.257092E+02 -1.168154E+01 -1.625106E+01
  2.500000E+00  1.800000E+02     6  3.712841E-05 -2.100991E+01  3.466006E-05 -1.331163E-05
  3.000000E+00 -1.800000E+02     1  3.063105E+01 -1.001017E+02 -5.372569E+00 -3.015621E+01
  3.000000E+00 -1.800000E+02     2  6.900015E-06 -4.772708E+01  4.641384E-06 -5.105660E-06
  3.000000E+00 -1.800000E+02     3  3.519017E-03 -1.087168E+02 -1.129217E-03 -3.332919E-03
  3.000000E+00 -1.800000E+02     4  1.523917E-05 -4.769485E+01  1.025716E-05 -1.127044E-05
  3.000000E+00 -1.800000E+02     5  6.768350E+01  7.989299E+01  1.187759E+01  6.663317E+01
  3.000000E+00 -1.800000E+02     6  2.257990E-05  1.752999E+02 -2.250397E-05  1.850198E-06
  3.000000E+00 -1.500000E+02     1  2.061076E+01 -1.259803E+02 -1.210896E+01 -1.667863E+01
  3.000000E+00 -1.500000E+02     2  2.273890E+01  1.460826E+02 -1.886970E+01  1.268826E+01
  3.000000E+00 -1.500000E+02     3  3.254870E-02  1.354578E+01  3.164329E-02  7.623630E-03
  3.000000E+00 -1.500000E+02     4  5.023910E+01  1.461059E+02 -4.170193E+01  2.801636E+01
  3.000000E+00 -1.500000E+02     5  4.552937E+01  5.399714E+01  2.676333E+01  3.683270E+01
  3.000000E+00 -1.500000E+02     6  5.620828E+01 -4.723851E+00  5.601735E+01 -4.628942E+00
  3.000000E+00 -1.200000E+02     1  2.273876E+01  1.461042E+02 -1.887438E+01  1.268106E+01
  3.000000E+00 -1.200000E+02     2  2.060705E+01 -1.259805E+02 -1.210683E+01 -1.667559E+01
  3.000000E+00 -1.200000E+02     3  3.254949E-02  1.351704E+01  3.164788E-02  7.607939E-03
  3.000000E+00 -1.200000E+02     4  4.552100E+01 -1.260027E+02 -2.675833E+01 -3.682598E+01
  3.000000E+00 -1.200000E+02     5  5.023879E+01 -3.387247E+01  4.171228E+01 -2.800040E+01
  3.000000E+00 -1.200000E+02     6  5.618383E+01  1.752603E+02 -5.599170E+01  4.642445E+00
  3.000000E+00 -9.000000E+01     1  3.449133E-06  1.322835E+02 -2.320574E-06  2.551755E-06
  3.000000E+00 -9.000000E+01     2  3.062998E+01 -1.001652E+02 -5.405805E+00 -3.014918E+01
  3.000000E+00 -9.000000E+01     3  3.538798E-03 -1.083090E+02 -1.111684E-03 -3.359650E-03
  3.000000E+00 -9.000000E+01     4  6.768095E+01 -1.001706E+02 -1.195110E+01 -6.661744E+01
  3.000000E+00 -9.000000E+01     5  7.617631E-06 -4.768410E+01  5.128325E-06 -5.632814E-06
  3.000000E+00 -9.000000E+01     6  1.128493E-05  1.752823E+02 -1.124670E-05  9.281504E-07
  3.000000E+00 -6.000000E+01     1  2.273879E+01 -3.389580E+01  1.887441E+01 -1.268107E+01
  3.000000E+00 -6.000000E+01     2  2.060706E+01 -1.259804E+02 -1.210682E+01 -1.667560E+01
  3.000000E+00 -6.000000E+01     3  3.254949E-02  1.351699E+01  3.164789E-02  7.607914E-03
  3.000000E+00 -6.000000E+01     4  4.552112E+01 -1.260028E+02 -2.675842E+01 -3.682607E+01
  3.000000E+00 -6.000000E+01     5  5.023878E+01  1.461275E+02 -4.171224E+01  2.800043E+01
  3.000000E+00 -6.000000E+01     6  5.618387E+01 -4.739730E+00  5.599174E+01 -4.642449E+00
  3.000000E+00 -3.000000E+01     1  2.061076E+01  5.401985E+01  1.210892E+01  1.667865E+01
  3.000000E+00 -3.000000E+01     2  2.273888E+01  1.460824E+02 -1.886966E+01  1.268829E+01
  3.000000E+00 -3.000000E+01     3  3.254871E-02  1.354567E+01  3.164332E-02  7.623571E-03
  3.000000E+00 -3.000000E+01     4  5.023904E+01  1.461058E+02 -4.170187E+01  2.801633E+01
  3.000000E+00 -3.000000E+01     5  4.552936E+01 -1.260028E+02 -2.676330E+01 -3.683271E+01
  3.000000E+00 -3.000000E+01     6  5.620819E+01  1.752761E+02 -5.601726E+01  4.628942E+00
  3.000000E+00  0.000000E+00     1  3.063105E+01  7.989829E+01  5.372569E+00  3.015621E+01
  3.000000E+00  0.000000E+00     2  0.000000E+00  9.000000E+01  0.000000E+00  0.000000E+00
  3.000000E+00  0.000000E+00     3  3.519017E-03 -1.087168E+02 -1.129217E-03 -3.332919E-03
  3.000000E+00  0.000000E+00     4  0.000000E+00  9.000000E+01  0.000000E+00  0.000000E+00
  3.000000E+00  0.000000E+00     5  6.768350E+01 -1.001070E+02 -1.187759E+01 -6.663317E+01
  3.000000E+00  0.000000E+00     6  0.000000E+00  9.000000E+01  0.000000E+00  0.000000E+00
  3.000000E+00  3.000000E+01     1  2.061076E+01  5.401985E+01  1.210892E+01  1.667865E+01
  3.000000E+00  3.000000E+01     2  2.273888E+01 -3.391758E+01  1.886966E+01 -1.268829E+01
  3.000000E+00  3.000000E+01     3  3.254871E-02  1.354567E+01  3.164332E-02  7.623571E-03
  3.000000E+00  3.000000E+01     4  5.023904E+01 -3.389417E+01  4.170187E+01 -2.801633E+01
  3.000000E+00  3.000000E+01     5  4.552936E+01 -1.260028E+02 -2.676330E+01 -3.683271E+01
  3.000000E+00  3.000000E+01     6  5.620819E+01 -4.723859E+00  5.601726E+01 -4.628942E+00
  3.000000E+00  6.000000E+01     1  2.273879E+01 -3.389580E+01  1.887441E+01 -1.268107E+01
  3.000000E+00  6.000000E+01     2  2.060706E+01  5.401960E+01  1.210682E+01  1.667560E+01
  3.000000E+00  6.000000E+01     3  3.254949E-02  1.351699E+01  3.164789E-02  7.607914E-03
  3.000000E+00  6.000000E+01     4  4.552112E+01  5.399723E+01  2.675842E+01  3.682607E+01
  3.000000E+00  6.000000E+01     5  5.023878E+01  1.461275E+02 -4.171224E+01  2.800043E+01
  3.000000E+00  6.000000E+01     6  5.618387E+01  1.752603E+02 -5.599174E+01  4.642449E+00
  3.000000E+00  9.000000E+01     1  3.449133E-06  1.322835E+02 -2.320574E-06  2.551755E-06
  3.000000E+00  9.000000E+01     2  3.062998E+01  7.983478E+01  5.405805E+00  3.014918E+01
  3.000000E+00  9.000000E+01     3  3.538798E-03 -1.083090E+02 -1.111684E-03 -3.359650E-03
  3.000000E+00  9.000000E+01     4  6.768095E+01  7.982938E+01  1.195110E+01  6.661744E+01
  3.000000E+00  9.000000E+01     5  7.617631E-06 -4.768410E+01  5.128325E-06 -5.632814E-06
  3.000000E+00  9.000000E+01     6  1.128493E-05 -4.717729E+00  1.124670E-05 -9.281504E-07
  3.000000E+00  1.200000E+02     1  2.273876E+01  1.461042E+02 -1.887438E+01  1.268106E+01
  3.000000E+00  1.200000E+02     2  2.060705E+01  5.401955E+01  1.210683E+01  1.667559E+01
  3.000000E+00  1.200000E+02     3  3.254949E-02  1.351704E+01  3.164788E-02  7.607939E-03
  3.000000E+00  1.200000E+02     4  4.552100E+01  5.399727E+01  2.675833E+01  3.682598E+01
  3.000000E+00  1.200000E+02     5  5.023879E+01 -3.387247E+01  4.171228E+01 -2.800040E+01
  3.000000E+00  1.200000E+02     6  5.618383E+01 -4.739728E+00  5.599170E+01 -4.642445E+00
  3.000000E+00  1.500000E+02     1  2.061076E+01 -1.259803E+02 -1.210896E+01 -1.667863E+01
  3.000000E+00  1.500000E+02     2  2.273890E+01 -3.391746E+01  1.886970E+01 -1.268826E+01
  3.000000E+00  1.500000E+02     3  3.254870E-02  1.354578E+01  3.164329E-02  7.623630E-03
  3.000000E+00  1.500000E+02     4  5.023910E+01 -3.389415E+01  4.170193E+01 -2.801636E+01
  3.000000E+00  1.500000E+02     5  4.552937E+01  5.399714E+01  2.676333E+01  3.683270E+01
  3.000000E+00  1.500000E+02     6  5.620828E+01  1.752762E+02 -5.601735E+01  4.628942E+00
  3.000000E+00  1.800000E+02     1  3.063105E+01 -1.001017E+02 -5.372569E+00 -3.015621E+01
  3.000000E+00  1.800000E+02     2  6.900015E-06  1.322729E+02 -4.641384E-06  5.105660E-06
  3.000000E+00  1.800000E+02     3  3.519017E-03 -1.087168E+02 -1.129217E-03 -3.332919E-03
  3.000000E+00  1.800000E+02     4  1.523917E-05  1.323051E+02 -1.025716E-05  1.127044E-05
  3.000000E+00  1.800000E+02     5  6.768350E+01  7.989299E+01  1.187759E+01  6.663317E+01
  3.000000E+00  1.800000E+02     6  2.257990E-05 -4.700088E+00  2.250397E-05 -1.850198E-06
  3.500000E+00 -1.800000E+02     1  6.533910E+01 -1.103193E+02 -2.268913E+01 -6.127317E+01
  3.500000E+00 -1.800000E+02     2  1.150832E-05  2.709115E+01  1.024567E-05  5.240975E-06
  3.500000E+00 -1.800000E+02     3  3.225610E-01  3.117548E+01  2.759787E-01  1.669773E-01
  3.500000E+00 -1.800000E+02     4  3.332851E-05  2.708578E+01  2.967324E-05  1.517527E-05
  3.500000E+00 -1.800000E+02     5  1.893108E+02  6.968902E+01  6.571268E+01  1.775399E+02
  3.500000E+00 -1.800000E+02     6  9.875465E-06  1.793953E+02 -9.874915E-06  1.042291E-07
  3.500000E+00 -1.500000E+02     1  6.709053E+01 -1.257480E+02 -3.919574E+01 -5.445028E+01
  3.500000E+00 -1.500000E+02     2  5.576631E+01 -1.461156E+02 -4.629518E+01 -3.109079E+01
  3.500000E+00 -1.500000E+02     3  3.618394E-01  3.869581E+01  2.824070E-01  2.262167E-01
  3.500000E+00 -1.500000E+02     4  1.614944E+02 -1.461232E+02 -1.340789E+02 -9.001840E+01
  3.500000E+00 -1.500000E+02     5  1.943129E+02  5.425320E+01  1.135184E+02  1.577056E+02
  3.500000E+00 -1.500000E+02     6  2.449607E+01 -6.078693E-01  2.449469E+01 -2.598818E-01
  3.500000E+00 -1.200000E+02     1  5.576873E+01 -1.461131E+02 -4.629586E+01 -3.109413E+01
  3.500000E+00 -1.200000E+02     2  6.709311E+01 -1.257511E+02 -3.920018E+01 -5.445026E+01
  3.500000E+00 -1.200000E+02     3  3.619257E-01  3.869411E+01  2.824811E-01  2.262624E-01
  3.500000E+00 -1.200000E+02     4  1.943202E+02 -1.257499E+02 -1.135313E+02 -1.577053E+02
  3.500000E+00 -1.200000E+02     5  1.615013E+02  3.387921E+01  1.340807E+02  9.002792E+01
  3.500000E+00 -1.200000E+02     6  2.445922E+01  1.793997E+02 -2.445787E+01  2.562566E-01
  3.500000E+00 -9.000000E+01     1  5.753941E-06 -1.529057E+02 -5.122494E-06 -2.620666E-06
  3.500000E+00 -9.000000E+01     2  6.535969E+01 -1.103378E+02 -2.271601E+01 -6.128517E+01
  3.500000E+00 -9.000000E+01     3  3.227370E-01  3.117723E+01  2.761241E-01  1.670768E-01
  3.500000E+00 -9.000000E+01     4  1.893697E+02 -1.103294E+02 -6.579019E+01 -1.775741E+02
  3.500000E+00 -9.000000E+01     5  1.666365E-05  2.708895E+01  1.483566E-05  7.588177E-06
  3.500000E+00 -9.000000E+01     6  4.933087E-06  1.793982E+02 -4.932815E-06  5.181144E-08
  3.500000E+00 -6.000000E+01     1  5.576872E+01  3.388689E+01  4.629584E+01  3.109414E+01
  3.500000E+00 -6.000000E+01     2  6.709310E+01 -1.257511E+02 -3.920017E+01 -5.445026E+01
  3.500000E+00 -6.000000E+01     3  3.619256E-01  3.869410E+01  2.824810E-01  2.262623E-01
  3.500000E+00 -6.000000E+01     4  1.943202E+02 -1.257499E+02 -1.135312E+02 -1.577054E+02
  3.500000E+00 -6.000000E+01     5  1.615013E+02 -1.461208E+02 -1.340808E+02 -9.002786E+01
  3.500000E+00 -6.000000E+01     6  2.445926E+01 -6.002793E-01  2.445791E+01 -2.562512E-01
  3.500000E+00 -3.000000E+01     1  6.709052E+01  5.425197E+01  3.919574E+01  5.445026E+01
  3.500000E+00 -3.000000E+01     2  5.576631E+01 -1.461156E+02 -4.629518E+01 -3.109079E+01
  3.500000E+00 -3.000000E+01     3  3.618391E-01  3.869579E+01  2.824068E-01  2.262165E-01
  3.500000E+00 -3.000000E+01     4  1.614944E+02 -1.461232E+02 -1.340789E+02 -9.001836E+01
  3.500000E+00 -3.000000E+01     5  1.943128E+02 -1.257468E+02 -1.135184E+02 -1.577055E+02
  3.500000E+00 -3.000000E+01     6  2.449612E+01  1.793921E+02 -2.449474E+01  2.598847E-01
  3.500000E+00  0.000000E+00     1  6.533910E+01  6.968067E+01  2.268913E+01  6.127317E+01
  3.500000E+00  0.000000E+00     2  0.000000E+00  9.000000E+01  0.000000E+00  0.000000E+00
  3.500000E+00  0.000000E+00     3  3.225610E-01  3.117548E+01  2.759787E-01  1.669773E-01
  3.500000E+00  0.000000E+00     4  0.000000E+00  9.000000E+01  0.000000E+00  0.000000E+00
  3.500000E+00  0.000000E+00     5  1.893108E+02 -1.103110E+02 -6.571268E+01 -1.775399E+02
  3.500000E+00  0.000000E+00     6  0.000000E+00  9.000000E+01  0.000000E+00  0.000000E+00
  3.500000E+00  3.000000E+01     1  6.709052E+01  5.425197E+01  3.919574E+01  5.445026E+01
  3.500000E+00  3.000000E+01     2  5.576631E+01  3.388441E+01  4.629518E+01  3.109079E+01
  3.500000E+00  3.000000E+01     3  3.618391E-01  3.869579E+01  2.824068E-01  2.262165E-01
  3.500000E+00  3.000000E+01     4  1.614944E+02  3.387677E+01  1.340789E+02  9.001836E+01
  3.500000E+00  3.000000E+01     5  1.943128E+02 -1.257468E+02 -1.135184E+02 -1.577055E+02
  3.500000E+00  3.000000E+01     6  2.449612E+01 -6.078748E-01  2.449474E+01 -2.598847E-01
  3.500000E+00  6.000000E+01     1  5.576872E+01  3.388689E+01  4.629584E+01  3.109414E+01
  3.500000E+00  6.000000E+01     2  6.709310E+01  5.424889E+01  3.920017E+01  5.445026E+01
  3.500000E+00  6.000000E+01     3  3.619256E-01  3.869410E+01  2.824810E-01  2.262623E-01
  3.500000E+00  6.000000E+01     4  1.943202E+02  5.425010E+01  1.135312E+02  1.577054E+02
  3.500000E+00  6.000000E+01     5  1.615013E+02 -1.461208E+02 -1.340808E+02 -9.002786E+01
  3.500000E+00  6.000000E+01     6  2.445926E+01  1.793997E+02 -2.445791E+01  2.562512E-01
  3.500000E+00  9.000000E+01     1  5.753941E-06 -1.529057E+02 -5.122494E-06 -2.620666E-06
  3.500000E+00  9.000000E+01     2  6.535969E+01  6.966223E+01  2.271601E+01  6.128517E+01
  3.500000E+00  9.000000E+01     3  3.227370E-01  3.117723E+01  2.761241E-01  1.670768E-01
  3.500000E+00  9.000000E+01     4  1.893697E+02  6.967062E+01  6.579019E+01  1.775741E+02
  3.500000E+00  9.000000E+01     5  1.666365E-05  2.708895E+01  1.483566E-05  7.588177E-06
  3.500000E+00  9.000000E+01     6  4.933087E-06 -6.017797E-01  4.932815E-06 -5.181144E-08
  3.500000E+00  1.200000E+02     1  5.576873E+01 -1.461131E+02 -4.629586E+01 -3.109413E+01
  3.500000E+00  1.200000E+02     2  6.709311E+01  5.424889E+01  3.920018E+01  5.445026E+01
  3.500000E+00  1.200000E+02     3  3.619257E-01  3.869411E+01  2.824811E-01  2.262624E-01
  3.500000E+00  1.200000E+02     4  1.943202E+02  5.425007E+01  1.135313E+02  1.577053E+02
  3.500000E+00  1.200000E+02     5  1.615013E+02  3.387921E+01  1.340807E+02  9.002792E+01
  3.500000E+00  1.200000E+02     6  2.445922E+01 -6.002927E-01  2.445787E+01 -2.562566E-01
  3.500000E+00  1.500000E+02     1  6.709053E+01 -1.257480E+02 -3.919574E+01 -5.445028E+01
  3.500000E+00  1.500000E+02     2  5.576631E+01  3.388441E+01  4.629518E+01  3.109079E+01
  3.500000E+00  1.500000E+02     3  3.618394E-01  3.869581E+01  2.824070E-01  2.262167E-01
  3.500000E+00  1.500000E+02     4  1.614944E+02  3.387678E+01  1.340789E+02  9.001840E+01
  3.500000E+00  1.500000E+02     5  1.943129E+02  5.425320E+01  1.135184E+02  1.577056E+02
  3.500000E+00  1.500000E+02     6  2.449607E+01  1.793921E+02 -2.449469E+01  2.598818E-01
  3.500000E+00  1.800000E+02     1  6.533910E+01 -1.103193E+02 -2.268913E+01 -6.127317E+01
  3.500000E+00  1.800000E+02     2  1.150832E-05 -1.529089E+02 -1.024567E-05 -5.240975E-06
  3.500000E+00  1.800000E+02     3  3.225610E-01  3.117548E+01  2.759787E-01  1.669773E-01
  3.500000E+00  1.800000E+02     4  3.332851E-05 -1.529142E+02 -2.967324E-05 -1.517527E-05
  3.500000E+00  1.800000E+02     5  1.893108E+02  6.968902E+01  6.571268E+01  1.775399E+02
  3.500000E+00  1.800000E+02     6  9.875465E-06 -6.047309E-01  9.874915E-06 -1.042291E-07
  4.000000E+00 -1.800000E+02     1  9.706406E+01 -1.160176E+02 -4.257685E+01 -8.722754E+01
  4.000000E+00 -1.800000E+02     2  1.235218E-05  5.347594E+01  7.351526E-06  9.926296E-06
  4.000000E+00 -1.800000E+02     3  1.106868E+00  3.337971E+01  9.242819E-01  6.089820E-01
  4.000000E+00 -1.800000E+02     4  4.369512E-05  5.345921E+01  2.601585E-05  3.510611E-05
  4.000000E+00 -1.800000E+02     5  3.436341E+02  6.399275E+01  1.506784E+02  3.088372E+02
  4.000000E+00 -1.800000E+02     6  4.577957E-06  1.799079E+02 -4.577951E-06  7.357762E-09
  4.000000E+00 -1.500000E+02     1  9.383187E+01 -1.193246E+02 -4.595487E+01 -8.180813E+01
  4.000000E+00 -1.500000E+02     2  6.525873E+01 -1.244516E+02 -3.691749E+01 -5.381264E+01
  4.000000E+00 -1.500000E+02     3  1.120590E+00  3.518049E+01  9.159042E-01  6.456324E-01
  4.000000E+00 -1.500000E+02     4  2.308658E+02 -1.244644E+02 -1.306456E+02 -1.903437E+02
  4.000000E+00 -1.500000E+02     5  3.320730E+02  6.067608E+01  1.626316E+02  2.895228E+02
  4.000000E+00 -1.500000E+02     6  1.135103E+01 -9.800402E-02  1.135102E+01 -1.941585E-02
  4.000000E+00 -1.200000E+02     1  6.525877E+01 -1.244489E+02 -3.691502E+01 -5.381439E+01
  4.000000E+00 -1.200000E+02     2  9.383801E+01 -1.193281E+02 -4.596277E+01 -8.181072E+01
  4.000000E+00 -1.200000E+02     3  1.120646E+00  3.518550E+01  9.158934E-01  6.457447E-01
  4.000000E+00 -1.200000E+02     4  3.320921E+02 -1.193273E+02 -1.626582E+02 -2.895298E+02
  4.000000E+00 -1.200000E+02     5  2.308675E+02  5.553825E+01  1.306377E+02  1.903512E+02
  4.000000E+00 -1.200000E+02     6  1.131340E+01  1.799252E+02 -1.131339E+01  1.476959E-02
  4.000000E+00 -9.000000E+01     1  6.175999E-06 -1.265212E+02 -3.675464E-06 -4.963257E-06
  4.000000E+00 -9.000000E+01     2  9.708171E+01 -1.160232E+02 -4.259320E+01 -8.723920E+01
  4.000000E+00 -9.000000E+01     3  1.106973E+00  3.339011E+01  9.242595E-01  6.092080E-01
  4.000000E+00 -9.000000E+01     4  3.436940E+02 -1.160130E+02 -1.507357E+02 -3.088759E+02
  4.000000E+00 -9.000000E+01     5  2.184734E-05  5.346218E+01  1.300688E-05  1.755355E-05
  4.000000E+00 -9.000000E+01     6  2.284920E-06  1.799193E+02 -2.284918E-06  3.217550E-09
  4.000000E+00 -6.000000E+01     1  6.525874E+01  5.555107E+01  3.691500E+01  5.381436E+01
  4.000000E+00 -6.000000E+01     2  9.383800E+01 -1.193281E+02 -4.596279E+01 -8.181071E+01
  4.000000E+00 -6.000000E+01     3  1.120646E+00  3.518552E+01  9.158935E-01  6.457453E-01
  4.000000E+00 -6.000000E+01     4  3.320920E+02 -1.193273E+02 -1.626582E+02 -2.895297E+02
  4.000000E+00 -6.000000E+01     5  2.308674E+02 -1.244617E+02 -1.306377E+02 -1.903511E+02
  4.000000E+00 -6.000000E+01     6  1.131349E+01 -7.482073E-02  1.131348E+01 -1.477393E-02
  4.000000E+00 -3.000000E+01     1  9.383183E+01  6.067534E+01  4.595487E+01  8.180807E+01
  4.000000E+00 -3.000000E+01     2  6.525871E+01 -1.244516E+02 -3.691751E+01 -5.381261E+01
  4.000000E+00 -3.000000E+01     3  1.120591E+00  3.518050E+01  9.159049E-01  6.456332E-01
  4.000000E+00 -3.000000E+01     4  2.308657E+02 -1.244644E+02 -1.306455E+02 -1.903437E+02
  4.000000E+00 -3.000000E+01     5  3.320731E+02 -1.193239E+02 -1.626316E+02 -2.895229E+02
  4.000000E+00 -3.000000E+01     6  1.135100E+01  1.799020E+02 -1.135098E+01  1.941901E-02
  4.000000E+00  0.000000E+00     1  9.706406E+01  6.398242E+01  4.257685E+01  8.722754E+01
  4.000000E+00  0.000000E+00     2  0.000000E+00  9.000000E+01  0.000000E+00  0.000000E+00
  4.000000E+00  0.000000E+00     3  1.106868E+00  3.337971E+01  9.242819E-01  6.089820E-01
  4.000000E+00  0.000000E+00     4  0.000000E+00  9.000000E+01  0.000000E+00  0.000000E+00
  4.000000E+00  0.000000E+00     5  3.436341E+02 -1.160073E+02 -1.506784E+02 -3.088372E+02
  4.000000E+00  0.000000E+00     6  0.000000E+00  9.000000E+01  0.000000E+00  0.000000E+00
  4.000000E+00  3.000000E+01     1  9.383183E+01  6.067534E+01  4.595487E+01  8.180807E+01
  4.000000E+00  3.000000E+01     2  6.525871E+01  5.554839E+01  3.691751E+01  5.381261E+01
  4.000000E+00  3.000000E+01     3  1.120591E+00  3.518050E+01  9.159049E-01  6.456332E-01
  4.000000E+00  3.000000E+01     4  2.308657E+02  5.553561E+01  1.306455E+02  1.903437E+02
  4.000000E+00  3.000000E+01     5  3.320731E+02 -1.193239E+02 -1.626316E+02 -2.895229E+02
  4.000000E+00  3.000000E+01     6  1.135100E+01 -9.802031E-02  1.135098E+01 -1.941901E-02
  4.000000E+00  6.000000E+01     1  6.525874E+01  5.555107E+01  3.691500E+01  5.381436E+01
  4.000000E+00  6.000000E+01     2  9.383800E+01  6.067191E+01  4.596279E+01  8.181071E+01
  4.000000E+00  6.000000E+01     3  1.120646E+00  3.518552E+01  9.158935E-01  6.457453E-01
  4.000000E+00  6.000000E+01     4  3.320920E+02  6.067267E+01  1.626582E+02  2.895297E+02
  4.000000E+00  6.000000E+01     5  2.308674E+02 -1.244617E+02 -1.306377E+02 -1.903511E+02
  4.000000E+00  6.000000E+01     6  1.131349E+01  1.799252E+02 -1.131348E+01  1.477393E-02
  4.000000E+00  9.000000E+01     1  6.175999E-06 -1.265212E+02 -3.675464E-06 -4.963257E-06
  4.000000E+00  9.000000E+01     2  9.708171E+01  6.397676E+01  4.259320E+01  8.723920E+01
  4.000000E+00  9.000000E+01     3  1.106973E+00  3.339011E+01  9.242595E-01  6.092080E-01
  4.000000E+00  9.000000E+01     4  3.436940E+02  6.398698E+01  1.507357E+02  3.088759E+02
  4.000000E+00  9.000000E+01     5  2.184734E-05  5.346218E+01  1.300688E-05  1.755355E-05
  4.000000E+00  9.000000E+01     6  2.284920E-06 -8.068208E-02  2.284918E-06 -3.217550E-09
  4.000000E+00  1.200000E+02     1  6.525877E+01 -1.244489E+02 -3.691502E+01 -5.381439E+01
  4.000000E+00  1.200000E+02     2  9.383801E+01  6.067192E+01  4.596277E+01  8.181072E+01
  4.000000E+00  1.200000E+02     3  1.120646E+00  3.518550E+01  9.158934E-01  6.457447E-01
  4.000000E+00  1.200000E+02     4  3.320921E+02  6.067267E+01  1.626582E+02  2.895298E+02
  4.000000E+00  1.200000E+02     5  2.308675E+02  5.553825E+01  1.306377E+02  1.903512E+02
  4.000000E+00  1.200000E+02     6  1.131340E+01 -7.479937E-02  1.131339E+01 -1.476959E-02
  4.000000E+00  1.500000E+02     1  9.383187E+01 -1.193246E+02 -4.595487E+01 -8.180813E+01
  4.000000E+00  1.500000E+02     2  6.525873E+01  5.554842E+01  3.691749E+01  5.381264E+01
  4.000000E+00  1.500000E+02     3  1.120590E+00  3.518049E+01  9.159042E-01  6.456324E-01
  4.000000E+00  1.500000E+02     4  2.308658E+02  5.553560E+01  1.306456E+02  1.903437E+02
  4.000000E+00  1.500000E+02     5  3.320730E+02  6.067608E+01  1.626316E+02  2.895228E+02
  4.000000E+00  1.500000E+02     6  1.135103E+01  1.799020E+02 -1.135102E+01  1.941585E-02
  4.000000E+00  1.800000E+02     1  9.706406E+01 -1.160176E+02 -4.257685E+01 -8.722754E+01
  4.000000E+00  1.800000E+02     2  1.235218E-05 -1.265241E+02 -7.351526E-06 -9.926296E-06
  4.000000E+00  1.800000E+02     3  1.106868E+00  3.337971E+01  9.242819E-01  6.089820E-01
  4.000000E+00  1.800000E+02     4  4.369512E-05 -1.265408E+02 -2.601585E-05 -3.510611E-05
  4.000000E+00  1.800000E+02     5  3.436341E+02  6.399275E+01  1.506784E+02  3.088372E+02
  4.000000E+00  1.800000E+02     6  4.577957E-06 -9.208670E-02  4.577951E-06 -7.357762E-09
  4.500000E+00 -1.800000E+02     1  1.255229E+02 -1.167131E+02 -5.642553E+01 -1.121257E+02
  4.500000E+00 -1.800000E+02     2  1.332803E-05  6.042082E+01  6.579062E-06  1.159105E-05
  4.500000E+00 -1.800000E+02     3  2.549267E+00  2.627297E+01  2.285916E+00  1.128429E+00
  4.500000E+00 -1.800000E+02     4  5.455547E-05  6.040400E+01  2.694392E-05  4.743758E-05
  4.500000E+00 -1.800000E+02     5  5.142180E+02  6.329484E+01  2.310894E+02  4.593669E+02
  4.500000E+00 -1.800000E+02     6  2.250425E-06  1.799794E+02 -2.250425E-06  8.092671E-10
  4.500000E+00 -1.500000E+02     1  1.148109E+02 -1.175240E+02 -5.305648E+01 -1.018162E+02
  4.500000E+00 -1.500000E+02     2  7.302314E+01 -1.189468E+02 -3.534298E+01 -6.390034E+01
  4.500000E+00 -1.500000E+02     3  2.552283E+00  2.675611E+01  2.279013E+00  1.149022E+00
  4.500000E+00 -1.500000E+02     4  2.989452E+02 -1.189589E+02 -1.447439E+02 -2.615673E+02
  4.500000E+00 -1.500000E+02     5  4.702057E+02  6.247624E+01  2.172898E+02  4.169875E+02
  4.500000E+00 -1.500000E+02     6  5.581979E+00 -2.673684E-02  5.581979E+00 -2.604808E-03
  4.500000E+00 -1.200000E+02     1  7.302026E+01 -1.189438E+02 -3.533827E+01 -6.389965E+01
  4.500000E+00 -1.200000E+02     2  1.148202E+02 -1.175271E+02 -5.306630E+01 -1.018216E+02
  4.500000E+00 -1.200000E+02     3  2.552259E+00  2.675780E+01  2.278957E+00  1.149078E+00
  4.500000E+00 -1.200000E+02     4  4.702391E+02 -1.175272E+02 -2.173300E+02 -4.170041E+02
  4.500000E+00 -1.200000E+02     5  2.989346E+02  6.104398E+01  1.447256E+02  2.615653E+02
  4.500000E+00 -1.200000E+02     6  5.549976E+00  1.799978E+02 -5.549976E+00  2.156291E-04
  4.500000E+00 -9.000000E+01     1  6.663774E-06 -1.195761E+02 -3.289101E-06 -5.795490E-06
  4.500000E+00 -9.000000E+01     2  1.255389E+02 -1.167168E+02 -5.643978E+01 -1.121363E+02
  4.500000E+00 -9.000000E+01     3  2.549215E+00  2.627643E+01  2.285801E+00  1.128544E+00
  4.500000E+00 -9.000000E+01     4  5.142806E+02 -1.167089E+02 -2.311471E+02 -4.594078E+02
  4.500000E+00 -9.000000E+01     5  2.727691E-05  6.040714E+01  1.347025E-05  2.371882E-05
  4.500000E+00 -9.000000E+01     6  1.121898E-06  1.799916E+02 -1.121898E-06  1.640138E-10
  4.500000E+00 -6.000000E+01     1  7.302023E+01  6.105617E+01  3.533828E+01  6.389960E+01
  4.500000E+00 -6.000000E+01     2  1.148203E+02 -1.175271E+02 -5.306631E+01 -1.018217E+02
  4.500000E+00 -6.000000E+01     3  2.552259E+00  2.675781E+01  2.278957E+00  1.149079E+00
  4.500000E+00 -6.000000E+01     4  4.702393E+02 -1.175271E+02 -2.173300E+02 -4.170045E+02
  4.500000E+00 -6.000000E+01     5  2.989345E+02 -1.189560E+02 -1.447256E+02 -2.615652E+02
  4.500000E+00 -6.000000E+01     6  5.549962E+00 -2.215558E-03  5.549962E+00 -2.146103E-04
  4.500000E+00 -3.000000E+01     1  1.148110E+02  6.247598E+01  5.305650E+01  1.018164E+02
  4.500000E+00 -3.000000E+01     2  7.302309E+01 -1.189468E+02 -3.534295E+01 -6.390029E+01
  4.500000E+00 -3.000000E+01     3  2.552280E+00  2.675614E+01  2.279009E+00  1.149022E+00
  4.500000E+00 -3.000000E+01     4  2.989450E+02 -1.189589E+02 -1.447439E+02 -2.615671E+02
  4.500000E+00 -3.000000E+01     5  4.702056E+02 -1.175238E+02 -2.172899E+02 -4.169873E+02
  4.500000E+00 -3.000000E+01     6  5.581991E+00  1.799732E+02 -5.581990E+00  2.607756E-03
  4.500000E+00  0.000000E+00     1  1.255229E+02  6.328687E+01  5.642553E+01  1.121257E+02
  4.500000E+00  0.000000E+00     2  0.000000E+00  9.000000E+01  0.000000E+00  0.000000E+00
  4.500000E+00  0.000000E+00     3  2.549267E+00  2.627297E+01  2.285916E+00  1.128429E+00
  4.500000E+00  0.000000E+00     4  0.000000E+00  9.000000E+01  0.000000E+00  0.000000E+00
  4.500000E+00  0.000000E+00     5  5.142180E+02 -1.167052E+02 -2.310894E+02 -4.593669E+02
  4.500000E+00  0.000000E+00     6  0.000000E+00  9.000000E+01  0.000000E+00  0.000000E+00
  4.500000E+00  3.000000E+01     1  1.148110E+02  6.247598E+01  5.305650E+01  1.018164E+02
  4.500000E+00  3.000000E+01     2  7.302309E+01  6.105322E+01  3.534295E+01  6.390029E+01
  4.500000E+00  3.000000E+01     3  2.552280E+00  2.675614E+01  2.279009E+00  1.149022E+00
  4.500000E+00  3.000000E+01     4  2.989450E+02  6.104110E+01  1.447439E+02  2.615671E+02
  4.500000E+00  3.000000E+01     5  4.702056E+02 -1.175238E+02 -2.172899E+02 -4.169873E+02
  4.500000E+00  3.000000E+01     6  5.581991E+00 -2.676705E-02  5.581990E+00 -2.607756E-03
  4.500000E+00  6.000000E+01     1  7.302023E+01  6.105617E+01  3.533828E+01  6.389960E+01
  4.500000E+00  6.000000E+01     2  1.148203E+02  6.247287E+01  5.306631E+01  1.018217E+02
  4.500000E+00  6.000000E+01     3  2.552259E+00  2.675781E+01  2.278957E+00  1.149079E+00
  4.500000E+00  6.000000E+01     4  4.702393E+02  6.247285E+01  2.173300E+02  4.170045E+02
  4.500000E+00  6.000000E+01     5  2.989345E+02 -1.189560E+02 -1.447256E+02 -2.615652E+02
  4.500000E+00  6.000000E+01     6  5.549962E+00  1.799978E+02 -5.549962E+00  2.146103E-04
  4.500000E+00  9.000000E+01     1  6.663774E-06 -1.195761E+02 -3.289101E-06 -5.795490E-06
  4.500000E+00  9.000000E+01     2  1.255389E+02  6.328325E+01  5.643978E+01  1.121363E+02
  4.500000E+00  9.000000E+01     3  2.549215E+00  2.627643E+01  2.285801E+00  1.128544E+00
  4.500000E+00  9.000000E+01     4  5.142806E+02  6.329114E+01  2.311471E+02  4.594078E+02
  4.500000E+00  9.000000E+01     5  2.727691E-05  6.040714E+01  1.347025E-05  2.371882E-05
  4.500000E+00  9.000000E+01     6  1.121898E-06 -8.376252E-03  1.121898E-06 -1.640138E-10
  4.500000E+00  1.200000E+02     1  7.302026E+01 -1.189438E+02 -3.533827E+01 -6.389965E+01
  4.500000E+00  1.200000E+02     2  1.148202E+02  6.247286E+01  5.306630E+01  1.018216E+02
  4.500000E+00  1.200000E+02     3  2.552259E+00  2.675780E+01  2.278957E+00  1.149078E+00
  4.500000E+00  1.200000E+02     4  4.702391E+02  6.247282E+01  2.173300E+02  4.170041E+02
  4.500000E+00  1.200000E+02     5  2.989346E+02  6.104398E+01  1.447256E+02  2.615653E+02
  4.500000E+00  1.200000E+02     6  5.549976E+00 -2.226071E-03  5.549976E+00 -2.156291E-04
  4.500000E+00  1.500000E+02     1  1.148109E+02 -1.175240E+02 -5.305648E+01 -1.018162E+02
  4.500000E+00  1.500000E+02     2  7.302314E+01  6.105322E+01  3.534298E+01  6.390034E+01
  4.500000E+00  1.500000E+02     3  2.552283E+00  2.675611E+01  2.279013E+00  1.149022E+00
  4.500000E+00  1.500000E+02     4  2.989452E+02  6.104111E+01  1.447439E+02  2.615673E+02
  4.500000E+00  1.500000E+02     5  4.702057E+02  6.247624E+01  2.172898E+02  4.169875E+02
  4.500000E+00  1.500000E+02     6  5.581979E+00  1.799733E+02 -5.581979E+00  2.604808E-03
  4.500000E+00  1.800000E+02     1  1.255229E+02 -1.167131E+02 -5.642553E+01 -1.121257E+02
  4.500000E+00  1.800000E+02     2  1.332803E-05 -1.195792E+02 -6.579062E-06 -1.159105E-05
  4.500000E+00  1.800000E+02     3  2.549267E+00  2.627297E+01  2.285916E+00  1.128429E+00
  4.500000E+00  1.800000E+02     4  5.455547E-05 -1.195960E+02 -2.694392E-05 -4.743758E-05
  4.500000E+00  1.800000E+02     5  5.142180E+02  6.329484E+01  2.310894E+02  4.593669E+02
  4.500000E+00  1.800000E+02     6  2.250425E-06 -2.060393E-02  2.250425E-06 -8.092671E-10
  5.000000E+00 -1.800000E+02     1  1.464218E+02 -1.138855E+02 -5.928759E+01 -1.338818E+02
  5.000000E+00 -1.800000E+02     2  1.426730E-05  6.523699E+01  5.976088E-06  1.295540E-05
  5.000000E+00 -1.800000E+02     3  4.728940E+00  1.982146E+01  4.448769E+00  1.603537E+00
  5.000000E+00 -1.800000E+02     4  6.499489E-05  6.522421E+01  2.723731E-05  5.901241E-05
  5.000000E+00 -1.800000E+02     5  6.674978E+02  6.611994E+01  2.702187E+02  6.103566E+02
  5.000000E+00 -1.800000E+02     6  1.161838E-06  1.799922E+02 -1.161838E-06  1.578257E-10
  5.000000E+00 -1.500000E+02     1  1.305914E+02 -1.141203E+02 -5.336662E+01 -1.191894E+02
  5.000000E+00 -1.500000E+02     2  7.959422E+01 -1.145592E+02 -3.308204E+01 -7.239350E+01
  5.000000E+00 -1.500000E+02     3  4.728755E+00  1.996482E+01  4.444569E+00  1.614601E+00
  5.000000E+00 -1.500000E+02     4  3.626438E+02 -1.145681E+02 -1.507780E+02 -3.298128E+02
  5.000000E+00 -1.500000E+02     5  5.952027E+02  6.587965E+01  2.432323E+02  5.432350E+02
  5.000000E+00 -1.500000E+02     6  2.883864E+00 -1.272121E-02  2.883864E+00 -6.402959E-04
  5.000000E+00 -1.200000E+02     1  7.958902E+01 -1.145564E+02 -3.307635E+01 -7.239038E+01
  5.000000E+00 -1.200000E+02     2  1.306036E+02 -1.141231E+02 -5.337746E+01 -1.191980E+02
  5.000000E+00 -1.200000E+02     3  4.728720E+00  1.996529E+01  4.444522E+00  1.614626E+00
  5.000000E+00 -1.200000E+02     4  5.952535E+02 -1.141232E+02 -2.432804E+02 -5.432692E+02
  5.000000E+00 -1.200000E+02     5  3.626212E+02  6.543454E+01  1.507535E+02  3.297993E+02
  5.000000E+00 -1.200000E+02     6  2.858267E+00 -1.799929E+02 -2.858267E+00 -3.560912E-04
  5.000000E+00 -9.000000E+01     1  7.133197E-06 -1.147604E+02 -2.987555E-06 -6.477423E-06
  5.000000E+00 -9.000000E+01     2  1.464388E+02 -1.138884E+02 -5.930125E+01 -1.338942E+02
  5.000000E+00 -9.000000E+01     3  4.728878E+00  1.982237E+01  4.448685E+00  1.603588E+00
  5.000000E+00 -9.000000E+01     4  6.675699E+02 -1.138830E+02 -2.702788E+02 -6.104088E+02
  5.000000E+00 -9.000000E+01     5  3.249553E-05  6.522686E+01  1.361649E-05  2.950510E-05
  5.000000E+00 -9.000000E+01     6  5.783134E-07 -1.799978E+02 -5.783134E-07 -2.195558E-11
  5.000000E+00 -6.000000E+01     1  7.958899E+01  6.544358E+01  3.307632E+01  7.239037E+01
  5.000000E+00 -6.000000E+01     2  1.306037E+02 -1.141231E+02 -5.337750E+01 -1.191980E+02
  5.000000E+00 -6.000000E+01     3  4.728731E+00  1.996527E+01  4.444533E+00  1.614628E+00
  5.000000E+00 -6.000000E+01     4  5.952537E+02 -1.141232E+02 -2.432803E+02 -5.432693E+02
  5.000000E+00 -6.000000E+01     5  3.626210E+02 -1.145655E+02 -1.507534E+02 -3.297990E+02
  5.000000E+00 -6.000000E+01     6  2.858269E+00  7.129266E-03  2.858269E+00  3.556521E-04
  5.000000E+00 -3.000000E+01     1  1.305914E+02  6.587975E+01  5.336661E+01  1.191895E+02
  5.000000E+00 -3.000000E+01     2  7.959421E+01 -1.145592E+02 -3.308202E+01 -7.239349E+01
  5.000000E+00 -3.000000E+01     3  4.728757E+00  1.996480E+01  4.444571E+00  1.614600E+00
  5.000000E+00 -3.000000E+01     4  3.626436E+02 -1.145681E+02 -1.507780E+02 -3.298127E+02
  5.000000E+00 -3.000000E+01     5  5.952028E+02 -1.141204E+02 -2.432325E+02 -5.432351E+02
  5.000000E+00 -3.000000E+01     6  2.883836E+00  1.799873E+02 -2.883836E+00  6.400174E-04
  5.000000E+00  0.000000E+00     1  1.464218E+02  6.611456E+01  5.928759E+01  1.338818E+02
  5.000000E+00  0.000000E+00     2  0.000000E+00  9.000000E+01  0.000000E+00  0.000000E+00
  5.000000E+00  0.000000E+00     3  4.728940E+00  1.982146E+01  4.448769E+00  1.603537E+00
  5.000000E+00  0.000000E+00     4  0.000000E+00  9.000000E+01  0.000000E+00  0.000000E+00
  5.000000E+00  0.000000E+00     5  6.674978E+02 -1.138801E+02 -2.702187E+02 -6.103566E+02
  5.000000E+00  0.000000E+00     6  0.000000E+00  9.000000E+01  0.000000E+00  0.000000E+00
  5.000000E+00  3.000000E+01     1  1.305914E+02  6.587975E+01  5.336661E+01  1.191895E+02
  5.000000E+00  3.000000E+01     2  7.959421E+01  6.544079E+01  3.308202E+01  7.239349E+01
  5.000000E+00  3.000000E+01     3  4.728757E+00  1.996480E+01  4.444571E+00  1.614600E+00
  5.000000E+00  3.000000E+01     4  3.626436E+02  6.543189E+01  1.507780E+02  3.298127E+02
  5.000000E+00  3.000000E+01     5  5.952028E+02 -1.141204E+02 -2.432325E+02 -5.432351E+02
  5.000000E+00  3.000000E+01     6  2.883836E+00 -1.271580E-02  2.883836E+00 -6.400174E-04
  5.000000E+00  6.000000E+01     1  7.958899E+01  6.544358E+01  3.307632E+01  7.239037E+01
  5.000000E+00  6.000000E+01     2  1.306037E+02  6.587691E+01  5.337750E+01  1.191980E+02
  5.000000E+00  6.000000E+01     3  4.728731E+00  1.996527E+01  4.444533E+00  1.614628E+00
  5.000000E+00  6.000000E+01     4  5.952537E+02  6.587679E+01  2.432803E+02  5.432693E+02
  5.000000E+00  6.000000E+01     5  3.626210E+02 -1.145655E+02 -1.507534E+02 -3.297990E+02
  5.000000E+00  6.000000E+01     6  2.858269E+00 -1.799929E+02 -2.858269E+00 -3.556521E-04
  5.000000E+00  9.000000E+01     1  7.133197E-06 -1.147604E+02 -2.987555E-06 -6.477423E-06
  5.000000E+00  9.000000E+01     2  1.464388E+02  6.611163E+01  5.930125E+01  1.338942E+02
  5.000000E+00  9.000000E+01     3  4.728878E+00  1.982237E+01  4.448685E+00  1.603588E+00
  5.000000E+00  9.000000E+01     4  6.675699E+02  6.611703E+01  2.702788E+02  6.104088E+02
  5.000000E+00  9.000000E+01     5  3.249553E-05  6.522686E+01  1.361649E-05  2.950510E-05
  5.000000E+00  9.000000E+01     6  5.783134E-07  2.175225E-03  5.783134E-07  2.195558E-11
  5.000000E+00  1.200000E+02     1  7.958902E+01 -1.145564E+02 -3.307635E+01 -7.239038E+01
  5.000000E+00  1.200000E+02     2  1.306036E+02  6.587692E+01  5.337746E+01  1.191980E+02
  5.000000E+00  1.200000E+02     3  4.728720E+00  1.996529E+01  4.444522E+00  1.614626E+00
  5.000000E+00  1.200000E+02     4  5.952535E+02  6.587678E+01  2.432804E+02  5.432692E+02
  5.000000E+00  1.200000E+02     5  3.626212E+02  6.543454E+01  1.507535E+02  3.297993E+02
  5.000000E+00  1.200000E+02     6  2.858267E+00  7.138075E-03  2.858267E+00  3.560912E-04
  5.000000E+00  1.500000E+02     1  1.305914E+02 -1.141203E+02 -5.336662E+01 -1.191894E+02
  5.000000E+00  1.500000E+02     2  7.959422E+01  6.544077E+01  3.308204E+01  7.239350E+01
  5.000000E+00  1.500000E+02     3  4.728755E+00  1.996482E+01  4.444569E+00  1.614601E+00
  5.000000E+00  1.500000E+02     4  3.626438E+02  6.543190E+01  1.507780E+02  3.298128E+02
  5.000000E+00  1.500000E+02     5  5.952027E+02  6.587965E+01  2.432323E+02  5.432350E+02
  5.000000E+00  1.500000E+02     6  2.883864E+00  1.799873E+02 -2.883864E+00  6.402959E-04
  5.000000E+00  1.800000E+02     1  1.464218E+02 -1.138855E+02 -5.928759E+01 -1.338818E+02
  5.000000E+00  1.800000E+02     2  1.426730E-05 -1.147630E+02 -5.976088E-06 -1.295540E-05
  5.000000E+00  1.800000E+02     3  4.728940E+00  1.982146E+01  4.448769E+00  1.603537E+00
  5.000000E+00  1.800000E+02     4  6.499489E-05 -1.147758E+02 -2.723731E-05 -5.901241E-05
  5.000000E+00  1.800000E+02     5  6.674978E+02  6.611994E+01  2.702187E+02  6.103566E+02
  5.000000E+00  1.800000E+02     6  1.161838E-06 -7.783138E-03  1.161838E-06 -1.578257E-10
  5.500000E+00 -1.800000E+02     1  1.566420E+02 -1.094761E+02 -5.222669E+01 -1.476791E+02
  5.500000E+00 -1.800000E+02     2  1.462107E-05  7.022478E+01  4.946760E-06  1.375882E-05
  5.500000E+00 -1.800000E+02     3  7.568208E+00  1.495643E+01  7.311815E+00  1.953237E+00
  5.500000E+00 -1.800000E+02     4  7.212682E-05  7.021622E+01  2.441287E-05  6.786966E-05
  5.500000E+00 -1.800000E+02     5  7.731760E+02  7.052708E+01  2.577469E+02  7.289496E+02
  5.500000E+00 -1.800000E+02     6  6.260036E-07  1.799957E+02 -6.260036E-07  4.717299E-11
  5.500000E+00 -1.500000E+02     1  1.380287E+02 -1.095538E+02 -4.619709E+01 -1.300683E+02
  5.500000E+00 -1.500000E+02     2  8.234554E+01 -1.097043E+02 -2.776413E+01 -7.752380E+01
  5.500000E+00 -1.500000E+02     3  7.567527E+00  1.500298E+01  7.309568E+00  1.959000E+00
  5.500000E+00 -1.500000E+02     4  4.062686E+02 -1.097101E+02 -1.370188E+02 -3.824658E+02
  5.500000E+00 -1.500000E+02     5  6.811931E+02  7.044615E+01  2.279903E+02  6.419069E+02
  5.500000E+00 -1.500000E+02     6  1.555326E+00 -7.946682E-03  1.555326E+00 -2.157171E-04
  5.500000E+00 -1.200000E+02     1  8.233856E+01 -1.097021E+02 -2.775874E+01 -7.751833E+01
  5.500000E+00 -1.200000E+02     2  1.380422E+02 -1.095561E+02 -4.620683E+01 -1.300791E+02
  5.500000E+00 -1.200000E+02     3  7.567472E+00  1.500317E+01  7.309508E+00  1.959010E+00
  5.500000E+00 -1.200000E+02     4  6.812549E+02 -1.095560E+02 -2.280355E+02 -6.419565E+02
  5.500000E+00 -1.200000E+02     5  4.062384E+02  7.029214E+01  1.369934E+02  3.824427E+02
  5.500000E+00 -1.200000E+02     6  1.535239E+00 -1.799932E+02 -1.535239E+00 -1.827949E-04
  5.500000E+00 -9.000000E+01     1  7.309953E-06 -1.097730E+02 -2.472916E-06 -6.878960E-06
  5.500000E+00 -9.000000E+01     2  1.566595E+02 -1.094785E+02 -5.223855E+01 -1.476933E+02
  5.500000E+00 -9.000000E+01     3  7.568127E+00  1.495675E+01  7.311726E+00  1.953257E+00
  5.500000E+00 -9.000000E+01     4  7.732565E+02 -1.094752E+02 -2.578027E+02 -7.290153E+02
  5.500000E+00 -9.000000E+01     5  3.606084E-05  7.021847E+01  1.220424E-05  3.393288E-05
  5.500000E+00 -9.000000E+01     6  3.109588E-07 -1.799969E+02 -3.109588E-07 -1.671070E-11
  5.500000E+00 -6.000000E+01     1  8.233858E+01  7.029793E+01  2.775875E+01  7.751835E+01
  5.500000E+00 -6.000000E+01     2  1.380422E+02 -1.095561E+02 -4.620683E+01 -1.300791E+02
  5.500000E+00 -6.000000E+01     3  7.567477E+00  1.500317E+01  7.309514E+00  1.959012E+00
  5.500000E+00 -6.000000E+01     4  6.812552E+02 -1.095560E+02 -2.280354E+02 -6.419568E+02
  5.500000E+00 -6.000000E+01     5  4.062379E+02 -1.097079E+02 -1.369934E+02 -3.824421E+02
  5.500000E+00 -6.000000E+01     6  1.535255E+00  6.818892E-03  1.535255E+00  1.827140E-04
  5.500000E+00 -3.000000E+01     1  1.380288E+02  7.044621E+01  4.619709E+01  1.300684E+02
  5.500000E+00 -3.000000E+01     2  8.234544E+01 -1.097043E+02 -2.776410E+01 -7.752372E+01
  5.500000E+00 -3.000000E+01     3  7.567502E+00  1.500303E+01  7.309543E+00  1.959000E+00
  5.500000E+00 -3.000000E+01     4  4.062684E+02 -1.097101E+02 -1.370187E+02 -3.824655E+02
  5.500000E+00 -3.000000E+01     5  6.811933E+02 -1.095538E+02 -2.279902E+02 -6.419072E+02
  5.500000E+00 -3.000000E+01     6  1.555326E+00  1.799921E+02 -1.555326E+00  2.156910E-04
  5.500000E+00  0.000000E+00     1  1.566420E+02  7.052386E+01  5.222669E+01  1.476791E+02
  5.500000E+00  0.000000E+00     2  0.000000E+00  9.000000E+01  0.000000E+00  0.000000E+00
  5.500000E+00  0.000000E+00     3  7.568208E+00  1.495643E+01  7.311815E+00  1.953237E+00
  5.500000E+00  0.000000E+00     4  0.000000E+00  9.000000E+01  0.000000E+00  0.000000E+00
  5.500000E+00  0.000000E+00     5  7.731760E+02 -1.094729E+02 -2.577469E+02 -7.289496E+02
  5.500000E+00  0.000000E+00     6  0.000000E+00  9.000000E+01  0.000000E+00  0.000000E+00
  5.500000E+00  3.000000E+01     1  1.380288E+02  7.044621E+01  4.619709E+01  1.300684E+02
  5.500000E+00  3.000000E+01     2  8.234544E+01  7.029568E+01  2.776410E+01  7.752372E+01
  5.500000E+00  3.000000E+01     3  7.567502E+00  1.500303E+01  7.309543E+00  1.959000E+00
  5.500000E+00  3.000000E+01     4  4.062684E+02  7.028987E+01  1.370187E+02  3.824655E+02
  5.500000E+00  3.000000E+01     5  6.811933E+02 -1.095538E+02 -2.279902E+02 -6.419072E+02
  5.500000E+00  3.000000E+01     6  1.555326E+00 -7.945719E-03  1.555326E+00 -2.156910E-04
  5.500000E+00  6.000000E+01     1  8.233858E+01  7.029793E+01  2.775875E+01  7.751835E+01
  5.500000E+00  6.000000E+01     2  1.380422E+02  7.044389E+01  4.620683E+01  1.300791E+02
  5.500000E+00  6.000000E+01     3  7.567477E+00  1.500317E+01  7.309514E+00  1.959012E+00
  5.500000E+00  6.000000E+01     4  6.812552E+02  7.044399E+01  2.280354E+02  6.419568E+02
  5.500000E+00  6.000000E+01     5  4.062379E+02 -1.097079E+02 -1.369934E+02 -3.824421E+02
  5.500000E+00  6.000000E+01     6  1.535255E+00 -1.799932E+02 -1.535255E+00 -1.827140E-04
  5.500000E+00  9.000000E+01     1  7.309953E-06 -1.097730E+02 -2.472916E-06 -6.878960E-06
  5.500000E+00  9.000000E+01     2  1.566595E+02  7.052152E+01  5.223855E+01  1.476933E+02
  5.500000E+00  9.000000E+01     3  7.568127E+00  1.495675E+01  7.311726E+00  1.953257E+00
  5.500000E+00  9.000000E+01     4  7.732565E+02  7.052480E+01  2.578027E+02  7.290153E+02
  5.500000E+00  9.000000E+01     5  3.606084E-05  7.021847E+01  1.220424E-05  3.393288E-05
  5.500000E+00  9.000000E+01     6  3.109588E-07  3.079034E-03  3.109588E-07  1.671070E-11
  5.500000E+00  1.200000E+02     1  8.233856E+01 -1.097021E+02 -2.775874E+01 -7.751833E+01
  5.500000E+00  1.200000E+02     2  1.380422E+02  7.044390E+01  4.620683E+01  1.300791E+02
  5.500000E+00  1.200000E+02     3  7.567472E+00  1.500317E+01  7.309508E+00  1.959010E+00
  5.500000E+00  1.200000E+02     4  6.812549E+02  7.044397E+01  2.280355E+02  6.419565E+02
  5.500000E+00  1.200000E+02     5  4.062384E+02  7.029214E+01  1.369934E+02  3.824427E+02
  5.500000E+00  1.200000E+02     6  1.535239E+00  6.821981E-03  1.535239E+00  1.827949E-04
  5.500000E+00  1.500000E+02     1  1.380287E+02 -1.095538E+02 -4.619709E+01 -1.300683E+02
  5.500000E+00  1.500000E+02     2  8.234554E+01  7.029568E+01  2.776413E+01  7.752380E+01
  5.500000E+00  1.500000E+02     3  7.567527E+00  1.500298E+01  7.309568E+00  1.959000E+00
  5.500000E+00  1.500000E+02     4  4.062686E+02  7.028988E+01  1.370188E+02  3.824658E+02
  5.500000E+00  1.500000E+02     5  6.811931E+02  7.044615E+01  2.279903E+02  6.419069E+02
  5.500000E+00  1.500000E+02     6  1.555326E+00  1.799921E+02 -1.555326E+00  2.157171E-04
  5.500000E+00  1.800000E+02     1  1.566420E+02 -1.094761E+02 -5.222669E+01 -1.476791E+02
  5.500000E+00  1.800000E+02     2  1.462107E-05 -1.097752E+02 -4.946760E-06 -1.375882E-05
  5.500000E+00  1.800000E+02     3  7.568208E+00  1.495643E+01  7.311815E+00  1.953237E+00
  5.500000E+00  1.800000E+02     4  7.212682E-05 -1.097838E+02 -2.441287E-05 -6.786966E-05
  5.500000E+00  1.800000E+02     5  7.731760E+02  7.052708E+01  2.577469E+02  7.289496E+02
  5.500000E+00  1.800000E+02     6  6.260036E-07 -4.317568E-03  6.260036E-07 -4.717299E-11
  6.000000E+00 -1.800000E+02     1  1.570443E+02 -1.050095E+02 -4.067119E+01 -1.516864E+02
  6.000000E+00 -1.800000E+02     2  1.432181E-05  7.487816E+01  3.736167E-06  1.382589E-05
  6.000000E+00 -1.800000E+02     3  1.090145E+01  1.142097E+01  1.068558E+01  2.158662E+00
  6.000000E+00 -1.800000E+02     4  7.504923E-05  7.487296E+01  1.958486E-05  7.244874E-05
  6.000000E+00 -1.800000E+02     5  8.233385E+02  7.499240E+01  2.132011E+02  7.952557E+02
  6.000000E+00 -1.800000E+02     6  3.503437E-07  1.799972E+02 -3.503437E-07  1.732189E-11
  6.000000E+00 -1.500000E+02     1  1.375090E+02 -1.050380E+02 -3.567806E+01 -1.327999E+02
  6.000000E+00 -1.500000E+02     2  8.108920E+01 -1.050950E+02 -2.111724E+01 -7.829126E+01
  6.000000E+00 -1.500000E+02     3  1.090100E+01  1.143730E+01  1.068454E+01  2.161620E+00
  6.000000E+00 -1.500000E+02     4  4.249706E+02 -1.050986E+02 -1.106965E+02 -4.103003E+02
  6.000000E+00 -1.500000E+02     5  7.208289E+02  7.496206E+01  1.870253E+02  6.961435E+02
  6.000000E+00 -1.500000E+02     6  8.716116E-01 -5.465011E-03  8.716116E-01 -8.313643E-05
  6.000000E+00 -1.200000E+02     1  8.108192E+01 -1.050932E+02 -2.111296E+01 -7.828487E+01
  6.000000E+00 -1.200000E+02     2  1.375233E+02 -1.050397E+02 -3.568573E+01 -1.328127E+02
  6.000000E+00 -1.200000E+02     3  1.090101E+01  1.143731E+01  1.068454E+01  2.161623E+00
  6.000000E+00 -1.200000E+02     4  7.208947E+02 -1.050397E+02 -1.870635E+02 -6.962014E+02
  6.000000E+00 -1.200000E+02     5  4.249360E+02  7.490323E+01  1.106746E+02  4.102703E+02
  6.000000E+00 -1.200000E+02     6  8.558410E-01 -1.799948E+02 -8.558410E-01 -7.824163E-05
  6.000000E+00 -9.000000E+01     1  7.160281E-06 -1.051200E+02 -1.867704E-06 -6.912402E-06
  6.000000E+00 -9.000000E+01     2  1.570608E+02 -1.050113E+02 -4.068024E+01 -1.517010E+02
  6.000000E+00 -9.000000E+01     3  1.090143E+01  1.142105E+01  1.068556E+01  2.158673E+00
  6.000000E+00 -9.000000E+01     4  8.234180E+02 -1.050094E+02 -2.132463E+02 -7.953259E+02
  6.000000E+00 -9.000000E+01     5  3.752158E-05  7.487464E+01  9.790577E-06  3.622173E-05
  6.000000E+00 -9.000000E+01     6  1.735871E-07 -1.799974E+02 -1.735871E-07 -7.745027E-12
  6.000000E+00 -6.000000E+01     1  8.108189E+01  7.490678E+01  2.111294E+01  7.828484E+01
  6.000000E+00 -6.000000E+01     2  1.375233E+02 -1.050397E+02 -3.568573E+01 -1.328126E+02
  6.000000E+00 -6.000000E+01     3  1.090100E+01  1.143733E+01  1.068453E+01  2.161625E+00
  6.000000E+00 -6.000000E+01     4  7.208946E+02 -1.050397E+02 -1.870637E+02 -6.962012E+02
  6.000000E+00 -6.000000E+01     5  4.249359E+02 -1.050968E+02 -1.106746E+02 -4.102702E+02
  6.000000E+00 -6.000000E+01     6  8.558455E-01  5.255130E-03  8.558455E-01  7.849757E-05
  6.000000E+00 -3.000000E+01     1  1.375091E+02  7.496201E+01  3.567803E+01  1.327999E+02
  6.000000E+00 -3.000000E+01     2  8.108917E+01 -1.050950E+02 -2.111725E+01 -7.829122E+01
  6.000000E+00 -3.000000E+01     3  1.090100E+01  1.143733E+01  1.068453E+01  2.161624E+00
  6.000000E+00 -3.000000E+01     4  4.249708E+02 -1.050986E+02 -1.106965E+02 -4.103004E+02
  6.000000E+00 -3.000000E+01     5  7.208284E+02 -1.050379E+02 -1.870253E+02 -6.961431E+02
  6.000000E+00 -3.000000E+01     6  8.716151E-01  1.799945E+02 -8.716151E-01  8.319510E-05
  6.000000E+00  0.000000E+00     1  1.570443E+02  7.499050E+01  4.067119E+01  1.516864E+02
  6.000000E+00  0.000000E+00     2  0.000000E+00  9.000000E+01  0.000000E+00  0.000000E+00
  6.000000E+00  0.000000E+00     3  1.090145E+01  1.142097E+01  1.068558E+01  2.158662E+00
  6.000000E+00  0.000000E+00     4  0.000000E+00  9.000000E+01  0.000000E+00  0.000000E+00
  6.000000E+00  0.000000E+00     5  8.233385E+02 -1.050076E+02 -2.132011E+02 -7.952557E+02
  6.000000E+00  0.000000E+00     6  0.000000E+00  9.000000E+01  0.000000E+00  0.000000E+00
  6.000000E+00  3.000000E+01     1  1.375091E+02  7.496201E+01  3.567803E+01  1.327999E+02
  6.000000E+00  3.000000E+01     2  8.108917E+01  7.490501E+01  2.111725E+01  7.829122E+01
  6.000000E+00  3.000000E+01     3  1.090100E+01  1.143733E+01  1.068453E+01  2.161624E+00
  6.000000E+00  3.000000E+01     4  4.249708E+02  7.490144E+01  1.106965E+02  4.103004E+02
  6.000000E+00  3.000000E+01     5  7.208284E+02 -1.050379E+02 -1.870253E+02 -6.961431E+02
  6.000000E+00  3.000000E+01     6  8.716151E-01 -5.468845E-03  8.716151E-01 -8.319510E-05
  6.000000E+00  6.000000E+01     1  8.108189E+01  7.490678E+01  2.111294E+01  7.828484E+01
  6.000000E+00  6.000000E+01     2  1.375233E+02  7.496028E+01  3.568573E+01  1.328126E+02
  6.000000E+00  6.000000E+01     3  1.090100E+01  1.143733E+01  1.068453E+01  2.161625E+00
  6.000000E+00  6.000000E+01     4  7.208946E+02  7.496030E+01  1.870637E+02  6.962012E+02
  6.000000E+00  6.000000E+01     5  4.249359E+02 -1.050968E+02 -1.106746E+02 -4.102702E+02
  6.000000E+00  6.000000E+01     6  8.558455E-01 -1.799948E+02 -8.558455E-01 -7.849757E-05
  6.000000E+00  9.000000E+01     1  7.160281E-06 -1.051200E+02 -1.867704E-06 -6.912402E-06
  6.000000E+00  9.000000E+01     2  1.570608E+02  7.498869E+01  4.068024E+01  1.517010E+02
  6.000000E+00  9.000000E+01     3  1.090143E+01  1.142105E+01  1.068556E+01  2.158673E+00
  6.000000E+00  9.000000E+01     4  8.234180E+02  7.499064E+01  2.132463E+02  7.953259E+02
  6.000000E+00  9.000000E+01     5  3.752158E-05  7.487464E+01  9.790577E-06  3.622173E-05
  6.000000E+00  9.000000E+01     6  1.735871E-07  2.556396E-03  1.735871E-07  7.745027E-12
  6.000000E+00  1.200000E+02     1  8.108192E+01 -1.050932E+02 -2.111296E+01 -7.828487E+01
  6.000000E+00  1.200000E+02     2  1.375233E+02  7.496029E+01  3.568573E+01  1.328127E+02
  6.000000E+00  1.200000E+02     3  1.090101E+01  1.143731E+01  1.068454E+01  2.161623E+00
  6.000000E+00  1.200000E+02     4  7.208947E+02  7.496032E+01  1.870635E+02  6.962014E+02
  6.000000E+00  1.200000E+02     5  4.249360E+02  7.490323E+01  1.106746E+02  4.102703E+02
  6.000000E+00  1.200000E+02     6  8.558410E-01  5.238023E-03  8.558410E-01  7.824163E-05
  6.000000E+00  1.500000E+02     1  1.375090E+02 -1.050380E+02 -3.567806E+01 -1.327999E+02
  6.000000E+00  1.500000E+02     2  8.108920E+01  7.490502E+01  2.111724E+01  7.829126E+01
  6.000000E+00  1.500000E+02     3  1.090100E+01  1.143730E+01  1.068454E+01  2.161620E+00
  6.000000E+00  1.500000E+02     4  4.249706E+02  7.490144E+01  1.106965E+02  4.103003E+02
  6.000000E+00  1.500000E+02     5  7.208289E+02  7.496206E+01  1.870253E+02  6.961435E+02
  6.000000E+00  1.500000E+02     6  8.716116E-01  1.799945E+02 -8.716116E-01  8.313643E-05
  6.000000E+00  1.800000E+02     1  1.570443E+02 -1.050095E+02 -4.067119E+01 -1.516864E+02
  6.000000E+00  1.800000E+02     2  1.432181E-05 -1.051218E+02 -3.736167E-06 -1.382589E-05
  6.000000E+00  1.800000E+02     3  1.090145E+01  1.142097E+01  1.068558E+01  2.158662E+00
  6.000000E+00  1.800000E+02     4  7.504923E-05 -1.051270E+02 -1.958486E-05 -7.244874E-05
  6.000000E+00  1.800000E+02     5  8.233385E+02  7.499240E+01  2.132011E+02  7.952557E+02
  6.000000E+00  1.800000E+02     6  3.503437E-07 -2.832851E-03  3.503437E-07 -1.732189E-11
  6.500000E+00 -1.800000E+02     1  1.509588E+02 -1.012347E+02 -2.941094E+01 -1.480661E+02
  6.500000E+00 -1.800000E+02     2  1.358182E-05  7.871951E+01  2.656772E-06  1.331943E-05
  6.500000E+00 -1.800000E+02     3  1.453974E+01  8.857585E+00  1.436634E+01  2.238815E+00
  6.500000E+00 -1.800000E+02     4  7.457434E-05  7.871623E+01  1.459184E-05  7.313283E-05
  6.500000E+00 -1.800000E+02     5  8.292059E+02  7.876658E+01  1.615347E+02  8.133197E+02
  6.500000E+00 -1.800000E+02     6  2.029061E-07  1.799980E+02 -2.029061E-07  7.068471E-12
  6.500000E+00 -1.500000E+02     1  1.317041E+02 -1.012460E+02 -2.568523E+01 -1.291753E+02
  6.500000E+00 -1.500000E+02     2  7.714301E+01 -1.012695E+02 -1.507566E+01 -7.565559E+01
  6.500000E+00 -1.500000E+02     3  1.453947E+01  8.863801E+00  1.436583E+01  2.240331E+00
  6.500000E+00 -1.500000E+02     4  4.236112E+02 -1.012718E+02 -8.280029E+01 -4.154402E+02
  6.500000E+00 -1.500000E+02     5  7.233682E+02  7.875401E+01  1.410724E+02  7.094788E+02
  6.500000E+00 -1.500000E+02     6  5.056005E-01 -3.900914E-03  5.056005E-01 -3.442320E-05
  6.500000E+00 -1.200000E+02     1  7.713582E+01 -1.012683E+02 -1.507267E+01 -7.564886E+01
  6.500000E+00 -1.200000E+02     2  1.317178E+02 -1.012472E+02 -2.569051E+01 -1.291881E+02
  6.500000E+00 -1.200000E+02     3  1.453947E+01  8.863847E+00  1.436583E+01  2.240343E+00
  6.500000E+00 -1.200000E+02     4  7.234324E+02 -1.012472E+02 -1.411005E+02 -7.095386E+02
  6.500000E+00 -1.200000E+02     5  4.235759E+02  7.872952E+01  8.278407E+01  4.154074E+02
  6.500000E+00 -1.200000E+02     6  4.931512E-01 -1.799961E+02 -4.931512E-01 -3.377114E-05
  6.500000E+00 -9.000000E+01     1  6.790313E-06 -1.012792E+02 -1.328120E-06 -6.659163E-06
  6.500000E+00 -9.000000E+01     2  1.509748E+02 -1.012359E+02 -2.941716E+01 -1.480811E+02
  6.500000E+00 -9.000000E+01     3  1.453966E+01  8.857676E+00  1.436626E+01  2.238825E+00
  6.500000E+00 -9.000000E+01     4  8.292885E+02 -1.012347E+02 -1.615687E+02 -8.133972E+02
  6.500000E+00 -9.000000E+01     5  3.728418E-05  7.871754E+01  7.294504E-06  3.656365E-05
  6.500000E+00 -9.000000E+01     6  1.001962E-07 -1.799981E+02 -1.001962E-07 -3.383474E-12
  6.500000E+00 -6.000000E+01     1  7.713583E+01  7.873166E+01  1.507267E+01  7.564887E+01
  6.500000E+00 -6.000000E+01     2  1.317178E+02 -1.012472E+02 -2.569053E+01 -1.291881E+02
  6.500000E+00 -6.000000E+01     3  1.453947E+01  8.863799E+00  1.436583E+01  2.240331E+00
  6.500000E+00 -6.000000E+01     4  7.234323E+02 -1.012472E+02 -1.411005E+02 -7.095386E+02
  6.500000E+00 -6.000000E+01     5  4.235758E+02 -1.012705E+02 -8.278408E+01 -4.154073E+02
  6.500000E+00 -6.000000E+01     6  4.931772E-01  3.933819E-03  4.931772E-01  3.386060E-05
  6.500000E+00 -3.000000E+01     1  1.317041E+02  7.875397E+01  2.568523E+01  1.291752E+02
  6.500000E+00 -3.000000E+01     2  7.714301E+01 -1.012695E+02 -1.507566E+01 -7.565559E+01
  6.500000E+00 -3.000000E+01     3  1.453949E+01  8.863775E+00  1.436585E+01  2.240328E+00
  6.500000E+00 -3.000000E+01     4  4.236111E+02 -1.012718E+02 -8.280025E+01 -4.154401E+02
  6.500000E+00 -3.000000E+01     5  7.233687E+02 -1.012460E+02 -1.410725E+02 -7.094793E+02
  6.500000E+00 -3.000000E+01     6  5.055814E-01  1.799961E+02 -5.055814E-01  3.445364E-05
  6.500000E+00  0.000000E+00     1  1.509588E+02  7.876535E+01  2.941094E+01  1.480661E+02
  6.500000E+00  0.000000E+00     2  0.000000E+00  9.000000E+01  0.000000E+00  0.000000E+00
  6.500000E+00  0.000000E+00     3  1.453974E+01  8.857585E+00  1.436634E+01  2.238815E+00
  6.500000E+00  0.000000E+00     4  0.000000E+00  9.000000E+01  0.000000E+00  0.000000E+00
  6.500000E+00  0.000000E+00     5  8.292059E+02 -1.012334E+02 -1.615347E+02 -8.133197E+02
  6.500000E+00  0.000000E+00     6  0.000000E+00  9.000000E+01  0.000000E+00  0.000000E+00
  6.500000E+00  3.000000E+01     1  1.317041E+02  7.875397E+01  2.568523E+01  1.291752E+02
  6.500000E+00  3.000000E+01     2  7.714301E+01  7.873046E+01  1.507566E+01  7.565559E+01
  6.500000E+00  3.000000E+01     3  1.453949E+01  8.863775E+00  1.436585E+01  2.240328E+00
  6.500000E+00  3.000000E+01     4  4.236111E+02  7.872823E+01  8.280025E+01  4.154401E+02
  6.500000E+00  3.000000E+01     5  7.233687E+02 -1.012460E+02 -1.410725E+02 -7.094793E+02
  6.500000E+00  3.000000E+01     6  5.055814E-01 -3.904511E-03  5.055814E-01 -3.445364E-05
  6.500000E+00  6.000000E+01     1  7.713583E+01  7.873166E+01  1.507267E+01  7.564887E+01
  6.500000E+00  6.000000E+01     2  1.317178E+02  7.875282E+01  2.569053E+01  1.291881E+02
  6.500000E+00  6.000000E+01     3  1.453947E+01  8.863799E+00  1.436583E+01  2.240331E+00
  6.500000E+00  6.000000E+01     4  7.234323E+02  7.875276E+01  1.411005E+02  7.095386E+02
  6.500000E+00  6.000000E+01     5  4.235758E+02 -1.012705E+02 -8.278408E+01 -4.154073E+02
  6.500000E+00  6.000000E+01     6  4.931772E-01 -1.799961E+02 -4.931772E-01 -3.386060E-05
  6.500000E+00  9.000000E+01     1  6.790313E-06 -1.012792E+02 -1.328120E-06 -6.659163E-06
  6.500000E+00  9.000000E+01     2  1.509748E+02  7.876414E+01  2.941716E+01  1.480811E+02
  6.500000E+00  9.000000E+01     3  1.453966E+01  8.857676E+00  1.436626E+01  2.238825E+00
  6.500000E+00  9.000000E+01     4  8.292885E+02  7.876532E+01  1.615687E+02  8.133972E+02
  6.500000E+00  9.000000E+01     5  3.728418E-05  7.871754E+01  7.294504E-06  3.656365E-05
  6.500000E+00  9.000000E+01     6  1.001962E-07  1.934792E-03  1.001962E-07  3.383474E-12
  6.500000E+00  1.200000E+02     1  7.713582E+01 -1.012683E+02 -1.507267E+01 -7.564886E+01
  6.500000E+00  1.200000E+02     2  1.317178E+02  7.875282E+01  2.569051E+01  1.291881E+02
  6.500000E+00  1.200000E+02     3  1.453947E+01  8.863847E+00  1.436583E+01  2.240343E+00
  6.500000E+00  1.200000E+02     4  7.234324E+02  7.875276E+01  1.411005E+02  7.095386E+02
  6.500000E+00  1.200000E+02     5  4.235759E+02  7.872952E+01  8.278407E+01  4.154074E+02
  6.500000E+00  1.200000E+02     6  4.931512E-01  3.923632E-03  4.931512E-01  3.377114E-05
  6.500000E+00  1.500000E+02     1  1.317041E+02 -1.012460E+02 -2.568523E+01 -1.291753E+02
  6.500000E+00  1.500000E+02     2  7.714301E+01  7.873046E+01  1.507566E+01  7.565559E+01
  6.500000E+00  1.500000E+02     3  1.453947E+01  8.863801E+00  1.436583E+01  2.240331E+00
  6.500000E+00  1.500000E+02     4  4.236112E+02  7.872823E+01  8.280029E+01  4.154402E+02
  6.500000E+00  1.500000E+02     5  7.233682E+02  7.875401E+01  1.410724E+02  7.094788E+02
  6.500000E+00  1.500000E+02     6  5.056005E-01  1.799961E+02 -5.056005E-01  3.442320E-05
  6.500000E+00  1.800000E+02     1  1.509588E+02 -1.012347E+02 -2.941094E+01 -1.480661E+02
  6.500000E+00  1.800000E+02     2  1.358182E-05 -1.012805E+02 -2.656772E-06 -1.331943E-05
  6.500000E+00  1.800000E+02     3  1.453974E+01  8.857585E+00  1.436634E+01  2.238815E+00
  6.500000E+00  1.800000E+02     4  7.457434E-05 -1.012838E+02 -1.459184E-05 -7.313283E-05
  6.500000E+00  1.800000E+02     5  8.292059E+02  7.876658E+01  1.615347E+02  8.133197E+02
  6.500000E+00  1.800000E+02     6  2.029061E-07 -1.995965E-03  2.029061E-07 -7.068471E-12
  7.000000E+00 -1.800000E+02     1  1.416389E+02 -9.831628E+01 -2.048627E+01 -1.401495E+02
  7.000000E+00 -1.800000E+02     2  1.263695E-05  8.166347E+01  1.832196E-06  1.250342E-05
  7.000000E+00 -1.800000E+02     3  1.831199E+01  6.980762E+00  1.817624E+01  2.225567E+00
  7.000000E+00 -1.800000E+02     4  7.198592E-05  8.166153E+01  1.043944E-05  7.122493E-05
  7.000000E+00 -1.800000E+02     5  8.071009E+02  8.168438E+01  1.167278E+02  7.986154E+02
  7.000000E+00 -1.800000E+02     6  1.212152E-07  1.799986E+02 -1.212152E-07  3.031729E-12
  7.000000E+00 -1.500000E+02     1  1.233007E+02 -9.832121E+01 -1.784437E+01 -1.220026E+02
  7.000000E+00 -1.500000E+02     2  7.191900E+01 -9.833176E+01 -1.042140E+01 -7.115993E+01
  7.000000E+00 -1.500000E+02     3  1.831197E+01  6.983228E+00  1.817613E+01  2.226348E+00
  7.000000E+00 -1.500000E+02     4  4.097133E+02 -9.833315E+01 -5.937915E+01 -4.053876E+02
  7.000000E+00 -1.500000E+02     5  7.025482E+02  8.167879E+01  1.016745E+02  6.951519E+02
  7.000000E+00 -1.500000E+02     6  3.026935E-01 -2.807323E-03  3.026935E-01 -1.483108E-05
  7.000000E+00 -1.200000E+02     1  7.191237E+01 -9.833086E+01 -1.041933E+01 -7.115354E+01
  7.000000E+00 -1.200000E+02     2  1.233130E+02 -9.832213E+01 -1.784810E+01 -1.220145E+02
  7.000000E+00 -1.200000E+02     3  1.831197E+01  6.983240E+00  1.817612E+01  2.226351E+00
  7.000000E+00 -1.200000E+02     4  7.026096E+02 -9.832211E+01 -1.016943E+02 -6.952111E+02
  7.000000E+00 -1.200000E+02     5  4.096801E+02  8.166783E+01  5.936747E+01  4.053557E+02
  7.000000E+00 -1.200000E+02     6  2.927840E-01 -1.799971E+02 -2.927840E-01 -1.467416E-05
  7.000000E+00 -9.000000E+01     1  6.317911E-06 -9.833562E+01 -9.159169E-07 -6.251168E-06
  7.000000E+00 -9.000000E+01     2  1.416531E+02 -9.831721E+01 -2.049062E+01 -1.401633E+02
  7.000000E+00 -9.000000E+01     3  1.831190E+01  6.980807E+00  1.817615E+01  2.225571E+00
  7.000000E+00 -9.000000E+01     4  8.071783E+02 -9.831645E+01 -1.167506E+02 -7.986902E+02
  7.000000E+00 -9.000000E+01     5  3.598995E-05  8.166241E+01  5.218739E-06  3.560956E-05
  7.000000E+00 -9.000000E+01     6  5.960940E-08 -1.799986E+02 -5.960940E-08 -1.487815E-12
  7.000000E+00 -6.000000E+01     1  7.191234E+01  8.166913E+01  1.041934E+01  7.115351E+01
  7.000000E+00 -6.000000E+01     2  1.233130E+02 -9.832213E+01 -1.784812E+01 -1.220145E+02
  7.000000E+00 -6.000000E+01     3  1.831192E+01  6.983259E+00  1.817608E+01  2.226351E+00
  7.000000E+00 -6.000000E+01     4  7.026097E+02 -9.832211E+01 -1.016942E+02 -6.952112E+02
  7.000000E+00 -6.000000E+01     5  4.096798E+02 -9.833218E+01 -5.936748E+01 -4.053555E+02
  7.000000E+00 -6.000000E+01     6  2.928019E-01  2.877886E-03  2.928019E-01  1.470702E-05
  7.000000E+00 -3.000000E+01     1  1.233007E+02  8.167879E+01  1.784438E+01  1.220026E+02
  7.000000E+00 -3.000000E+01     2  7.191896E+01 -9.833176E+01 -1.042140E+01 -7.115990E+01
  7.000000E+00 -3.000000E+01     3  1.831196E+01  6.983246E+00  1.817612E+01  2.226352E+00
  7.000000E+00 -3.000000E+01     4  4.097133E+02 -9.833314E+01 -5.937909E+01 -4.053876E+02
  7.000000E+00 -3.000000E+01     5  7.025484E+02 -9.832121E+01 -1.016746E+02 -6.951522E+02
  7.000000E+00 -3.000000E+01     6  3.026964E-01  1.799972E+02 -3.026964E-01  1.487776E-05
  7.000000E+00  0.000000E+00     1  1.416389E+02  8.168372E+01  2.048627E+01  1.401495E+02
  7.000000E+00  0.000000E+00     2  0.000000E+00  9.000000E+01  0.000000E+00  0.000000E+00
  7.000000E+00  0.000000E+00     3  1.831199E+01  6.980762E+00  1.817624E+01  2.225567E+00
  7.000000E+00  0.000000E+00     4  0.000000E+00  9.000000E+01  0.000000E+00  0.000000E+00
  7.000000E+00  0.000000E+00     5  8.071009E+02 -9.831562E+01 -1.167278E+02 -7.986154E+02
  7.000000E+00  0.000000E+00     6  0.000000E+00  9.000000E+01  0.000000E+00  0.000000E+00
  7.000000E+00  3.000000E+01     1  1.233007E+02  8.167879E+01  1.784438E+01  1.220026E+02
  7.000000E+00  3.000000E+01     2  7.191896E+01  8.166824E+01  1.042140E+01  7.115990E+01
  7.000000E+00  3.000000E+01     3  1.831196E+01  6.983246E+00  1.817612E+01  2.226352E+00
  7.000000E+00  3.000000E+01     4  4.097133E+02  8.166686E+01  5.937909E+01  4.053876E+02
  7.000000E+00  3.000000E+01     5  7.025484E+02 -9.832121E+01 -1.016746E+02 -6.951522E+02
  7.000000E+00  3.000000E+01     6  3.026964E-01 -2.816132E-03  3.026964E-01 -1.487776E-05
  7.000000E+00  6.000000E+01     1  7.191234E+01  8.166913E+01  1.041934E+01  7.115351E+01
  7.000000E+00  6.000000E+01     2  1.233130E+02  8.167788E+01  1.784812E+01  1.220145E+02
  7.000000E+00  6.000000E+01     3  1.831192E+01  6.983259E+00  1.817608E+01  2.226351E+00
  7.000000E+00  6.000000E+01     4  7.026097E+02  8.167790E+01  1.016942E+02  6.952112E+02
  7.000000E+00  6.000000E+01     5  4.096798E+02 -9.833218E+01 -5.936748E+01 -4.053555E+02
  7.000000E+00  6.000000E+01     6  2.928019E-01 -1.799971E+02 -2.928019E-01 -1.470702E-05
  7.000000E+00  9.000000E+01     1  6.317911E-06 -9.833562E+01 -9.159169E-07 -6.251168E-06
  7.000000E+00  9.000000E+01     2  1.416531E+02  8.168279E+01  2.049062E+01  1.401633E+02
  7.000000E+00  9.000000E+01     3  1.831190E+01  6.980807E+00  1.817615E+01  2.225571E+00
  7.000000E+00  9.000000E+01     4  8.071783E+02  8.168355E+01  1.167506E+02  7.986902E+02
  7.000000E+00  9.000000E+01     5  3.598995E-05  8.166241E+01  5.218739E-06  3.560956E-05
  7.000000E+00  9.000000E+01     6  5.960940E-08  1.430069E-03  5.960940E-08  1.487815E-12
  7.000000E+00  1.200000E+02     1  7.191237E+01 -9.833086E+01 -1.041933E+01 -7.115354E+01
  7.000000E+00  1.200000E+02     2  1.233130E+02  8.167788E+01  1.784810E+01  1.220145E+02
  7.000000E+00  1.200000E+02     3  1.831197E+01  6.983240E+00  1.817612E+01  2.226351E+00
  7.000000E+00  1.200000E+02     4  7.026096E+02  8.167789E+01  1.016943E+02  6.952111E+02
  7.000000E+00  1.200000E+02     5  4.096801E+02  8.166783E+01  5.936747E+01  4.053557E+02
  7.000000E+00  1.200000E+02     6  2.927840E-01  2.871630E-03  2.927840E-01  1.467416E-05
  7.000000E+00  1.500000E+02     1  1.233007E+02 -9.832121E+01 -1.784437E+01 -1.220026E+02
  7.000000E+00  1.500000E+02     2  7.191900E+01  8.166824E+01  1.042140E+01  7.115993E+01
  7.000000E+00  1.500000E+02     3  1.831197E+01  6.983228E+00  1.817613E+01  2.226348E+00
  7.000000E+00  1.500000E+02     4  4.097133E+02  8.166685E+01  5.937915E+01  4.053876E+02
  7.000000E+00  1.500000E+02     5  7.025482E+02  8.167879E+01  1.016745E+02  6.951519E+02
  7.000000E+00  1.500000E+02     6  3.026935E-01  1.799972E+02 -3.026935E-01  1.483108E-05
  7.000000E+00  1.800000E+02     1  1.416389E+02 -9.831628E+01 -2.048627E+01 -1.401495E+02
  7.000000E+00  1.800000E+02     2  1.263695E-05 -9.833653E+01 -1.832196E-06 -1.250342E-05
  7.000000E+00  1.800000E+02     3  1.831199E+01  6.980762E+00  1.817624E+01  2.225567E+00
  7.000000E+00  1.800000E+02     4  7.198592E-05 -9.833847E+01 -1.043944E-05 -7.122493E-05
  7.000000E+00  1.800000E+02     5  8.071009E+02  8.168438E+01  1.167278E+02  7.986154E+02
  7.000000E+00  1.800000E+02     6  1.212152E-07 -1.433032E-03  1.212152E-07 -3.031729E-12
  7.500000E+00 -1.800000E+02     1  1.312290E+02 -9.615281E+01 -1.406519E+01 -1.304731E+02
  7.500000E+00 -1.800000E+02     2  1.164446E-05  8.383765E+01  1.249985E-06  1.157717E-05
  7.500000E+00 -1.800000E+02     3  2.208345E+01  5.586020E+00  2.197858E+01  2.149605E+00
  7.500000E+00 -1.800000E+02     4  6.831452E-05  8.383647E+01  7.334686E-06  6.791963E-05
  7.500000E+00 -1.800000E+02     5  7.700834E+02  8.384759E+01  8.253264E+01  7.656480E+02
  7.500000E+00 -1.800000E+02     6  7.449032E-08  1.799989E+02 -7.449032E-08  1.372734E-12
  7.500000E+00 -1.500000E+02     1  1.140772E+02 -9.615503E+01 -1.223125E+01 -1.134196E+02
  7.500000E+00 -1.500000E+02     2  6.635792E+01 -9.616011E+01 -7.120679E+00 -6.597476E+01
  7.500000E+00 -1.500000E+02     3  2.208349E+01  5.587073E+00  2.197858E+01  2.150012E+00
  7.500000E+00 -1.500000E+02     4  3.893216E+02 -9.616097E+01 -4.178279E+01 -3.870730E+02
  7.500000E+00 -1.500000E+02     5  6.693873E+02  8.384496E+01  7.177114E+01  6.655286E+02
  7.500000E+00 -1.500000E+02     6  1.864527E-01 -2.091845E-03  1.864527E-01 -6.807313E-06
  7.500000E+00 -1.200000E+02     1  6.635159E+01 -9.615950E+01 -7.119304E+00 -6.596854E+01
  7.500000E+00 -1.200000E+02     2  1.140884E+02 -9.615567E+01 -1.223372E+01 -1.134306E+02
  7.500000E+00 -1.200000E+02     3  2.208344E+01  5.587090E+00  2.197853E+01  2.150014E+00
  7.500000E+00 -1.200000E+02     4  6.694464E+02 -9.615570E+01 -7.178513E+01 -6.655864E+02
  7.500000E+00 -1.200000E+02     5  3.892921E+02  8.383968E+01  4.177523E+01  3.870441E+02
  7.500000E+00 -1.200000E+02     6  1.785545E-01 -1.799978E+02 -1.785545E-01 -6.772869E-06
  7.500000E+00 -9.000000E+01     1  5.821749E-06 -9.616168E+01 -6.248741E-07 -5.788117E-06
  7.500000E+00 -9.000000E+01     2  1.312417E+02 -9.615344E+01 -1.406799E+01 -1.304855E+02
  7.500000E+00 -9.000000E+01     3  2.208337E+01  5.586040E+00  2.197850E+01  2.149605E+00
  7.500000E+00 -9.000000E+01     4  7.701507E+02 -9.615305E+01 -8.254836E+01 -7.657139E+02
  7.500000E+00 -9.000000E+01     5  3.415453E-05  8.383709E+01  3.666687E-06  3.395714E-05
  7.500000E+00 -9.000000E+01     6  3.644730E-08 -1.799989E+02 -3.644730E-08 -6.785505E-13
  7.500000E+00 -6.000000E+01     1  6.635156E+01  8.384049E+01  7.119307E+00  6.596852E+01
  7.500000E+00 -6.000000E+01     2  1.140885E+02 -9.615566E+01 -1.223372E+01 -1.134307E+02
  7.500000E+00 -6.000000E+01     3  2.208334E+01  5.587122E+00  2.197843E+01  2.150016E+00
  7.500000E+00 -6.000000E+01     4  6.694460E+02 -9.615571E+01 -7.178518E+01 -6.655861E+02
  7.500000E+00 -6.000000E+01     5  3.892918E+02 -9.616032E+01 -4.177522E+01 -3.870439E+02
  7.500000E+00 -6.000000E+01     6  1.785533E-01  2.175868E-03  1.785533E-01  6.780752E-06
  7.500000E+00 -3.000000E+01     1  1.140772E+02  8.384497E+01  1.223125E+01  1.134196E+02
  7.500000E+00 -3.000000E+01     2  6.635793E+01 -9.616010E+01 -7.120677E+00 -6.597478E+01
  7.500000E+00 -3.000000E+01     3  2.208349E+01  5.587077E+00  2.197858E+01  2.150013E+00
  7.500000E+00 -3.000000E+01     4  3.893215E+02 -9.616096E+01 -4.178278E+01 -3.870729E+02
  7.500000E+00 -3.000000E+01     5  6.693878E+02 -9.615504E+01 -7.177116E+01 -6.655291E+02
  7.500000E+00 -3.000000E+01     6  1.864614E-01  1.799979E+02 -1.864614E-01  6.788836E-06
  7.500000E+00  0.000000E+00     1  1.312290E+02  8.384719E+01  1.406519E+01  1.304731E+02
  7.500000E+00  0.000000E+00     2  0.000000E+00  9.000000E+01  0.000000E+00  0.000000E+00
  7.500000E+00  0.000000E+00     3  2.208345E+01  5.586020E+00  2.197858E+01  2.149605E+00
  7.500000E+00  0.000000E+00     4  0.000000E+00  9.000000E+01  0.000000E+00  0.000000E+00
  7.500000E+00  0.000000E+00     5  7.700834E+02 -9.615241E+01 -8.253264E+01 -7.656480E+02
  7.500000E+00  0.000000E+00     6  0.000000E+00  9.000000E+01  0.000000E+00  0.000000E+00
  7.500000E+00  3.000000E+01     1  1.140772E+02  8.384497E+01  1.223125E+01  1.134196E+02
  7.500000E+00  3.000000E+01     2  6.635793E+01  8.383990E+01  7.120677E+00  6.597478E+01
  7.500000E+00  3.000000E+01     3  2.208349E+01  5.587077E+00  2.197858E+01  2.150013E+00
  7.500000E+00  3.000000E+01     4  3.893215E+02  8.383904E+01  4.178278E+01  3.870729E+02
  7.500000E+00  3.000000E+01     5  6.693878E+02 -9.615504E+01 -7.177116E+01 -6.655291E+02
  7.500000E+00  3.000000E+01     6  1.864614E-01 -2.086070E-03  1.864614E-01 -6.788836E-06
  7.500000E+00  6.000000E+01     1  6.635156E+01  8.384049E+01  7.119307E+00  6.596852E+01
  7.500000E+00  6.000000E+01     2  1.140885E+02  8.384434E+01  1.223372E+01  1.134307E+02
  7.500000E+00  6.000000E+01     3  2.208334E+01  5.587122E+00  2.197843E+01  2.150016E+00
  7.500000E+00  6.000000E+01     4  6.694460E+02  8.384429E+01  7.178518E+01  6.655861E+02
  7.500000E+00  6.000000E+01     5  3.892918E+02 -9.616032E+01 -4.177522E+01 -3.870439E+02
  7.500000E+00  6.000000E+01     6  1.785533E-01 -1.799978E+02 -1.785533E-01 -6.780752E-06
  7.500000E+00  9.000000E+01     1  5.821749E-06 -9.616168E+01 -6.248741E-07 -5.788117E-06
  7.500000E+00  9.000000E+01     2  1.312417E+02  8.384657E+01  1.406799E+01  1.304855E+02
  7.500000E+00  9.000000E+01     3  2.208337E+01  5.586040E+00  2.197850E+01  2.149605E+00
  7.500000E+00  9.000000E+01     4  7.701507E+02  8.384695E+01  8.254836E+01  7.657139E+02
  7.500000E+00  9.000000E+01     5  3.415453E-05  8.383709E+01  3.666687E-06  3.395714E-05
  7.500000E+00  9.000000E+01     6  3.644730E-08  1.066693E-03  3.644730E-08  6.785505E-13
  7.500000E+00  1.200000E+02     1  6.635159E+01 -9.615950E+01 -7.119304E+00 -6.596854E+01
  7.500000E+00  1.200000E+02     2  1.140884E+02  8.384433E+01  1.223372E+01  1.134306E+02
  7.500000E+00  1.200000E+02     3  2.208344E+01  5.587090E+00  2.197853E+01  2.150014E+00
  7.500000E+00  1.200000E+02     4  6.694464E+02  8.384430E+01  7.178513E+01  6.655864E+02
  7.500000E+00  1.200000E+02     5  3.892921E+02  8.383968E+01  4.177523E+01  3.870441E+02
  7.500000E+00  1.200000E+02     6  1.785545E-01  2.173324E-03  1.785545E-01  6.772869E-06
  7.500000E+00  1.500000E+02     1  1.140772E+02 -9.615503E+01 -1.223125E+01 -1.134196E+02
  7.500000E+00  1.500000E+02     2  6.635792E+01  8.383989E+01  7.120679E+00  6.597476E+01
  7.500000E+00  1.500000E+02     3  2.208349E+01  5.587073E+00  2.197858E+01  2.150012E+00
  7.500000E+00  1.500000E+02     4  3.893216E+02  8.383904E+01  4.178279E+01  3.870730E+02
  7.500000E+00  1.500000E+02     5  6.693873E+02  8.384496E+01  7.177114E+01  6.655286E+02
  7.500000E+00  1.500000E+02     6  1.864527E-01  1.799979E+02 -1.864527E-01  6.807313E-06
  7.500000E+00  1.800000E+02     1  1.312290E+02 -9.615281E+01 -1.406519E+01 -1.304731E+02
  7.500000E+00  1.800000E+02     2  1.164446E-05 -9.616235E+01 -1.249985E-06 -1.157717E-05
  7.500000E+00  1.800000E+02     3  2.208345E+01  5.586020E+00  2.197858E+01  2.149605E+00
  7.500000E+00  1.800000E+02     4  6.831452E-05 -9.616353E+01 -7.334686E-06 -6.791963E-05
  7.500000E+00  1.800000E+02     5  7.700834E+02  8.384759E+01  8.253264E+01  7.656480E+02
  7.500000E+00  1.800000E+02     6  7.449032E-08 -1.055867E-03  7.449032E-08 -1.372734E-12
  8.000000E+00 -1.800000E+02     1  1.208814E+02 -9.457544E+01 -9.642894E+00 -1.204961E+02
  8.000000E+00 -1.800000E+02     2  1.068677E-05  8.541985E+01  8.533787E-07  1.065264E-05
  8.000000E+00 -1.800000E+02     3  2.575817E+01  4.532098E+00  2.567763E+01  2.035348E+00
  8.000000E+00 -1.800000E+02     4  6.421344E-05  8.541907E+01  5.128551E-06  6.400831E-05
  8.000000E+00 -1.800000E+02     5  7.265042E+02  8.542481E+01  5.795119E+01  7.241892E+02
  8.000000E+00 -1.800000E+02     6  4.697020E-08  1.799992E+02 -4.697020E-08  6.354669E-13
  8.000000E+00 -1.500000E+02     1  1.049819E+02 -9.457650E+01 -8.376524E+00 -1.046472E+02
  8.000000E+00 -1.500000E+02     2  6.095415E+01 -9.457912E+01 -4.866318E+00 -6.075959E+01
  8.000000E+00 -1.500000E+02     3  2.575825E+01  4.532572E+00  2.567770E+01  2.035567E+00
  8.000000E+00 -1.500000E+02     4  3.662744E+02 -9.457963E+01 -2.924498E+01 -3.651050E+02
  8.000000E+00 -1.500000E+02     5  6.309134E+02  8.542350E+01  5.034070E+01  6.289019E+02
  8.000000E+00 -1.500000E+02     6  1.179339E-01 -1.545761E-03  1.179339E-01 -3.181694E-06
  8.000000E+00 -1.200000E+02     1  6.094886E+01 -9.457865E+01 -4.865402E+00 -6.075435E+01
  8.000000E+00 -1.200000E+02     2  1.049917E+02 -9.457696E+01 -8.378119E+00 -1.046568E+02
  8.000000E+00 -1.200000E+02     3  2.575826E+01  4.532562E+00  2.567771E+01  2.035563E+00
  8.000000E+00 -1.200000E+02     4  6.309637E+02 -9.457696E+01 -5.034964E+01 -6.289517E+02
  8.000000E+00 -1.200000E+02     5  3.662456E+02  8.542083E+01  2.923982E+01  3.650766E+02
  8.000000E+00 -1.200000E+02     6  1.115218E-01 -1.799984E+02 -1.115218E-01 -3.190349E-06
  8.000000E+00 -9.000000E+01     1  5.342893E-06 -9.457974E+01 -4.266110E-07 -5.325834E-06
  8.000000E+00 -9.000000E+01     2  1.208924E+02 -9.457590E+01 -9.644760E+00 -1.205071E+02
  8.000000E+00 -9.000000E+01     3  2.575815E+01  4.532098E+00  2.567761E+01  2.035347E+00
  8.000000E+00 -9.000000E+01     4  7.265647E+02 -9.457565E+01 -5.796178E+01 -7.242490E+02
  8.000000E+00 -9.000000E+01     5  3.210430E-05  8.541953E+01  2.563821E-06  3.200176E-05
  8.000000E+00 -9.000000E+01     6  2.284416E-08 -1.799992E+02 -2.284416E-08 -3.156737E-13
  8.000000E+00 -6.000000E+01     1  6.094883E+01  8.542135E+01  4.865400E+00  6.075432E+01
  8.000000E+00 -6.000000E+01     2  1.049917E+02 -9.457696E+01 -8.378120E+00 -1.046569E+02
  8.000000E+00 -6.000000E+01     3  2.575823E+01  4.532588E+00  2.567768E+01  2.035572E+00
  8.000000E+00 -6.000000E+01     4  6.309644E+02 -9.457696E+01 -5.034967E+01 -6.289523E+02
  8.000000E+00 -6.000000E+01     5  3.662454E+02 -9.457918E+01 -2.923982E+01 -3.650764E+02
  8.000000E+00 -6.000000E+01     6  1.115315E-01  1.637466E-03  1.115315E-01  3.187478E-06
  8.000000E+00 -3.000000E+01     1  1.049819E+02  8.542350E+01  8.376521E+00  1.046472E+02
  8.000000E+00 -3.000000E+01     2  6.095414E+01 -9.457912E+01 -4.866319E+00 -6.075957E+01
  8.000000E+00 -3.000000E+01     3  2.575826E+01  4.532567E+00  2.567770E+01  2.035565E+00
  8.000000E+00 -3.000000E+01     4  3.662743E+02 -9.457962E+01 -2.924494E+01 -3.651049E+02
  8.000000E+00 -3.000000E+01     5  6.309137E+02 -9.457651E+01 -5.034073E+01 -6.289022E+02
  8.000000E+00 -3.000000E+01     6  1.179449E-01  1.799984E+02 -1.179449E-01  3.184981E-06
  8.000000E+00  0.000000E+00     1  1.208814E+02  8.542457E+01  9.642894E+00  1.204961E+02
  8.000000E+00  0.000000E+00     2  0.000000E+00  9.000000E+01  0.000000E+00  0.000000E+00
  8.000000E+00  0.000000E+00     3  2.575817E+01  4.532098E+00  2.567763E+01  2.035348E+00
  8.000000E+00  0.000000E+00     4  0.000000E+00  9.000000E+01  0.000000E+00  0.000000E+00
  8.000000E+00  0.000000E+00     5  7.265042E+02 -9.457519E+01 -5.795119E+01 -7.241892E+02
  8.000000E+00  0.000000E+00     6  0.000000E+00  9.000000E+01  0.000000E+00  0.000000E+00
  8.000000E+00  3.000000E+01     1  1.049819E+02  8.542350E+01  8.376521E+00  1.046472E+02
  8.000000E+00  3.000000E+01     2  6.095414E+01  8.542088E+01  4.866319E+00  6.075957E+01
  8.000000E+00  3.000000E+01     3  2.575826E+01  4.532567E+00  2.567770E+01  2.035565E+00
  8.000000E+00  3.000000E+01     4  3.662743E+02  8.542038E+01  2.924494E+01  3.651049E+02
  8.000000E+00  3.000000E+01     5  6.309137E+02 -9.457651E+01 -5.034073E+01 -6.289022E+02
  8.000000E+00  3.000000E+01     6  1.179449E-01 -1.547214E-03  1.179449E-01 -3.184981E-06
  8.000000E+00  6.000000E+01     1  6.094883E+01  8.542135E+01  4.865400E+00  6.075432E+01
  8.000000E+00  6.000000E+01     2  1.049917E+02  8.542305E+01  8.378120E+00  1.046569E+02
  8.000000E+00  6.000000E+01     3  2.575823E+01  4.532588E+00  2.567768E+01  2.035572E+00
  8.000000E+00  6.000000E+01     4  6.309644E+02  8.542304E+01  5.034967E+01  6.289523E+02
  8.000000E+00  6.000000E+01     5  3.662454E+02 -9.457918E+01 -2.923982E+01 -3.650764E+02
  8.000000E+00  6.000000E+01     6  1.115315E-01 -1.799984E+02 -1.115315E-01 -3.187478E-06
  8.000000E+00  9.000000E+01     1  5.342893E-06 -9.457974E+01 -4.266110E-07 -5.325834E-06
  8.000000E+00  9.000000E+01     2  1.208924E+02  8.542410E+01  9.644760E+00  1.205071E+02
  8.000000E+00  9.000000E+01     3  2.575815E+01  4.532098E+00  2.567761E+01  2.035347E+00
  8.000000E+00  9.000000E+01     4  7.265647E+02  8.542436E+01  5.796178E+01  7.242490E+02
  8.000000E+00  9.000000E+01     5  3.210430E-05  8.541953E+01  2.563821E-06  3.200176E-05
  8.000000E+00  9.000000E+01     6  2.284416E-08  7.917458E-04  2.284416E-08  3.156737E-13
  8.000000E+00  1.200000E+02     1  6.094886E+01 -9.457865E+01 -4.865402E+00 -6.075435E+01
  8.000000E+00  1.200000E+02     2  1.049917E+02  8.542304E+01  8.378119E+00  1.046568E+02
  8.000000E+00  1.200000E+02     3  2.575826E+01  4.532562E+00  2.567771E+01  2.035563E+00
  8.000000E+00  1.200000E+02     4  6.309637E+02  8.542304E+01  5.034964E+01  6.289517E+02
  8.000000E+00  1.200000E+02     5  3.662456E+02  8.542083E+01  2.923982E+01  3.650766E+02
  8.000000E+00  1.200000E+02     6  1.115218E-01  1.639083E-03  1.115218E-01  3.190349E-06
  8.000000E+00  1.500000E+02     1  1.049819E+02 -9.457650E+01 -8.376524E+00 -1.046472E+02
  8.000000E+00  1.500000E+02     2  6.095415E+01  8.542088E+01  4.866318E+00  6.075959E+01
  8.000000E+00  1.500000E+02     3  2.575825E+01  4.532572E+00  2.567770E+01  2.035567E+00
  8.000000E+00  1.500000E+02     4  3.662744E+02  8.542037E+01  2.924498E+01  3.651050E+02
  8.000000E+00  1.500000E+02     5  6.309134E+02  8.542350E+01  5.034070E+01  6.289019E+02
  8.000000E+00  1.500000E+02     6  1.179339E-01  1.799984E+02 -1.179339E-01  3.181694E-06
  8.000000E+00  1.800000E+02     1  1.208814E+02 -9.457544E+01 -9.642894E+00 -1.204961E+02
  8.000000E+00  1.800000E+02     2  1.068677E-05 -9.458016E+01 -8.533787E-07 -1.065264E-05
  8.000000E+00  1.800000E+02     3  2.575817E+01  4.532098E+00  2.567763E+01  2.035348E+00
  8.000000E+00  1.800000E+02     4  6.421344E-05 -9.458093E+01 -5.128551E-06 -6.400831E-05
  8.000000E+00  1.800000E+02     5  7.265042E+02  8.542481E+01  5.795119E+01  7.241892E+02
  8.000000E+00  1.800000E+02     6  4.697020E-08 -7.751633E-04  4.697020E-08 -6.354669E-13
  8.500000E+00 -1.800000E+02     1  1.111279E+02 -9.342933E+01 -6.647366E+00 -1.109289E+02
  8.500000E+00 -1.800000E+02     2  9.799107E-06  8.656818E+01  5.865813E-07  9.781535E-06
  8.500000E+00 -1.800000E+02     3  2.927397E+01  3.722365E+00  2.921221E+01  1.900520E+00
  8.500000E+00 -1.800000E+02     4  6.005090E-05  8.656774E+01  3.595153E-06  5.994319E-05
  8.500000E+00 -1.800000E+02     5  6.811465E+02  8.657085E+01  4.074234E+01  6.799269E+02
  8.500000E+00 -1.800000E+02     6  3.033664E-08  1.799994E+02 -3.033664E-08  3.105396E-13
  8.500000E+00 -1.500000E+02     1  9.644710E+01 -9.342988E+01 -5.770130E+00 -9.627434E+01
  8.500000E+00 -1.500000E+02     2  5.592618E+01 -9.343129E+01 -3.347269E+00 -5.582592E+01
  8.500000E+00 -1.500000E+02     3  2.927383E+01  3.722614E+00  2.921206E+01  1.900637E+00
  8.500000E+00 -1.500000E+02     4  3.427438E+02 -9.343159E+01 -2.051553E+01 -3.421292E+02
  8.500000E+00 -1.500000E+02     5  5.911352E+02  8.657013E+01  3.536574E+01  5.900764E+02
  8.500000E+00 -1.500000E+02     6  7.646246E-02 -1.150188E-03  7.646246E-02 -1.534951E-06
  8.500000E+00 -1.200000E+02     1  5.592162E+01 -9.343095E+01 -3.346663E+00 -5.582139E+01
  8.500000E+00 -1.200000E+02     2  9.645580E+01 -9.343022E+01 -5.771221E+00 -9.628300E+01
  8.500000E+00 -1.200000E+02     3  2.927389E+01  3.722596E+00  2.921213E+01  1.900633E+00
  8.500000E+00 -1.200000E+02     4  5.911821E+02 -9.343021E+01 -3.537197E+01 -5.901229E+02
  8.500000E+00 -1.200000E+02     5  3.427180E+02  8.656873E+01  2.051207E+01  3.421036E+02
  8.500000E+00 -1.200000E+02     6  7.119308E-02 -1.799988E+02 -7.119308E-02 -1.535223E-06
  8.500000E+00 -9.000000E+01     1  4.899110E-06 -9.343150E+01 -2.932369E-07 -4.890326E-06
  8.500000E+00 -9.000000E+01     2  1.111375E+02 -9.342966E+01 -6.648596E+00 -1.109385E+02
  8.500000E+00 -9.000000E+01     3  2.927390E+01  3.722391E+00  2.921214E+01  1.900528E+00
  8.500000E+00 -9.000000E+01     4  6.812000E+02 -9.342950E+01 -4.074958E+01 -6.799800E+02
  8.500000E+00 -9.000000E+01     5  3.002314E-05  8.656805E+01  1.797277E-06  2.996930E-05
  8.500000E+00 -9.000000E+01     6  1.463835E-08 -1.799994E+02 -1.463835E-08 -1.546737E-13
  8.500000E+00 -6.000000E+01     1  5.592164E+01  8.656905E+01  3.346664E+00  5.582141E+01
  8.500000E+00 -6.000000E+01     2  9.645583E+01 -9.343021E+01 -5.771219E+00 -9.628302E+01
  8.500000E+00 -6.000000E+01     3  2.927389E+01  3.722602E+00  2.921213E+01  1.900635E+00
  8.500000E+00 -6.000000E+01     4  5.911822E+02 -9.343021E+01 -3.537199E+01 -5.901230E+02
  8.500000E+00 -6.000000E+01     5  3.427181E+02 -9.343127E+01 -2.051208E+01 -3.421038E+02
  8.500000E+00 -6.000000E+01     6  7.118756E-02  1.236801E-03  7.118756E-02  1.536673E-06
  8.500000E+00 -3.000000E+01     1  9.644708E+01  8.657013E+01  5.770128E+00  9.627432E+01
  8.500000E+00 -3.000000E+01     2  5.592624E+01 -9.343128E+01 -3.347268E+00 -5.582598E+01
  8.500000E+00 -3.000000E+01     3  2.927383E+01  3.722614E+00  2.921206E+01  1.900637E+00
  8.500000E+00 -3.000000E+01     4  3.427438E+02 -9.343159E+01 -2.051553E+01 -3.421292E+02
  8.500000E+00 -3.000000E+01     5  5.911353E+02 -9.342987E+01 -3.536575E+01 -5.900765E+02
  8.500000E+00 -3.000000E+01     6  7.645898E-02  1.799988E+02 -7.645898E-02  1.537889E-06
  8.500000E+00  0.000000E+00     1  1.111279E+02  8.657068E+01  6.647366E+00  1.109289E+02
  8.500000E+00  0.000000E+00     2  0.000000E+00  9.000000E+01  0.000000E+00  0.000000E+00
  8.500000E+00  0.000000E+00     3  2.927397E+01  3.722365E+00  2.921221E+01  1.900520E+00
  8.500000E+00  0.000000E+00     4  0.000000E+00  9.000000E+01  0.000000E+00  0.000000E+00
  8.500000E+00  0.000000E+00     5  6.811465E+02 -9.342915E+01 -4.074234E+01 -6.799269E+02
  8.500000E+00  0.000000E+00     6  0.000000E+00  9.000000E+01  0.000000E+00  0.000000E+00
  8.500000E+00  3.000000E+01     1  9.644708E+01  8.657013E+01  5.770128E+00  9.627432E+01
  8.500000E+00  3.000000E+01     2  5.592624E+01  8.656872E+01  3.347268E+00  5.582598E+01
  8.500000E+00  3.000000E+01     3  2.927383E+01  3.722614E+00  2.921206E+01  1.900637E+00
  8.500000E+00  3.000000E+01     4  3.427438E+02  8.656841E+01  2.051553E+01  3.421292E+02
  8.500000E+00  3.000000E+01     5  5.911353E+02 -9.342987E+01 -3.536575E+01 -5.900765E+02
  8.500000E+00  3.000000E+01     6  7.645898E-02 -1.152442E-03  7.645898E-02 -1.537889E-06
  8.500000E+00  6.000000E+01     1  5.592164E+01  8.656905E+01  3.346664E+00  5.582141E+01
  8.500000E+00  6.000000E+01     2  9.645583E+01  8.656979E+01  5.771219E+00  9.628302E+01
  8.500000E+00  6.000000E+01     3  2.927389E+01  3.722602E+00  2.921213E+01  1.900635E+00
  8.500000E+00  6.000000E+01     4  5.911822E+02  8.656979E+01  3.537199E+01  5.901230E+02
  8.500000E+00  6.000000E+01     5  3.427181E+02 -9.343127E+01 -2.051208E+01 -3.421038E+02
  8.500000E+00  6.000000E+01     6  7.118756E-02 -1.799988E+02 -7.118756E-02 -1.536673E-06
  8.500000E+00  9.000000E+01     1  4.899110E-06 -9.343150E+01 -2.932369E-07 -4.890326E-06
  8.500000E+00  9.000000E+01     2  1.111375E+02  8.657034E+01  6.648596E+00  1.109385E+02
  8.500000E+00  9.000000E+01     3  2.927390E+01  3.722391E+00  2.921214E+01  1.900528E+00
  8.500000E+00  9.000000E+01     4  6.812000E+02  8.657050E+01  4.074958E+01  6.799800E+02
  8.500000E+00  9.000000E+01     5  3.002314E-05  8.656805E+01  1.797277E-06  2.996930E-05
  8.500000E+00  9.000000E+01     6  1.463835E-08  6.054066E-04  1.463835E-08  1.546737E-13
  8.500000E+00  1.200000E+02     1  5.592162E+01 -9.343095E+01 -3.346663E+00 -5.582139E+01
  8.500000E+00  1.200000E+02     2  9.645580E+01  8.656979E+01  5.771221E+00  9.628300E+01
  8.500000E+00  1.200000E+02     3  2.927389E+01  3.722596E+00  2.921213E+01  1.900633E+00
  8.500000E+00  1.200000E+02     4  5.911821E+02  8.656979E+01  3.537197E+01  5.901229E+02
  8.500000E+00  1.200000E+02     5  3.427180E+02  8.656873E+01  2.051207E+01  3.421036E+02
  8.500000E+00  1.200000E+02     6  7.119308E-02  1.235539E-03  7.119308E-02  1.535223E-06
  8.500000E+00  1.500000E+02     1  9.644710E+01 -9.342988E+01 -5.770130E+00 -9.627434E+01
  8.500000E+00  1.500000E+02     2  5.592618E+01  8.656871E+01  3.347269E+00  5.582592E+01
  8.500000E+00  1.500000E+02     3  2.927383E+01  3.722614E+00  2.921206E+01  1.900637E+00
  8.500000E+00  1.500000E+02     4  3.427438E+02  8.656841E+01  2.051553E+01  3.421292E+02
  8.500000E+00  1.500000E+02     5  5.911352E+02  8.657013E+01  3.536574E+01  5.900764E+02
  8.500000E+00  1.500000E+02     6  7.646246E-02  1.799988E+02 -7.646246E-02  1.534951E-06
  8.500000E+00  1.800000E+02     1  1.111279E+02 -9.342933E+01 -6.647366E+00 -1.109289E+02
  8.500000E+00  1.800000E+02     2  9.799107E-06 -9.343182E+01 -5.865813E-07 -9.781535E-06
  8.500000E+00  1.800000E+02     3  2.927397E+01  3.722365E+00  2.921221E+01  1.900520E+00
  8.500000E+00  1.800000E+02     4  6.005090E-05 -9.343227E+01 -3.595153E-06 -5.994319E-05
  8.500000E+00  1.800000E+02     5  6.811465E+02  8.657085E+01  4.074234E+01  6.799269E+02
  8.500000E+00  1.800000E+02     6  3.033664E-08 -5.865056E-04  3.033664E-08 -3.105396E-13
  9.000000E+00 -1.800000E+02     1  1.021705E+02 -9.259370E+01 -4.623521E+00 -1.020658E+02
  9.000000E+00 -1.800000E+02     2  8.992441E-06  8.740495E+01  4.071487E-07  8.983218E-06
  9.000000E+00 -1.800000E+02     3  3.259433E+01  3.090376E+00  3.254693E+01  1.757196E+00
  9.000000E+00 -1.800000E+02     4  5.601885E-05  8.740464E+01  2.536651E-06  5.596139E-05
  9.000000E+00 -1.800000E+02     5  6.365825E+02  8.740641E+01  2.880614E+01  6.359304E+02
  9.000000E+00 -1.800000E+02     6  2.001736E-08  1.799996E+02 -2.001736E-08  1.538003E-13
  9.000000E+00 -1.500000E+02     1  8.863120E+01 -9.259396E+01 -4.011250E+00 -8.854037E+01
  9.000000E+00 -1.500000E+02     2  5.134602E+01 -9.259479E+01 -2.324540E+00 -5.129337E+01
  9.000000E+00 -1.500000E+02     3  3.259443E+01  3.090478E+00  3.254702E+01  1.757259E+00
  9.000000E+00 -1.500000E+02     4  3.198753E+02 -9.259499E+01 -1.448252E+01 -3.195472E+02
  9.000000E+00 -1.500000E+02     5  5.522037E+02  8.740604E+01  2.499150E+01  5.516379E+02
  9.000000E+00 -1.500000E+02     6  5.064253E-02 -8.589708E-04  5.064253E-02 -7.592262E-07
  9.000000E+00 -1.200000E+02     1  5.134185E+01 -9.259454E+01 -2.324131E+00 -5.128922E+01
  9.000000E+00 -1.200000E+02     2  8.863899E+01 -9.259418E+01 -4.011945E+00 -8.854815E+01
  9.000000E+00 -1.200000E+02     3  3.259442E+01  3.090477E+00  3.254701E+01  1.757258E+00
  9.000000E+00 -1.200000E+02     4  5.522448E+02 -9.259421E+01 -2.499566E+01 -5.516788E+02
  9.000000E+00 -1.200000E+02     5  3.198527E+02  8.740527E+01  1.448011E+01  3.195247E+02
  9.000000E+00 -1.200000E+02     6  4.635227E-02 -1.799991E+02 -4.635227E-02 -7.604401E-07
  9.000000E+00 -9.000000E+01     1  4.495845E-06 -9.259483E+01 -2.035393E-07 -4.491235E-06
  9.000000E+00 -9.000000E+01     2  1.021797E+02 -9.259393E+01 -4.624359E+00 -1.020750E+02
  9.000000E+00 -9.000000E+01     3  3.259437E+01  3.090374E+00  3.254697E+01  1.757197E+00
  9.000000E+00 -9.000000E+01     4  6.366329E+02 -9.259383E+01 -2.881096E+01 -6.359807E+02
  9.000000E+00 -9.000000E+01     5  2.800744E-05  8.740488E+01  1.268115E-06  2.797872E-05
  9.000000E+00 -9.000000E+01     6  9.576501E-09 -1.799995E+02 -9.576501E-09 -7.676899E-14
  9.000000E+00 -6.000000E+01     1  5.134184E+01  8.740546E+01  2.324131E+00  5.128920E+01
  9.000000E+00 -6.000000E+01     2  8.863903E+01 -9.259418E+01 -4.011947E+00 -8.854819E+01
  9.000000E+00 -6.000000E+01     3  3.259440E+01  3.090482E+00  3.254700E+01  1.757259E+00
  9.000000E+00 -6.000000E+01     4  5.522449E+02 -9.259421E+01 -2.499567E+01 -5.516789E+02
  9.000000E+00 -6.000000E+01     5  3.198525E+02 -9.259473E+01 -1.448010E+01 -3.195245E+02
  9.000000E+00 -6.000000E+01     6  4.634576E-02  9.397122E-04  4.634576E-02  7.601200E-07
  9.000000E+00 -3.000000E+01     1  8.863126E+01  8.740604E+01  4.011253E+00  8.854044E+01
  9.000000E+00 -3.000000E+01     2  5.134603E+01 -9.259479E+01 -2.324538E+00 -5.129338E+01
  9.000000E+00 -3.000000E+01     3  3.259443E+01  3.090477E+00  3.254702E+01  1.757259E+00
  9.000000E+00 -3.000000E+01     4  3.198751E+02 -9.259499E+01 -1.448252E+01 -3.195471E+02
  9.000000E+00 -3.000000E+01     5  5.522037E+02 -9.259396E+01 -2.499152E+01 -5.516379E+02
  9.000000E+00 -3.000000E+01     6  5.064631E-02  1.799991E+02 -5.064631E-02  7.589235E-07
  9.000000E+00  0.000000E+00     1  1.021705E+02  8.740631E+01  4.623521E+00  1.020658E+02
  9.000000E+00  0.000000E+00     2  0.000000E+00  9.000000E+01  0.000000E+00  0.000000E+00
  9.000000E+00  0.000000E+00     3  3.259433E+01  3.090376E+00  3.254693E+01  1.757196E+00
  9.000000E+00  0.000000E+00     4  0.000000E+00  9.000000E+01  0.000000E+00  0.000000E+00
  9.000000E+00  0.000000E+00     5  6.365825E+02 -9.259359E+01 -2.880614E+01 -6.359304E+02
  9.000000E+00  0.000000E+00     6  0.000000E+00  9.000000E+01  0.000000E+00  0.000000E+00
  9.000000E+00  3.000000E+01     1  8.863126E+01  8.740604E+01  4.011253E+00  8.854044E+01
  9.000000E+00  3.000000E+01     2  5.134603E+01  8.740522E+01  2.324538E+00  5.129338E+01
  9.000000E+00  3.000000E+01     3  3.259443E+01  3.090477E+00  3.254702E+01  1.757259E+00
  9.000000E+00  3.000000E+01     4  3.198751E+02  8.740501E+01  1.448252E+01  3.195471E+02
  9.000000E+00  3.000000E+01     5  5.522037E+02 -9.259396E+01 -2.499152E+01 -5.516379E+02
  9.000000E+00  3.000000E+01     6  5.064631E-02 -8.585643E-04  5.064631E-02 -7.589235E-07
  9.000000E+00  6.000000E+01     1  5.134184E+01  8.740546E+01  2.324131E+00  5.128920E+01
  9.000000E+00  6.000000E+01     2  8.863903E+01  8.740582E+01  4.011947E+00  8.854819E+01
  9.000000E+00  6.000000E+01     3  3.259440E+01  3.090482E+00  3.254700E+01  1.757259E+00
  9.000000E+00  6.000000E+01     4  5.522449E+02  8.740579E+01  2.499567E+01  5.516789E+02
  9.000000E+00  6.000000E+01     5  3.198525E+02 -9.259473E+01 -1.448010E+01 -3.195245E+02
  9.000000E+00  6.000000E+01     6  4.634576E-02 -1.799991E+02 -4.634576E-02 -7.601200E-07
  9.000000E+00  9.000000E+01     1  4.495845E-06 -9.259483E+01 -2.035393E-07 -4.491235E-06
  9.000000E+00  9.000000E+01     2  1.021797E+02  8.740607E+01  4.624359E+00  1.020750E+02
  9.000000E+00  9.000000E+01     3  3.259437E+01  3.090374E+00  3.254697E+01  1.757197E+00
  9.000000E+00  9.000000E+01     4  6.366329E+02  8.740618E+01  2.881096E+01  6.359807E+02
  9.000000E+00  9.000000E+01     5  2.800744E-05  8.740488E+01  1.268115E-06  2.797872E-05
  9.000000E+00  9.000000E+01     6  9.576501E-09  4.593055E-04  9.576501E-09  7.676899E-14
  9.000000E+00  1.200000E+02     1  5.134185E+01 -9.259454E+01 -2.324131E+00 -5.128922E+01
  9.000000E+00  1.200000E+02     2  8.863899E+01  8.740582E+01  4.011945E+00  8.854815E+01
  9.000000E+00  1.200000E+02     3  3.259442E+01  3.090477E+00  3.254701E+01  1.757258E+00
  9.000000E+00  1.200000E+02     4  5.522448E+02  8.740579E+01  2.499566E+01  5.516788E+02
  9.000000E+00  1.200000E+02     5  3.198527E+02  8.740527E+01  1.448011E+01  3.195247E+02
  9.000000E+00  1.200000E+02     6  4.635227E-02  9.399757E-04  4.635227E-02  7.604401E-07
  9.000000E+00  1.500000E+02     1  8.863120E+01 -9.259396E+01 -4.011250E+00 -8.854037E+01
  9.000000E+00  1.500000E+02     2  5.134602E+01  8.740521E+01  2.324540E+00  5.129337E+01
  9.000000E+00  1.500000E+02     3  3.259443E+01  3.090478E+00  3.254702E+01  1.757259E+00
  9.000000E+00  1.500000E+02     4  3.198753E+02  8.740501E+01  1.448252E+01  3.195472E+02
  9.000000E+00  1.500000E+02     5  5.522037E+02  8.740604E+01  2.499150E+01  5.516379E+02
  9.000000E+00  1.500000E+02     6  5.064253E-02  1.799991E+02 -5.064253E-02  7.592262E-07
  9.000000E+00  1.800000E+02     1  1.021705E+02 -9.259370E+01 -4.623521E+00 -1.020658E+02
  9.000000E+00  1.800000E+02     2  8.992441E-06 -9.259506E+01 -4.071487E-07 -8.983218E-06
  9.000000E+00  1.800000E+02     3  3.259433E+01  3.090376E+00  3.254693E+01  1.757196E+00
  9.000000E+00  1.800000E+02     4  5.601885E-05 -9.259536E+01 -2.536651E-06 -5.596139E-05
  9.000000E+00  1.800000E+02     5  6.365825E+02  8.740641E+01  2.880614E+01  6.359304E+02
  9.000000E+00  1.800000E+02     6  2.001736E-08 -4.402233E-04  2.001736E-08 -1.538003E-13
  9.500000E+00 -1.800000E+02     1  9.404844E+01 -9.198021E+01 -3.249779E+00 -9.399228E+01
  9.500000E+00 -1.800000E+02     2  8.266187E-06  8.801899E+01  2.857479E-07  8.261247E-06
  9.500000E+00 -1.800000E+02     3  3.570198E+01  2.589911E+00  3.566552E+01  1.613268E+00
  9.500000E+00 -1.800000E+02     4  5.221084E-05  8.801879E+01  1.805018E-06  5.217963E-05
  9.500000E+00 -1.800000E+02     5  5.941111E+02  8.801986E+01  2.052842E+01  5.937563E+02
  9.500000E+00 -1.800000E+02     6  1.347859E-08  1.799997E+02 -1.347859E-08  7.849296E-14
  9.500000E+00 -1.500000E+02     1  8.155663E+01 -9.198037E+01 -2.818362E+00 -8.150791E+01
  9.500000E+00 -1.500000E+02     2  4.721539E+01 -9.198086E+01 -1.632025E+00 -4.718718E+01
  9.500000E+00 -1.500000E+02     3  3.570205E+01  2.589963E+00  3.566558E+01  1.613304E+00
  9.500000E+00 -1.500000E+02     4  2.982306E+02 -9.198098E+01 -1.030913E+01 -2.980524E+02
  9.500000E+00 -1.500000E+02     5  5.151832E+02  8.801963E+01  1.780325E+01  5.148755E+02
  9.500000E+00 -1.500000E+02     6  3.428068E-02 -6.462823E-04  3.428068E-02 -3.866777E-07
  9.500000E+00 -1.200000E+02     1  4.721138E+01 -9.198067E+01 -1.631740E+00 -4.718317E+01
  9.500000E+00 -1.200000E+02     2  8.156376E+01 -9.198055E+01 -2.818867E+00 -8.151504E+01
  9.500000E+00 -1.200000E+02     3  3.570209E+01  2.589961E+00  3.566562E+01  1.613304E+00
  9.500000E+00 -1.200000E+02     4  5.152199E+02 -9.198055E+01 -1.780614E+01 -5.149121E+02
  9.500000E+00 -1.200000E+02     5  2.982089E+02  8.801920E+01  1.030746E+01  2.980307E+02
  9.500000E+00 -1.200000E+02     6  3.071835E-02 -1.799993E+02 -3.071835E-02 -3.868757E-07
  9.500000E+00 -9.000000E+01     1  4.132766E-06 -9.198083E+01 -1.428500E-07 -4.130296E-06
  9.500000E+00 -9.000000E+01     2  9.405627E+01 -9.198040E+01 -3.250366E+00 -9.400008E+01
  9.500000E+00 -9.000000E+01     3  3.570205E+01  2.589902E+00  3.566558E+01  1.613266E+00
  9.500000E+00 -9.000000E+01     4  5.941544E+02 -9.198033E+01 -2.053181E+01 -5.937995E+02
  9.500000E+00 -9.000000E+01     5  2.610352E-05  8.801897E+01  9.023589E-07  2.608792E-05
  9.500000E+00 -9.000000E+01     6  6.380062E-09 -1.799996E+02 -6.380062E-09 -3.925106E-14
  9.500000E+00 -6.000000E+01     1  4.721138E+01  8.801933E+01  1.631740E+00  4.718317E+01
  9.500000E+00 -6.000000E+01     2  8.156371E+01 -9.198055E+01 -2.818864E+00 -8.151498E+01
  9.500000E+00 -6.000000E+01     3  3.570208E+01  2.589963E+00  3.566562E+01  1.613306E+00
  9.500000E+00 -6.000000E+01     4  5.152205E+02 -9.198055E+01 -1.780612E+01 -5.149127E+02
  9.500000E+00 -6.000000E+01     5  2.982091E+02 -9.198080E+01 -1.030745E+01 -2.980309E+02
  9.500000E+00 -6.000000E+01     6  3.071696E-02  7.213122E-04  3.071696E-02  3.867042E-07
  9.500000E+00 -3.000000E+01     1  8.155660E+01  8.801963E+01  2.818362E+00  8.150789E+01
  9.500000E+00 -3.000000E+01     2  4.721541E+01 -9.198086E+01 -1.632025E+00 -4.718719E+01
  9.500000E+00 -3.000000E+01     3  3.570205E+01  2.589963E+00  3.566558E+01  1.613304E+00
  9.500000E+00 -3.000000E+01     4  2.982305E+02 -9.198098E+01 -1.030913E+01 -2.980522E+02
  9.500000E+00 -3.000000E+01     5  5.151835E+02 -9.198037E+01 -1.780326E+01 -5.148759E+02
  9.500000E+00 -3.000000E+01     6  3.428202E-02  1.799993E+02 -3.428202E-02  3.860492E-07
  9.500000E+00  0.000000E+00     1  9.404844E+01  8.801979E+01  3.249779E+00  9.399228E+01
  9.500000E+00  0.000000E+00     2  0.000000E+00  9.000000E+01  0.000000E+00  0.000000E+00
  9.500000E+00  0.000000E+00     3  3.570198E+01  2.589911E+00  3.566552E+01  1.613268E+00
  9.500000E+00  0.000000E+00     4  0.000000E+00  9.000000E+01  0.000000E+00  0.000000E+00
  9.500000E+00  0.000000E+00     5  5.941111E+02 -9.198014E+01 -2.052842E+01 -5.937563E+02
  9.500000E+00  0.000000E+00     6  0.000000E+00  9.000000E+01  0.000000E+00  0.000000E+00
  9.500000E+00  3.000000E+01     1  8.155660E+01  8.801963E+01  2.818362E+00  8.150789E+01
  9.500000E+00  3.000000E+01     2  4.721541E+01  8.801915E+01  1.632025E+00  4.718719E+01
  9.500000E+00  3.000000E+01     3  3.570205E+01  2.589963E+00  3.566558E+01  1.613304E+00
  9.500000E+00  3.000000E+01     4  2.982305E+02  8.801902E+01  1.030913E+01  2.980522E+02
  9.500000E+00  3.000000E+01     5  5.151835E+02 -9.198037E+01 -1.780326E+01 -5.148759E+02
  9.500000E+00  3.000000E+01     6  3.428202E-02 -6.452068E-04  3.428202E-02 -3.860492E-07
  9.500000E+00  6.000000E+01     1  4.721138E+01  8.801933E+01  1.631740E+00  4.718317E+01
  9.500000E+00  6.000000E+01     2  8.156371E+01  8.801945E+01  2.818864E+00  8.151498E+01
  9.500000E+00  6.000000E+01     3  3.570208E+01  2.589963E+00  3.566562E+01  1.613306E+00
  9.500000E+00  6.000000E+01     4  5.152205E+02  8.801945E+01  1.780612E+01  5.149127E+02
  9.500000E+00  6.000000E+01     5  2.982091E+02 -9.198080E+01 -1.030745E+01 -2.980309E+02
  9.500000E+00  6.000000E+01     6  3.071696E-02 -1.799993E+02 -3.071696E-02 -3.867042E-07
  9.500000E+00  9.000000E+01     1  4.132766E-06 -9.198083E+01 -1.428500E-07 -4.130296E-06
  9.500000E+00  9.000000E+01     2  9.405627E+01  8.801960E+01  3.250366E+00  9.400008E+01
  9.500000E+00  9.000000E+01     3  3.570205E+01  2.589902E+00  3.566558E+01  1.613266E+00
  9.500000E+00  9.000000E+01     4  5.941544E+02  8.801967E+01  2.053181E+01  5.937995E+02
  9.500000E+00  9.000000E+01     5  2.610352E-05  8.801897E+01  9.023589E-07  2.608792E-05
  9.500000E+00  9.000000E+01     6  6.380062E-09  3.524919E-04  6.380062E-09  3.925106E-14
  9.500000E+00  1.200000E+02     1  4.721138E+01 -9.198067E+01 -1.631740E+00 -4.718317E+01
  9.500000E+00  1.200000E+02     2  8.156376E+01  8.801945E+01  2.818867E+00  8.151504E+01
  9.500000E+00  1.200000E+02     3  3.570209E+01  2.589961E+00  3.566562E+01  1.613304E+00
  9.500000E+00  1.200000E+02     4  5.152199E+02  8.801945E+01  1.780614E+01  5.149121E+02
  9.500000E+00  1.200000E+02     5  2.982089E+02  8.801920E+01  1.030746E+01  2.980307E+02
  9.500000E+00  1.200000E+02     6  3.071835E-02  7.215997E-04  3.071835E-02  3.868757E-07
  9.500000E+00  1.500000E+02     1  8.155663E+01 -9.198037E+01 -2.818362E+00 -8.150791E+01
  9.500000E+00  1.500000E+02     2  4.721539E+01  8.801915E+01  1.632025E+00  4.718718E+01
  9.500000E+00  1.500000E+02     3  3.570205E+01  2.589963E+00  3.566558E+01  1.613304E+00
  9.500000E+00  1.500000E+02     4  2.982306E+02  8.801903E+01  1.030913E+01  2.980524E+02
  9.500000E+00  1.500000E+02     5  5.151832E+02  8.801963E+01  1.780325E+01  5.148755E+02
  9.500000E+00  1.500000E+02     6  3.428068E-02  1.799993E+02 -3.428068E-02  3.866777E-07
  9.500000E+00  1.800000E+02     1  9.404844E+01 -9.198021E+01 -3.249779E+00 -9.399228E+01
  9.500000E+00  1.800000E+02     2  8.266187E-06 -9.198101E+01 -2.857479E-07 -8.261247E-06
  9.500000E+00  1.800000E+02     3  3.570198E+01  2.589911E+00  3.566552E+01  1.613268E+00
  9.500000E+00  1.800000E+02     4  5.221084E-05 -9.198121E+01 -1.805018E-06 -5.217963E-05
  9.500000E+00  1.800000E+02     5  5.941111E+02  8.801986E+01  2.052842E+01  5.937563E+02
  9.500000E+00  1.800000E+02     6  1.347859E-08 -3.336637E-04  1.347859E-08 -7.849296E-14
  1.000000E+01 -1.800000E+02     1  8.672718E+01 -9.152599E+01 -2.309578E+00 -8.669642E+01
  1.000000E+01 -1.800000E+02     2  7.614823E-06  8.847353E+01  2.028504E-07  7.612120E-06
  1.000000E+01 -1.800000E+02     3  3.859226E+01  2.188410E+00  3.856411E+01  1.473672E+00
  1.000000E+01 -1.800000E+02     4  4.866426E-05  8.847341E+01  1.296462E-06  4.864699E-05
  1.000000E+01 -1.800000E+02     5  5.543152E+02  8.847406E+01  1.476122E+01  5.541186E+02
  1.000000E+01 -1.800000E+02     6  9.246168E-09  1.799997E+02 -9.246168E-09  4.115406E-14
  1.000000E+01 -1.500000E+02     1  7.518809E+01 -9.152608E+01 -2.002407E+00 -7.516142E+01
  1.000000E+01 -1.500000E+02     2  4.350585E+01 -9.152638E+01 -1.158874E+00 -4.349041E+01
  1.000000E+01 -1.500000E+02     3  3.859239E+01  2.188434E+00  3.856424E+01  1.473692E+00
  1.000000E+01 -1.500000E+02     4  2.780408E+02 -9.152647E+01 -7.406667E+00 -2.779421E+02
  1.000000E+01 -1.500000E+02     5  4.805525E+02  8.847392E+01  1.279805E+01  4.803821E+02
  1.000000E+01 -1.500000E+02     6  2.364292E-02 -4.937660E-04  2.364292E-02 -2.037510E-07
  1.000000E+01 -1.200000E+02     1  4.350227E+01 -9.152625E+01 -1.158680E+00 -4.348683E+01
  1.000000E+01 -1.200000E+02     2  7.519427E+01 -9.152621E+01 -2.002739E+00 -7.516760E+01
  1.000000E+01 -1.200000E+02     3  3.859238E+01  2.188432E+00  3.856423E+01  1.473691E+00
  1.000000E+01 -1.200000E+02     4  4.805855E+02 -9.152621E+01 -1.279999E+01 -4.804150E+02
  1.000000E+01 -1.200000E+02     5  2.780221E+02  8.847367E+01  7.405511E+00  2.779235E+02
  1.000000E+01 -1.200000E+02     6  2.066484E-02 -1.799994E+02 -2.066484E-02 -2.036917E-07
  1.000000E+01 -9.000000E+01     1  3.807096E-06 -9.152634E+01 -1.014081E-07 -3.805746E-06
  1.000000E+01 -9.000000E+01     2  8.673460E+01 -9.152613E+01 -2.309983E+00 -8.670383E+01
  1.000000E+01 -9.000000E+01     3  3.859237E+01  2.188403E+00  3.856422E+01  1.473671E+00
  1.000000E+01 -9.000000E+01     4  5.543582E+02 -9.152608E+01 -1.476360E+01 -5.541615E+02
  1.000000E+01 -9.000000E+01     5  2.433053E-05  8.847354E+01  6.481293E-07  2.432189E-05
  1.000000E+01 -9.000000E+01     6  4.322600E-09 -1.799997E+02 -4.322600E-09 -2.068757E-14
  1.000000E+01 -6.000000E+01     1  4.350224E+01  8.847375E+01  1.158681E+00  4.348681E+01
  1.000000E+01 -6.000000E+01     2  7.519428E+01 -9.152621E+01 -2.002741E+00 -7.516761E+01
  1.000000E+01 -6.000000E+01     3  3.859238E+01  2.188432E+00  3.856423E+01  1.473691E+00
  1.000000E+01 -6.000000E+01     4  4.805860E+02 -9.152620E+01 -1.279999E+01 -4.804155E+02
  1.000000E+01 -6.000000E+01     5  2.780222E+02 -9.152633E+01 -7.405509E+00 -2.779235E+02
  1.000000E+01 -6.000000E+01     6  2.066898E-02  5.627894E-04  2.066898E-02  2.030216E-07
  1.000000E+01 -3.000000E+01     1  7.518812E+01  8.847392E+01  2.002407E+00  7.516145E+01
  1.000000E+01 -3.000000E+01     2  4.350583E+01 -9.152638E+01 -1.158875E+00 -4.349039E+01
  1.000000E+01 -3.000000E+01     3  3.859241E+01  2.188432E+00  3.856426E+01  1.473692E+00
  1.000000E+01 -3.000000E+01     4  2.780410E+02 -9.152647E+01 -7.406669E+00 -2.779424E+02
  1.000000E+01 -3.000000E+01     5  4.805525E+02 -9.152608E+01 -1.279806E+01 -4.803820E+02
  1.000000E+01 -3.000000E+01     6  2.363790E-02  1.799995E+02 -2.363790E-02  2.033088E-07
  1.000000E+01  0.000000E+00     1  8.672718E+01  8.847401E+01  2.309578E+00  8.669642E+01
  1.000000E+01  0.000000E+00     2  0.000000E+00  9.000000E+01  0.000000E+00  0.000000E+00
  1.000000E+01  0.000000E+00     3  3.859226E+01  2.188410E+00  3.856411E+01  1.473672E+00
  1.000000E+01  0.000000E+00     4  0.000000E+00  9.000000E+01  0.000000E+00  0.000000E+00
  1.000000E+01  0.000000E+00     5  5.543152E+02 -9.152595E+01 -1.476122E+01 -5.541186E+02
  1.000000E+01  0.000000E+00     6  0.000000E+00  9.000000E+01  0.000000E+00  0.000000E+00
  1.000000E+01  3.000000E+01     1  7.518812E+01  8.847392E+01  2.002407E+00  7.516145E+01
  1.000000E+01  3.000000E+01     2  4.350583E+01  8.847362E+01  1.158875E+00  4.349039E+01
  1.000000E+01  3.000000E+01     3  3.859241E+01  2.188432E+00  3.856426E+01  1.473692E+00
  1.000000E+01  3.000000E+01     4  2.780410E+02  8.847353E+01  7.406669E+00  2.779424E+02
  1.000000E+01  3.000000E+01     5  4.805525E+02 -9.152608E+01 -1.279806E+01 -4.803820E+02
  1.000000E+01  3.000000E+01     6  2.363790E-02 -4.927992E-04  2.363790E-02 -2.033088E-07
  1.000000E+01  6.000000E+01     1  4.350224E+01  8.847375E+01  1.158681E+00  4.348681E+01
  1.000000E+01  6.000000E+01     2  7.519428E+01  8.847379E+01  2.002741E+00  7.516761E+01
  1.000000E+01  6.000000E+01     3  3.859238E+01  2.188432E+00  3.856423E+01  1.473691E+00
  1.000000E+01  6.000000E+01     4  4.805860E+02  8.847380E+01  1.279999E+01  4.804155E+02
  1.000000E+01  6.000000E+01     5  2.780222E+02 -9.152633E+01 -7.405509E+00 -2.779235E+02
  1.000000E+01  6.000000E+01     6  2.066898E-02 -1.799994E+02 -2.066898E-02 -2.030216E-07
  1.000000E+01  9.000000E+01     1  3.807096E-06 -9.152634E+01 -1.014081E-07 -3.805746E-06
  1.000000E+01  9.000000E+01     2  8.673460E+01  8.847387E+01  2.309983E+00  8.670383E+01
  1.000000E+01  9.000000E+01     3  3.859237E+01  2.188403E+00  3.856422E+01  1.473671E+00
  1.000000E+01  9.000000E+01     4  5.543582E+02  8.847393E+01  1.476360E+01  5.541615E+02
  1.000000E+01  9.000000E+01     5  2.433053E-05  8.847354E+01  6.481293E-07  2.432189E-05
  1.000000E+01  9.000000E+01     6  4.322600E-09  2.742124E-04  4.322600E-09  2.068757E-14
  1.000000E+01  1.200000E+02     1  4.350227E+01 -9.152625E+01 -1.158680E+00 -4.348683E+01
  1.000000E+01  1.200000E+02     2  7.519427E+01  8.847379E+01  2.002739E+00  7.516760E+01
  1.000000E+01  1.200000E+02     3  3.859238E+01  2.188432E+00  3.856423E+01  1.473691E+00
  1.000000E+01  1.200000E+02     4  4.805855E+02  8.847380E+01  1.279999E+01  4.804150E+02
  1.000000E+01  1.200000E+02     5  2.780221E+02  8.847367E+01  7.405511E+00  2.779235E+02
  1.000000E+01  1.200000E+02     6  2.066484E-02  5.647602E-04  2.066484E-02  2.036917E-07
  1.000000E+01  1.500000E+02     1  7.518809E+01 -9.152608E+01 -2.002407E+00 -7.516142E+01
  1.000000E+01  1.500000E+02     2  4.350585E+01  8.847362E+01  1.158874E+00  4.349041E+01
  1.000000E+01  1.500000E+02     3  3.859239E+01  2.188434E+00  3.856424E+01  1.473692E+00
  1.000000E+01  1.500000E+02     4  2.780408E+02  8.847353E+01  7.406667E+00  2.779421E+02
  1.000000E+01  1.500000E+02     5  4.805525E+02  8.847392E+01  1.279805E+01  4.803821E+02
  1.000000E+01  1.500000E+02     6  2.364292E-02  1.799995E+02 -2.364292E-02  2.037510E-07
  1.000000E+01  1.800000E+02     1  8.672718E+01 -9.152599E+01 -2.309578E+00 -8.669642E+01
  1.000000E+01  1.800000E+02     2  7.614823E-06 -9.152647E+01 -2.028504E-07 -7.612120E-06
  1.000000E+01  1.800000E+02     3  3.859226E+01  2.188410E+00  3.856411E+01  1.473672E+00
  1.000000E+01  1.800000E+02     4  4.866426E-05 -9.152659E+01 -1.296462E-06 -4.864699E-05
  1.000000E+01  1.800000E+02     5  5.543152E+02  8.847406E+01  1.476122E+01  5.541186E+02
  1.000000E+01  1.800000E+02     6  9.246168E-09 -2.550196E-04  9.246168E-09 -4.115406E-14
  1.050000E+01 -1.800000E+02     1  8.014252E+01 -9.118656E+01 -1.659589E+00 -8.012534E+01
  1.050000E+01 -1.800000E+02     2  7.031113E-06  8.881313E+01  1.456377E-07  7.029605E-06
  1.050000E+01 -1.800000E+02     3  4.126924E+01  1.862517E+00  4.124744E+01  1.341305E+00
  1.050000E+01 -1.800000E+02     4  4.538789E-05  8.881305E+01  9.402000E-07  4.537815E-05
  1.050000E+01 -1.800000E+02     5  5.173964E+02  8.881346E+01  1.071399E+01  5.172855E+02
  1.050000E+01 -1.800000E+02     6  6.457149E-09  1.799998E+02 -6.457149E-09  2.220686E-14
  1.050000E+01 -1.500000E+02     1  6.946558E+01 -9.118661E+01 -1.438552E+00 -6.945068E+01
  1.050000E+01 -1.500000E+02     2  4.017873E+01 -9.118682E+01 -8.321955E-01 -4.017011E+01
  1.050000E+01 -1.500000E+02     3  4.126929E+01  1.862535E+00  4.124748E+01  1.341319E+00
  1.050000E+01 -1.500000E+02     4  2.593718E+02 -9.118687E+01 -5.372466E+00 -2.593162E+02
  1.050000E+01 -1.500000E+02     5  4.484588E+02  8.881338E+01  9.287085E+00  4.483627E+02
  1.050000E+01 -1.500000E+02     6  1.661199E-02 -3.826641E-04  1.661199E-02 -1.109473E-07
  1.050000E+01 -1.200000E+02     1  4.017545E+01 -9.118672E+01 -8.320609E-01 -4.016683E+01
  1.050000E+01 -1.200000E+02     2  6.947134E+01 -9.118672E+01 -1.438798E+00 -6.945644E+01
  1.050000E+01 -1.200000E+02     3  4.126937E+01  1.862526E+00  4.124756E+01  1.341315E+00
  1.050000E+01 -1.200000E+02     4  4.484886E+02 -9.118672E+01 -9.288534E+00 -4.483924E+02
  1.050000E+01 -1.200000E+02     5  2.593539E+02  8.881323E+01  5.371621E+00  2.592983E+02
  1.050000E+01 -1.200000E+02     6  1.410520E-02 -1.799996E+02 -1.410520E-02 -1.109597E-07
  1.050000E+01 -9.000000E+01     1  3.515274E-06 -9.118677E+01 -7.280666E-08 -3.514520E-06
  1.050000E+01 -9.000000E+01     2  8.014886E+01 -9.118667E+01 -1.659864E+00 -8.013168E+01
  1.050000E+01 -9.000000E+01     3  4.126925E+01  1.862519E+00  4.124744E+01  1.341306E+00
  1.050000E+01 -9.000000E+01     4  5.174316E+02 -9.118665E+01 -1.071569E+01 -5.173207E+02
  1.050000E+01 -9.000000E+01     5  2.269241E-05  8.881315E+01  4.700277E-07  2.268754E-05
  1.050000E+01 -9.000000E+01     6  2.975365E-09 -1.799998E+02 -2.975365E-09 -1.114641E-14
  1.050000E+01 -6.000000E+01     1  4.017544E+01  8.881328E+01  8.320608E-01  4.016682E+01
  1.050000E+01 -6.000000E+01     2  6.947128E+01 -9.118672E+01 -1.438799E+00 -6.945638E+01
  1.050000E+01 -6.000000E+01     3  4.126936E+01  1.862529E+00  4.124755E+01  1.341318E+00
  1.050000E+01 -6.000000E+01     4  4.484887E+02 -9.118672E+01 -9.288532E+00 -4.483925E+02
  1.050000E+01 -6.000000E+01     5  2.593539E+02 -9.118677E+01 -5.371618E+00 -2.592982E+02
  1.050000E+01 -6.000000E+01     6  1.410676E-02  4.501353E-04  1.410676E-02  1.108275E-07
  1.050000E+01 -3.000000E+01     1  6.946564E+01  8.881339E+01  1.438552E+00  6.945074E+01
  1.050000E+01 -3.000000E+01     2  4.017876E+01 -9.118682E+01 -8.321961E-01 -4.017014E+01
  1.050000E+01 -3.000000E+01     3  4.126929E+01  1.862532E+00  4.124749E+01  1.341318E+00
  1.050000E+01 -3.000000E+01     4  2.593720E+02 -9.118687E+01 -5.372459E+00 -2.593164E+02
  1.050000E+01 -3.000000E+01     5  4.484587E+02 -9.118662E+01 -9.287084E+00 -4.483626E+02
  1.050000E+01 -3.000000E+01     6  1.660686E-02  1.799996E+02 -1.660686E-02  1.106891E-07
  1.050000E+01  0.000000E+00     1  8.014252E+01  8.881344E+01  1.659589E+00  8.012534E+01
  1.050000E+01  0.000000E+00     2  0.000000E+00  9.000000E+01  0.000000E+00  0.000000E+00
  1.050000E+01  0.000000E+00     3  4.126924E+01  1.862517E+00  4.124744E+01  1.341305E+00
  1.050000E+01  0.000000E+00     4  0.000000E+00  9.000000E+01  0.000000E+00  0.000000E+00
  1.050000E+01  0.000000E+00     5  5.173964E+02 -9.118654E+01 -1.071399E+01 -5.172855E+02
  1.050000E+01  0.000000E+00     6  0.000000E+00  9.000000E+01  0.000000E+00  0.000000E+00
  1.050000E+01  3.000000E+01     1  6.946564E+01  8.881339E+01  1.438552E+00  6.945074E+01
  1.050000E+01  3.000000E+01     2  4.017876E+01  8.881319E+01  8.321961E-01  4.017014E+01
  1.050000E+01  3.000000E+01     3  4.126929E+01  1.862532E+00  4.124749E+01  1.341318E+00
  1.050000E+01  3.000000E+01     4  2.593720E+02  8.881313E+01  5.372459E+00  2.593164E+02
  1.050000E+01  3.000000E+01     5  4.484587E+02 -9.118662E+01 -9.287084E+00 -4.483626E+02
  1.050000E+01  3.000000E+01     6  1.660686E-02 -3.818913E-04  1.660686E-02 -1.106891E-07
  1.050000E+01  6.000000E+01     1  4.017544E+01  8.881328E+01  8.320608E-01  4.016682E+01
  1.050000E+01  6.000000E+01     2  6.947128E+01  8.881328E+01  1.438799E+00  6.945638E+01
  1.050000E+01  6.000000E+01     3  4.126936E+01  1.862529E+00  4.124755E+01  1.341318E+00
  1.050000E+01  6.000000E+01     4  4.484887E+02  8.881328E+01  9.288532E+00  4.483925E+02
  1.050000E+01  6.000000E+01     5  2.593539E+02 -9.118677E+01 -5.371618E+00 -2.592982E+02
  1.050000E+01  6.000000E+01     6  1.410676E-02 -1.799996E+02 -1.410676E-02 -1.108275E-07
  1.050000E+01  9.000000E+01     1  3.515274E-06 -9.118677E+01 -7.280666E-08 -3.514520E-06
  1.050000E+01  9.000000E+01     2  8.014886E+01  8.881333E+01  1.659864E+00  8.013168E+01
  1.050000E+01  9.000000E+01     3  4.126925E+01  1.862519E+00  4.124744E+01  1.341306E+00
  1.050000E+01  9.000000E+01     4  5.174316E+02  8.881335E+01  1.071569E+01  5.173207E+02
  1.050000E+01  9.000000E+01     5  2.269241E-05  8.881315E+01  4.700277E-07  2.268754E-05
  1.050000E+01  9.000000E+01     6  2.975365E-09  2.146434E-04  2.975365E-09  1.114641E-14
  1.050000E+01  1.200000E+02     1  4.017545E+01 -9.118672E+01 -8.320609E-01 -4.016683E+01
  1.050000E+01  1.200000E+02     2  6.947134E+01  8.881329E+01  1.438798E+00  6.945644E+01
  1.050000E+01  1.200000E+02     3  4.126937E+01  1.862526E+00  4.124756E+01  1.341315E+00
  1.050000E+01  1.200000E+02     4  4.484886E+02  8.881328E+01  9.288534E+00  4.483924E+02
  1.050000E+01  1.200000E+02     5  2.593539E+02  8.881323E+01  5.371621E+00  2.592983E+02
  1.050000E+01  1.200000E+02     6  1.410520E-02  4.507219E-04  1.410520E-02  1.109597E-07
  1.050000E+01  1.500000E+02     1  6.946558E+01 -9.118661E+01 -1.438552E+00 -6.945068E+01
  1.050000E+01  1.500000E+02     2  4.017873E+01  8.881319E+01  8.321955E-01  4.017011E+01
  1.050000E+01  1.500000E+02     3  4.126929E+01  1.862535E+00  4.124748E+01  1.341319E+00
  1.050000E+01  1.500000E+02     4  2.593718E+02  8.881313E+01  5.372466E+00  2.593162E+02
  1.050000E+01  1.500000E+02     5  4.484588E+02  8.881338E+01  9.287085E+00  4.483627E+02
  1.050000E+01  1.500000E+02     6  1.661199E-02  1.799996E+02 -1.661199E-02  1.109473E-07
  1.050000E+01  1.800000E+02     1  8.014252E+01 -9.118656E+01 -1.659589E+00 -8.012534E+01
  1.050000E+01  1.800000E+02     2  7.031113E-06 -9.118687E+01 -1.456377E-07 -7.029605E-06
  1.050000E+01  1.800000E+02     3  4.126924E+01  1.862517E+00  4.124744E+01  1.341305E+00
  1.050000E+01  1.800000E+02     4  4.538789E-05 -9.118695E+01 -9.402000E-07 -4.537815E-05
  1.050000E+01  1.800000E+02     5  5.173964E+02  8.881346E+01  1.071399E+01  5.172855E+02
  1.050000E+01  1.800000E+02     6  6.457149E-09 -1.970466E-04  6.457149E-09 -2.220686E-14
  1.100000E+01 -1.800000E+02     1  7.422186E+01 -9.093055E+01 -1.205395E+00 -7.421207E+01
  1.100000E+01 -1.800000E+02     2  6.507677E-06  8.906926E+01  1.057094E-07  6.506818E-06
  1.100000E+01 -1.800000E+02     3  4.374183E+01  1.595180E+00  4.372488E+01  1.217665E+00
  1.100000E+01 -1.800000E+02     4  4.237549E-05  8.906921E+01  6.883794E-07  4.236989E-05
  1.100000E+01 -1.800000E+02     5  4.833457E+02  8.906947E+01  7.849582E+00  4.832820E+02
  1.100000E+01 -1.800000E+02     6  4.580979E-09  1.799998E+02 -4.580979E-09  1.231255E-14
  1.100000E+01 -1.500000E+02     1  6.432372E+01 -9.093057E+01 -1.044677E+00 -6.431524E+01
  1.100000E+01 -1.500000E+02     2  3.719328E+01 -9.093071E+01 -6.041417E-01 -3.718837E+01
  1.100000E+01 -1.500000E+02     3  4.374181E+01  1.595190E+00  4.372486E+01  1.217672E+00
  1.100000E+01 -1.500000E+02     4  2.421930E+02 -9.093075E+01 -3.934155E+00 -2.421611E+02
  1.100000E+01 -1.500000E+02     5  4.188801E+02  8.906943E+01  6.803007E+00  4.188249E+02
  1.100000E+01 -1.500000E+02     6  1.186864E-02 -2.956635E-04  1.186864E-02 -6.124574E-08
  1.100000E+01 -1.200000E+02     1  3.719035E+01 -9.093063E+01 -6.040433E-01 -3.718544E+01
  1.100000E+01 -1.200000E+02     2  6.432916E+01 -9.093065E+01 -1.044846E+00 -6.432068E+01
  1.100000E+01 -1.200000E+02     3  4.374177E+01  1.595191E+00  4.372482E+01  1.217672E+00
  1.100000E+01 -1.200000E+02     4  4.189078E+02 -9.093066E+01 -6.804015E+00 -4.188525E+02
  1.100000E+01 -1.200000E+02     5  2.421765E+02  8.906933E+01  3.933566E+00  2.421445E+02
  1.100000E+01 -1.200000E+02     6  9.748837E-03 -1.799996E+02 -9.748837E-03 -6.089533E-08
  1.100000E+01 -9.000000E+01     1  3.253574E-06 -9.093067E+01 -5.284615E-08 -3.253145E-06
  1.100000E+01 -9.000000E+01     2  7.422750E+01 -9.093063E+01 -1.205585E+00 -7.421771E+01
  1.100000E+01 -9.000000E+01     3  4.374181E+01  1.595181E+00  4.372486E+01  1.217665E+00
  1.100000E+01 -9.000000E+01     4  4.833785E+02 -9.093061E+01 -7.850760E+00 -4.833148E+02
  1.100000E+01 -9.000000E+01     5  2.118630E-05  8.906928E+01  3.441377E-07  2.118351E-05
  1.100000E+01 -9.000000E+01     6  2.075191E-09 -1.799998E+02 -2.075191E-09 -6.180850E-15
  1.100000E+01 -6.000000E+01     1  3.719032E+01  8.906937E+01  6.040428E-01  3.718541E+01
  1.100000E+01 -6.000000E+01     2  6.432914E+01 -9.093065E+01 -1.044846E+00 -6.432066E+01
  1.100000E+01 -6.000000E+01     3  4.374181E+01  1.595190E+00  4.372486E+01  1.217672E+00
  1.100000E+01 -6.000000E+01     4  4.189077E+02 -9.093066E+01 -6.804015E+00 -4.188524E+02
  1.100000E+01 -6.000000E+01     5  2.421763E+02 -9.093067E+01 -3.933568E+00 -2.421444E+02
  1.100000E+01 -6.000000E+01     6  9.748168E-03  3.578546E-04  9.748168E-03  6.088453E-08
  1.100000E+01 -3.000000E+01     1  6.432369E+01  8.906943E+01  1.044677E+00  6.431521E+01
  1.100000E+01 -3.000000E+01     2  3.719326E+01 -9.093071E+01 -6.041414E-01 -3.718836E+01
  1.100000E+01 -3.000000E+01     3  4.374183E+01  1.595190E+00  4.372488E+01  1.217673E+00
  1.100000E+01 -3.000000E+01     4  2.421928E+02 -9.093075E+01 -3.934158E+00 -2.421609E+02
  1.100000E+01 -3.000000E+01     5  4.188803E+02 -9.093057E+01 -6.803000E+00 -4.188251E+02
  1.100000E+01 -3.000000E+01     6  1.186833E-02  1.799997E+02 -1.186833E-02  6.112938E-08
  1.100000E+01  0.000000E+00     1  7.422186E+01  8.906945E+01  1.205395E+00  7.421207E+01
  1.100000E+01  0.000000E+00     2  0.000000E+00  9.000000E+01  0.000000E+00  0.000000E+00
  1.100000E+01  0.000000E+00     3  4.374183E+01  1.595180E+00  4.372488E+01  1.217665E+00
  1.100000E+01  0.000000E+00     4  0.000000E+00  9.000000E+01  0.000000E+00  0.000000E+00
  1.100000E+01  0.000000E+00     5  4.833457E+02 -9.093053E+01 -7.849582E+00 -4.832820E+02
  1.100000E+01  0.000000E+00     6  0.000000E+00  9.000000E+01  0.000000E+00  0.000000E+00
  1.100000E+01  3.000000E+01     1  6.432369E+01  8.906943E+01  1.044677E+00  6.431521E+01
  1.100000E+01  3.000000E+01     2  3.719326E+01  8.906929E+01  6.041414E-01  3.718836E+01
  1.100000E+01  3.000000E+01     3  4.374183E+01  1.595190E+00  4.372488E+01  1.217673E+00
  1.100000E+01  3.000000E+01     4  2.421928E+02  8.906925E+01  3.934158E+00  2.421609E+02
  1.100000E+01  3.000000E+01     5  4.188803E+02 -9.093057E+01 -6.803000E+00 -4.188251E+02
  1.100000E+01  3.000000E+01     6  1.186833E-02 -2.951093E-04  1.186833E-02 -6.112938E-08
  1.100000E+01  6.000000E+01     1  3.719032E+01  8.906937E+01  6.040428E-01  3.718541E+01
  1.100000E+01  6.000000E+01     2  6.432914E+01  8.906935E+01  1.044846E+00  6.432066E+01
  1.100000E+01  6.000000E+01     3  4.374181E+01  1.595190E+00  4.372486E+01  1.217672E+00
  1.100000E+01  6.000000E+01     4  4.189077E+02  8.906935E+01  6.804015E+00  4.188524E+02
  1.100000E+01  6.000000E+01     5  2.421763E+02 -9.093067E+01 -3.933568E+00 -2.421444E+02
  1.100000E+01  6.000000E+01     6  9.748168E-03 -1.799996E+02 -9.748168E-03 -6.088453E-08
  1.100000E+01  9.000000E+01     1  3.253574E-06 -9.093067E+01 -5.284615E-08 -3.253145E-06
  1.100000E+01  9.000000E+01     2  7.422750E+01  8.906937E+01  1.205585E+00  7.421771E+01
  1.100000E+01  9.000000E+01     3  4.374181E+01  1.595181E+00  4.372486E+01  1.217665E+00
  1.100000E+01  9.000000E+01     4  4.833785E+02  8.906940E+01  7.850760E+00  4.833148E+02
  1.100000E+01  9.000000E+01     5  2.118630E-05  8.906928E+01  3.441377E-07  2.118351E-05
  1.100000E+01  9.000000E+01     6  2.075191E-09  1.706526E-04  2.075191E-09  6.180850E-15
  1.100000E+01  1.200000E+02     1  3.719035E+01 -9.093063E+01 -6.040433E-01 -3.718544E+01
  1.100000E+01  1.200000E+02     2  6.432916E+01  8.906935E+01  1.044846E+00  6.432068E+01
  1.100000E+01  1.200000E+02     3  4.374177E+01  1.595191E+00  4.372482E+01  1.217672E+00
  1.100000E+01  1.200000E+02     4  4.189078E+02  8.906935E+01  6.804015E+00  4.188525E+02
  1.100000E+01  1.200000E+02     5  2.421765E+02  8.906933E+01  3.933566E+00  2.421445E+02
  1.100000E+01  1.200000E+02     6  9.748837E-03  3.578935E-04  9.748837E-03  6.089533E-08
  1.100000E+01  1.500000E+02     1  6.432372E+01 -9.093057E+01 -1.044677E+00 -6.431524E+01
  1.100000E+01  1.500000E+02     2  3.719328E+01  8.906929E+01  6.041417E-01  3.718837E+01
  1.100000E+01  1.500000E+02     3  4.374181E+01  1.595190E+00  4.372486E+01  1.217672E+00
  1.100000E+01  1.500000E+02     4  2.421930E+02  8.906925E+01  3.934155E+00  2.421611E+02
  1.100000E+01  1.500000E+02     5  4.188801E+02  8.906943E+01  6.803007E+00  4.188249E+02
  1.100000E+01  1.500000E+02     6  1.186864E-02  1.799997E+02 -1.186864E-02  6.124574E-08
  1.100000E+01  1.800000E+02     1  7.422186E+01 -9.093055E+01 -1.205395E+00 -7.421207E+01
  1.100000E+01  1.800000E+02     2  6.507677E-06 -9.093075E+01 -1.057094E-07 -6.506818E-06
  1.100000E+01  1.800000E+02     3  4.374183E+01  1.595180E+00  4.372488E+01  1.217665E+00
  1.100000E+01  1.800000E+02     4  4.237549E-05 -9.093080E+01 -6.883794E-07 -4.236989E-05
  1.100000E+01  1.800000E+02     5  4.833457E+02  8.906947E+01  7.849582E+00  4.832820E+02
  1.100000E+01  1.800000E+02     6  4.580979E-09 -1.539971E-04  4.580979E-09 -1.231255E-14
  1.150000E+01 -1.800000E+02     1  6.889481E+01 -9.073564E+01 -8.845377E-01 -6.888914E+01
  1.150000E+01 -1.800000E+02     2  6.037724E-06  8.926423E+01  7.753206E-08  6.037226E-06
  1.150000E+01 -1.800000E+02     3  4.602199E+01  1.373752E+00  4.600876E+01  1.103341E+00
  1.150000E+01 -1.800000E+02     4  3.961325E-05  8.926419E+01  5.087123E-07  3.960998E-05
  1.150000E+01 -1.800000E+02     5  4.520521E+02  8.926438E+01  5.803770E+00  4.520149E+02
  1.150000E+01 -1.800000E+02     6  3.299104E-09  1.799999E+02 -3.299104E-09  7.046243E-15
  1.150000E+01 -1.500000E+02     1  5.970028E+01 -9.073566E+01 -7.665061E-01 -5.969535E+01
  1.150000E+01 -1.500000E+02     2  3.451133E+01 -9.073575E+01 -4.431589E-01 -3.450849E+01
  1.150000E+01 -1.500000E+02     3  4.602208E+01  1.373755E+00  4.600885E+01  1.103345E+00
  1.150000E+01 -1.500000E+02     4  2.264317E+02 -9.073578E+01 -2.907700E+00 -2.264130E+02
  1.150000E+01 -1.500000E+02     5  3.917144E+02  8.926434E+01  5.029333E+00  3.916822E+02
  1.150000E+01 -1.500000E+02     6  8.630008E-03 -2.290903E-04  8.630008E-03 -3.450604E-08
  1.150000E+01 -1.200000E+02     1  3.450867E+01 -9.073569E+01 -4.430882E-01 -3.450583E+01
  1.150000E+01 -1.200000E+02     2  5.970479E+01 -9.073573E+01 -7.666328E-01 -5.969987E+01
  1.150000E+01 -1.200000E+02     3  4.602206E+01  1.373756E+00  4.600883E+01  1.103345E+00
  1.150000E+01 -1.200000E+02     4  3.917404E+02 -9.073572E+01 -5.030080E+00 -3.917081E+02
  1.150000E+01 -1.200000E+02     5  2.264169E+02  8.926428E+01  2.907262E+00  2.263982E+02
  1.150000E+01 -1.200000E+02     6  6.815250E-03 -1.799997E+02 -6.815250E-03 -3.462310E-08
  1.150000E+01 -9.000000E+01     1  3.018616E-06 -9.073572E+01 -3.875996E-08 -3.018367E-06
  1.150000E+01 -9.000000E+01     2  6.890014E+01 -9.073570E+01 -8.846819E-01 -6.889446E+01
  1.150000E+01 -9.000000E+01     3  4.602198E+01  1.373754E+00  4.600875E+01  1.103342E+00
  1.150000E+01 -9.000000E+01     4  4.520804E+02 -9.073569E+01 -5.804664E+00 -4.520432E+02
  1.150000E+01 -9.000000E+01     5  1.980540E-05  8.926426E+01  2.543184E-07  1.980377E-05
  1.150000E+01 -9.000000E+01     6  1.467121E-09 -1.799999E+02 -1.467121E-09 -3.490010E-15
  1.150000E+01 -6.000000E+01     1  3.450869E+01  8.926431E+01  4.430884E-01  3.450584E+01
  1.150000E+01 -6.000000E+01     2  5.970481E+01 -9.073573E+01 -7.666331E-01 -5.969989E+01
  1.150000E+01 -6.000000E+01     3  4.602213E+01  1.373754E+00  4.600890E+01  1.103345E+00
  1.150000E+01 -6.000000E+01     4  3.917404E+02 -9.073572E+01 -5.030083E+00 -3.917081E+02
  1.150000E+01 -6.000000E+01     5  2.264169E+02 -9.073572E+01 -2.907262E+00 -2.263982E+02
  1.150000E+01 -6.000000E+01     6  6.818325E-03  2.912584E-04  6.818325E-03  3.466040E-08
  1.150000E+01 -3.000000E+01     1  5.970025E+01  8.926434E+01  7.665061E-01  5.969533E+01
  1.150000E+01 -3.000000E+01     2  3.451131E+01 -9.073575E+01 -4.431587E-01 -3.450847E+01
  1.150000E+01 -3.000000E+01     3  4.602210E+01  1.373755E+00  4.600887E+01  1.103345E+00
  1.150000E+01 -3.000000E+01     4  2.264317E+02 -9.073578E+01 -2.907702E+00 -2.264131E+02
  1.150000E+01 -3.000000E+01     5  3.917138E+02 -9.073566E+01 -5.029330E+00 -3.916815E+02
  1.150000E+01 -3.000000E+01     6  8.629824E-03  1.799998E+02 -8.629824E-03  3.454214E-08
  1.150000E+01  0.000000E+00     1  6.889481E+01  8.926437E+01  8.845377E-01  6.888914E+01
  1.150000E+01  0.000000E+00     2  0.000000E+00  9.000000E+01  0.000000E+00  0.000000E+00
  1.150000E+01  0.000000E+00     3  4.602199E+01  1.373752E+00  4.600876E+01  1.103341E+00
  1.150000E+01  0.000000E+00     4  0.000000E+00  9.000000E+01  0.000000E+00  0.000000E+00
  1.150000E+01  0.000000E+00     5  4.520521E+02 -9.073563E+01 -5.803770E+00 -4.520149E+02
  1.150000E+01  0.000000E+00     6  0.000000E+00  9.000000E+01  0.000000E+00  0.000000E+00
  1.150000E+01  3.000000E+01     1  5.970025E+01  8.926434E+01  7.665061E-01  5.969533E+01
  1.150000E+01  3.000000E+01     2  3.451131E+01  8.926425E+01  4.431587E-01  3.450847E+01
  1.150000E+01  3.000000E+01     3  4.602210E+01  1.373755E+00  4.600887E+01  1.103345E+00
  1.150000E+01  3.000000E+01     4  2.264317E+02  8.926422E+01  2.907702E+00  2.264131E+02
  1.150000E+01  3.000000E+01     5  3.917138E+02 -9.073566E+01 -5.029330E+00 -3.916815E+02
  1.150000E+01  3.000000E+01     6  8.629824E-03 -2.293348E-04  8.629824E-03 -3.454214E-08
  1.150000E+01  6.000000E+01     1  3.450869E+01  8.926431E+01  4.430884E-01  3.450584E+01
  1.150000E+01  6.000000E+01     2  5.970481E+01  8.926428E+01  7.666331E-01  5.969989E+01
  1.150000E+01  6.000000E+01     3  4.602213E+01  1.373754E+00  4.600890E+01  1.103345E+00
  1.150000E+01  6.000000E+01     4  3.917404E+02  8.926428E+01  5.030083E+00  3.917081E+02
  1.150000E+01  6.000000E+01     5  2.264169E+02 -9.073572E+01 -2.907262E+00 -2.263982E+02
  1.150000E+01  6.000000E+01     6  6.818325E-03 -1.799997E+02 -6.818325E-03 -3.466040E-08
  1.150000E+01  9.000000E+01     1  3.018616E-06 -9.073572E+01 -3.875996E-08 -3.018367E-06
  1.150000E+01  9.000000E+01     2  6.890014E+01  8.926430E+01  8.846819E-01  6.889446E+01
  1.150000E+01  9.000000E+01     3  4.602198E+01  1.373754E+00  4.600875E+01  1.103342E+00
  1.150000E+01  9.000000E+01     4  4.520804E+02  8.926431E+01  5.804664E+00  4.520432E+02
  1.150000E+01  9.000000E+01     5  1.980540E-05  8.926426E+01  2.543184E-07  1.980377E-05
  1.150000E+01  9.000000E+01     6  1.467121E-09  1.362960E-04  1.467121E-09  3.490010E-15
  1.150000E+01  1.200000E+02     1  3.450867E+01 -9.073569E+01 -4.430882E-01 -3.450583E+01
  1.150000E+01  1.200000E+02     2  5.970479E+01  8.926428E+01  7.666328E-01  5.969987E+01
  1.150000E+01  1.200000E+02     3  4.602206E+01  1.373756E+00  4.600883E+01  1.103345E+00
  1.150000E+01  1.200000E+02     4  3.917404E+02  8.926428E+01  5.030080E+00  3.917081E+02
  1.150000E+01  1.200000E+02     5  2.264169E+02  8.926428E+01  2.907262E+00  2.263982E+02
  1.150000E+01  1.200000E+02     6  6.815250E-03  2.910762E-04  6.815250E-03  3.462310E-08
  1.150000E+01  1.500000E+02     1  5.970028E+01 -9.073566E+01 -7.665061E-01 -5.969535E+01
  1.150000E+01  1.500000E+02     2  3.451133E+01  8.926425E+01  4.431589E-01  3.450849E+01
  1.150000E+01  1.500000E+02     3  4.602208E+01  1.373755E+00  4.600885E+01  1.103345E+00
  1.150000E+01  1.500000E+02     4  2.264317E+02  8.926422E+01  2.907700E+00  2.264130E+02
  1.150000E+01  1.500000E+02     5  3.917144E+02  8.926434E+01  5.029333E+00  3.916822E+02
  1.150000E+01  1.500000E+02     6  8.630008E-03  1.799998E+02 -8.630008E-03  3.450604E-08
  1.150000E+01  1.800000E+02     1  6.889481E+01 -9.073564E+01 -8.845377E-01 -6.888914E+01
  1.150000E+01  1.800000E+02     2  6.037724E-06 -9.073577E+01 -7.753206E-08 -6.037226E-06
  1.150000E+01  1.800000E+02     3  4.602199E+01  1.373752E+00  4.600876E+01  1.103341E+00
  1.150000E+01  1.800000E+02     4  3.961325E-05 -9.073581E+01 -5.087123E-07 -3.960998E-05
  1.150000E+01  1.800000E+02     5  4.520521E+02  8.926438E+01  5.803770E+00  4.520149E+02
  1.150000E+01  1.800000E+02     6  3.299104E-09 -1.223726E-04  3.299104E-09 -7.046243E-15
  1.200000E+01 -1.800000E+02     1  6.409679E+01 -9.058594E+01 -6.554782E-01 -6.409344E+01
  1.200000E+01 -1.800000E+02     2  5.615049E-06  8.941396E+01  5.743070E-08  5.614756E-06
  1.200000E+01 -1.800000E+02     3  4.812339E+01  1.188734E+00  4.811303E+01  9.983597E-01
  1.200000E+01 -1.800000E+02     4  3.708466E-05  8.941395E+01  3.793163E-07  3.708273E-05
  1.200000E+01 -1.800000E+02     5  4.233533E+02  8.941407E+01  4.329323E+00  4.233311E+02
  1.200000E+01 -1.800000E+02     6  2.411849E-09  1.799999E+02 -2.411849E-09  3.980247E-15
  1.200000E+01 -1.500000E+02     1  5.553707E+01 -9.058595E+01 -5.679533E-01 -5.553416E+01
  1.200000E+01 -1.500000E+02     2  3.209864E+01 -9.058602E+01 -3.282965E-01 -3.209696E+01
  1.200000E+01 -1.500000E+02     3  4.812349E+01  1.188737E+00  4.811314E+01  9.983643E-01
  1.200000E+01 -1.500000E+02     4  2.119969E+02 -9.058604E+01 -2.168330E+00 -2.119858E+02
  1.200000E+01 -1.500000E+02     5  3.668118E+02  8.941405E+01  3.751245E+00  3.667926E+02
  1.200000E+01 -1.500000E+02     6  6.365526E-03 -1.766823E-04  6.365526E-03 -1.962929E-08
  1.200000E+01 -1.200000E+02     1  3.209617E+01 -9.058598E+01 -3.282472E-01 -3.209449E+01
  1.200000E+01 -1.200000E+02     2  5.554111E+01 -9.058600E+01 -5.680433E-01 -5.553821E+01
  1.200000E+01 -1.200000E+02     3  4.812349E+01  1.188736E+00  4.811313E+01  9.983637E-01
  1.200000E+01 -1.200000E+02     4  3.668375E+02 -9.058599E+01 -3.751777E+00 -3.668183E+02
  1.200000E+01 -1.200000E+02     5  2.119829E+02  8.941401E+01  2.168009E+00  2.119718E+02
  1.200000E+01 -1.200000E+02     6  4.812924E-03 -1.799998E+02 -4.812924E-03 -1.961229E-08
  1.200000E+01 -9.000000E+01     1  2.807313E-06 -9.058598E+01 -2.871087E-08 -2.807166E-06
  1.200000E+01 -9.000000E+01     2  6.410183E+01 -9.058598E+01 -6.555828E-01 -6.409848E+01
  1.200000E+01 -9.000000E+01     3  4.812360E+01  1.188730E+00  4.811325E+01  9.983611E-01
  1.200000E+01 -9.000000E+01     4  4.233796E+02 -9.058598E+01 -4.329952E+00 -4.233574E+02
  1.200000E+01 -9.000000E+01     5  1.854110E-05  8.941399E+01  1.896307E-07  1.854013E-05
  1.200000E+01 -9.000000E+01     6  1.049888E-09 -1.799999E+02 -1.049888E-09 -1.994899E-15
  1.200000E+01 -6.000000E+01     1  3.209618E+01  8.941402E+01  3.282468E-01  3.209450E+01
  1.200000E+01 -6.000000E+01     2  5.554108E+01 -9.058600E+01 -5.680433E-01 -5.553817E+01
  1.200000E+01 -6.000000E+01     3  4.812347E+01  1.188737E+00  4.811312E+01  9.983639E-01
  1.200000E+01 -6.000000E+01     4  3.668376E+02 -9.058599E+01 -3.751780E+00 -3.668184E+02
  1.200000E+01 -6.000000E+01     5  2.119829E+02 -9.058599E+01 -2.168010E+00 -2.119718E+02
  1.200000E+01 -6.000000E+01     6  4.810402E-03  2.332475E-04  4.810402E-03  1.958284E-08
  1.200000E+01 -3.000000E+01     1  5.553710E+01  8.941405E+01  5.679531E-01  5.553420E+01
  1.200000E+01 -3.000000E+01     2  3.209862E+01 -9.058602E+01 -3.282966E-01 -3.209694E+01
  1.200000E+01 -3.000000E+01     3  4.812349E+01  1.188737E+00  4.811314E+01  9.983643E-01
  1.200000E+01 -3.000000E+01     4  2.119969E+02 -9.058604E+01 -2.168326E+00 -2.119858E+02
  1.200000E+01 -3.000000E+01     5  3.668123E+02 -9.058595E+01 -3.751243E+00 -3.667931E+02
  1.200000E+01 -3.000000E+01     6  6.367146E-03  1.799998E+02 -6.367146E-03  1.958576E-08
  1.200000E+01  0.000000E+00     1  6.409679E+01  8.941406E+01  6.554782E-01  6.409344E+01
  1.200000E+01  0.000000E+00     2  0.000000E+00  9.000000E+01  0.000000E+00  0.000000E+00
  1.200000E+01  0.000000E+00     3  4.812339E+01  1.188734E+00  4.811303E+01  9.983597E-01
  1.200000E+01  0.000000E+00     4  0.000000E+00  9.000000E+01  0.000000E+00  0.000000E+00
  1.200000E+01  0.000000E+00     5  4.233533E+02 -9.058593E+01 -4.329323E+00 -4.233311E+02
  1.200000E+01  0.000000E+00     6  0.000000E+00  9.000000E+01  0.000000E+00  0.000000E+00
  1.200000E+01  3.000000E+01     1  5.553710E+01  8.941405E+01  5.679531E-01  5.553420E+01
  1.200000E+01  3.000000E+01     2  3.209862E+01  8.941399E+01  3.282966E-01  3.209694E+01
  1.200000E+01  3.000000E+01     3  4.812349E+01  1.188737E+00  4.811314E+01  9.983643E-01
  1.200000E+01  3.000000E+01     4  2.119969E+02  8.941396E+01  2.168326E+00  2.119858E+02
  1.200000E+01  3.000000E+01     5  3.668123E+02 -9.058595E+01 -3.751243E+00 -3.667931E+02
  1.200000E+01  3.000000E+01     6  6.367146E-03 -1.762456E-04  6.367146E-03 -1.958576E-08
  1.200000E+01  6.000000E+01     1  3.209618E+01  8.941402E+01  3.282468E-01  3.209450E+01
  1.200000E+01  6.000000E+01     2  5.554108E+01  8.941400E+01  5.680433E-01  5.553817E+01
  1.200000E+01  6.000000E+01     3  4.812347E+01  1.188737E+00  4.811312E+01  9.983639E-01
  1.200000E+01  6.000000E+01     4  3.668376E+02  8.941401E+01  3.751780E+00  3.668184E+02
  1.200000E+01  6.000000E+01     5  2.119829E+02 -9.058599E+01 -2.168010E+00 -2.119718E+02
  1.200000E+01  6.000000E+01     6  4.810402E-03 -1.799998E+02 -4.810402E-03 -1.958284E-08
  1.200000E+01  9.000000E+01     1  2.807313E-06 -9.058598E+01 -2.871087E-08 -2.807166E-06
  1.200000E+01  9.000000E+01     2  6.410183E+01  8.941402E+01  6.555828E-01  6.409848E+01
  1.200000E+01  9.000000E+01     3  4.812360E+01  1.188730E+00  4.811325E+01  9.983611E-01
  1.200000E+01  9.000000E+01     4  4.233796E+02  8.941402E+01  4.329952E+00  4.233574E+02
  1.200000E+01  9.000000E+01     5  1.854110E-05  8.941399E+01  1.896307E-07  1.854013E-05
  1.200000E+01  9.000000E+01     6  1.049888E-09  1.088680E-04  1.049888E-09  1.994899E-15
  1.200000E+01  1.200000E+02     1  3.209617E+01 -9.058598E+01 -3.282472E-01 -3.209449E+01
  1.200000E+01  1.200000E+02     2  5.554111E+01  8.941400E+01  5.680433E-01  5.553821E+01
  1.200000E+01  1.200000E+02     3  4.812349E+01  1.188736E+00  4.811313E+01  9.983637E-01
  1.200000E+01  1.200000E+02     4  3.668375E+02  8.941401E+01  3.751777E+00  3.668183E+02
  1.200000E+01  1.200000E+02     5  2.119829E+02  8.941401E+01  2.168009E+00  2.119718E+02
  1.200000E+01  1.200000E+02     6  4.812924E-03  2.334759E-04  4.812924E-03  1.961229E-08
  1.200000E+01  1.500000E+02     1  5.553707E+01 -9.058595E+01 -5.679533E-01 -5.553416E+01
  1.200000E+01  1.500000E+02     2  3.209864E+01  8.941399E+01  3.282965E-01  3.209696E+01
  1.200000E+01  1.500000E+02     3  4.812349E+01  1.188737E+00  4.811314E+01  9.983643E-01
  1.200000E+01  1.500000E+02     4  2.119969E+02  8.941396E+01  2.168330E+00  2.119858E+02
  1.200000E+01  1.500000E+02     5  3.668118E+02  8.941405E+01  3.751245E+00  3.667926E+02
  1.200000E+01  1.500000E+02     6  6.365526E-03  1.799998E+02 -6.365526E-03  1.962929E-08
  1.200000E+01  1.800000E+02     1  6.409679E+01 -9.058594E+01 -6.554782E-01 -6.409344E+01
  1.200000E+01  1.800000E+02     2  5.615049E-06 -9.058604E+01 -5.743070E-08 -5.614756E-06
  1.200000E+01  1.800000E+02     3  4.812339E+01  1.188734E+00  4.811303E+01  9.983597E-01
  1.200000E+01  1.800000E+02     4  3.708466E-05 -9.058605E+01 -3.793163E-07 -3.708273E-05
  1.200000E+01  1.800000E+02     5  4.233533E+02  8.941407E+01  4.329323E+00  4.233311E+02
  1.200000E+01  1.800000E+02     6  2.411849E-09 -9.455458E-05  2.411849E-09 -3.980247E-15
  1.250000E+01 -1.800000E+02     1  5.976981E+01 -9.046999E+01 -4.902812E-01 -5.976780E+01
  1.250000E+01 -1.800000E+02     2  5.234423E-06  8.952995E+01  4.294311E-08  5.234247E-06
  1.250000E+01 -1.800000E+02     3  5.006023E+01  1.032919E+00  5.005209E+01  9.024289E-01
  1.250000E+01 -1.800000E+02     4  3.477239E-05  8.952992E+01  2.852838E-07  3.477122E-05
  1.250000E+01 -1.800000E+02     5  3.970769E+02  8.953001E+01  3.257117E+00  3.970636E+02
  1.250000E+01 -1.800000E+02     6  1.787022E-09  1.799999E+02 -1.787022E-09  2.389001E-15
  1.250000E+01 -1.500000E+02     1  5.178391E+01 -9.047000E+01 -4.247825E-01 -5.178217E+01
  1.250000E+01 -1.500000E+02     2  2.992484E+01 -9.047005E+01 -2.454997E-01 -2.992383E+01
  1.250000E+01 -1.500000E+02     3  5.006026E+01  1.032920E+00  5.005213E+01  9.024301E-01
  1.250000E+01 -1.500000E+02     4  1.987938E+02 -9.047006E+01 -1.630919E+00 -1.987871E+02
  1.250000E+01 -1.500000E+02     5  3.440192E+02  8.953000E+01  2.821974E+00  3.440076E+02
  1.250000E+01 -1.500000E+02     6  4.762811E-03 -1.427039E-04  4.762811E-03 -1.186251E-08
  1.250000E+01 -1.200000E+02     1  2.992258E+01 -9.047002E+01 -2.454612E-01 -2.992157E+01
  1.250000E+01 -1.200000E+02     2  5.178771E+01 -9.047004E+01 -4.248472E-01 -5.178596E+01
  1.250000E+01 -1.200000E+02     3  5.006027E+01  1.032920E+00  5.005214E+01  9.024307E-01
  1.250000E+01 -1.200000E+02     4  3.440407E+02 -9.047005E+01 -2.822387E+00 -3.440291E+02
  1.250000E+01 -1.200000E+02     5  1.987812E+02  8.952998E+01  1.630684E+00  1.987745E+02
  1.250000E+01 -1.200000E+02     6  3.433593E-03 -1.799998E+02 -3.433593E-03 -1.183269E-08
  1.250000E+01 -9.000000E+01     1  2.617018E-06 -9.047002E+01 -2.146814E-08 -2.616930E-06
  1.250000E+01 -9.000000E+01     2  5.977455E+01 -9.047003E+01 -4.903591E-01 -5.977254E+01
  1.250000E+01 -9.000000E+01     3  5.006023E+01  1.032919E+00  5.005210E+01  9.024289E-01
  1.250000E+01 -9.000000E+01     4  3.971006E+02 -9.047003E+01 -3.257588E+00 -3.970872E+02
  1.250000E+01 -9.000000E+01     5  1.738503E-05  8.952996E+01  1.426209E-07  1.738444E-05
  1.250000E+01 -9.000000E+01     6  7.591373E-10 -1.799999E+02 -7.591373E-10 -1.194134E-15
  1.250000E+01 -6.000000E+01     1  2.992252E+01  8.952998E+01  2.454613E-01  2.992151E+01
  1.250000E+01 -6.000000E+01     2  5.178770E+01 -9.047005E+01 -4.248477E-01 -5.178596E+01
  1.250000E+01 -6.000000E+01     3  5.006027E+01  1.032920E+00  5.005214E+01  9.024307E-01
  1.250000E+01 -6.000000E+01     4  3.440406E+02 -9.047005E+01 -2.822387E+00 -3.440291E+02
  1.250000E+01 -6.000000E+01     5  1.987813E+02 -9.047003E+01 -1.630685E+00 -1.987746E+02
  1.250000E+01 -6.000000E+01     6  3.434919E-03  1.968966E-04  3.434919E-03  1.180408E-08
  1.250000E+01 -3.000000E+01     1  5.178389E+01  8.953000E+01  4.247823E-01  5.178215E+01
  1.250000E+01 -3.000000E+01     2  2.992483E+01 -9.047005E+01 -2.454996E-01 -2.992382E+01
  1.250000E+01 -3.000000E+01     3  5.006026E+01  1.032920E+00  5.005213E+01  9.024301E-01
  1.250000E+01 -3.000000E+01     4  1.987938E+02 -9.047006E+01 -1.630919E+00 -1.987871E+02
  1.250000E+01 -3.000000E+01     5  3.440191E+02 -9.047000E+01 -2.821973E+00 -3.440075E+02
  1.250000E+01 -3.000000E+01     6  4.760087E-03  1.799999E+02 -4.760087E-03  1.188982E-08
  1.250000E+01  0.000000E+00     1  5.976981E+01  8.953001E+01  4.902812E-01  5.976780E+01
  1.250000E+01  0.000000E+00     2  0.000000E+00  9.000000E+01  0.000000E+00  0.000000E+00
  1.250000E+01  0.000000E+00     3  5.006023E+01  1.032919E+00  5.005209E+01  9.024289E-01
  1.250000E+01  0.000000E+00     4  0.000000E+00  9.000000E+01  0.000000E+00  0.000000E+00
  1.250000E+01  0.000000E+00     5  3.970769E+02 -9.046999E+01 -3.257117E+00 -3.970636E+02
  1.250000E+01  0.000000E+00     6  0.000000E+00  9.000000E+01  0.000000E+00  0.000000E+00
  1.250000E+01  3.000000E+01     1  5.178389E+01  8.953000E+01  4.247823E-01  5.178215E+01
  1.250000E+01  3.000000E+01     2  2.992483E+01  8.952995E+01  2.454996E-01  2.992382E+01
  1.250000E+01  3.000000E+01     3  5.006026E+01  1.032920E+00  5.005213E+01  9.024301E-01
  1.250000E+01  3.000000E+01     4  1.987938E+02  8.952994E+01  1.630919E+00  1.987871E+02
  1.250000E+01  3.000000E+01     5  3.440191E+02 -9.047000E+01 -2.821973E+00 -3.440075E+02
  1.250000E+01  3.000000E+01     6  4.760087E-03 -1.431143E-04  4.760087E-03 -1.188982E-08
  1.250000E+01  6.000000E+01     1  2.992252E+01  8.952998E+01  2.454613E-01  2.992151E+01
  1.250000E+01  6.000000E+01     2  5.178770E+01  8.952996E+01  4.248477E-01  5.178596E+01
  1.250000E+01  6.000000E+01     3  5.006027E+01  1.032920E+00  5.005214E+01  9.024307E-01
  1.250000E+01  6.000000E+01     4  3.440406E+02  8.952996E+01  2.822387E+00  3.440291E+02
  1.250000E+01  6.000000E+01     5  1.987813E+02 -9.047003E+01 -1.630685E+00 -1.987746E+02
  1.250000E+01  6.000000E+01     6  3.434919E-03 -1.799998E+02 -3.434919E-03 -1.180408E-08
  1.250000E+01  9.000000E+01     1  2.617018E-06 -9.047002E+01 -2.146814E-08 -2.616930E-06
  1.250000E+01  9.000000E+01     2  5.977455E+01  8.952997E+01  4.903591E-01  5.977254E+01
  1.250000E+01  9.000000E+01     3  5.006023E+01  1.032919E+00  5.005210E+01  9.024289E-01
  1.250000E+01  9.000000E+01     4  3.971006E+02  8.952997E+01  3.257588E+00  3.970872E+02
  1.250000E+01  9.000000E+01     5  1.738503E-05  8.952996E+01  1.426209E-07  1.738444E-05
  1.250000E+01  9.000000E+01     6  7.591373E-10  9.012709E-05  7.591373E-10  1.194134E-15
  1.250000E+01  1.200000E+02     1  2.992258E+01 -9.047002E+01 -2.454612E-01 -2.992157E+01
  1.250000E+01  1.200000E+02     2  5.178771E+01  8.952996E+01  4.248472E-01  5.178596E+01
  1.250000E+01  1.200000E+02     3  5.006027E+01  1.032920E+00  5.005214E+01  9.024307E-01
  1.250000E+01  1.200000E+02     4  3.440407E+02  8.952996E+01  2.822387E+00  3.440291E+02
  1.250000E+01  1.200000E+02     5  1.987812E+02  8.952998E+01  1.630684E+00  1.987745E+02
  1.250000E+01  1.200000E+02     6  3.433593E-03  1.974500E-04  3.433593E-03  1.183269E-08
  1.250000E+01  1.500000E+02     1  5.178391E+01 -9.047000E+01 -4.247825E-01 -5.178217E+01
  1.250000E+01  1.500000E+02     2  2.992484E+01  8.952995E+01  2.454997E-01  2.992383E+01
  1.250000E+01  1.500000E+02     3  5.006026E+01  1.032920E+00  5.005213E+01  9.024301E-01
  1.250000E+01  1.500000E+02     4  1.987938E+02  8.952994E+01  1.630919E+00  1.987871E+02
  1.250000E+01  1.500000E+02     5  3.440192E+02  8.953000E+01  2.821974E+00  3.440076E+02
  1.250000E+01  1.500000E+02     6  4.762811E-03  1.799999E+02 -4.762811E-03  1.186251E-08
  1.250000E+01  1.800000E+02     1  5.976981E+01 -9.046999E+01 -4.902812E-01 -5.976780E+01
  1.250000E+01  1.800000E+02     2  5.234423E-06 -9.047005E+01 -4.294311E-08 -5.234247E-06
  1.250000E+01  1.800000E+02     3  5.006023E+01  1.032919E+00  5.005209E+01  9.024289E-01
  1.250000E+01  1.800000E+02     4  3.477239E-05 -9.047008E+01 -2.852838E-07 -3.477122E-05
  1.250000E+01  1.800000E+02     5  3.970769E+02  8.953001E+01  3.257117E+00  3.970636E+02
  1.250000E+01  1.800000E+02     6  1.787022E-09 -7.659651E-05  1.787022E-09 -2.389001E-15
  1.300000E+01 -1.800000E+02     1  5.586354E+01 -9.037951E+01 -3.700173E-01 -5.586232E+01
  1.300000E+01 -1.800000E+02     2  4.891117E-06  8.962045E+01  3.240072E-08  4.891010E-06
  1.300000E+01 -1.800000E+02     3  5.184572E+01  9.007898E-01  5.183931E+01  8.150717E-01
  1.300000E+01 -1.800000E+02     4  3.265973E-05  8.962044E+01  2.163579E-07  3.265901E-05
  1.300000E+01 -1.800000E+02     5  3.730414E+02  8.962050E+01  2.470839E+00  3.730333E+02
  1.300000E+01 -1.800000E+02     6  1.343482E-09  1.799999E+02 -1.343482E-09  1.422037E-15
  1.300000E+01 -1.500000E+02     1  4.839650E+01 -9.037952E+01 -3.205631E-01 -4.839544E+01
  1.300000E+01 -1.500000E+02     2  2.796371E+01 -9.037955E+01 -1.852426E-01 -2.796309E+01
  1.300000E+01 -1.500000E+02     3  5.184568E+01  9.007912E-01  5.183927E+01  8.150723E-01
  1.300000E+01 -1.500000E+02     4  1.867269E+02 -9.037955E+01 -1.236967E+00 -1.867228E+02
  1.300000E+01 -1.500000E+02     5  3.231754E+02  8.962049E+01  2.140602E+00  3.231684E+02
  1.300000E+01 -1.500000E+02     6  3.616040E-03 -1.115366E-04  3.616040E-03 -7.039274E-09
  1.300000E+01 -1.200000E+02     1  2.796177E+01 -9.037952E+01 -1.852130E-01 -2.796115E+01
  1.300000E+01 -1.200000E+02     2  4.840011E+01 -9.037955E+01 -3.206127E-01 -4.839905E+01
  1.300000E+01 -1.200000E+02     3  5.184575E+01  9.007891E-01  5.183934E+01  8.150715E-01
  1.300000E+01 -1.200000E+02     4  3.231961E+02 -9.037955E+01 -2.140914E+00 -3.231890E+02
  1.300000E+01 -1.200000E+02     5  1.867146E+02  8.962047E+01  1.236791E+00  1.867105E+02
  1.300000E+01 -1.200000E+02     6  2.459051E-03 -1.799998E+02 -2.459051E-03 -7.086863E-09
  1.300000E+01 -9.000000E+01     1  2.445372E-06 -9.037952E+01 -1.619786E-08 -2.445319E-06
  1.300000E+01 -9.000000E+01     2  5.586785E+01 -9.037954E+01 -3.700735E-01 -5.586663E+01
  1.300000E+01 -9.000000E+01     3  5.184568E+01  9.007901E-01  5.183927E+01  8.150713E-01
  1.300000E+01 -9.000000E+01     4  3.730663E+02 -9.037953E+01 -2.471196E+00 -3.730581E+02
  1.300000E+01 -9.000000E+01     5  1.632880E-05  8.962046E+01  1.081635E-07  1.632845E-05
  1.300000E+01 -9.000000E+01     6  5.552092E-10 -1.799999E+02 -5.552092E-10 -7.125499E-16
  1.300000E+01 -6.000000E+01     1  2.796176E+01  8.962048E+01  1.852129E-01  2.796115E+01
  1.300000E+01 -6.000000E+01     2  4.840012E+01 -9.037955E+01 -3.206127E-01 -4.839906E+01
  1.300000E+01 -6.000000E+01     3  5.184569E+01  9.007905E-01  5.183928E+01  8.150719E-01
  1.300000E+01 -6.000000E+01     4  3.231959E+02 -9.037955E+01 -2.140912E+00 -3.231888E+02
  1.300000E+01 -6.000000E+01     5  1.867147E+02 -9.037953E+01 -1.236791E+00 -1.867106E+02
  1.300000E+01 -6.000000E+01     6  2.460648E-03  1.646691E-04  2.460648E-03  7.071945E-09
  1.300000E+01 -3.000000E+01     1  4.839648E+01  8.962049E+01  3.205633E-01  4.839542E+01
  1.300000E+01 -3.000000E+01     2  2.796371E+01 -9.037955E+01 -1.852424E-01 -2.796309E+01
  1.300000E+01 -3.000000E+01     3  5.184568E+01  9.007912E-01  5.183927E+01  8.150723E-01
  1.300000E+01 -3.000000E+01     4  1.867269E+02 -9.037955E+01 -1.236966E+00 -1.867227E+02
  1.300000E+01 -3.000000E+01     5  3.231757E+02 -9.037951E+01 -2.140602E+00 -3.231686E+02
  1.300000E+01 -3.000000E+01     6  3.618383E-03  1.799999E+02 -3.618383E-03  7.071936E-09
  1.300000E+01  0.000000E+00     1  5.586354E+01  8.962050E+01  3.700173E-01  5.586232E+01
  1.300000E+01  0.000000E+00     2  0.000000E+00  9.000000E+01  0.000000E+00  0.000000E+00
  1.300000E+01  0.000000E+00     3  5.184572E+01  9.007898E-01  5.183931E+01  8.150717E-01
  1.300000E+01  0.000000E+00     4  0.000000E+00  9.000000E+01  0.000000E+00  0.000000E+00
  1.300000E+01  0.000000E+00     5  3.730414E+02 -9.037950E+01 -2.470839E+00 -3.730333E+02
  1.300000E+01  0.000000E+00     6  0.000000E+00  9.000000E+01  0.000000E+00  0.000000E+00
  1.300000E+01  3.000000E+01     1  4.839648E+01  8.962049E+01  3.205633E-01  4.839542E+01
  1.300000E+01  3.000000E+01     2  2.796371E+01  8.962045E+01  1.852424E-01  2.796309E+01
  1.300000E+01  3.000000E+01     3  5.184568E+01  9.007912E-01  5.183927E+01  8.150723E-01
  1.300000E+01  3.000000E+01     4  1.867269E+02  8.962045E+01  1.236966E+00  1.867227E+02
  1.300000E+01  3.000000E+01     5  3.231757E+02 -9.037951E+01 -2.140602E+00 -3.231686E+02
  1.300000E+01  3.000000E+01     6  3.618383E-03 -1.119815E-04  3.618383E-03 -7.071936E-09
  1.300000E+01  6.000000E+01     1  2.796176E+01  8.962048E+01  1.852129E-01  2.796115E+01
  1.300000E+01  6.000000E+01     2  4.840012E+01  8.962046E+01  3.206127E-01  4.839906E+01
  1.300000E+01  6.000000E+01     3  5.184569E+01  9.007905E-01  5.183928E+01  8.150719E-01
  1.300000E+01  6.000000E+01     4  3.231959E+02  8.962046E+01  2.140912E+00  3.231888E+02
  1.300000E+01  6.000000E+01     5  1.867147E+02 -9.037953E+01 -1.236791E+00 -1.867106E+02
  1.300000E+01  6.000000E+01     6  2.460648E-03 -1.799998E+02 -2.460648E-03 -7.071945E-09
  1.300000E+01  9.000000E+01     1  2.445372E-06 -9.037952E+01 -1.619786E-08 -2.445319E-06
  1.300000E+01  9.000000E+01     2  5.586785E+01  8.962046E+01  3.700735E-01  5.586663E+01
  1.300000E+01  9.000000E+01     3  5.184568E+01  9.007901E-01  5.183927E+01  8.150713E-01
  1.300000E+01  9.000000E+01     4  3.730663E+02  8.962047E+01  2.471196E+00  3.730581E+02
  1.300000E+01  9.000000E+01     5  1.632880E-05  8.962046E+01  1.081635E-07  1.632845E-05
  1.300000E+01  9.000000E+01     6  5.552092E-10  7.353284E-05  5.552092E-10  7.125499E-16
  1.300000E+01  1.200000E+02     1  2.796177E+01 -9.037952E+01 -1.852130E-01 -2.796115E+01
  1.300000E+01  1.200000E+02     2  4.840011E+01  8.962046E+01  3.206127E-01  4.839905E+01
  1.300000E+01  1.200000E+02     3  5.184575E+01  9.007891E-01  5.183934E+01  8.150715E-01
  1.300000E+01  1.200000E+02     4  3.231961E+02  8.962046E+01  2.140914E+00  3.231890E+02
  1.300000E+01  1.200000E+02     5  1.867146E+02  8.962047E+01  1.236791E+00  1.867105E+02
  1.300000E+01  1.200000E+02     6  2.459051E-03  1.651236E-04  2.459051E-03  7.086863E-09
  1.300000E+01  1.500000E+02     1  4.839650E+01 -9.037952E+01 -3.205631E-01 -4.839544E+01
  1.300000E+01  1.500000E+02     2  2.796371E+01  8.962045E+01  1.852426E-01  2.796309E+01
  1.300000E+01  1.500000E+02     3  5.184568E+01  9.007912E-01  5.183927E+01  8.150723E-01
  1.300000E+01  1.500000E+02     4  1.867269E+02  8.962045E+01  1.236967E+00  1.867228E+02
  1.300000E+01  1.500000E+02     5  3.231754E+02  8.962049E+01  2.140602E+00  3.231684E+02
  1.300000E+01  1.500000E+02     6  3.616040E-03  1.799999E+02 -3.616040E-03  7.039274E-09
  1.300000E+01  1.800000E+02     1  5.586354E+01 -9.037951E+01 -3.700173E-01 -5.586232E+01
  1.300000E+01  1.800000E+02     2  4.891117E-06 -9.037955E+01 -3.240072E-08 -4.891010E-06
  1.300000E+01  1.800000E+02     3  5.184572E+01  9.007898E-01  5.183931E+01  8.150717E-01
  1.300000E+01  1.800000E+02     4  3.265973E-05 -9.037956E+01 -2.163579E-07 -3.265901E-05
  1.300000E+01  1.800000E+02     5  3.730414E+02  8.962050E+01  2.470839E+00  3.730333E+02
  1.300000E+01  1.800000E+02     6  1.343482E-09 -6.064591E-05  1.343482E-09 -1.422037E-15
  1.350000E+01 -1.800000E+02     1  5.233393E+01 -9.030840E+01 -2.816864E-01 -5.233317E+01
  1.350000E+01 -1.800000E+02     2  4.581161E-06  8.969157E+01  2.466070E-08  4.581095E-06
  1.350000E+01 -1.800000E+02     3  5.349332E+01  7.880788E-01  5.348827E+01  7.357545E-01
  1.350000E+01 -1.800000E+02     4  3.073055E-05  8.969156E+01  1.654304E-07  3.073011E-05
  1.350000E+01 -1.800000E+02     5  3.510750E+02  8.969160E+01  1.889643E+00  3.510699E+02
  1.350000E+01 -1.800000E+02     6  1.021712E-09  1.800000E+02 -1.021712E-09  8.515720E-16
  1.350000E+01 -1.500000E+02     1  4.533647E+01 -9.030840E+01 -2.440246E-01 -4.533581E+01
  1.350000E+01 -1.500000E+02     2  2.619308E+01 -9.030843E+01 -1.409985E-01 -2.619271E+01
  1.350000E+01 -1.500000E+02     3  5.349326E+01  7.880809E-01  5.348820E+01  7.357556E-01
  1.350000E+01 -1.500000E+02     4  1.757062E+02 -9.030843E+01 -9.458493E-01 -1.757037E+02
  1.350000E+01 -1.500000E+02     5  3.041318E+02  8.969160E+01  1.636992E+00  3.041274E+02
  1.350000E+01 -1.500000E+02     6  2.786090E-03 -8.627555E-05  2.786090E-03 -4.195273E-09
  1.350000E+01 -1.200000E+02     1  2.619110E+01 -9.030841E+01 -1.409769E-01 -2.619072E+01
  1.350000E+01 -1.200000E+02     2  4.533988E+01 -9.030842E+01 -2.440621E-01 -4.533923E+01
  1.350000E+01 -1.200000E+02     3  5.349328E+01  7.880809E-01  5.348822E+01  7.357558E-01
  1.350000E+01 -1.200000E+02     4  3.041512E+02 -9.030842E+01 -1.637220E+00 -3.041468E+02
  1.350000E+01 -1.200000E+02     5  1.756950E+02  8.969160E+01  9.457158E-01  1.756925E+02
  1.350000E+01 -1.200000E+02     6  1.783797E-03 -1.799999E+02 -1.783797E-03 -4.220743E-09
  1.350000E+01 -9.000000E+01     1  2.290400E-06 -9.030841E+01 -1.232845E-08 -2.290367E-06
  1.350000E+01 -9.000000E+01     2  5.233763E+01 -9.030842E+01 -2.817300E-01 -5.233687E+01
  1.350000E+01 -9.000000E+01     3  5.349331E+01  7.880801E-01  5.348825E+01  7.357554E-01
  1.350000E+01 -9.000000E+01     4  3.510983E+02 -9.030841E+01 -1.889906E+00 -3.510932E+02
  1.350000E+01 -9.000000E+01     5  1.536430E-05  8.969159E+01  8.270322E-08  1.536408E-05
  1.350000E+01 -9.000000E+01     6  4.104644E-10 -1.799999E+02 -4.104644E-10 -4.275634E-16
  1.350000E+01 -6.000000E+01     1  2.619109E+01  8.969160E+01  1.409770E-01  2.619071E+01
  1.350000E+01 -6.000000E+01     2  4.533990E+01 -9.030842E+01 -2.440621E-01 -4.533925E+01
  1.350000E+01 -6.000000E+01     3  5.349328E+01  7.880809E-01  5.348822E+01  7.357558E-01
  1.350000E+01 -6.000000E+01     4  3.041511E+02 -9.030842E+01 -1.637222E+00 -3.041467E+02
  1.350000E+01 -6.000000E+01     5  1.756950E+02 -9.030841E+01 -9.457166E-01 -1.756924E+02
  1.350000E+01 -6.000000E+01     6  1.785177E-03  1.349965E-04  1.785177E-03  4.206116E-09
  1.350000E+01 -3.000000E+01     1  4.533647E+01  8.969160E+01  2.440247E-01  4.533582E+01
  1.350000E+01 -3.000000E+01     2  2.619306E+01 -9.030843E+01 -1.409984E-01 -2.619268E+01
  1.350000E+01 -3.000000E+01     3  5.349326E+01  7.880809E-01  5.348820E+01  7.357556E-01
  1.350000E+01 -3.000000E+01     4  1.757064E+02 -9.030843E+01 -9.458487E-01 -1.757039E+02
  1.350000E+01 -3.000000E+01     5  3.041319E+02 -9.030840E+01 -1.636993E+00 -3.041275E+02
  1.350000E+01 -3.000000E+01     6  2.785963E-03  1.799999E+02 -2.785963E-03  4.220563E-09
  1.350000E+01  0.000000E+00     1  5.233393E+01  8.969160E+01  2.816864E-01  5.233317E+01
  1.350000E+01  0.000000E+00     2  0.000000E+00  9.000000E+01  0.000000E+00  0.000000E+00
  1.350000E+01  0.000000E+00     3  5.349332E+01  7.880788E-01  5.348827E+01  7.357545E-01
  1.350000E+01  0.000000E+00     4  0.000000E+00  9.000000E+01  0.000000E+00  0.000000E+00
  1.350000E+01  0.000000E+00     5  3.510750E+02 -9.030840E+01 -1.889643E+00 -3.510699E+02
  1.350000E+01  0.000000E+00     6  0.000000E+00  9.000000E+01  0.000000E+00  0.000000E+00
  1.350000E+01  3.000000E+01     1  4.533647E+01  8.969160E+01  2.440247E-01  4.533582E+01
  1.350000E+01  3.000000E+01     2  2.619306E+01  8.969157E+01  1.409984E-01  2.619268E+01
  1.350000E+01  3.000000E+01     3  5.349326E+01  7.880809E-01  5.348820E+01  7.357556E-01
  1.350000E+01  3.000000E+01     4  1.757064E+02  8.969157E+01  9.458487E-01  1.757039E+02
  1.350000E+01  3.000000E+01     5  3.041319E+02 -9.030840E+01 -1.636993E+00 -3.041275E+02
  1.350000E+01  3.000000E+01     6  2.785963E-03 -8.679958E-05  2.785963E-03 -4.220563E-09
  1.350000E+01  6.000000E+01     1  2.619109E+01  8.969160E+01  1.409770E-01  2.619071E+01
  1.350000E+01  6.000000E+01     2  4.533990E+01  8.969158E+01  2.440621E-01  4.533925E+01
  1.350000E+01  6.000000E+01     3  5.349328E+01  7.880809E-01  5.348822E+01  7.357558E-01
  1.350000E+01  6.000000E+01     4  3.041511E+02  8.969158E+01  1.637222E+00  3.041467E+02
  1.350000E+01  6.000000E+01     5  1.756950E+02 -9.030841E+01 -9.457166E-01 -1.756924E+02
  1.350000E+01  6.000000E+01     6  1.785177E-03 -1.799999E+02 -1.785177E-03 -4.206116E-09
  1.350000E+01  9.000000E+01     1  2.290400E-06 -9.030841E+01 -1.232845E-08 -2.290367E-06
  1.350000E+01  9.000000E+01     2  5.233763E+01  8.969158E+01  2.817300E-01  5.233687E+01
  1.350000E+01  9.000000E+01     3  5.349331E+01  7.880801E-01  5.348825E+01  7.357554E-01
  1.350000E+01  9.000000E+01     4  3.510983E+02  8.969159E+01  1.889906E+00  3.510932E+02
  1.350000E+01  9.000000E+01     5  1.536430E-05  8.969159E+01  8.270322E-08  1.536408E-05
  1.350000E+01  9.000000E+01     6  4.104644E-10  5.968259E-05  4.104644E-10  4.275634E-16
  1.350000E+01  1.200000E+02     1  2.619110E+01 -9.030841E+01 -1.409769E-01 -2.619072E+01
  1.350000E+01  1.200000E+02     2  4.533988E+01  8.969158E+01  2.440621E-01  4.533923E+01
  1.350000E+01  1.200000E+02     3  5.349328E+01  7.880809E-01  5.348822E+01  7.357558E-01
  1.350000E+01  1.200000E+02     4  3.041512E+02  8.969158E+01  1.637220E+00  3.041468E+02
  1.350000E+01  1.200000E+02     5  1.756950E+02  8.969160E+01  9.457158E-01  1.756925E+02
  1.350000E+01  1.200000E+02     6  1.783797E-03  1.355708E-04  1.783797E-03  4.220743E-09
  1.350000E+01  1.500000E+02     1  4.533647E+01 -9.030840E+01 -2.440246E-01 -4.533581E+01
  1.350000E+01  1.500000E+02     2  2.619308E+01  8.969157E+01  1.409985E-01  2.619271E+01
  1.350000E+01  1.500000E+02     3  5.349326E+01  7.880809E-01  5.348820E+01  7.357556E-01
  1.350000E+01  1.500000E+02     4  1.757062E+02  8.969157E+01  9.458493E-01  1.757037E+02
  1.350000E+01  1.500000E+02     5  3.041318E+02  8.969160E+01  1.636992E+00  3.041274E+02
  1.350000E+01  1.500000E+02     6  2.786090E-03  1.799999E+02 -2.786090E-03  4.195273E-09
  1.350000E+01  1.800000E+02     1  5.233393E+01 -9.030840E+01 -2.816864E-01 -5.233317E+01
  1.350000E+01  1.800000E+02     2  4.581161E-06 -9.030843E+01 -2.466070E-08 -4.581095E-06
  1.350000E+01  1.800000E+02     3  5.349332E+01  7.880788E-01  5.348827E+01  7.357545E-01
  1.350000E+01  1.800000E+02     4  3.073055E-05 -9.030844E+01 -1.654304E-07 -3.073011E-05
  1.350000E+01  1.800000E+02     5  3.510750E+02  8.969160E+01  1.889643E+00  3.510699E+02
  1.350000E+01  1.800000E+02     6  1.021712E-09 -4.775463E-05  1.021712E-09 -8.515720E-16
  1.400000E+01 -1.800000E+02     1  4.914211E+01 -9.025217E+01 -2.162804E-01 -4.914163E+01
  1.400000E+01 -1.800000E+02     2  4.301006E-06  8.974780E+01  1.893138E-08  4.300964E-06
  1.400000E+01 -1.800000E+02     3  5.501493E+01  6.914937E-01  5.501093E+01  6.639504E-01
  1.400000E+01 -1.800000E+02     4  2.896989E-05  8.974780E+01  1.275178E-07  2.896961E-05
  1.400000E+01 -1.800000E+02     5  3.310167E+02  8.974783E+01  1.456836E+00  3.310135E+02
  1.400000E+01 -1.800000E+02     6  7.897886E-10  1.800000E+02 -7.897886E-10  5.449971E-16
  1.400000E+01 -1.500000E+02     1  4.256960E+01 -9.025217E+01 -1.873548E-01 -4.256919E+01
  1.400000E+01 -1.500000E+02     2  2.459228E+01 -9.025220E+01 -1.082444E-01 -2.459204E+01
  1.400000E+01 -1.500000E+02     3  5.501498E+01  6.914934E-01  5.501097E+01  6.639507E-01
  1.400000E+01 -1.500000E+02     4  1.656461E+02 -9.025220E+01 -7.291171E-01 -1.656445E+02
  1.400000E+01 -1.500000E+02     5  2.867421E+02  8.974783E+01  1.262000E+00  2.867393E+02
  1.400000E+01 -1.500000E+02     6  2.176009E-03 -7.077001E-05  2.176009E-03 -2.687740E-09
  1.400000E+01 -1.200000E+02     1  2.459053E+01 -9.025217E+01 -1.082284E-01 -2.459029E+01
  1.400000E+01 -1.200000E+02     2  4.257282E+01 -9.025219E+01 -1.873838E-01 -4.257241E+01
  1.400000E+01 -1.200000E+02     3  5.501501E+01  6.914930E-01  5.501101E+01  6.639507E-01
  1.400000E+01 -1.200000E+02     4  2.867607E+02 -9.025219E+01 -1.262178E+00 -2.867579E+02
  1.400000E+01 -1.200000E+02     5  1.656360E+02  8.974783E+01  7.290136E-01  1.656344E+02
  1.400000E+01 -1.200000E+02     6  1.294823E-03 -1.799999E+02 -1.294823E-03 -2.695483E-09
  1.400000E+01 -9.000000E+01     1  2.150346E-06 -9.025217E+01 -9.464210E-09 -2.150325E-06
  1.400000E+01 -9.000000E+01     2  4.914566E+01 -9.025219E+01 -2.163125E-01 -4.914518E+01
  1.400000E+01 -9.000000E+01     3  5.501487E+01  6.914937E-01  5.501086E+01  6.639497E-01
  1.400000E+01 -9.000000E+01     4  3.310381E+02 -9.025219E+01 -1.457041E+00 -3.310349E+02
  1.400000E+01 -9.000000E+01     5  1.448410E-05  8.974782E+01  6.374975E-08  1.448396E-05
  1.400000E+01 -9.000000E+01     6  3.053722E-10 -1.800000E+02 -3.053722E-10 -2.723901E-16
  1.400000E+01 -6.000000E+01     1  2.459054E+01  8.974783E+01  1.082284E-01  2.459030E+01
  1.400000E+01 -6.000000E+01     2  4.257284E+01 -9.025219E+01 -1.873838E-01 -4.257243E+01
  1.400000E+01 -6.000000E+01     3  5.501501E+01  6.914930E-01  5.501101E+01  6.639507E-01
  1.400000E+01 -6.000000E+01     4  2.867605E+02 -9.025219E+01 -1.262176E+00 -2.867578E+02
  1.400000E+01 -6.000000E+01     5  1.656360E+02 -9.025218E+01 -7.290134E-01 -1.656344E+02
  1.400000E+01 -6.000000E+01     6  1.295884E-03  1.188079E-04  1.295884E-03  2.687131E-09
  1.400000E+01 -3.000000E+01     1  4.256960E+01  8.974783E+01  1.873551E-01  4.256919E+01
  1.400000E+01 -3.000000E+01     2  2.459230E+01 -9.025220E+01 -1.082443E-01 -2.459206E+01
  1.400000E+01 -3.000000E+01     3  5.501498E+01  6.914934E-01  5.501097E+01  6.639507E-01
  1.400000E+01 -3.000000E+01     4  1.656462E+02 -9.025220E+01 -7.291170E-01 -1.656446E+02
  1.400000E+01 -3.000000E+01     5  2.867423E+02 -9.025217E+01 -1.262000E+00 -2.867395E+02
  1.400000E+01 -3.000000E+01     6  2.175214E-03  1.799999E+02 -2.175214E-03  2.693447E-09
  1.400000E+01  0.000000E+00     1  4.914211E+01  8.974783E+01  2.162804E-01  4.914163E+01
  1.400000E+01  0.000000E+00     2  0.000000E+00  9.000000E+01  0.000000E+00  0.000000E+00
  1.400000E+01  0.000000E+00     3  5.501493E+01  6.914937E-01  5.501093E+01  6.639504E-01
  1.400000E+01  0.000000E+00     4  0.000000E+00  9.000000E+01  0.000000E+00  0.000000E+00
  1.400000E+01  0.000000E+00     5  3.310167E+02 -9.025217E+01 -1.456836E+00 -3.310135E+02
  1.400000E+01  0.000000E+00     6  0.000000E+00  9.000000E+01  0.000000E+00  0.000000E+00
  1.400000E+01  3.000000E+01     1  4.256960E+01  8.974783E+01  1.873551E-01  4.256919E+01
  1.400000E+01  3.000000E+01     2  2.459230E+01  8.974781E+01  1.082443E-01  2.459206E+01
  1.400000E+01  3.000000E+01     3  5.501498E+01  6.914934E-01  5.501097E+01  6.639507E-01
  1.400000E+01  3.000000E+01     4  1.656462E+02  8.974780E+01  7.291170E-01  1.656446E+02
  1.400000E+01  3.000000E+01     5  2.867423E+02 -9.025217E+01 -1.262000E+00 -2.867395E+02
  1.400000E+01  3.000000E+01     6  2.175214E-03 -7.094619E-05  2.175214E-03 -2.693447E-09
  1.400000E+01  6.000000E+01     1  2.459054E+01  8.974783E+01  1.082284E-01  2.459030E+01
  1.400000E+01  6.000000E+01     2  4.257284E+01  8.974781E+01  1.873838E-01  4.257243E+01
  1.400000E+01  6.000000E+01     3  5.501501E+01  6.914930E-01  5.501101E+01  6.639507E-01
  1.400000E+01  6.000000E+01     4  2.867605E+02  8.974781E+01  1.262176E+00  2.867578E+02
  1.400000E+01  6.000000E+01     5  1.656360E+02 -9.025218E+01 -7.290134E-01 -1.656344E+02
  1.400000E+01  6.000000E+01     6  1.295884E-03 -1.799999E+02 -1.295884E-03 -2.687131E-09
  1.400000E+01  9.000000E+01     1  2.150346E-06 -9.025217E+01 -9.464210E-09 -2.150325E-06
  1.400000E+01  9.000000E+01     2  4.914566E+01  8.974781E+01  2.163125E-01  4.914518E+01
  1.400000E+01  9.000000E+01     3  5.501487E+01  6.914937E-01  5.501086E+01  6.639497E-01
  1.400000E+01  9.000000E+01     4  3.310381E+02  8.974782E+01  1.457041E+00  3.310349E+02
  1.400000E+01  9.000000E+01     5  1.448410E-05  8.974782E+01  6.374975E-08  1.448396E-05
  1.400000E+01  9.000000E+01     6  3.053722E-10  5.110748E-05  3.053722E-10  2.723901E-16
  1.400000E+01  1.200000E+02     1  2.459053E+01 -9.025217E+01 -1.082284E-01 -2.459029E+01
  1.400000E+01  1.200000E+02     2  4.257282E+01  8.974781E+01  1.873838E-01  4.257241E+01
  1.400000E+01  1.200000E+02     3  5.501501E+01  6.914930E-01  5.501101E+01  6.639507E-01
  1.400000E+01  1.200000E+02     4  2.867607E+02  8.974781E+01  1.262178E+00  2.867579E+02
  1.400000E+01  1.200000E+02     5  1.656360E+02  8.974783E+01  7.290136E-01  1.656344E+02
  1.400000E+01  1.200000E+02     6  1.294823E-03  1.192748E-04  1.294823E-03  2.695483E-09
  1.400000E+01  1.500000E+02     1  4.256960E+01 -9.025217E+01 -1.873548E-01 -4.256919E+01
  1.400000E+01  1.500000E+02     2  2.459228E+01  8.974781E+01  1.082444E-01  2.459204E+01
  1.400000E+01  1.500000E+02     3  5.501498E+01  6.914934E-01  5.501097E+01  6.639507E-01
  1.400000E+01  1.500000E+02     4  1.656461E+02  8.974780E+01  7.291171E-01  1.656445E+02
  1.400000E+01  1.500000E+02     5  2.867421E+02  8.974783E+01  1.262000E+00  2.867393E+02
  1.400000E+01  1.500000E+02     6  2.176009E-03  1.799999E+02 -2.176009E-03  2.687740E-09
  1.400000E+01  1.800000E+02     1  4.914211E+01 -9.025217E+01 -2.162804E-01 -4.914163E+01
  1.400000E+01  1.800000E+02     2  4.301006E-06 -9.025220E+01 -1.893138E-08 -4.300964E-06
  1.400000E+01  1.800000E+02     3  5.501493E+01  6.914937E-01  5.501093E+01  6.639504E-01
  1.400000E+01  1.800000E+02     4  2.896989E-05 -9.025220E+01 -1.275178E-07 -2.896961E-05
  1.400000E+01  1.800000E+02     5  3.310167E+02  8.974783E+01  1.456836E+00  3.310135E+02
  1.400000E+01  1.800000E+02     6  7.897886E-10 -3.953721E-05  7.897886E-10 -5.449971E-16
  1.450000E+01 -1.800000E+02     1  4.625345E+01 -9.020747E+01 -1.674814E-01 -4.625315E+01
  1.450000E+01 -1.800000E+02     2  4.047641E-06  8.979252E+01  1.465777E-08  4.047615E-06
  1.450000E+01 -1.800000E+02     3  5.642187E+01  6.084315E-01  5.641869E+01  5.991400E-01
  1.450000E+01 -1.800000E+02     4  2.736379E-05  8.979251E+01  9.909525E-08  2.736361E-05
  1.450000E+01 -1.800000E+02     5  3.127064E+02  8.979253E+01  1.132296E+00  3.127043E+02
  1.450000E+01 -1.800000E+02     6  6.164484E-10  1.800000E+02 -6.164484E-10  3.514317E-16
  1.450000E+01 -1.500000E+02     1  4.006595E+01 -9.020747E+01 -1.450781E-01 -4.006569E+01
  1.450000E+01 -1.500000E+02     2  2.314437E+01 -9.020749E+01 -8.381324E-02 -2.314422E+01
  1.450000E+01 -1.500000E+02     3  5.642187E+01  6.084323E-01  5.641869E+01  5.991409E-01
  1.450000E+01 -1.500000E+02     4  1.564683E+02 -9.020749E+01 -5.666299E-01 -1.564672E+02
  1.450000E+01 -1.500000E+02     5  2.708737E+02  8.979253E+01  9.808304E-01  2.708719E+02
  1.450000E+01 -1.500000E+02     6  1.719173E-03 -5.812727E-05  1.719173E-03 -1.744122E-09
  1.450000E+01 -1.200000E+02     1  2.314276E+01 -9.020747E+01 -8.380041E-02 -2.314261E+01
  1.450000E+01 -1.200000E+02     2  4.006895E+01 -9.020748E+01 -1.451002E-01 -4.006869E+01
  1.450000E+01 -1.200000E+02     3  5.642183E+01  6.084324E-01  5.641865E+01  5.991405E-01
  1.450000E+01 -1.200000E+02     4  2.708902E+02 -9.020748E+01 -9.809675E-01 -2.708885E+02
  1.450000E+01 -1.200000E+02     5  1.564582E+02  8.979253E+01  5.665488E-01  1.564572E+02
  1.450000E+01 -1.200000E+02     6  9.434631E-04 -1.799999E+02 -9.434631E-04 -1.746943E-09
  1.450000E+01 -9.000000E+01     1  2.023669E-06 -9.020747E+01 -7.327811E-09 -2.023656E-06
  1.450000E+01 -9.000000E+01     2  4.625693E+01 -9.020748E+01 -1.675071E-01 -4.625663E+01
  1.450000E+01 -9.000000E+01     3  5.642193E+01  6.084318E-01  5.641875E+01  5.991411E-01
  1.450000E+01 -9.000000E+01     4  3.127263E+02 -9.020748E+01 -1.132452E+00 -3.127243E+02
  1.450000E+01 -9.000000E+01     5  1.368108E-05  8.979253E+01  4.954091E-08  1.368099E-05
  1.450000E+01 -9.000000E+01     6  2.298368E-10 -1.800000E+02 -2.298368E-10 -1.761504E-16
  1.450000E+01 -6.000000E+01     1  2.314275E+01  8.979253E+01  8.380034E-02  2.314259E+01
  1.450000E+01 -6.000000E+01     2  4.006898E+01 -9.020748E+01 -1.451003E-01 -4.006872E+01
  1.450000E+01 -6.000000E+01     3  5.642188E+01  6.084326E-01  5.641869E+01  5.991412E-01
  1.450000E+01 -6.000000E+01     4  2.708904E+02 -9.020748E+01 -9.809681E-01 -2.708886E+02
  1.450000E+01 -6.000000E+01     5  1.564582E+02 -9.020747E+01 -5.665484E-01 -1.564572E+02
  1.450000E+01 -6.000000E+01     6  9.418328E-04  1.062963E-04  9.418328E-04  1.747307E-09
  1.450000E+01 -3.000000E+01     1  4.006595E+01  8.979253E+01  1.450782E-01  4.006569E+01
  1.450000E+01 -3.000000E+01     2  2.314438E+01 -9.020749E+01 -8.381319E-02 -2.314423E+01
  1.450000E+01 -3.000000E+01     3  5.642187E+01  6.084323E-01  5.641869E+01  5.991409E-01
  1.450000E+01 -3.000000E+01     4  1.564683E+02 -9.020749E+01 -5.666298E-01 -1.564673E+02
  1.450000E+01 -3.000000E+01     5  2.708739E+02 -9.020747E+01 -9.808305E-01 -2.708721E+02
  1.450000E+01 -3.000000E+01     6  1.719387E-03  1.799999E+02 -1.719387E-03  1.754959E-09
  1.450000E+01  0.000000E+00     1  4.625345E+01  8.979253E+01  1.674814E-01  4.625315E+01
  1.450000E+01  0.000000E+00     2  0.000000E+00  9.000000E+01  0.000000E+00  0.000000E+00
  1.450000E+01  0.000000E+00     3  5.642187E+01  6.084315E-01  5.641869E+01  5.991400E-01
  1.450000E+01  0.000000E+00     4  0.000000E+00  9.000000E+01  0.000000E+00  0.000000E+00
  1.450000E+01  0.000000E+00     5  3.127064E+02 -9.020747E+01 -1.132296E+00 -3.127043E+02
  1.450000E+01  0.000000E+00     6  0.000000E+00  9.000000E+01  0.000000E+00  0.000000E+00
  1.450000E+01  3.000000E+01     1  4.006595E+01  8.979253E+01  1.450782E-01  4.006569E+01
  1.450000E+01  3.000000E+01     2  2.314438E+01  8.979252E+01  8.381319E-02  2.314423E+01
  1.450000E+01  3.000000E+01     3  5.642187E+01  6.084323E-01  5.641869E+01  5.991409E-01
  1.450000E+01  3.000000E+01     4  1.564683E+02  8.979251E+01  5.666298E-01  1.564673E+02
  1.450000E+01  3.000000E+01     5  2.708739E+02 -9.020747E+01 -9.808305E-01 -2.708721E+02
  1.450000E+01  3.000000E+01     6  1.719387E-03 -5.848114E-05  1.719387E-03 -1.754959E-09
  1.450000E+01  6.000000E+01     1  2.314275E+01  8.979253E+01  8.380034E-02  2.314259E+01
  1.450000E+01  6.000000E+01     2  4.006898E+01  8.979252E+01  1.451003E-01  4.006872E+01
  1.450000E+01  6.000000E+01     3  5.642188E+01  6.084326E-01  5.641869E+01  5.991412E-01
  1.450000E+01  6.000000E+01     4  2.708904E+02  8.979252E+01  9.809681E-01  2.708886E+02
  1.450000E+01  6.000000E+01     5  1.564582E+02 -9.020747E+01 -5.665484E-01 -1.564572E+02
  1.450000E+01  6.000000E+01     6  9.418328E-04 -1.799999E+02 -9.418328E-04 -1.747307E-09
  1.450000E+01  9.000000E+01     1  2.023669E-06 -9.020747E+01 -7.327811E-09 -2.023656E-06
  1.450000E+01  9.000000E+01     2  4.625693E+01  8.979252E+01  1.675071E-01  4.625663E+01
  1.450000E+01  9.000000E+01     3  5.642193E+01  6.084318E-01  5.641875E+01  5.991411E-01
  1.450000E+01  9.000000E+01     4  3.127263E+02  8.979253E+01  1.132452E+00  3.127243E+02
  1.450000E+01  9.000000E+01     5  1.368108E-05  8.979253E+01  4.954091E-08  1.368099E-05
  1.450000E+01  9.000000E+01     6  2.298368E-10  4.391234E-05  2.298368E-10  1.761504E-16
  1.450000E+01  1.200000E+02     1  2.314276E+01 -9.020747E+01 -8.380041E-02 -2.314261E+01
  1.450000E+01  1.200000E+02     2  4.006895E+01  8.979252E+01  1.451002E-01  4.006869E+01
  1.450000E+01  1.200000E+02     3  5.642183E+01  6.084324E-01  5.641865E+01  5.991405E-01
  1.450000E+01  1.200000E+02     4  2.708902E+02  8.979252E+01  9.809675E-01  2.708885E+02
  1.450000E+01  1.200000E+02     5  1.564582E+02  8.979253E+01  5.665488E-01  1.564572E+02
  1.450000E+01  1.200000E+02     6  9.434631E-04  1.060905E-04  9.434631E-04  1.746943E-09
  1.450000E+01  1.500000E+02     1  4.006595E+01 -9.020747E+01 -1.450781E-01 -4.006569E+01
  1.450000E+01  1.500000E+02     2  2.314437E+01  8.979252E+01  8.381324E-02  2.314422E+01
  1.450000E+01  1.500000E+02     3  5.642187E+01  6.084323E-01  5.641869E+01  5.991409E-01
  1.450000E+01  1.500000E+02     4  1.564683E+02  8.979251E+01  5.666299E-01  1.564672E+02
  1.450000E+01  1.500000E+02     5  2.708737E+02  8.979253E+01  9.808304E-01  2.708719E+02
  1.450000E+01  1.500000E+02     6  1.719173E-03  1.799999E+02 -1.719173E-03  1.744122E-09
  1.450000E+01  1.800000E+02     1  4.625345E+01 -9.020747E+01 -1.674814E-01 -4.625315E+01
  1.450000E+01  1.800000E+02     2  4.047641E-06 -9.020748E+01 -1.465777E-08 -4.047615E-06
  1.450000E+01  1.800000E+02     3  5.642187E+01  6.084315E-01  5.641869E+01  5.991400E-01
  1.450000E+01  1.800000E+02     4  2.736379E-05 -9.020749E+01 -9.909525E-08 -2.736361E-05
  1.450000E+01  1.800000E+02     5  3.127064E+02  8.979253E+01  1.132296E+00  3.127043E+02
  1.450000E+01  1.800000E+02     6  6.164484E-10 -3.266381E-05  6.164484E-10 -3.514317E-16
  1.500000E+01 -1.800000E+02     1  4.363753E+01 -9.017175E+01 -1.308114E-01 -4.363733E+01
  1.500000E+01 -1.800000E+02     2  3.818264E-06  8.982823E+01  1.144703E-08  3.818247E-06
  1.500000E+01 -1.800000E+02     3  5.772394E+01  5.368168E-01  5.772141E+01  5.408204E-01
  1.500000E+01 -1.800000E+02     4  2.589904E-05  8.982822E+01  7.764595E-08  2.589892E-05
  1.500000E+01 -1.800000E+02     5  2.960016E+02  8.982825E+01  8.873115E-01  2.960002E+02
  1.500000E+01 -1.800000E+02     6  4.876447E-10  1.800000E+02 -4.876447E-10  2.138704E-16
  1.500000E+01 -1.500000E+02     1  3.779873E+01 -9.017175E+01 -1.133093E-01 -3.779856E+01
  1.500000E+01 -1.500000E+02     2  2.183359E+01 -9.017177E+01 -6.545606E-02 -2.183349E+01
  1.500000E+01 -1.500000E+02     3  5.772395E+01  5.368164E-01  5.772142E+01  5.408201E-01
  1.500000E+01 -1.500000E+02     4  1.480965E+02 -9.017178E+01 -4.439910E-01 -1.480958E+02
  1.500000E+01 -1.500000E+02     5  2.563949E+02  8.982825E+01  7.685919E-01  2.563937E+02
  1.500000E+01 -1.500000E+02     6  1.379791E-03 -4.370875E-05  1.379791E-03 -1.052590E-09
  1.500000E+01 -1.200000E+02     1  2.183196E+01 -9.017175E+01 -6.544608E-02 -2.183186E+01
  1.500000E+01 -1.200000E+02     2  3.780169E+01 -9.017177E+01 -1.133259E-01 -3.780151E+01
  1.500000E+01 -1.200000E+02     3  5.772391E+01  5.368172E-01  5.772138E+01  5.408205E-01
  1.500000E+01 -1.200000E+02     4  2.564101E+02 -9.017177E+01 -7.686954E-01 -2.564089E+02
  1.500000E+01 -1.200000E+02     5  1.480876E+02  8.982825E+01  4.439308E-01  1.480870E+02
  1.500000E+01 -1.200000E+02     6  6.921397E-04 -1.799999E+02 -6.921397E-04 -1.053285E-09
  1.500000E+01 -9.000000E+01     1  1.908995E-06 -9.017175E+01 -5.722654E-09 -1.908986E-06
  1.500000E+01 -9.000000E+01     2  4.364073E+01 -9.017177E+01 -1.308306E-01 -4.364053E+01
  1.500000E+01 -9.000000E+01     3  5.772397E+01  5.368163E-01  5.772144E+01  5.408202E-01
  1.500000E+01 -9.000000E+01     4  2.960190E+02 -9.017177E+01 -8.874363E-01 -2.960177E+02
  1.500000E+01 -9.000000E+01     5  1.294873E-05  8.982824E+01  3.881771E-08  1.294867E-05
  1.500000E+01 -9.000000E+01     6  1.747140E-10 -1.800000E+02 -1.747140E-10 -1.074112E-16
  1.500000E+01 -6.000000E+01     1  2.183193E+01  8.982825E+01  6.544609E-02  2.183183E+01
  1.500000E+01 -6.000000E+01     2  3.780165E+01 -9.017177E+01 -1.133260E-01 -3.780148E+01
  1.500000E+01 -6.000000E+01     3  5.772391E+01  5.368172E-01  5.772138E+01  5.408205E-01
  1.500000E+01 -6.000000E+01     4  2.564099E+02 -9.017177E+01 -7.686948E-01 -2.564088E+02
  1.500000E+01 -6.000000E+01     5  1.480875E+02 -9.017176E+01 -4.439310E-01 -1.480868E+02
  1.500000E+01 -6.000000E+01     6  6.915886E-04  8.724411E-05  6.915886E-04  1.053080E-09
  1.500000E+01 -3.000000E+01     1  3.779871E+01  8.982825E+01  1.133094E-01  3.779854E+01
  1.500000E+01 -3.000000E+01     2  2.183359E+01 -9.017177E+01 -6.545599E-02 -2.183350E+01
  1.500000E+01 -3.000000E+01     3  5.772395E+01  5.368164E-01  5.772142E+01  5.408201E-01
  1.500000E+01 -3.000000E+01     4  1.480963E+02 -9.017178E+01 -4.439908E-01 -1.480956E+02
  1.500000E+01 -3.000000E+01     5  2.563950E+02 -9.017175E+01 -7.685918E-01 -2.563938E+02
  1.500000E+01 -3.000000E+01     6  1.379414E-03  1.800000E+02 -1.379414E-03  1.053950E-09
  1.500000E+01  0.000000E+00     1  4.363753E+01  8.982825E+01  1.308114E-01  4.363733E+01
  1.500000E+01  0.000000E+00     2  0.000000E+00  9.000000E+01  0.000000E+00  0.000000E+00
  1.500000E+01  0.000000E+00     3  5.772394E+01  5.368168E-01  5.772141E+01  5.408204E-01
  1.500000E+01  0.000000E+00     4  0.000000E+00  9.000000E+01  0.000000E+00  0.000000E+00
  1.500000E+01  0.000000E+00     5  2.960016E+02 -9.017175E+01 -8.873115E-01 -2.960002E+02
  1.500000E+01  0.000000E+00     6  0.000000E+00  9.000000E+01  0.000000E+00  0.000000E+00
  1.500000E+01  3.000000E+01     1  3.779871E+01  8.982825E+01  1.133094E-01  3.779854E+01
  1.500000E+01  3.000000E+01     2  2.183359E+01  8.982823E+01  6.545599E-02  2.183350E+01
  1.500000E+01  3.000000E+01     3  5.772395E+01  5.368164E-01  5.772142E+01  5.408201E-01
  1.500000E+01  3.000000E+01     4  1.480963E+02  8.982823E+01  4.439908E-01  1.480956E+02
  1.500000E+01  3.000000E+01     5  2.563950E+02 -9.017175E+01 -7.685918E-01 -2.563938E+02
  1.500000E+01  3.000000E+01     6  1.379414E-03 -4.377720E-05  1.379414E-03 -1.053950E-09
  1.500000E+01  6.000000E+01     1  2.183193E+01  8.982825E+01  6.544609E-02  2.183183E+01
  1.500000E+01  6.000000E+01     2  3.780165E+01  8.982823E+01  1.133260E-01  3.780148E+01
  1.500000E+01  6.000000E+01     3  5.772391E+01  5.368172E-01  5.772138E+01  5.408205E-01
  1.500000E+01  6.000000E+01     4  2.564099E+02  8.982823E+01  7.686948E-01  2.564088E+02
  1.500000E+01  6.000000E+01     5  1.480875E+02 -9.017176E+01 -4.439310E-01 -1.480868E+02
  1.500000E+01  6.000000E+01     6  6.915886E-04 -1.799999E+02 -6.915886E-04 -1.053080E-09
  1.500000E+01  9.000000E+01     1  1.908995E-06 -9.017175E+01 -5.722654E-09 -1.908986E-06
  1.500000E+01  9.000000E+01     2  4.364073E+01  8.982823E+01  1.308306E-01  4.364053E+01
  1.500000E+01  9.000000E+01     3  5.772397E+01  5.368163E-01  5.772144E+01  5.408202E-01
  1.500000E+01  9.000000E+01     4  2.960190E+02  8.982823E+01  8.874363E-01  2.960177E+02
  1.500000E+01  9.000000E+01     5  1.294873E-05  8.982824E+01  3.881771E-08  1.294867E-05
  1.500000E+01  9.000000E+01     6  1.747140E-10  3.522447E-05  1.747140E-10  1.074112E-16
  1.500000E+01  1.200000E+02     1  2.183196E+01 -9.017175E+01 -6.544608E-02 -2.183186E+01
  1.500000E+01  1.200000E+02     2  3.780169E+01  8.982823E+01  1.133259E-01  3.780151E+01
  1.500000E+01  1.200000E+02     3  5.772391E+01  5.368172E-01  5.772138E+01  5.408205E-01
  1.500000E+01  1.200000E+02     4  2.564101E+02  8.982823E+01  7.686954E-01  2.564089E+02
  1.500000E+01  1.200000E+02     5  1.480876E+02  8.982825E+01  4.439308E-01  1.480870E+02
  1.500000E+01  1.200000E+02     6  6.921397E-04  8.719166E-05  6.921397E-04  1.053285E-09
  1.500000E+01  1.500000E+02     1  3.779873E+01 -9.017175E+01 -1.133093E-01 -3.779856E+01
  1.500000E+01  1.500000E+02     2  2.183359E+01  8.982823E+01  6.545606E-02  2.183349E+01
  1.500000E+01  1.500000E+02     3  5.772395E+01  5.368164E-01  5.772142E+01  5.408201E-01
  1.500000E+01  1.500000E+02     4  1.480965E+02  8.982823E+01  4.439910E-01  1.480958E+02
  1.500000E+01  1.500000E+02     5  2.563949E+02  8.982825E+01  7.685919E-01  2.563937E+02
  1.500000E+01  1.500000E+02     6  1.379791E-03  1.800000E+02 -1.379791E-03  1.052590E-09
  1.500000E+01  1.800000E+02     1  4.363753E+01 -9.017175E+01 -1.308114E-01 -4.363733E+01
  1.500000E+01  1.800000E+02     2  3.818264E-06 -9.017177E+01 -1.144703E-08 -3.818247E-06
  1.500000E+01  1.800000E+02     3  5.772394E+01  5.368168E-01  5.772141E+01  5.408204E-01
  1.500000E+01  1.800000E+02     4  2.589904E-05 -9.017178E+01 -7.764595E-08 -2.589892E-05
  1.500000E+01  1.800000E+02     5  2.960016E+02  8.982825E+01  8.873115E-01  2.960002E+02
  1.500000E+01  1.800000E+02     6  4.876447E-10 -2.512869E-05  4.876447E-10 -2.138704E-16
  1.550000E+01 -1.800000E+02     1  4.126628E+01 -9.014310E+01 -1.030609E-01 -4.126615E+01
  1.550000E+01 -1.800000E+02     2  3.610436E-06  8.985689E+01  9.017772E-09  3.610425E-06
  1.550000E+01 -1.800000E+02     3  5.893010E+01  4.749668E-01  5.892807E+01  4.885092E-01
  1.550000E+01 -1.800000E+02     4  2.456296E-05  8.985689E+01  6.135159E-08  2.456289E-05
  1.550000E+01 -1.800000E+02     5  2.807582E+02  8.985691E+01  7.011778E-01  2.807573E+02
  1.550000E+01 -1.800000E+02     6  3.898699E-10  1.800000E+02 -3.898699E-10  1.477462E-16
  1.550000E+01 -1.500000E+02     1  3.574410E+01 -9.014310E+01 -8.926954E-02 -3.574399E+01
  1.550000E+01 -1.500000E+02     2  2.064570E+01 -9.014311E+01 -5.156606E-02 -2.064564E+01
  1.550000E+01 -1.500000E+02     3  5.893010E+01  4.749674E-01  5.892808E+01  4.885100E-01
  1.550000E+01 -1.500000E+02     4  1.404604E+02 -9.014311E+01 -3.508284E-01 -1.404600E+02
  1.550000E+01 -1.500000E+02     5  2.431856E+02  8.985690E+01  6.073462E-01  2.431849E+02
  1.550000E+01 -1.500000E+02     6  1.116271E-03 -3.771976E-05  1.116271E-03 -7.348790E-10
  1.550000E+01 -1.200000E+02     1  2.064423E+01 -9.014310E+01 -5.155839E-02 -2.064417E+01
  1.550000E+01 -1.200000E+02     2  3.574660E+01 -9.014311E+01 -8.928296E-02 -3.574649E+01
  1.550000E+01 -1.200000E+02     3  5.893009E+01  4.749669E-01  5.892806E+01  4.885093E-01
  1.550000E+01 -1.200000E+02     4  2.431991E+02 -9.014311E+01 -6.074301E-01 -2.431983E+02
  1.550000E+01 -1.200000E+02     5  1.404513E+02  8.985690E+01  3.507795E-01  1.404508E+02
  1.550000E+01 -1.200000E+02     6  5.071803E-04 -1.799999E+02 -5.071803E-04 -7.319456E-10
  1.550000E+01 -9.000000E+01     1  1.805093E-06 -9.014310E+01 -4.508202E-09 -1.805087E-06
  1.550000E+01 -9.000000E+01     2  4.126941E+01 -9.014310E+01 -1.030759E-01 -4.126928E+01
  1.550000E+01 -9.000000E+01     3  5.893013E+01  4.749669E-01  5.892810E+01  4.885097E-01
  1.550000E+01 -9.000000E+01     4  2.807751E+02 -9.014310E+01 -7.012727E-01 -2.807742E+02
  1.550000E+01 -9.000000E+01     5  1.228072E-05  8.985690E+01  3.067165E-08  1.228068E-05
  1.550000E+01 -9.000000E+01     6  1.335924E-10 -1.800000E+02 -1.335924E-10 -7.380788E-17
  1.550000E+01 -6.000000E+01     1  2.064423E+01  8.985690E+01  5.155837E-02  2.064416E+01
  1.550000E+01 -6.000000E+01     2  3.574661E+01 -9.014311E+01 -8.928299E-02 -3.574650E+01
  1.550000E+01 -6.000000E+01     3  5.893009E+01  4.749669E-01  5.892806E+01  4.885093E-01
  1.550000E+01 -6.000000E+01     4  2.431994E+02 -9.014311E+01 -6.074296E-01 -2.431987E+02
  1.550000E+01 -6.000000E+01     5  1.404512E+02 -9.014310E+01 -3.507795E-01 -1.404507E+02
  1.550000E+01 -6.000000E+01     6  5.077265E-04  8.272861E-05  5.077265E-04  7.330994E-10
  1.550000E+01 -3.000000E+01     1  3.574410E+01  8.985690E+01  8.926952E-02  3.574399E+01
  1.550000E+01 -3.000000E+01     2  2.064571E+01 -9.014311E+01 -5.156612E-02 -2.064564E+01
  1.550000E+01 -3.000000E+01     3  5.893010E+01  4.749673E-01  5.892807E+01  4.885098E-01
  1.550000E+01 -3.000000E+01     4  1.404604E+02 -9.014311E+01 -3.508281E-01 -1.404599E+02
  1.550000E+01 -3.000000E+01     5  2.431855E+02 -9.014310E+01 -6.073456E-01 -2.431848E+02
  1.550000E+01 -3.000000E+01     6  1.116943E-03  1.800000E+02 -1.116943E-03  7.353929E-10
  1.550000E+01  0.000000E+00     1  4.126628E+01  8.985690E+01  1.030609E-01  4.126615E+01
  1.550000E+01  0.000000E+00     2  0.000000E+00  9.000000E+01  0.000000E+00  0.000000E+00
  1.550000E+01  0.000000E+00     3  5.893010E+01  4.749668E-01  5.892807E+01  4.885092E-01
  1.550000E+01  0.000000E+00     4  0.000000E+00  9.000000E+01  0.000000E+00  0.000000E+00
  1.550000E+01  0.000000E+00     5  2.807582E+02 -9.014310E+01 -7.011778E-01 -2.807573E+02
  1.550000E+01  0.000000E+00     6  0.000000E+00  9.000000E+01  0.000000E+00  0.000000E+00
  1.550000E+01  3.000000E+01     1  3.574410E+01  8.985690E+01  8.926952E-02  3.574399E+01
  1.550000E+01  3.000000E+01     2  2.064571E+01  8.985690E+01  5.156612E-02  2.064564E+01
  1.550000E+01  3.000000E+01     3  5.893010E+01  4.749673E-01  5.892807E+01  4.885098E-01
  1.550000E+01  3.000000E+01     4  1.404604E+02  8.985689E+01  3.508281E-01  1.404599E+02
  1.550000E+01  3.000000E+01     5  2.431855E+02 -9.014310E+01 -6.073456E-01 -2.431848E+02
  1.550000E+01  3.000000E+01     6  1.116943E-03 -3.772343E-05  1.116943E-03 -7.353929E-10
  1.550000E+01  6.000000E+01     1  2.064423E+01  8.985690E+01  5.155837E-02  2.064416E+01
  1.550000E+01  6.000000E+01     2  3.574661E+01  8.985690E+01  8.928299E-02  3.574650E+01
  1.550000E+01  6.000000E+01     3  5.893009E+01  4.749669E-01  5.892806E+01  4.885093E-01
  1.550000E+01  6.000000E+01     4  2.431994E+02  8.985690E+01  6.074296E-01  2.431987E+02
  1.550000E+01  6.000000E+01     5  1.404512E+02 -9.014310E+01 -3.507795E-01 -1.404507E+02
  1.550000E+01  6.000000E+01     6  5.077265E-04 -1.799999E+02 -5.077265E-04 -7.330994E-10
  1.550000E+01  9.000000E+01     1  1.805093E-06 -9.014310E+01 -4.508202E-09 -1.805087E-06
  1.550000E+01  9.000000E+01     2  4.126941E+01  8.985690E+01  1.030759E-01  4.126928E+01
  1.550000E+01  9.000000E+01     3  5.893013E+01  4.749669E-01  5.892810E+01  4.885097E-01
  1.550000E+01  9.000000E+01     4  2.807751E+02  8.985690E+01  7.012727E-01  2.807742E+02
  1.550000E+01  9.000000E+01     5  1.228072E-05  8.985690E+01  3.067165E-08  1.228068E-05
  1.550000E+01  9.000000E+01     6  1.335924E-10  3.165510E-05  1.335924E-10  7.380788E-17
  1.550000E+01  1.200000E+02     1  2.064423E+01 -9.014310E+01 -5.155839E-02 -2.064417E+01
  1.550000E+01  1.200000E+02     2  3.574660E+01  8.985690E+01  8.928296E-02  3.574649E+01
  1.550000E+01  1.200000E+02     3  5.893009E+01  4.749669E-01  5.892806E+01  4.885093E-01
  1.550000E+01  1.200000E+02     4  2.431991E+02  8.985690E+01  6.074301E-01  2.431983E+02
  1.550000E+01  1.200000E+02     5  1.404513E+02  8.985690E+01  3.507795E-01  1.404508E+02
  1.550000E+01  1.200000E+02     6  5.071803E-04  8.268734E-05  5.071803E-04  7.319456E-10
  1.550000E+01  1.500000E+02     1  3.574410E+01 -9.014310E+01 -8.926954E-02 -3.574399E+01
  1.550000E+01  1.500000E+02     2  2.064570E+01  8.985690E+01  5.156606E-02  2.064564E+01
  1.550000E+01  1.500000E+02     3  5.893010E+01  4.749674E-01  5.892808E+01  4.885100E-01
  1.550000E+01  1.500000E+02     4  1.404604E+02  8.985689E+01  3.508284E-01  1.404600E+02
  1.550000E+01  1.500000E+02     5  2.431856E+02  8.985690E+01  6.073462E-01  2.431849E+02
  1.550000E+01  1.500000E+02     6  1.116271E-03  1.800000E+02 -1.116271E-03  7.348790E-10
  1.550000E+01  1.800000E+02     1  4.126628E+01 -9.014310E+01 -1.030609E-01 -4.126615E+01
  1.550000E+01  1.800000E+02     2  3.610436E-06 -9.014311E+01 -9.017772E-09 -3.610425E-06
  1.550000E+01  1.800000E+02     3  5.893010E+01  4.749668E-01  5.892807E+01  4.885092E-01
  1.550000E+01  1.800000E+02     4  2.456296E-05 -9.014311E+01 -6.135159E-08 -2.456289E-05
  1.550000E+01  1.800000E+02     5  2.807582E+02  8.985691E+01  7.011778E-01  2.807573E+02
  1.550000E+01  1.800000E+02     6  3.898699E-10 -2.171296E-05  3.898699E-10 -1.477462E-16
  1.600000E+01 -1.800000E+02     1  3.911453E+01 -9.011999E+01 -8.191562E-02 -3.911444E+01
  1.600000E+01 -1.800000E+02     2  3.421906E-06  8.988000E+01  7.166922E-09  3.421899E-06
  1.600000E+01 -1.800000E+02     3  6.004874E+01  4.214833E-01  6.004712E+01  4.417309E-01
  1.600000E+01 -1.800000E+02     4  2.334382E-05  8.988000E+01  4.889260E-08  2.334377E-05
  1.600000E+01 -1.800000E+02     5  2.668439E+02  8.988001E+01  5.588328E-01  2.668433E+02
  1.600000E+01 -1.800000E+02     6  3.167587E-10  1.800000E+02 -3.167587E-10  9.846777E-17
  1.600000E+01 -1.500000E+02     1  3.387962E+01 -9.012000E+01 -7.095246E-02 -3.387954E+01
  1.600000E+01 -1.500000E+02     2  1.956802E+01 -9.012000E+01 -4.098361E-02 -1.956797E+01
  1.600000E+01 -1.500000E+02     3  6.004875E+01  4.214834E-01  6.004712E+01  4.417310E-01
  1.600000E+01 -1.500000E+02     4  1.334908E+02 -9.012000E+01 -2.795899E-01 -1.334906E+02
  1.600000E+01 -1.500000E+02     5  2.311291E+02  8.988001E+01  4.840412E-01  2.311286E+02
  1.600000E+01 -1.500000E+02     6  9.201898E-04 -3.062118E-05  9.201898E-04 -4.917866E-10
  1.600000E+01 -1.200000E+02     1  1.956648E+01 -9.012000E+01 -4.097753E-02 -1.956643E+01
  1.600000E+01 -1.200000E+02     2  3.388210E+01 -9.012000E+01 -7.096289E-02 -3.388203E+01
  1.600000E+01 -1.200000E+02     3  6.004873E+01  4.214835E-01  6.004711E+01  4.417310E-01
  1.600000E+01 -1.200000E+02     4  2.311431E+02 -9.012000E+01 -4.841076E-01 -2.311426E+02
  1.600000E+01 -1.200000E+02     5  1.334826E+02  8.988000E+01  2.795509E-01  1.334823E+02
  1.600000E+01 -1.200000E+02     6  3.765807E-04 -1.799999E+02 -3.765807E-04 -4.888231E-10
  1.600000E+01 -9.000000E+01     1  1.710831E-06 -9.012000E+01 -3.582940E-09 -1.710827E-06
  1.600000E+01 -9.000000E+01     2  3.911748E+01 -9.012000E+01 -8.192746E-02 -3.911740E+01
  1.600000E+01 -9.000000E+01     3  6.004871E+01  4.214835E-01  6.004709E+01  4.417309E-01
  1.600000E+01 -9.000000E+01     4  2.668599E+02 -9.012000E+01 -5.589100E-01 -2.668593E+02
  1.600000E+01 -9.000000E+01     5  1.167125E-05  8.988000E+01  2.444303E-08  1.167123E-05
  1.600000E+01 -9.000000E+01     6  1.026962E-10 -1.800000E+02 -1.026962E-10 -4.917812E-17
  1.600000E+01 -6.000000E+01     1  1.956649E+01  8.988001E+01  4.097752E-02  1.956645E+01
  1.600000E+01 -6.000000E+01     2  3.388211E+01 -9.012000E+01 -7.096294E-02 -3.388203E+01
  1.600000E+01 -6.000000E+01     3  6.004869E+01  4.214838E-01  6.004707E+01  4.417311E-01
  1.600000E+01 -6.000000E+01     4  2.311434E+02 -9.012000E+01 -4.841078E-01 -2.311429E+02
  1.600000E+01 -6.000000E+01     5  1.334825E+02 -9.012000E+01 -2.795507E-01 -1.334822E+02
  1.600000E+01 -6.000000E+01     6  3.776446E-04  7.417639E-05  3.776446E-04  4.889070E-10
  1.600000E+01 -3.000000E+01     1  3.387962E+01  8.988001E+01  7.095250E-02  3.387955E+01
  1.600000E+01 -3.000000E+01     2  1.956802E+01 -9.012000E+01 -4.098358E-02 -1.956798E+01
  1.600000E+01 -3.000000E+01     3  6.004875E+01  4.214834E-01  6.004712E+01  4.417310E-01
  1.600000E+01 -3.000000E+01     4  1.334909E+02 -9.012000E+01 -2.795898E-01 -1.334906E+02
  1.600000E+01 -3.000000E+01     5  2.311289E+02 -9.011999E+01 -4.840411E-01 -2.311284E+02
  1.600000E+01 -3.000000E+01     6  9.209296E-04  1.800000E+02 -9.209296E-04  4.890852E-10
  1.600000E+01  0.000000E+00     1  3.911453E+01  8.988001E+01  8.191562E-02  3.911444E+01
  1.600000E+01  0.000000E+00     2  0.000000E+00  9.000000E+01  0.000000E+00  0.000000E+00
  1.600000E+01  0.000000E+00     3  6.004874E+01  4.214833E-01  6.004712E+01  4.417309E-01
  1.600000E+01  0.000000E+00     4  0.000000E+00  9.000000E+01  0.000000E+00  0.000000E+00
  1.600000E+01  0.000000E+00     5  2.668439E+02 -9.011999E+01 -5.588328E-01 -2.668433E+02
  1.600000E+01  0.000000E+00     6  0.000000E+00  9.000000E+01  0.000000E+00  0.000000E+00
  1.600000E+01  3.000000E+01     1  3.387962E+01  8.988001E+01  7.095250E-02  3.387955E+01
  1.600000E+01  3.000000E+01     2  1.956802E+01  8.988000E+01  4.098358E-02  1.956798E+01
  1.600000E+01  3.000000E+01     3  6.004875E+01  4.214834E-01  6.004712E+01  4.417310E-01
  1.600000E+01  3.000000E+01     4  1.334909E+02  8.988000E+01  2.795898E-01  1.334906E+02
  1.600000E+01  3.000000E+01     5  2.311289E+02 -9.011999E+01 -4.840411E-01 -2.311284E+02
  1.600000E+01  3.000000E+01     6  9.209296E-04 -3.042851E-05  9.209296E-04 -4.890852E-10
  1.600000E+01  6.000000E+01     1  1.956649E+01  8.988001E+01  4.097752E-02  1.956645E+01
  1.600000E+01  6.000000E+01     2  3.388211E+01  8.988000E+01  7.096294E-02  3.388203E+01
  1.600000E+01  6.000000E+01     3  6.004869E+01  4.214838E-01  6.004707E+01  4.417311E-01
  1.600000E+01  6.000000E+01     4  2.311434E+02  8.988000E+01  4.841078E-01  2.311429E+02
  1.600000E+01  6.000000E+01     5  1.334825E+02 -9.012000E+01 -2.795507E-01 -1.334822E+02
  1.600000E+01  6.000000E+01     6  3.776446E-04 -1.799999E+02 -3.776446E-04 -4.889070E-10
  1.600000E+01  9.000000E+01     1  1.710831E-06 -9.012000E+01 -3.582940E-09 -1.710827E-06
  1.600000E+01  9.000000E+01     2  3.911748E+01  8.988000E+01  8.192746E-02  3.911740E+01
  1.600000E+01  9.000000E+01     3  6.004871E+01  4.214835E-01  6.004709E+01  4.417309E-01
  1.600000E+01  9.000000E+01     4  2.668599E+02  8.988000E+01  5.589100E-01  2.668593E+02
  1.600000E+01  9.000000E+01     5  1.167125E-05  8.988000E+01  2.444303E-08  1.167123E-05
  1.600000E+01  9.000000E+01     6  1.026962E-10  2.743722E-05  1.026962E-10  4.917812E-17
  1.600000E+01  1.200000E+02     1  1.956648E+01 -9.012000E+01 -4.097753E-02 -1.956643E+01
  1.600000E+01  1.200000E+02     2  3.388210E+01  8.988000E+01  7.096289E-02  3.388203E+01
  1.600000E+01  1.200000E+02     3  6.004873E+01  4.214835E-01  6.004711E+01  4.417310E-01
  1.600000E+01  1.200000E+02     4  2.311431E+02  8.988000E+01  4.841076E-01  2.311426E+02
  1.600000E+01  1.200000E+02     5  1.334826E+02  8.988000E+01  2.795509E-01  1.334823E+02
  1.600000E+01  1.200000E+02     6  3.765807E-04  7.437317E-05  3.765807E-04  4.888231E-10
  1.600000E+01  1.500000E+02     1  3.387962E+01 -9.012000E+01 -7.095246E-02 -3.387954E+01
  1.600000E+01  1.500000E+02     2  1.956802E+01  8.988000E+01  4.098361E-02  1.956797E+01
  1.600000E+01  1.500000E+02     3  6.004875E+01  4.214834E-01  6.004712E+01  4.417310E-01
  1.600000E+01  1.500000E+02     4  1.334908E+02  8.988000E+01  2.795899E-01  1.334906E+02
  1.600000E+01  1.500000E+02     5  2.311291E+02  8.988001E+01  4.840412E-01  2.311286E+02
  1.600000E+01  1.500000E+02     6  9.201898E-04  1.800000E+02 -9.201898E-04  4.917866E-10
  1.600000E+01  1.800000E+02     1  3.911453E+01 -9.011999E+01 -8.191562E-02 -3.911444E+01
  1.600000E+01  1.800000E+02     2  3.421906E-06 -9.012000E+01 -7.166922E-09 -3.421899E-06
  1.600000E+01  1.800000E+02     3  6.004874E+01  4.214833E-01  6.004712E+01  4.417309E-01
  1.600000E+01  1.800000E+02     4  2.334382E-05 -9.012000E+01 -4.889260E-08 -2.334377E-05
  1.600000E+01  1.800000E+02     5  2.668439E+02  8.988001E+01  5.588328E-01  2.668433E+02
  1.600000E+01  1.800000E+02     6  3.167587E-10 -1.781099E-05  3.167587E-10 -9.846777E-17
  1.650000E+01 -1.800000E+02     1  3.715944E+01 -9.010129E+01 -6.568935E-02 -3.715939E+01
  1.650000E+01 -1.800000E+02     2  3.250645E-06  8.989870E+01  5.746860E-09  3.250640E-06
  1.650000E+01 -1.800000E+02     3  6.108716E+01  3.751834E-01  6.108585E+01  4.000072E-01
  1.650000E+01 -1.800000E+02     4  2.223057E-05  8.989870E+01  3.930220E-08  2.223053E-05
  1.650000E+01 -1.800000E+02     5  2.541346E+02  8.989872E+01  4.492480E-01  2.541342E+02
  1.650000E+01 -1.800000E+02     6  2.588690E-10  1.800000E+02 -2.588690E-10  6.662700E-17
  1.650000E+01 -1.500000E+02     1  3.218563E+01 -9.010129E+01 -5.689660E-02 -3.218558E+01
  1.650000E+01 -1.500000E+02     2  1.858892E+01 -9.010130E+01 -3.286368E-02 -1.858889E+01
  1.650000E+01 -1.500000E+02     3  6.108699E+01  3.751842E-01  6.108568E+01  4.000070E-01
  1.650000E+01 -1.500000E+02     4  1.271268E+02 -9.010130E+01 -2.247512E-01 -1.271266E+02
  1.650000E+01 -1.500000E+02     5  2.201167E+02  8.989872E+01  3.891151E-01  2.201164E+02
  1.650000E+01 -1.500000E+02     6  7.636972E-04 -2.463185E-05  7.636972E-04 -3.283187E-10
  1.650000E+01 -1.200000E+02     1  1.858754E+01 -9.010129E+01 -3.285885E-02 -1.858751E+01
  1.650000E+01 -1.200000E+02     2  3.218790E+01 -9.010130E+01 -5.690481E-02 -3.218785E+01
  1.650000E+01 -1.200000E+02     3  6.108710E+01  3.751837E-01  6.108579E+01  4.000071E-01
  1.650000E+01 -1.200000E+02     4  2.201296E+02 -9.010130E+01 -3.891683E-01 -2.201292E+02
  1.650000E+01 -1.200000E+02     5  1.271190E+02  8.989871E+01  2.247211E-01  1.271188E+02
  1.650000E+01 -1.200000E+02     6  2.724497E-04 -1.799999E+02 -2.724497E-04 -3.282690E-10
  1.650000E+01 -9.000000E+01     1  1.625207E-06 -9.010129E+01 -2.873008E-09 -1.625205E-06
  1.650000E+01 -9.000000E+01     2  3.716223E+01 -9.010130E+01 -6.569926E-02 -3.716217E+01
  1.650000E+01 -9.000000E+01     3  6.108708E+01  3.751836E-01  6.108577E+01  4.000069E-01
  1.650000E+01 -9.000000E+01     4  2.541498E+02 -9.010130E+01 -4.493091E-01 -2.541494E+02
  1.650000E+01 -9.000000E+01     5  1.111463E-05  8.989871E+01  1.964848E-08  1.111461E-05
  1.650000E+01 -9.000000E+01     6  8.012255E-11 -1.800000E+02 -8.012255E-11 -3.340425E-17
  1.650000E+01 -6.000000E+01     1  1.858753E+01  8.989871E+01  3.285884E-02  1.858750E+01
  1.650000E+01 -6.000000E+01     2  3.218793E+01 -9.010130E+01 -5.690494E-02 -3.218788E+01
  1.650000E+01 -6.000000E+01     3  6.108707E+01  3.751840E-01  6.108576E+01  4.000073E-01
  1.650000E+01 -6.000000E+01     4  2.201296E+02 -9.010130E+01 -3.891685E-01 -2.201292E+02
  1.650000E+01 -6.000000E+01     5  1.271190E+02 -9.010129E+01 -2.247212E-01 -1.271188E+02
  1.650000E+01 -6.000000E+01     6  2.727525E-04  6.913429E-05  2.727525E-04  3.291089E-10
  1.650000E+01 -3.000000E+01     1  3.218565E+01  8.989872E+01  5.689659E-02  3.218560E+01
  1.650000E+01 -3.000000E+01     2  1.858890E+01 -9.010130E+01 -3.286368E-02 -1.858887E+01
  1.650000E+01 -3.000000E+01     3  6.108698E+01  3.751843E-01  6.108567E+01  4.000069E-01
  1.650000E+01 -3.000000E+01     4  1.271269E+02 -9.010130E+01 -2.247510E-01 -1.271267E+02
  1.650000E+01 -3.000000E+01     5  2.201167E+02 -9.010129E+01 -3.891150E-01 -2.201164E+02
  1.650000E+01 -3.000000E+01     6  7.651557E-04  1.800000E+02 -7.651557E-04  3.286011E-10
  1.650000E+01  0.000000E+00     1  3.715944E+01  8.989871E+01  6.568935E-02  3.715939E+01
  1.650000E+01  0.000000E+00     2  0.000000E+00  9.000000E+01  0.000000E+00  0.000000E+00
  1.650000E+01  0.000000E+00     3  6.108716E+01  3.751834E-01  6.108585E+01  4.000072E-01
  1.650000E+01  0.000000E+00     4  0.000000E+00  9.000000E+01  0.000000E+00  0.000000E+00
  1.650000E+01  0.000000E+00     5  2.541346E+02 -9.010129E+01 -4.492480E-01 -2.541342E+02
  1.650000E+01  0.000000E+00     6  0.000000E+00  9.000000E+01  0.000000E+00  0.000000E+00
  1.650000E+01  3.000000E+01     1  3.218565E+01  8.989872E+01  5.689659E-02  3.218560E+01
  1.650000E+01  3.000000E+01     2  1.858890E+01  8.989870E+01  3.286368E-02  1.858887E+01
  1.650000E+01  3.000000E+01     3  6.108698E+01  3.751843E-01  6.108567E+01  4.000069E-01
  1.650000E+01  3.000000E+01     4  1.271269E+02  8.989870E+01  2.247510E-01  1.271267E+02
  1.650000E+01  3.000000E+01     5  2.201167E+02 -9.010129E+01 -3.891150E-01 -2.201164E+02
  1.650000E+01  3.000000E+01     6  7.651557E-04 -2.460605E-05  7.651557E-04 -3.286011E-10
  1.650000E+01  6.000000E+01     1  1.858753E+01  8.989871E+01  3.285884E-02  1.858750E+01
  1.650000E+01  6.000000E+01     2  3.218793E+01  8.989870E+01  5.690494E-02  3.218788E+01
  1.650000E+01  6.000000E+01     3  6.108707E+01  3.751840E-01  6.108576E+01  4.000073E-01
  1.650000E+01  6.000000E+01     4  2.201296E+02  8.989870E+01  3.891685E-01  2.201292E+02
  1.650000E+01  6.000000E+01     5  1.271190E+02 -9.010129E+01 -2.247212E-01 -1.271188E+02
  1.650000E+01  6.000000E+01     6  2.727525E-04 -1.799999E+02 -2.727525E-04 -3.291089E-10
  1.650000E+01  9.000000E+01     1  1.625207E-06 -9.010129E+01 -2.873008E-09 -1.625205E-06
  1.650000E+01  9.000000E+01     2  3.716223E+01  8.989870E+01  6.569926E-02  3.716217E+01
  1.650000E+01  9.000000E+01     3  6.108708E+01  3.751836E-01  6.108577E+01  4.000069E-01
  1.650000E+01  9.000000E+01     4  2.541498E+02  8.989870E+01  4.493091E-01  2.541494E+02
  1.650000E+01  9.000000E+01     5  1.111463E-05  8.989871E+01  1.964848E-08  1.111461E-05
  1.650000E+01  9.000000E+01     6  8.012255E-11  2.388744E-05  8.012255E-11  3.340425E-17
  1.650000E+01  1.200000E+02     1  1.858754E+01 -9.010129E+01 -3.285885E-02 -1.858751E+01
  1.650000E+01  1.200000E+02     2  3.218790E+01  8.989870E+01  5.690481E-02  3.218785E+01
  1.650000E+01  1.200000E+02     3  6.108710E+01  3.751837E-01  6.108579E+01  4.000071E-01
  1.650000E+01  1.200000E+02     4  2.201296E+02  8.989870E+01  3.891683E-01  2.201292E+02
  1.650000E+01  1.200000E+02     5  1.271190E+02  8.989871E+01  2.247211E-01  1.271188E+02
  1.650000E+01  1.200000E+02     6  2.724497E-04  6.903448E-05  2.724497E-04  3.282690E-10
  1.650000E+01  1.500000E+02     1  3.218563E+01 -9.010129E+01 -5.689660E-02 -3.218558E+01
  1.650000E+01  1.500000E+02     2  1.858892E+01  8.989870E+01  3.286368E-02  1.858889E+01
  1.650000E+01  1.500000E+02     3  6.108699E+01  3.751842E-01  6.108568E+01  4.000070E-01
  1.650000E+01  1.500000E+02     4  1.271268E+02  8.989870E+01  2.247512E-01  1.271266E+02
  1.650000E+01  1.500000E+02     5  2.201167E+02  8.989872E+01  3.891151E-01  2.201164E+02
  1.650000E+01  1.500000E+02     6  7.636972E-04  1.800000E+02 -7.636972E-04  3.283187E-10
  1.650000E+01  1.800000E+02     1  3.715944E+01 -9.010129E+01 -6.568935E-02 -3.715939E+01
  1.650000E+01  1.800000E+02     2  3.250645E-06 -9.010130E+01 -5.746860E-09 -3.250640E-06
  1.650000E+01  1.800000E+02     3  6.108716E+01  3.751834E-01  6.108585E+01  4.000072E-01
  1.650000E+01  1.800000E+02     4  2.223057E-05 -9.010130E+01 -3.930220E-08 -2.223053E-05
  1.650000E+01  1.800000E+02     5  2.541346E+02  8.989872E+01  4.492480E-01  2.541342E+02
  1.650000E+01  1.800000E+02     6  2.588690E-10 -1.474663E-05  2.588690E-10 -6.662700E-17
  1.700000E+01 -1.800000E+02     1  3.538039E+01 -9.008607E+01 -5.314821E-02 -3.538035E+01
  1.700000E+01 -1.800000E+02     2  3.094808E-06  8.991393E+01  4.649437E-09  3.094805E-06
  1.700000E+01 -1.800000E+02     3  6.205153E+01  3.350663E-01  6.205047E+01  3.628760E-01
  1.700000E+01 -1.800000E+02     4  2.121291E-05  8.991393E+01  3.186907E-08  2.121288E-05
  1.700000E+01 -1.800000E+02     5  2.425148E+02  8.991393E+01  3.643028E-01  2.425145E+02
  1.700000E+01 -1.800000E+02     6  2.149797E-10  1.800000E+02 -2.149797E-10  4.354811E-17
  1.700000E+01 -1.500000E+02     1  3.064407E+01 -9.008607E+01 -4.603349E-02 -3.064403E+01
  1.700000E+01 -1.500000E+02     2  1.769820E+01 -9.008607E+01 -2.658821E-02 -1.769818E+01
  1.700000E+01 -1.500000E+02     3  6.205150E+01  3.350666E-01  6.205044E+01  3.628760E-01
  1.700000E+01 -1.500000E+02     4  1.213086E+02 -9.008607E+01 -1.822459E-01 -1.213085E+02
  1.700000E+01 -1.500000E+02     5  2.100495E+02  8.991393E+01  3.155358E-01  2.100493E+02
  1.700000E+01 -1.500000E+02     6  6.400822E-04 -1.908191E-05  6.400822E-04 -2.131744E-10
  1.700000E+01 -1.200000E+02     1  1.769691E+01 -9.008607E+01 -2.658430E-02 -1.769689E+01
  1.700000E+01 -1.200000E+02     2  3.064619E+01 -9.008607E+01 -4.604045E-02 -3.064615E+01
  1.700000E+01 -1.200000E+02     3  6.205159E+01  3.350665E-01  6.205053E+01  3.628765E-01
  1.700000E+01 -1.200000E+02     4  2.100620E+02 -9.008607E+01 -3.155781E-01 -2.100617E+02
  1.700000E+01 -1.200000E+02     5  1.213015E+02  8.991393E+01  1.822213E-01  1.213013E+02
  1.700000E+01 -1.200000E+02     6  2.009529E-04 -1.799999E+02 -2.009529E-04 -2.130842E-10
  1.700000E+01 -9.000000E+01     1  1.547298E-06 -9.008607E+01 -2.324377E-09 -1.547296E-06
  1.700000E+01 -9.000000E+01     2  3.538305E+01 -9.008607E+01 -5.315597E-02 -3.538301E+01
  1.700000E+01 -9.000000E+01     3  6.205147E+01  3.350669E-01  6.205041E+01  3.628761E-01
  1.700000E+01 -9.000000E+01     4  2.425288E+02 -9.008607E+01 -3.643520E-01 -2.425285E+02
  1.700000E+01 -9.000000E+01     5  1.060580E-05  8.991393E+01  1.593235E-08  1.060578E-05
  1.700000E+01 -9.000000E+01     6  6.253285E-11 -1.800000E+02 -6.253285E-11 -2.160326E-17
  1.700000E+01 -6.000000E+01     1  1.769692E+01  8.991393E+01  2.658430E-02  1.769690E+01
  1.700000E+01 -6.000000E+01     2  3.064619E+01 -9.008607E+01 -4.604043E-02 -3.064616E+01
  1.700000E+01 -6.000000E+01     3  6.205159E+01  3.350665E-01  6.205053E+01  3.628765E-01
  1.700000E+01 -6.000000E+01     4  2.100619E+02 -9.008607E+01 -3.155782E-01 -2.100616E+02
  1.700000E+01 -6.000000E+01     5  1.213015E+02 -9.008607E+01 -1.822212E-01 -1.213013E+02
  1.700000E+01 -6.000000E+01     6  2.012171E-04  6.065271E-05  2.012171E-04  2.130063E-10
  1.700000E+01 -3.000000E+01     1  3.064409E+01  8.991393E+01  4.603347E-02  3.064406E+01
  1.700000E+01 -3.000000E+01     2  1.769820E+01 -9.008607E+01 -2.658820E-02 -1.769818E+01
  1.700000E+01 -3.000000E+01     3  6.205150E+01  3.350666E-01  6.205044E+01  3.628760E-01
  1.700000E+01 -3.000000E+01     4  1.213086E+02 -9.008607E+01 -1.822459E-01 -1.213085E+02
  1.700000E+01 -3.000000E+01     5  2.100496E+02 -9.008607E+01 -3.155359E-01 -2.100494E+02
  1.700000E+01 -3.000000E+01     6  6.401414E-04  1.800000E+02 -6.401414E-04  2.132440E-10
  1.700000E+01  0.000000E+00     1  3.538039E+01  8.991393E+01  5.314821E-02  3.538035E+01
  1.700000E+01  0.000000E+00     2  0.000000E+00  9.000000E+01  0.000000E+00  0.000000E+00
  1.700000E+01  0.000000E+00     3  6.205153E+01  3.350663E-01  6.205047E+01  3.628760E-01
  1.700000E+01  0.000000E+00     4  0.000000E+00  9.000000E+01  0.000000E+00  0.000000E+00
  1.700000E+01  0.000000E+00     5  2.425148E+02 -9.008607E+01 -3.643028E-01 -2.425145E+02
  1.700000E+01  0.000000E+00     6  0.000000E+00  9.000000E+01  0.000000E+00  0.000000E+00
  1.700000E+01  3.000000E+01     1  3.064409E+01  8.991393E+01  4.603347E-02  3.064406E+01
  1.700000E+01  3.000000E+01     2  1.769820E+01  8.991393E+01  2.658820E-02  1.769818E+01
  1.700000E+01  3.000000E+01     3  6.205150E+01  3.350666E-01  6.205044E+01  3.628760E-01
  1.700000E+01  3.000000E+01     4  1.213086E+02  8.991393E+01  1.822459E-01  1.213085E+02
  1.700000E+01  3.000000E+01     5  2.100496E+02 -9.008607E+01 -3.155359E-01 -2.100494E+02
  1.700000E+01  3.000000E+01     6  6.401414E-04 -1.908638E-05  6.401414E-04 -2.132440E-10
  1.700000E+01  6.000000E+01     1  1.769692E+01  8.991393E+01  2.658430E-02  1.769690E+01
  1.700000E+01  6.000000E+01     2  3.064619E+01  8.991393E+01  4.604043E-02  3.064616E+01
  1.700000E+01  6.000000E+01     3  6.205159E+01  3.350665E-01  6.205053E+01  3.628765E-01
  1.700000E+01  6.000000E+01     4  2.100619E+02  8.991393E+01  3.155782E-01  2.100616E+02
  1.700000E+01  6.000000E+01     5  1.213015E+02 -9.008607E+01 -1.822212E-01 -1.213013E+02
  1.700000E+01  6.000000E+01     6  2.012171E-04 -1.799999E+02 -2.012171E-04 -2.130063E-10
  1.700000E+01  9.000000E+01     1  1.547298E-06 -9.008607E+01 -2.324377E-09 -1.547296E-06
  1.700000E+01  9.000000E+01     2  3.538305E+01  8.991393E+01  5.315597E-02  3.538301E+01
  1.700000E+01  9.000000E+01     3  6.205147E+01  3.350669E-01  6.205041E+01  3.628761E-01
  1.700000E+01  9.000000E+01     4  2.425288E+02  8.991393E+01  3.643520E-01  2.425285E+02
  1.700000E+01  9.000000E+01     5  1.060580E-05  8.991393E+01  1.593235E-08  1.060578E-05
  1.700000E+01  9.000000E+01     6  6.253285E-11  1.979401E-05  6.253285E-11  2.160326E-17
  1.700000E+01  1.200000E+02     1  1.769691E+01 -9.008607E+01 -2.658430E-02 -1.769689E+01
  1.700000E+01  1.200000E+02     2  3.064619E+01  8.991393E+01  4.604045E-02  3.064615E+01
  1.700000E+01  1.200000E+02     3  6.205159E+01  3.350665E-01  6.205053E+01  3.628765E-01
  1.700000E+01  1.200000E+02     4  2.100620E+02  8.991393E+01  3.155781E-01  2.100617E+02
  1.700000E+01  1.200000E+02     5  1.213015E+02  8.991393E+01  1.822213E-01  1.213013E+02
  1.700000E+01  1.200000E+02     6  2.009529E-04  6.075466E-05  2.009529E-04  2.130842E-10
  1.700000E+01  1.500000E+02     1  3.064407E+01 -9.008607E+01 -4.603349E-02 -3.064403E+01
  1.700000E+01  1.500000E+02     2  1.769820E+01  8.991393E+01  2.658821E-02  1.769818E+01
  1.700000E+01  1.500000E+02     3  6.205150E+01  3.350666E-01  6.205044E+01  3.628760E-01
  1.700000E+01  1.500000E+02     4  1.213086E+02  8.991393E+01  1.822459E-01  1.213085E+02
  1.700000E+01  1.500000E+02     5  2.100495E+02  8.991393E+01  3.155358E-01  2.100493E+02
  1.700000E+01  1.500000E+02     6  6.400822E-04  1.800000E+02 -6.400822E-04  2.131744E-10
  1.700000E+01  1.800000E+02     1  3.538039E+01 -9.008607E+01 -5.314821E-02 -3.538035E+01
  1.700000E+01  1.800000E+02     2  3.094808E-06 -9.008607E+01 -4.649437E-09 -3.094805E-06
  1.700000E+01  1.800000E+02     3  6.205153E+01  3.350663E-01  6.205047E+01  3.628760E-01
  1.700000E+01  1.800000E+02     4  2.121291E-05 -9.008607E+01 -3.186907E-08 -2.121288E-05
  1.700000E+01  1.800000E+02     5  2.425148E+02  8.991393E+01  3.643028E-01  2.425145E+02
  1.700000E+01  1.800000E+02     6  2.149797E-10 -1.160632E-05  2.149797E-10 -4.354811E-17
  1.750000E+01 -1.800000E+02     1  3.375812E+01 -9.007363E+01 -4.338365E-02 -3.375809E+01
  1.750000E+01 -1.800000E+02     2  2.952774E-06  8.992636E+01  3.795004E-09  2.952772E-06
  1.750000E+01 -1.800000E+02     3  6.294838E+01  3.002612E-01  6.294751E+01  3.298824E-01
  1.750000E+01 -1.800000E+02     4  2.028109E-05  8.992636E+01  2.606642E-08  2.028107E-05
  1.750000E+01 -1.800000E+02     5  2.318740E+02  8.992637E+01  2.979874E-01  2.318738E+02
  1.750000E+01 -1.800000E+02     6  1.789473E-10  1.800000E+02 -1.789473E-10  3.072360E-17
  1.750000E+01 -1.500000E+02     1  2.923873E+01 -9.007363E+01 -3.757564E-02 -2.923871E+01
  1.750000E+01 -1.500000E+02     2  1.688602E+01 -9.007364E+01 -2.170253E-02 -1.688600E+01
  1.750000E+01 -1.500000E+02     3  6.294844E+01  3.002607E-01  6.294758E+01  3.298821E-01
  1.750000E+01 -1.500000E+02     4  1.159819E+02 -9.007364E+01 -1.490648E-01 -1.159818E+02
  1.750000E+01 -1.500000E+02     5  2.008305E+02  8.992637E+01  2.580946E-01  2.008303E+02
  1.750000E+01 -1.500000E+02     6  5.452795E-04 -1.602853E-05  5.452795E-04 -1.525423E-10
  1.750000E+01 -1.200000E+02     1  1.688476E+01 -9.007363E+01 -2.169931E-02 -1.688474E+01
  1.750000E+01 -1.200000E+02     2  2.924084E+01 -9.007364E+01 -3.758121E-02 -2.924082E+01
  1.750000E+01 -1.200000E+02     3  6.294849E+01  3.002606E-01  6.294763E+01  3.298823E-01
  1.750000E+01 -1.200000E+02     4  2.008425E+02 -9.007364E+01 -2.581281E-01 -2.008424E+02
  1.750000E+01 -1.200000E+02     5  1.159754E+02  8.992637E+01  1.490454E-01  1.159753E+02
  1.750000E+01 -1.200000E+02     6  1.447236E-04 -1.799999E+02 -1.447236E-04 -1.527830E-10
  1.750000E+01 -9.000000E+01     1  1.476282E-06 -9.007363E+01 -1.897232E-09 -1.476280E-06
  1.750000E+01 -9.000000E+01     2  3.376070E+01 -9.007364E+01 -4.338992E-02 -3.376067E+01
  1.750000E+01 -9.000000E+01     3  6.294840E+01  3.002609E-01  6.294754E+01  3.298822E-01
  1.750000E+01 -9.000000E+01     4  2.318884E+02 -9.007364E+01 -2.980264E-01 -2.318882E+02
  1.750000E+01 -9.000000E+01     5  1.013997E-05  8.992637E+01  1.303146E-08  1.013996E-05
  1.750000E+01 -9.000000E+01     6  4.933671E-11 -1.800000E+02 -4.933671E-11 -1.544800E-17
  1.750000E+01 -6.000000E+01     1  1.688475E+01  8.992637E+01  2.169930E-02  1.688474E+01
  1.750000E+01 -6.000000E+01     2  2.924085E+01 -9.007364E+01 -3.758125E-02 -2.924082E+01
  1.750000E+01 -6.000000E+01     3  6.294849E+01  3.002606E-01  6.294763E+01  3.298823E-01
  1.750000E+01 -6.000000E+01     4  2.008427E+02 -9.007364E+01 -2.581283E-01 -2.008425E+02
  1.750000E+01 -6.000000E+01     5  1.159754E+02 -9.007363E+01 -1.490452E-01 -1.159753E+02
  1.750000E+01 -6.000000E+01     6  1.445611E-04  6.040246E-05  1.445611E-04  1.523995E-10
  1.750000E+01 -3.000000E+01     1  2.923872E+01  8.992637E+01  3.757563E-02  2.923870E+01
  1.750000E+01 -3.000000E+01     2  1.688605E+01 -9.007364E+01 -2.170255E-02 -1.688604E+01
  1.750000E+01 -3.000000E+01     3  6.294844E+01  3.002607E-01  6.294758E+01  3.298821E-01
  1.750000E+01 -3.000000E+01     4  1.159817E+02 -9.007364E+01 -1.490647E-01 -1.159816E+02
  1.750000E+01 -3.000000E+01     5  2.008304E+02 -9.007363E+01 -2.580945E-01 -2.008302E+02
  1.750000E+01 -3.000000E+01     6  5.448696E-04  1.800000E+02 -5.448696E-04  1.528093E-10
  1.750000E+01  0.000000E+00     1  3.375812E+01  8.992637E+01  4.338365E-02  3.375809E+01
  1.750000E+01  0.000000E+00     2  0.000000E+00  9.000000E+01  0.000000E+00  0.000000E+00
  1.750000E+01  0.000000E+00     3  6.294838E+01  3.002612E-01  6.294751E+01  3.298824E-01
  1.750000E+01  0.000000E+00     4  0.000000E+00  9.000000E+01  0.000000E+00  0.000000E+00
  1.750000E+01  0.000000E+00     5  2.318740E+02 -9.007363E+01 -2.979874E-01 -2.318738E+02
  1.750000E+01  0.000000E+00     6  0.000000E+00  9.000000E+01  0.000000E+00  0.000000E+00
  1.750000E+01  3.000000E+01     1  2.923872E+01  8.992637E+01  3.757563E-02  2.923870E+01
  1.750000E+01  3.000000E+01     2  1.688605E+01  8.992636E+01  2.170255E-02  1.688604E+01
  1.750000E+01  3.000000E+01     3  6.294844E+01  3.002607E-01  6.294758E+01  3.298821E-01
  1.750000E+01  3.000000E+01     4  1.159817E+02  8.992636E+01  1.490647E-01  1.159816E+02
  1.750000E+01  3.000000E+01     5  2.008304E+02 -9.007363E+01 -2.580945E-01 -2.008302E+02
  1.750000E+01  3.000000E+01     6  5.448696E-04 -1.606867E-05  5.448696E-04 -1.528093E-10
  1.750000E+01  6.000000E+01     1  1.688475E+01  8.992637E+01  2.169930E-02  1.688474E+01
  1.750000E+01  6.000000E+01     2  2.924085E+01  8.992636E+01  3.758125E-02  2.924082E+01
  1.750000E+01  6.000000E+01     3  6.294849E+01  3.002606E-01  6.294763E+01  3.298823E-01
  1.750000E+01  6.000000E+01     4  2.008427E+02  8.992636E+01  2.581283E-01  2.008425E+02
  1.750000E+01  6.000000E+01     5  1.159754E+02 -9.007363E+01 -1.490452E-01 -1.159753E+02
  1.750000E+01  6.000000E+01     6  1.445611E-04 -1.799999E+02 -1.445611E-04 -1.523995E-10
  1.750000E+01  9.000000E+01     1  1.476282E-06 -9.007363E+01 -1.897232E-09 -1.476280E-06
  1.750000E+01  9.000000E+01     2  3.376070E+01  8.992636E+01  4.338992E-02  3.376067E+01
  1.750000E+01  9.000000E+01     3  6.294840E+01  3.002609E-01  6.294754E+01  3.298822E-01
  1.750000E+01  9.000000E+01     4  2.318884E+02  8.992636E+01  2.980264E-01  2.318882E+02
  1.750000E+01  9.000000E+01     5  1.013997E-05  8.992637E+01  1.303146E-08  1.013996E-05
  1.750000E+01  9.000000E+01     6  4.933671E-11  1.794009E-05  4.933671E-11  1.544800E-17
  1.750000E+01  1.200000E+02     1  1.688476E+01 -9.007363E+01 -2.169931E-02 -1.688474E+01
  1.750000E+01  1.200000E+02     2  2.924084E+01  8.992636E+01  3.758121E-02  2.924082E+01
  1.750000E+01  1.200000E+02     3  6.294849E+01  3.002606E-01  6.294763E+01  3.298823E-01
  1.750000E+01  1.200000E+02     4  2.008425E+02  8.992636E+01  2.581281E-01  2.008424E+02
  1.750000E+01  1.200000E+02     5  1.159754E+02  8.992637E+01  1.490454E-01  1.159753E+02
  1.750000E+01  1.200000E+02     6  1.447236E-04  6.048649E-05  1.447236E-04  1.527830E-10
  1.750000E+01  1.500000E+02     1  2.923873E+01 -9.007363E+01 -3.757564E-02 -2.923871E+01
  1.750000E+01  1.500000E+02     2  1.688602E+01  8.992636E+01  2.170253E-02  1.688600E+01
  1.750000E+01  1.500000E+02     3  6.294844E+01  3.002607E-01  6.294758E+01  3.298821E-01
  1.750000E+01  1.500000E+02     4  1.159819E+02  8.992636E+01  1.490648E-01  1.159818E+02
  1.750000E+01  1.500000E+02     5  2.008305E+02  8.992637E+01  2.580946E-01  2.008303E+02
  1.750000E+01  1.500000E+02     6  5.452795E-04  1.800000E+02 -5.452795E-04  1.525423E-10
  1.750000E+01  1.800000E+02     1  3.375812E+01 -9.007363E+01 -4.338365E-02 -3.375809E+01
  1.750000E+01  1.800000E+02     2  2.952774E-06 -9.007364E+01 -3.795004E-09 -2.952772E-06
  1.750000E+01  1.800000E+02     3  6.294838E+01  3.002612E-01  6.294751E+01  3.298824E-01
  1.750000E+01  1.800000E+02     4  2.028109E-05 -9.007364E+01 -2.606642E-08 -2.028107E-05
  1.750000E+01  1.800000E+02     5  2.318740E+02  8.992637E+01  2.979874E-01  2.318738E+02
  1.750000E+01  1.800000E+02     6  1.789473E-10 -9.837158E-06  1.789473E-10 -3.072360E-17
  1.800000E+01 -1.800000E+02     1  3.227606E+01 -9.006342E+01 -3.572283E-02 -3.227604E+01
  1.800000E+01 -1.800000E+02     2  2.823010E-06  8.993658E+01  3.124715E-09  2.823008E-06
  1.800000E+01 -1.800000E+02     3  6.378307E+01  2.700190E-01  6.378236E+01  3.005907E-01
  1.800000E+01 -1.800000E+02     4  1.942672E-05  8.993658E+01  2.150319E-08  1.942671E-05
  1.800000E+01 -1.800000E+02     5  2.221148E+02  8.993658E+01  2.458329E-01  2.221146E+02
  1.800000E+01 -1.800000E+02     6  1.514853E-10  1.800000E+02 -1.514853E-10  2.133766E-17
  1.800000E+01 -1.500000E+02     1  2.795464E+01 -9.006342E+01 -3.093994E-02 -2.795462E+01
  1.800000E+01 -1.500000E+02     2  1.614408E+01 -9.006342E+01 -1.786956E-02 -1.614408E+01
  1.800000E+01 -1.500000E+02     3  6.378312E+01  2.700184E-01  6.378241E+01  3.005902E-01
  1.800000E+01 -1.500000E+02     4  1.110968E+02 -9.006342E+01 -1.229712E-01 -1.110968E+02
  1.800000E+01 -1.500000E+02     5  1.923756E+02  8.993658E+01  2.129196E-01  1.923755E+02
  1.800000E+01 -1.500000E+02     6  4.671622E-04 -1.289306E-05  4.671622E-04 -1.051238E-10
  1.800000E+01 -1.200000E+02     1  1.614298E+01 -9.006342E+01 -1.786699E-02 -1.614297E+01
  1.800000E+01 -1.200000E+02     2  2.795672E+01 -9.006342E+01 -3.094439E-02 -2.795670E+01
  1.800000E+01 -1.200000E+02     3  6.378316E+01  2.700186E-01  6.378246E+01  3.005907E-01
  1.800000E+01 -1.200000E+02     4  1.923874E+02 -9.006342E+01 -2.129468E-01 -1.923873E+02
  1.800000E+01 -1.200000E+02     5  1.110903E+02  8.993658E+01  1.229552E-01  1.110903E+02
  1.800000E+01 -1.200000E+02     6  1.016812E-04 -1.799999E+02 -1.016812E-04 -1.052836E-10
  1.800000E+01 -9.000000E+01     1  1.411395E-06 -9.006342E+01 -1.562136E-09 -1.411394E-06
  1.800000E+01 -9.000000E+01     2  3.227824E+01 -9.006342E+01 -3.572789E-02 -3.227822E+01
  1.800000E+01 -9.000000E+01     3  6.378316E+01  2.700183E-01  6.378246E+01  3.005903E-01
  1.800000E+01 -9.000000E+01     4  2.221278E+02 -9.006342E+01 -2.458660E-01 -2.221277E+02
  1.800000E+01 -9.000000E+01     5  9.712779E-06  8.993658E+01  1.075016E-08  9.712772E-06
  1.800000E+01 -9.000000E+01     6  3.901274E-11 -1.800000E+02 -3.901274E-11 -1.064410E-17
  1.800000E+01 -6.000000E+01     1  1.614295E+01  8.993658E+01  1.786699E-02  1.614294E+01
  1.800000E+01 -6.000000E+01     2  2.795670E+01 -9.006342E+01 -3.094443E-02 -2.795668E+01
  1.800000E+01 -6.000000E+01     3  6.378316E+01  2.700186E-01  6.378246E+01  3.005907E-01
  1.800000E+01 -6.000000E+01     4  1.923874E+02 -9.006342E+01 -2.129467E-01 -1.923873E+02
  1.800000E+01 -6.000000E+01     5  1.110903E+02 -9.006342E+01 -1.229550E-01 -1.110902E+02
  1.800000E+01 -6.000000E+01     6  1.010405E-04  5.941101E-05  1.010405E-04  1.047706E-10
  1.800000E+01 -3.000000E+01     1  2.795463E+01  8.993658E+01  3.093994E-02  2.795461E+01
  1.800000E+01 -3.000000E+01     2  1.614409E+01 -9.006342E+01 -1.786956E-02 -1.614408E+01
  1.800000E+01 -3.000000E+01     3  6.378312E+01  2.700184E-01  6.378241E+01  3.005902E-01
  1.800000E+01 -3.000000E+01     4  1.110968E+02 -9.006342E+01 -1.229712E-01 -1.110968E+02
  1.800000E+01 -3.000000E+01     5  1.923759E+02 -9.006342E+01 -2.129196E-01 -1.923757E+02
  1.800000E+01 -3.000000E+01     6  4.673685E-04  1.800000E+02 -4.673685E-04  1.053960E-10
  1.800000E+01  0.000000E+00     1  3.227606E+01  8.993658E+01  3.572283E-02  3.227604E+01
  1.800000E+01  0.000000E+00     2  0.000000E+00  9.000000E+01  0.000000E+00  0.000000E+00
  1.800000E+01  0.000000E+00     3  6.378307E+01  2.700190E-01  6.378236E+01  3.005907E-01
  1.800000E+01  0.000000E+00     4  0.000000E+00  9.000000E+01  0.000000E+00  0.000000E+00
  1.800000E+01  0.000000E+00     5  2.221148E+02 -9.006342E+01 -2.458329E-01 -2.221146E+02
  1.800000E+01  0.000000E+00     6  0.000000E+00  9.000000E+01  0.000000E+00  0.000000E+00
  1.800000E+01  3.000000E+01     1  2.795463E+01  8.993658E+01  3.093994E-02  2.795461E+01
  1.800000E+01  3.000000E+01     2  1.614409E+01  8.993658E+01  1.786956E-02  1.614408E+01
  1.800000E+01  3.000000E+01     3  6.378312E+01  2.700184E-01  6.378241E+01  3.005902E-01
  1.800000E+01  3.000000E+01     4  1.110968E+02  8.993658E+01  1.229712E-01  1.110968E+02
  1.800000E+01  3.000000E+01     5  1.923759E+02 -9.006342E+01 -2.129196E-01 -1.923757E+02
  1.800000E+01  3.000000E+01     6  4.673685E-04 -1.292073E-05  4.673685E-04 -1.053960E-10
  1.800000E+01  6.000000E+01     1  1.614295E+01  8.993658E+01  1.786699E-02  1.614294E+01
  1.800000E+01  6.000000E+01     2  2.795670E+01  8.993658E+01  3.094443E-02  2.795668E+01
  1.800000E+01  6.000000E+01     3  6.378316E+01  2.700186E-01  6.378246E+01  3.005907E-01
  1.800000E+01  6.000000E+01     4  1.923874E+02  8.993658E+01  2.129467E-01  1.923873E+02
  1.800000E+01  6.000000E+01     5  1.110903E+02 -9.006342E+01 -1.229550E-01 -1.110902E+02
  1.800000E+01  6.000000E+01     6  1.010405E-04 -1.799999E+02 -1.010405E-04 -1.047706E-10
  1.800000E+01  9.000000E+01     1  1.411395E-06 -9.006342E+01 -1.562136E-09 -1.411394E-06
  1.800000E+01  9.000000E+01     2  3.227824E+01  8.993658E+01  3.572789E-02  3.227822E+01
  1.800000E+01  9.000000E+01     3  6.378316E+01  2.700183E-01  6.378246E+01  3.005903E-01
  1.800000E+01  9.000000E+01     4  2.221278E+02  8.993658E+01  2.458660E-01  2.221277E+02
  1.800000E+01  9.000000E+01     5  9.712779E-06  8.993658E+01  1.075016E-08  9.712772E-06
  1.800000E+01  9.000000E+01     6  3.901274E-11  1.563238E-05  3.901274E-11  1.064410E-17
  1.800000E+01  1.200000E+02     1  1.614298E+01 -9.006342E+01 -1.786699E-02 -1.614297E+01
  1.800000E+01  1.200000E+02     2  2.795672E+01  8.993658E+01  3.094439E-02  2.795670E+01
  1.800000E+01  1.200000E+02     3  6.378316E+01  2.700186E-01  6.378246E+01  3.005907E-01
  1.800000E+01  1.200000E+02     4  1.923874E+02  8.993658E+01  2.129468E-01  1.923873E+02
  1.800000E+01  1.200000E+02     5  1.110903E+02  8.993658E+01  1.229552E-01  1.110903E+02
  1.800000E+01  1.200000E+02     6  1.016812E-04  5.932570E-05  1.016812E-04  1.052836E-10
  1.800000E+01  1.500000E+02     1  2.795464E+01 -9.006342E+01 -3.093994E-02 -2.795462E+01
  1.800000E+01  1.500000E+02     2  1.614408E+01  8.993658E+01  1.786956E-02  1.614408E+01
  1.800000E+01  1.500000E+02     3  6.378312E+01  2.700184E-01  6.378241E+01  3.005902E-01
  1.800000E+01  1.500000E+02     4  1.110968E+02  8.993658E+01  1.229712E-01  1.110968E+02
  1.800000E+01  1.500000E+02     5  1.923756E+02  8.993658E+01  2.129196E-01  1.923755E+02
  1.800000E+01  1.500000E+02     6  4.671622E-04  1.800000E+02 -4.671622E-04  1.051238E-10
  1.800000E+01  1.800000E+02     1  3.227606E+01 -9.006342E+01 -3.572283E-02 -3.227604E+01
  1.800000E+01  1.800000E+02     2  2.823010E-06 -9.006342E+01 -3.124715E-09 -2.823008E-06
  1.800000E+01  1.800000E+02     3  6.378307E+01  2.700190E-01  6.378236E+01  3.005907E-01
  1.800000E+01  1.800000E+02     4  1.942672E-05 -9.006342E+01 -2.150319E-08 -1.942671E-05
  1.800000E+01  1.800000E+02     5  2.221148E+02  8.993658E+01  2.458329E-01  2.221146E+02
  1.800000E+01  1.800000E+02     6  1.514853E-10 -8.070471E-06  1.514853E-10 -2.133766E-17
  1.850000E+01 -1.800000E+02     1  3.091864E+01 -9.005497E+01 -2.966565E-02 -3.091863E+01
  1.850000E+01 -1.800000E+02     2  2.704185E-06  8.994502E+01  2.594818E-09  2.704184E-06
  1.850000E+01 -1.800000E+02     3  6.456065E+01  2.436895E-01  6.456007E+01  2.745875E-01
  1.850000E+01 -1.800000E+02     4  1.864151E-05  8.994502E+01  1.788767E-08  1.864151E-05
  1.850000E+01 -1.800000E+02     5  2.131456E+02  8.994503E+01  2.045060E-01  2.131455E+02
  1.850000E+01 -1.800000E+02     6  1.291777E-10  1.800000E+02 -1.291777E-10  1.741174E-17
  1.850000E+01 -1.500000E+02     1  2.677877E+01 -9.005497E+01 -2.569357E-02 -2.677876E+01
  1.850000E+01 -1.500000E+02     2  1.546475E+01 -9.005498E+01 -1.483919E-02 -1.546474E+01
  1.850000E+01 -1.500000E+02     3  6.456059E+01  2.436897E-01  6.456001E+01  2.745875E-01
  1.850000E+01 -1.500000E+02     4  1.066077E+02 -9.005498E+01 -1.022958E-01 -1.066077E+02
  1.850000E+01 -1.500000E+02     5  1.846059E+02  8.994503E+01  1.771244E-01  1.846058E+02
  1.850000E+01 -1.500000E+02     6  4.041968E-04 -1.231129E-05  4.041968E-04 -8.685078E-11
  1.850000E+01 -1.200000E+02     1  1.546368E+01 -9.005497E+01 -1.483705E-02 -1.546367E+01
  1.850000E+01 -1.200000E+02     2  2.678074E+01 -9.005498E+01 -2.569731E-02 -2.678073E+01
  1.850000E+01 -1.200000E+02     3  6.456059E+01  2.436899E-01  6.456001E+01  2.745877E-01
  1.850000E+01 -1.200000E+02     4  1.846164E+02 -9.005498E+01 -1.771481E-01 -1.846163E+02
  1.850000E+01 -1.200000E+02     5  1.066013E+02  8.994503E+01  1.022821E-01  1.066012E+02
  1.850000E+01 -1.200000E+02     6  7.026381E-05 -1.799999E+02 -7.026381E-05 -8.658965E-11
  1.850000E+01 -9.000000E+01     1  1.352000E-06 -9.005497E+01 -1.297215E-09 -1.351999E-06
  1.850000E+01 -9.000000E+01     2  3.092085E+01 -9.005498E+01 -2.966986E-02 -3.092084E+01
  1.850000E+01 -9.000000E+01     3  6.456065E+01  2.436896E-01  6.456006E+01  2.745875E-01
  1.850000E+01 -9.000000E+01     4  2.131572E+02 -9.005498E+01 -2.045330E-01 -2.131571E+02
  1.850000E+01 -9.000000E+01     5  9.320225E-06  8.994503E+01  8.942665E-09  9.320221E-06
  1.850000E+01 -9.000000E+01     6  3.097046E-11 -1.800000E+02 -3.097046E-11 -8.706218E-18
  1.850000E+01 -6.000000E+01     1  1.546368E+01  8.994503E+01  1.483704E-02  1.546368E+01
  1.850000E+01 -6.000000E+01     2  2.678076E+01 -9.005498E+01 -2.569732E-02 -2.678074E+01
  1.850000E+01 -6.000000E+01     3  6.456059E+01  2.436899E-01  6.456001E+01  2.745877E-01
  1.850000E+01 -6.000000E+01     4  1.846166E+02 -9.005498E+01 -1.771481E-01 -1.846165E+02
  1.850000E+01 -6.000000E+01     5  1.066012E+02 -9.005497E+01 -1.022820E-01 -1.066012E+02
  1.850000E+01 -6.000000E+01     6  7.033820E-05  7.042834E-05  7.033820E-05  8.646017E-11
  1.850000E+01 -3.000000E+01     1  2.677877E+01  8.994503E+01  2.569355E-02  2.677876E+01
  1.850000E+01 -3.000000E+01     2  1.546474E+01 -9.005498E+01 -1.483918E-02 -1.546474E+01
  1.850000E+01 -3.000000E+01     3  6.456059E+01  2.436897E-01  6.456001E+01  2.745875E-01
  1.850000E+01 -3.000000E+01     4  1.066077E+02 -9.005498E+01 -1.022958E-01 -1.066077E+02
  1.850000E+01 -3.000000E+01     5  1.846058E+02 -9.005497E+01 -1.771243E-01 -1.846057E+02
  1.850000E+01 -3.000000E+01     6  4.037179E-04  1.800000E+02 -4.037179E-04  8.649201E-11
  1.850000E+01  0.000000E+00     1  3.091864E+01  8.994503E+01  2.966565E-02  3.091863E+01
  1.850000E+01  0.000000E+00     2  0.000000E+00  9.000000E+01  0.000000E+00  0.000000E+00
  1.850000E+01  0.000000E+00     3  6.456065E+01  2.436895E-01  6.456007E+01  2.745875E-01
  1.850000E+01  0.000000E+00     4  0.000000E+00  9.000000E+01  0.000000E+00  0.000000E+00
  1.850000E+01  0.000000E+00     5  2.131456E+02 -9.005497E+01 -2.045060E-01 -2.131455E+02
  1.850000E+01  0.000000E+00     6  0.000000E+00  9.000000E+01  0.000000E+00  0.000000E+00
  1.850000E+01  3.000000E+01     1  2.677877E+01  8.994503E+01  2.569355E-02  2.677876E+01
  1.850000E+01  3.000000E+01     2  1.546474E+01  8.994502E+01  1.483918E-02  1.546474E+01
  1.850000E+01  3.000000E+01     3  6.456059E+01  2.436897E-01  6.456001E+01  2.745875E-01
  1.850000E+01  3.000000E+01     4  1.066077E+02  8.994502E+01  1.022958E-01  1.066077E+02
  1.850000E+01  3.000000E+01     5  1.846058E+02 -9.005497E+01 -1.771243E-01 -1.846057E+02
  1.850000E+01  3.000000E+01     6  4.037179E-04 -1.227497E-05  4.037179E-04 -8.649201E-11
  1.850000E+01  6.000000E+01     1  1.546368E+01  8.994503E+01  1.483704E-02  1.546368E+01
  1.850000E+01  6.000000E+01     2  2.678076E+01  8.994502E+01  2.569732E-02  2.678074E+01
  1.850000E+01  6.000000E+01     3  6.456059E+01  2.436899E-01  6.456001E+01  2.745877E-01
  1.850000E+01  6.000000E+01     4  1.846166E+02  8.994502E+01  1.771481E-01  1.846165E+02
  1.850000E+01  6.000000E+01     5  1.066012E+02 -9.005497E+01 -1.022820E-01 -1.066012E+02
  1.850000E+01  6.000000E+01     6  7.033820E-05 -1.799999E+02 -7.033820E-05 -8.646017E-11
  1.850000E+01  9.000000E+01     1  1.352000E-06 -9.005497E+01 -1.297215E-09 -1.351999E-06
  1.850000E+01  9.000000E+01     2  3.092085E+01  8.994502E+01  2.966986E-02  3.092084E+01
  1.850000E+01  9.000000E+01     3  6.456065E+01  2.436896E-01  6.456006E+01  2.745875E-01
  1.850000E+01  9.000000E+01     4  2.131572E+02  8.994502E+01  2.045330E-01  2.131571E+02
  1.850000E+01  9.000000E+01     5  9.320225E-06  8.994503E+01  8.942665E-09  9.320221E-06
  1.850000E+01  9.000000E+01     6  3.097046E-11  1.610662E-05  3.097046E-11  8.706218E-18
  1.850000E+01  1.200000E+02     1  1.546368E+01 -9.005497E+01 -1.483705E-02 -1.546367E+01
  1.850000E+01  1.200000E+02     2  2.678074E+01  8.994502E+01  2.569731E-02  2.678073E+01
  1.850000E+01  1.200000E+02     3  6.456059E+01  2.436899E-01  6.456001E+01  2.745877E-01
  1.850000E+01  1.200000E+02     4  1.846164E+02  8.994502E+01  1.771481E-01  1.846163E+02
  1.850000E+01  1.200000E+02     5  1.066013E+02  8.994503E+01  1.022821E-01  1.066012E+02
  1.850000E+01  1.200000E+02     6  7.026381E-05  7.060850E-05  7.026381E-05  8.658965E-11
  1.850000E+01  1.500000E+02     1  2.677877E+01 -9.005497E+01 -2.569357E-02 -2.677876E+01
  1.850000E+01  1.500000E+02     2  1.546475E+01  8.994502E+01  1.483919E-02  1.546474E+01
  1.850000E+01  1.500000E+02     3  6.456059E+01  2.436897E-01  6.456001E+01  2.745875E-01
  1.850000E+01  1.500000E+02     4  1.066077E+02  8.994502E+01  1.022958E-01  1.066077E+02
  1.850000E+01  1.500000E+02     5  1.846059E+02  8.994503E+01  1.771244E-01  1.846058E+02
  1.850000E+01  1.500000E+02     6  4.041968E-04  1.800000E+02 -4.041968E-04  8.685078E-11
  1.850000E+01  1.800000E+02     1  3.091864E+01 -9.005497E+01 -2.966565E-02 -3.091863E+01
  1.850000E+01  1.800000E+02     2  2.704185E-06 -9.005498E+01 -2.594818E-09 -2.704184E-06
  1.850000E+01  1.800000E+02     3  6.456065E+01  2.436895E-01  6.456007E+01  2.745875E-01
  1.850000E+01  1.800000E+02     4  1.864151E-05 -9.005498E+01 -1.788767E-08 -1.864151E-05
  1.850000E+01  1.800000E+02     5  2.131456E+02  8.994503E+01  2.045060E-01  2.131455E+02
  1.850000E+01  1.800000E+02     6  1.291777E-10 -7.722845E-06  1.291777E-10 -1.741174E-17
  1.900000E+01 -1.800000E+02     1  2.967267E+01 -9.004797E+01 -2.483917E-02 -2.967266E+01
  1.900000E+01 -1.800000E+02     2  2.595141E-06  8.995203E+01  2.172585E-09  2.595140E-06
  1.900000E+01 -1.800000E+02     3  6.528525E+01  2.207191E-01  6.528477E+01  2.514962E-01
  1.900000E+01 -1.800000E+02     4  1.791852E-05  8.995203E+01  1.500107E-08  1.791851E-05
  1.900000E+01 -1.800000E+02     5  2.048843E+02  8.995203E+01  1.715102E-01  2.048842E+02
  1.900000E+01 -1.800000E+02     6  1.114367E-10  1.800000E+02 -1.114367E-10  1.255809E-17
  1.900000E+01 -1.500000E+02     1  2.569943E+01 -9.004797E+01 -2.151331E-02 -2.569942E+01
  1.900000E+01 -1.500000E+02     2  1.484121E+01 -9.004797E+01 -1.242456E-02 -1.484121E+01
  1.900000E+01 -1.500000E+02     3  6.528535E+01  2.207188E-01  6.528487E+01  2.514962E-01
  1.900000E+01 -1.500000E+02     4  1.024731E+02 -9.004797E+01 -8.578877E-02 -1.024731E+02
  1.900000E+01 -1.500000E+02     5  1.774497E+02  8.995203E+01  1.485449E-01  1.774496E+02
  1.900000E+01 -1.500000E+02     6  3.531083E-04 -1.004818E-05  3.531083E-04 -6.192596E-11
  1.900000E+01 -1.200000E+02     1  1.484017E+01 -9.004797E+01 -1.242282E-02 -1.484017E+01
  1.900000E+01 -1.200000E+02     2  2.570135E+01 -9.004797E+01 -2.151647E-02 -2.570134E+01
  1.900000E+01 -1.200000E+02     3  6.528532E+01  2.207189E-01  6.528484E+01  2.514961E-01
  1.900000E+01 -1.200000E+02     4  1.774598E+02 -9.004797E+01 -1.485639E-01 -1.774597E+02
  1.900000E+01 -1.200000E+02     5  1.024675E+02  8.995203E+01  8.577723E-02  1.024674E+02
  1.900000E+01 -1.200000E+02     6  4.607643E-05 -1.799999E+02 -4.607643E-05 -6.195276E-11
  1.900000E+01 -9.000000E+01     1  1.297476E-06 -9.004797E+01 -1.086137E-09 -1.297476E-06
  1.900000E+01 -9.000000E+01     2  2.967466E+01 -9.004797E+01 -2.484274E-02 -2.967465E+01
  1.900000E+01 -9.000000E+01     3  6.528522E+01  2.207191E-01  6.528474E+01  2.514960E-01
  1.900000E+01 -9.000000E+01     4  2.048958E+02 -9.004797E+01 -1.715324E-01 -2.048957E+02
  1.900000E+01 -9.000000E+01     5  8.958707E-06  8.995203E+01  7.499520E-09  8.958705E-06
  1.900000E+01 -9.000000E+01     6  2.446914E-11 -1.800000E+02 -2.446914E-11 -6.303401E-18
  1.900000E+01 -6.000000E+01     1  1.484017E+01  8.995203E+01  1.242282E-02  1.484017E+01
  1.900000E+01 -6.000000E+01     2  2.570132E+01 -9.004797E+01 -2.151648E-02 -2.570131E+01
  1.900000E+01 -6.000000E+01     3  6.528532E+01  2.207189E-01  6.528484E+01  2.514961E-01
  1.900000E+01 -6.000000E+01     4  1.774599E+02 -9.004797E+01 -1.485639E-01 -1.774598E+02
  1.900000E+01 -6.000000E+01     5  1.024674E+02 -9.004797E+01 -8.577722E-02 -1.024674E+02
  1.900000E+01 -6.000000E+01     6  4.582631E-05  7.695256E-05  4.582631E-05  6.154820E-11
  1.900000E+01 -3.000000E+01     1  2.569940E+01  8.995203E+01  2.151332E-02  2.569939E+01
  1.900000E+01 -3.000000E+01     2  1.484121E+01 -9.004797E+01 -1.242456E-02 -1.484121E+01
  1.900000E+01 -3.000000E+01     3  6.528535E+01  2.207188E-01  6.528487E+01  2.514962E-01
  1.900000E+01 -3.000000E+01     4  1.024732E+02 -9.004797E+01 -8.578873E-02 -1.024731E+02
  1.900000E+01 -3.000000E+01     5  1.774497E+02 -9.004797E+01 -1.485447E-01 -1.774497E+02
  1.900000E+01 -3.000000E+01     6  3.524898E-04  1.800000E+02 -3.524898E-04  6.187993E-11
  1.900000E+01  0.000000E+00     1  2.967267E+01  8.995203E+01  2.483917E-02  2.967266E+01
  1.900000E+01  0.000000E+00     2  0.000000E+00  9.000000E+01  0.000000E+00  0.000000E+00
  1.900000E+01  0.000000E+00     3  6.528525E+01  2.207191E-01  6.528477E+01  2.514962E-01
  1.900000E+01  0.000000E+00     4  0.000000E+00  9.000000E+01  0.000000E+00  0.000000E+00
  1.900000E+01  0.000000E+00     5  2.048843E+02 -9.004797E+01 -1.715102E-01 -2.048842E+02
  1.900000E+01  0.000000E+00     6  0.000000E+00  9.000000E+01  0.000000E+00  0.000000E+00
  1.900000E+01  3.000000E+01     1  2.569940E+01  8.995203E+01  2.151332E-02  2.569939E+01
  1.900000E+01  3.000000E+01     2  1.484121E+01  8.995203E+01  1.242456E-02  1.484121E+01
  1.900000E+01  3.000000E+01     3  6.528535E+01  2.207188E-01  6.528487E+01  2.514962E-01
  1.900000E+01  3.000000E+01     4  1.024732E+02  8.995203E+01  8.578873E-02  1.024731E+02
  1.900000E+01  3.000000E+01     5  1.774497E+02 -9.004797E+01 -1.485447E-01 -1.774497E+02
  1.900000E+01  3.000000E+01     6  3.524898E-04 -1.005833E-05  3.524898E-04 -6.187993E-11
  1.900000E+01  6.000000E+01     1  1.484017E+01  8.995203E+01  1.242282E-02  1.484017E+01
  1.900000E+01  6.000000E+01     2  2.570132E+01  8.995203E+01  2.151648E-02  2.570131E+01
  1.900000E+01  6.000000E+01     3  6.528532E+01  2.207189E-01  6.528484E+01  2.514961E-01
  1.900000E+01  6.000000E+01     4  1.774599E+02  8.995203E+01  1.485639E-01  1.774598E+02
  1.900000E+01  6.000000E+01     5  1.024674E+02 -9.004797E+01 -8.577722E-02 -1.024674E+02
  1.900000E+01  6.000000E+01     6  4.582631E-05 -1.799999E+02 -4.582631E-05 -6.154820E-11
  1.900000E+01  9.000000E+01     1  1.297476E-06 -9.004797E+01 -1.086137E-09 -1.297476E-06
  1.900000E+01  9.000000E+01     2  2.967466E+01  8.995203E+01  2.484274E-02  2.967465E+01
  1.900000E+01  9.000000E+01     3  6.528522E+01  2.207191E-01  6.528474E+01  2.514960E-01
  1.900000E+01  9.000000E+01     4  2.048958E+02  8.995203E+01  1.715324E-01  2.048957E+02
  1.900000E+01  9.000000E+01     5  8.958707E-06  8.995203E+01  7.499520E-09  8.958705E-06
  1.900000E+01  9.000000E+01     6  2.446914E-11  1.475974E-05  2.446914E-11  6.303401E-18
  1.900000E+01  1.200000E+02     1  1.484017E+01 -9.004797E+01 -1.242282E-02 -1.484017E+01
  1.900000E+01  1.200000E+02     2  2.570135E+01  8.995203E+01  2.151647E-02  2.570134E+01
  1.900000E+01  1.200000E+02     3  6.528532E+01  2.207189E-01  6.528484E+01  2.514961E-01
  1.900000E+01  1.200000E+02     4  1.774598E+02  8.995203E+01  1.485639E-01  1.774597E+02
  1.900000E+01  1.200000E+02     5  1.024675E+02  8.995203E+01  8.577723E-02  1.024674E+02
  1.900000E+01  1.200000E+02     6  4.607643E-05  7.703791E-05  4.607643E-05  6.195276E-11
  1.900000E+01  1.500000E+02     1  2.569943E+01 -9.004797E+01 -2.151331E-02 -2.569942E+01
  1.900000E+01  1.500000E+02     2  1.484121E+01  8.995203E+01  1.242456E-02  1.484121E+01
  1.900000E+01  1.500000E+02     3  6.528535E+01  2.207188E-01  6.528487E+01  2.514962E-01
  1.900000E+01  1.500000E+02     4  1.024731E+02  8.995203E+01  8.578877E-02  1.024731E+02
  1.900000E+01  1.500000E+02     5  1.774497E+02  8.995203E+01  1.485449E-01  1.774496E+02
  1.900000E+01  1.500000E+02     6  3.531083E-04  1.800000E+02 -3.531083E-04  6.192596E-11
  1.900000E+01  1.800000E+02     1  2.967267E+01 -9.004797E+01 -2.483917E-02 -2.967266E+01
  1.900000E+01  1.800000E+02     2  2.595141E-06 -9.004797E+01 -2.172585E-09 -2.595140E-06
  1.900000E+01  1.800000E+02     3  6.528525E+01  2.207191E-01  6.528477E+01  2.514962E-01
  1.900000E+01  1.800000E+02     4  1.791852E-05 -9.004797E+01 -1.500107E-08 -1.791851E-05
  1.900000E+01  1.800000E+02     5  2.048843E+02  8.995203E+01  1.715102E-01  2.048842E+02
  1.900000E+01  1.800000E+02     6  1.114367E-10 -6.456813E-06  1.114367E-10 -1.255809E-17
  1.950000E+01 -1.800000E+02     1  2.852617E+01 -9.004211E+01 -2.096331E-02 -2.852617E+01
  1.950000E+01 -1.800000E+02     2  2.494787E-06  8.995789E+01  1.833521E-09  2.494787E-06
  1.950000E+01 -1.800000E+02     3  6.596153E+01  2.006247E-01  6.596113E+01  2.309678E-01
  1.950000E+01 -1.800000E+02     4  1.725119E-05  8.995789E+01  1.267862E-08  1.725118E-05
  1.950000E+01 -1.800000E+02     5  1.972595E+02  8.995789E+01  1.449617E-01  1.972595E+02
  1.950000E+01 -1.800000E+02     6  9.637278E-11  1.800000E+02 -9.637278E-11  8.516615E-18
  1.950000E+01 -1.500000E+02     1  2.470612E+01 -9.004211E+01 -1.815619E-02 -2.470611E+01
  1.950000E+01 -1.500000E+02     2  1.426738E+01 -9.004211E+01 -1.048565E-02 -1.426738E+01
  1.950000E+01 -1.500000E+02     3  6.596155E+01  2.006246E-01  6.596114E+01  2.309679E-01
  1.950000E+01 -1.500000E+02     4  9.865745E+01 -9.004211E+01 -7.250770E-02 -9.865742E+01
  1.950000E+01 -1.500000E+02     5  1.708445E+02  8.995789E+01  1.255504E-01  1.708445E+02
  1.950000E+01 -1.500000E+02     6  3.084033E-04 -7.878923E-06  3.084033E-04 -4.240951E-11
  1.950000E+01 -1.200000E+02     1  1.426639E+01 -9.004211E+01 -1.048412E-02 -1.426639E+01
  1.950000E+01 -1.200000E+02     2  2.470797E+01 -9.004211E+01 -1.815881E-02 -2.470796E+01
  1.950000E+01 -1.200000E+02     3  6.596156E+01  2.006246E-01  6.596116E+01  2.309678E-01
  1.950000E+01 -1.200000E+02     4  1.708548E+02 -9.004211E+01 -1.255672E-01 -1.708548E+02
  1.950000E+01 -1.200000E+02     5  9.865203E+01  8.995789E+01  7.249814E-02  9.865201E+01
  1.950000E+01 -1.200000E+02     6  2.827184E-05 -1.799999E+02 -2.827184E-05 -4.255846E-11
  1.950000E+01 -9.000000E+01     1  1.247311E-06 -9.004211E+01 -9.166252E-10 -1.247311E-06
  1.950000E+01 -9.000000E+01     2  2.852806E+01 -9.004211E+01 -2.096631E-02 -2.852805E+01
  1.950000E+01 -9.000000E+01     3  6.596150E+01  2.006245E-01  6.596110E+01  2.309676E-01
  1.950000E+01 -9.000000E+01     4  1.972706E+02 -9.004211E+01 -1.449812E-01 -1.972706E+02
  1.950000E+01 -9.000000E+01     5  8.625081E-06  8.995789E+01  6.338486E-09  8.625078E-06
  1.950000E+01 -9.000000E+01     6  1.977643E-11 -1.800000E+02 -1.977643E-11 -4.285930E-18
  1.950000E+01 -6.000000E+01     1  1.426640E+01  8.995789E+01  1.048413E-02  1.426639E+01
  1.950000E+01 -6.000000E+01     2  2.470796E+01 -9.004211E+01 -1.815882E-02 -2.470795E+01
  1.950000E+01 -6.000000E+01     3  6.596156E+01  2.006246E-01  6.596116E+01  2.309678E-01
  1.950000E+01 -6.000000E+01     4  1.708548E+02 -9.004211E+01 -1.255672E-01 -1.708548E+02
  1.950000E+01 -6.000000E+01     5  9.865205E+01 -9.004211E+01 -7.249811E-02 -9.865203E+01
  1.950000E+01 -6.000000E+01     6  2.767932E-05  8.769231E-05  2.767932E-05  4.236374E-11
  1.950000E+01 -3.000000E+01     1  2.470614E+01  8.995789E+01  1.815619E-02  2.470614E+01
  1.950000E+01 -3.000000E+01     2  1.426737E+01 -9.004211E+01 -1.048565E-02 -1.426736E+01
  1.950000E+01 -3.000000E+01     3  6.596155E+01  2.006246E-01  6.596114E+01  2.309679E-01
  1.950000E+01 -3.000000E+01     4  9.865742E+01 -9.004211E+01 -7.250766E-02 -9.865739E+01
  1.950000E+01 -3.000000E+01     5  1.708446E+02 -9.004211E+01 -1.255505E-01 -1.708446E+02
  1.950000E+01 -3.000000E+01     6  3.082650E-04  1.800000E+02 -3.082650E-04  4.232176E-11
  1.950000E+01  0.000000E+00     1  2.852617E+01  8.995789E+01  2.096331E-02  2.852617E+01
  1.950000E+01  0.000000E+00     2  0.000000E+00  9.000000E+01  0.000000E+00  0.000000E+00
  1.950000E+01  0.000000E+00     3  6.596153E+01  2.006247E-01  6.596113E+01  2.309678E-01
  1.950000E+01  0.000000E+00     4  0.000000E+00  9.000000E+01  0.000000E+00  0.000000E+00
  1.950000E+01  0.000000E+00     5  1.972595E+02 -9.004211E+01 -1.449617E-01 -1.972595E+02
  1.950000E+01  0.000000E+00     6  0.000000E+00  9.000000E+01  0.000000E+00  0.000000E+00
  1.950000E+01  3.000000E+01     1  2.470614E+01  8.995789E+01  1.815619E-02  2.470614E+01
  1.950000E+01  3.000000E+01     2  1.426737E+01  8.995789E+01  1.048565E-02  1.426736E+01
  1.950000E+01  3.000000E+01     3  6.596155E+01  2.006246E-01  6.596114E+01  2.309679E-01
  1.950000E+01  3.000000E+01     4  9.865742E+01  8.995789E+01  7.250766E-02  9.865739E+01
  1.950000E+01  3.000000E+01     5  1.708446E+02 -9.004211E+01 -1.255505E-01 -1.708446E+02
  1.950000E+01  3.000000E+01     6  3.082650E-04 -7.866148E-06  3.082650E-04 -4.232176E-11
  1.950000E+01  6.000000E+01     1  1.426640E+01  8.995789E+01  1.048413E-02  1.426639E+01
  1.950000E+01  6.000000E+01     2  2.470796E+01  8.995789E+01  1.815882E-02  2.470795E+01
  1.950000E+01  6.000000E+01     3  6.596156E+01  2.006246E-01  6.596116E+01  2.309678E-01
  1.950000E+01  6.000000E+01     4  1.708548E+02  8.995789E+01  1.255672E-01  1.708548E+02
  1.950000E+01  6.000000E+01     5  9.865205E+01 -9.004211E+01 -7.249811E-02 -9.865203E+01
  1.950000E+01  6.000000E+01     6  2.767932E-05 -1.799999E+02 -2.767932E-05 -4.236374E-11
  1.950000E+01  9.000000E+01     1  1.247311E-06 -9.004211E+01 -9.166252E-10 -1.247311E-06
  1.950000E+01  9.000000E+01     2  2.852806E+01  8.995789E+01  2.096631E-02  2.852805E+01
  1.950000E+01  9.000000E+01     3  6.596150E+01  2.006245E-01  6.596110E+01  2.309676E-01
  1.950000E+01  9.000000E+01     4  1.972706E+02  8.995789E+01  1.449812E-01  1.972706E+02
  1.950000E+01  9.000000E+01     5  8.625081E-06  8.995789E+01  6.338486E-09  8.625078E-06
  1.950000E+01  9.000000E+01     6  1.977643E-11  1.241709E-05  1.977643E-11  4.285930E-18
  1.950000E+01  1.200000E+02     1  1.426639E+01 -9.004211E+01 -1.048412E-02 -1.426639E+01
  1.950000E+01  1.200000E+02     2  2.470797E+01  8.995789E+01  1.815881E-02  2.470796E+01
  1.950000E+01  1.200000E+02     3  6.596156E+01  2.006246E-01  6.596116E+01  2.309678E-01
  1.950000E+01  1.200000E+02     4  1.708548E+02  8.995789E+01  1.255672E-01  1.708548E+02
  1.950000E+01  1.200000E+02     5  9.865203E+01  8.995789E+01  7.249814E-02  9.865201E+01
  1.950000E+01  1.200000E+02     6  2.827184E-05  8.624907E-05  2.827184E-05  4.255846E-11
  1.950000E+01  1.500000E+02     1  2.470612E+01 -9.004211E+01 -1.815619E-02 -2.470611E+01
  1.950000E+01  1.500000E+02     2  1.426738E+01  8.995789E+01  1.048565E-02  1.426738E+01
  1.950000E+01  1.500000E+02     3  6.596155E+01  2.006246E-01  6.596114E+01  2.309679E-01
  1.950000E+01  1.500000E+02     4  9.865745E+01  8.995789E+01  7.250770E-02  9.865742E+01
  1.950000E+01  1.500000E+02     5  1.708445E+02  8.995789E+01  1.255504E-01  1.708445E+02
  1.950000E+01  1.500000E+02     6  3.084033E-04  1.800000E+02 -3.084033E-04  4.240951E-11
  1.950000E+01  1.800000E+02     1  2.852617E+01 -9.004211E+01 -2.096331E-02 -2.852617E+01
  1.950000E+01  1.800000E+02     2  2.494787E-06 -9.004211E+01 -1.833521E-09 -2.494787E-06
  1.950000E+01  1.800000E+02     3  6.596153E+01  2.006247E-01  6.596113E+01  2.309678E-01
  1.950000E+01  1.800000E+02     4  1.725119E-05 -9.004211E+01 -1.267862E-08 -1.725118E-05
  1.950000E+01  1.800000E+02     5  1.972595E+02  8.995789E+01  1.449617E-01  1.972595E+02
  1.950000E+01  1.800000E+02     6  9.637278E-11 -5.063318E-06  9.637278E-11 -8.516615E-18
  2.000000E+01 -1.800000E+02     1  2.746825E+01 -9.003719E+01 -1.782641E-02 -2.746825E+01
  2.000000E+01 -1.800000E+02     2  2.402217E-06  8.996281E+01  1.559112E-09  2.402217E-06
  2.000000E+01 -1.800000E+02     3  6.659339E+01  1.829970E-01  6.659305E+01  2.126923E-01
  2.000000E+01 -1.800000E+02     4  1.663385E-05  8.996281E+01  1.079597E-08  1.663385E-05
  2.000000E+01 -1.800000E+02     5  1.902049E+02  8.996282E+01  1.234393E-01  1.902048E+02
  2.000000E+01 -1.800000E+02     6  8.396187E-11  1.800000E+02 -8.396187E-11  6.932424E-18
  2.000000E+01 -1.500000E+02     1  2.378985E+01 -9.003719E+01 -1.543923E-02 -2.378984E+01
  2.000000E+01 -1.500000E+02     2  1.373800E+01 -9.003719E+01 -8.916454E-03 -1.373800E+01
  2.000000E+01 -1.500000E+02     3  6.659339E+01  1.829969E-01  6.659305E+01  2.126921E-01
  2.000000E+01 -1.500000E+02     4  9.512742E+01 -9.003719E+01 -6.174109E-02 -9.512740E+01
  2.000000E+01 -1.500000E+02     5  1.647332E+02  8.996282E+01  1.069091E-01  1.647332E+02
  2.000000E+01 -1.500000E+02     6  2.741545E-04 -7.093476E-06  2.741545E-04 -3.394156E-11
  2.000000E+01 -1.200000E+02     1  1.373710E+01 -9.003719E+01 -8.915151E-03 -1.373710E+01
  2.000000E+01 -1.200000E+02     2  2.379152E+01 -9.003719E+01 -1.544144E-02 -2.379152E+01
  2.000000E+01 -1.200000E+02     3  6.659346E+01  1.829970E-01  6.659312E+01  2.126925E-01
  2.000000E+01 -1.200000E+02     4  1.647433E+02 -9.003719E+01 -1.069231E-01 -1.647432E+02
  2.000000E+01 -1.200000E+02     5  9.512196E+01  8.996282E+01  6.173297E-02  9.512194E+01
  2.000000E+01 -1.200000E+02     6  1.219190E-05 -1.799998E+02 -1.219190E-05 -3.395693E-11
  2.000000E+01 -9.000000E+01     1  1.201022E-06 -9.003719E+01 -7.794425E-10 -1.201022E-06
  2.000000E+01 -9.000000E+01     2  2.747022E+01 -9.003719E+01 -1.782894E-02 -2.747021E+01
  2.000000E+01 -9.000000E+01     3  6.659328E+01  1.829973E-01  6.659294E+01  2.126923E-01
  2.000000E+01 -9.000000E+01     4  1.902154E+02 -9.003719E+01 -1.234553E-01 -1.902154E+02
  2.000000E+01 -9.000000E+01     5  8.316429E-06  8.996282E+01  5.397266E-09  8.316427E-06
  2.000000E+01 -9.000000E+01     6  1.583471E-11 -1.800000E+02 -1.583471E-11 -3.470713E-18
  2.000000E+01 -6.000000E+01     1  1.373709E+01  8.996282E+01  8.915148E-03  1.373709E+01
  2.000000E+01 -6.000000E+01     2  2.379153E+01 -9.003719E+01 -1.544143E-02 -2.379153E+01
  2.000000E+01 -6.000000E+01     3  6.659346E+01  1.829970E-01  6.659312E+01  2.126925E-01
  2.000000E+01 -6.000000E+01     4  1.647432E+02 -9.003719E+01 -1.069231E-01 -1.647432E+02
  2.000000E+01 -6.000000E+01     5  9.512189E+01 -9.003719E+01 -6.173294E-02 -9.512186E+01
  2.000000E+01 -6.000000E+01     6  1.248361E-05  1.554165E-04  1.248361E-05  3.386216E-11
  2.000000E+01 -3.000000E+01     1  2.378982E+01  8.996282E+01  1.543923E-02  2.378982E+01
  2.000000E+01 -3.000000E+01     2  1.373801E+01 -9.003719E+01 -8.916452E-03 -1.373801E+01
  2.000000E+01 -3.000000E+01     3  6.659339E+01  1.829969E-01  6.659305E+01  2.126921E-01
  2.000000E+01 -3.000000E+01     4  9.512742E+01 -9.003719E+01 -6.174107E-02 -9.512740E+01
  2.000000E+01 -3.000000E+01     5  1.647333E+02 -9.003719E+01 -1.069092E-01 -1.647332E+02
  2.000000E+01 -3.000000E+01     6  2.740665E-04  1.800000E+02 -2.740665E-04  3.381893E-11
  2.000000E+01  0.000000E+00     1  2.746825E+01  8.996282E+01  1.782641E-02  2.746825E+01
  2.000000E+01  0.000000E+00     2  0.000000E+00  9.000000E+01  0.000000E+00  0.000000E+00
  2.000000E+01  0.000000E+00     3  6.659339E+01  1.829970E-01  6.659305E+01  2.126923E-01
  2.000000E+01  0.000000E+00     4  0.000000E+00  9.000000E+01  0.000000E+00  0.000000E+00
  2.000000E+01  0.000000E+00     5  1.902049E+02 -9.003719E+01 -1.234393E-01 -1.902048E+02
  2.000000E+01  0.000000E+00     6  0.000000E+00  9.000000E+01  0.000000E+00  0.000000E+00
  2.000000E+01  3.000000E+01     1  2.378982E+01  8.996282E+01  1.543923E-02  2.378982E+01
  2.000000E+01  3.000000E+01     2  1.373801E+01  8.996281E+01  8.916452E-03  1.373801E+01
  2.000000E+01  3.000000E+01     3  6.659339E+01  1.829969E-01  6.659305E+01  2.126921E-01
  2.000000E+01  3.000000E+01     4  9.512742E+01  8.996281E+01  6.174107E-02  9.512740E+01
  2.000000E+01  3.000000E+01     5  1.647333E+02 -9.003719E+01 -1.069092E-01 -1.647332E+02
  2.000000E+01  3.000000E+01     6  2.740665E-04 -7.070116E-06  2.740665E-04 -3.381893E-11
  2.000000E+01  6.000000E+01     1  1.373709E+01  8.996282E+01  8.915148E-03  1.373709E+01
  2.000000E+01  6.000000E+01     2  2.379153E+01  8.996281E+01  1.544143E-02  2.379153E+01
  2.000000E+01  6.000000E+01     3  6.659346E+01  1.829970E-01  6.659312E+01  2.126925E-01
  2.000000E+01  6.000000E+01     4  1.647432E+02  8.996281E+01  1.069231E-01  1.647432E+02
  2.000000E+01  6.000000E+01     5  9.512189E+01 -9.003719E+01 -6.173294E-02 -9.512186E+01
  2.000000E+01  6.000000E+01     6  1.248361E-05 -1.799998E+02 -1.248361E-05 -3.386216E-11
  2.000000E+01  9.000000E+01     1  1.201022E-06 -9.003719E+01 -7.794425E-10 -1.201022E-06
  2.000000E+01  9.000000E+01     2  2.747022E+01  8.996281E+01  1.782894E-02  2.747021E+01
  2.000000E+01  9.000000E+01     3  6.659328E+01  1.829973E-01  6.659294E+01  2.126923E-01
  2.000000E+01  9.000000E+01     4  1.902154E+02  8.996281E+01  1.234553E-01  1.902154E+02
  2.000000E+01  9.000000E+01     5  8.316429E-06  8.996282E+01  5.397266E-09  8.316427E-06
  2.000000E+01  9.000000E+01     6  1.583471E-11  1.255831E-05  1.583471E-11  3.470713E-18
  2.000000E+01  1.200000E+02     1  1.373710E+01 -9.003719E+01 -8.915151E-03 -1.373710E+01
  2.000000E+01  1.200000E+02     2  2.379152E+01  8.996281E+01  1.544144E-02  2.379152E+01
  2.000000E+01  1.200000E+02     3  6.659346E+01  1.829970E-01  6.659312E+01  2.126925E-01
  2.000000E+01  1.200000E+02     4  1.647433E+02  8.996281E+01  1.069231E-01  1.647432E+02
  2.000000E+01  1.200000E+02     5  9.512196E+01  8.996282E+01  6.173297E-02  9.512194E+01
  2.000000E+01  1.200000E+02     6  1.219190E-05  1.595804E-04  1.219190E-05  3.395693E-11
  2.000000E+01  1.500000E+02     1  2.378985E+01 -9.003719E+01 -1.543923E-02 -2.378984E+01
  2.000000E+01  1.500000E+02     2  1.373800E+01  8.996281E+01  8.916454E-03  1.373800E+01
  2.000000E+01  1.500000E+02     3  6.659339E+01  1.829969E-01  6.659305E+01  2.126921E-01
  2.000000E+01  1.500000E+02     4  9.512742E+01  8.996281E+01  6.174109E-02  9.512740E+01
  2.000000E+01  1.500000E+02     5  1.647332E+02  8.996282E+01  1.069091E-01  1.647332E+02
  2.000000E+01  1.500000E+02     6  2.741545E-04  1.800000E+02 -2.741545E-04  3.394156E-11
  2.000000E+01  1.800000E+02     1  2.746825E+01 -9.003719E+01 -1.782641E-02 -2.746825E+01
  2.000000E+01  1.800000E+02     2  2.402217E-06 -9.003719E+01 -1.559112E-09 -2.402217E-06
  2.000000E+01  1.800000E+02     3  6.659339E+01  1.829970E-01  6.659305E+01  2.126923E-01
  2.000000E+01  1.800000E+02     4  1.663385E-05 -9.003719E+01 -1.079597E-08 -1.663385E-05
  2.000000E+01  1.800000E+02     5  1.902049E+02  8.996282E+01  1.234393E-01  1.902048E+02
  2.000000E+01  1.800000E+02     6  8.396187E-11 -4.730702E-06  8.396187E-11 -6.932424E-18
  2.050000E+01 -1.800000E+02     1  2.648964E+01 -9.003303E+01 -1.526827E-02 -2.648964E+01
  2.050000E+01 -1.800000E+02     2  2.316597E-06  8.996697E+01  1.335341E-09  2.316596E-06
  2.050000E+01 -1.800000E+02     3  6.718362E+01  1.674873E-01  6.718333E+01  1.963912E-01
  2.050000E+01 -1.800000E+02     4  1.606128E-05  8.996697E+01  9.258209E-09  1.606128E-05
  2.050000E+01 -1.800000E+02     5  1.836619E+02  8.996698E+01  1.058594E-01  1.836619E+02
  2.050000E+01 -1.800000E+02     6  7.394708E-11  1.800000E+02 -7.394708E-11  5.082990E-18
  2.050000E+01 -1.500000E+02     1  2.294235E+01 -9.003303E+01 -1.322354E-02 -2.294235E+01
  2.050000E+01 -1.500000E+02     2  1.324836E+01 -9.003303E+01 -7.636766E-03 -1.324836E+01
  2.050000E+01 -1.500000E+02     3  6.718371E+01  1.674872E-01  6.718342E+01  1.963913E-01
  2.050000E+01 -1.500000E+02     4  9.185410E+01 -9.003303E+01 -5.294712E-02 -9.185409E+01
  2.050000E+01 -1.500000E+02     5  1.590664E+02  8.996698E+01  9.168305E-02  1.590664E+02
  2.050000E+01 -1.500000E+02     6  2.431231E-04 -5.926872E-06  2.431231E-04 -2.514949E-11
  2.050000E+01 -1.200000E+02     1  1.324746E+01 -9.003303E+01 -7.635653E-03 -1.324746E+01
  2.050000E+01 -1.200000E+02     2  2.294393E+01 -9.003303E+01 -1.322548E-02 -2.294393E+01
  2.050000E+01 -1.200000E+02     3  6.718369E+01  1.674872E-01  6.718340E+01  1.963913E-01
  2.050000E+01 -1.200000E+02     4  1.590753E+02 -9.003303E+01 -9.169484E-02 -1.590753E+02
  2.050000E+01 -1.200000E+02     5  9.184859E+01  8.996698E+01  5.294043E-02  9.184857E+01
  2.050000E+01 -1.200000E+02     6  2.458314E-06 -1.799994E+02 -2.458314E-06 -2.512679E-11
  2.050000E+01 -9.000000E+01     1  1.158209E-06 -9.003303E+01 -6.675772E-10 -1.158208E-06
  2.050000E+01 -9.000000E+01     2  2.649150E+01 -9.003303E+01 -1.527043E-02 -2.649150E+01
  2.050000E+01 -9.000000E+01     3  6.718364E+01  1.674874E-01  6.718335E+01  1.963913E-01
  2.050000E+01 -9.000000E+01     4  1.836728E+02 -9.003303E+01 -1.058732E-01 -1.836727E+02
  2.050000E+01 -9.000000E+01     5  8.030166E-06  8.996698E+01  4.628516E-09  8.030165E-06
  2.050000E+01 -9.000000E+01     6  1.265890E-11 -1.800000E+02 -1.265890E-11 -2.548883E-18
  2.050000E+01 -6.000000E+01     1  1.324745E+01  8.996698E+01  7.635657E-03  1.324745E+01
  2.050000E+01 -6.000000E+01     2  2.294390E+01 -9.003303E+01 -1.322548E-02 -2.294389E+01
  2.050000E+01 -6.000000E+01     3  6.718369E+01  1.674872E-01  6.718340E+01  1.963913E-01
  2.050000E+01 -6.000000E+01     4  1.590753E+02 -9.003303E+01 -9.169489E-02 -1.590753E+02
  2.050000E+01 -6.000000E+01     5  9.184866E+01 -9.003303E+01 -5.294041E-02 -9.184864E+01
  2.050000E+01 -6.000000E+01     6  2.042624E-06  7.047992E-04  2.042624E-06  2.512646E-11
  2.050000E+01 -3.000000E+01     1  2.294236E+01  8.996698E+01  1.322354E-02  2.294236E+01
  2.050000E+01 -3.000000E+01     2  1.324838E+01 -9.003303E+01 -7.636777E-03 -1.324838E+01
  2.050000E+01 -3.000000E+01     3  6.718369E+01  1.674874E-01  6.718340E+01  1.963915E-01
  2.050000E+01 -3.000000E+01     4  9.185412E+01 -9.003303E+01 -5.294706E-02 -9.185410E+01
  2.050000E+01 -3.000000E+01     5  1.590665E+02 -9.003303E+01 -9.168309E-02 -1.590665E+02
  2.050000E+01 -3.000000E+01     6  2.430842E-04  1.800000E+02 -2.430842E-04  2.506127E-11
  2.050000E+01  0.000000E+00     1  2.648964E+01  8.996698E+01  1.526827E-02  2.648964E+01
  2.050000E+01  0.000000E+00     2  0.000000E+00  9.000000E+01  0.000000E+00  0.000000E+00
  2.050000E+01  0.000000E+00     3  6.718362E+01  1.674873E-01  6.718333E+01  1.963912E-01
  2.050000E+01  0.000000E+00     4  0.000000E+00  9.000000E+01  0.000000E+00  0.000000E+00
  2.050000E+01  0.000000E+00     5  1.836619E+02 -9.003303E+01 -1.058594E-01 -1.836619E+02
  2.050000E+01  0.000000E+00     6  0.000000E+00  9.000000E+01  0.000000E+00  0.000000E+00
  2.050000E+01  3.000000E+01     1  2.294236E+01  8.996698E+01  1.322354E-02  2.294236E+01
  2.050000E+01  3.000000E+01     2  1.324838E+01  8.996697E+01  7.636777E-03  1.324838E+01
  2.050000E+01  3.000000E+01     3  6.718369E+01  1.674874E-01  6.718340E+01  1.963915E-01
  2.050000E+01  3.000000E+01     4  9.185412E+01  8.996697E+01  5.294706E-02  9.185410E+01
  2.050000E+01  3.000000E+01     5  1.590665E+02 -9.003303E+01 -9.168309E-02 -1.590665E+02
  2.050000E+01  3.000000E+01     6  2.430842E-04 -5.907029E-06  2.430842E-04 -2.506127E-11
  2.050000E+01  6.000000E+01     1  1.324745E+01  8.996698E+01  7.635657E-03  1.324745E+01
  2.050000E+01  6.000000E+01     2  2.294390E+01  8.996697E+01  1.322548E-02  2.294389E+01
  2.050000E+01  6.000000E+01     3  6.718369E+01  1.674872E-01  6.718340E+01  1.963913E-01
  2.050000E+01  6.000000E+01     4  1.590753E+02  8.996697E+01  9.169489E-02  1.590753E+02
  2.050000E+01  6.000000E+01     5  9.184866E+01 -9.003303E+01 -5.294041E-02 -9.184864E+01
  2.050000E+01  6.000000E+01     6  2.042624E-06 -1.799993E+02 -2.042624E-06 -2.512646E-11
  2.050000E+01  9.000000E+01     1  1.158209E-06 -9.003303E+01 -6.675772E-10 -1.158208E-06
  2.050000E+01  9.000000E+01     2  2.649150E+01  8.996697E+01  1.527043E-02  2.649150E+01
  2.050000E+01  9.000000E+01     3  6.718364E+01  1.674874E-01  6.718335E+01  1.963913E-01
  2.050000E+01  9.000000E+01     4  1.836728E+02  8.996697E+01  1.058732E-01  1.836727E+02
  2.050000E+01  9.000000E+01     5  8.030166E-06  8.996698E+01  4.628516E-09  8.030165E-06
  2.050000E+01  9.000000E+01     6  1.265890E-11  1.153657E-05  1.265890E-11  2.548883E-18
  2.050000E+01  1.200000E+02     1  1.324746E+01 -9.003303E+01 -7.635653E-03 -1.324746E+01
  2.050000E+01  1.200000E+02     2  2.294393E+01  8.996697E+01  1.322548E-02  2.294393E+01
  2.050000E+01  1.200000E+02     3  6.718369E+01  1.674872E-01  6.718340E+01  1.963913E-01
  2.050000E+01  1.200000E+02     4  1.590753E+02  8.996697E+01  9.169484E-02  1.590753E+02
  2.050000E+01  1.200000E+02     5  9.184859E+01  8.996698E+01  5.294043E-02  9.184857E+01
  2.050000E+01  1.200000E+02     6  2.458314E-06  5.856286E-04  2.458314E-06  2.512679E-11
  2.050000E+01  1.500000E+02     1  2.294235E+01 -9.003303E+01 -1.322354E-02 -2.294235E+01
  2.050000E+01  1.500000E+02     2  1.324836E+01  8.996697E+01  7.636766E-03  1.324836E+01
  2.050000E+01  1.500000E+02     3  6.718371E+01  1.674872E-01  6.718342E+01  1.963913E-01
  2.050000E+01  1.500000E+02     4  9.185410E+01  8.996697E+01  5.294712E-02  9.185409E+01
  2.050000E+01  1.500000E+02     5  1.590664E+02  8.996698E+01  9.168305E-02  1.590664E+02
  2.050000E+01  1.500000E+02     6  2.431231E-04  1.800000E+02 -2.431231E-04  2.514949E-11
  2.050000E+01  1.800000E+02     1  2.648964E+01 -9.003303E+01 -1.526827E-02 -2.648964E+01
  2.050000E+01  1.800000E+02     2  2.316597E-06 -9.003303E+01 -1.335341E-09 -2.316596E-06
  2.050000E+01  1.800000E+02     3  6.718362E+01  1.674873E-01  6.718333E+01  1.963912E-01
  2.050000E+01  1.800000E+02     4  1.606128E-05 -9.003303E+01 -9.258209E-09 -1.606128E-05
  2.050000E+01  1.800000E+02     5  1.836619E+02  8.996698E+01  1.058594E-01  1.836619E+02
  2.050000E+01  1.800000E+02     6  7.394708E-11 -3.938409E-06  7.394708E-11 -5.082990E-18
  2.100000E+01 -1.800000E+02     1  2.558238E+01 -9.002949E+01 -1.316645E-02 -2.558238E+01
  2.100000E+01 -1.800000E+02     2  2.237191E-06  8.997051E+01  1.151499E-09  2.237190E-06
  2.100000E+01 -1.800000E+02     3  6.773613E+01  1.537972E-01  6.773589E+01  1.818217E-01
  2.100000E+01 -1.800000E+02     4  1.552912E-05  8.997051E+01  7.993031E-09  1.552911E-05
  2.100000E+01 -1.800000E+02     5  1.775800E+02  8.997051E+01  9.139470E-02  1.775800E+02
  2.100000E+01 -1.800000E+02     6  6.562856E-11  1.800000E+02 -6.562856E-11  3.978745E-18
  2.100000E+01 -1.500000E+02     1  2.215630E+01 -9.002949E+01 -1.140319E-02 -2.215630E+01
  2.100000E+01 -1.500000E+02     2  1.279437E+01 -9.002949E+01 -6.585417E-03 -1.279437E+01
  2.100000E+01 -1.500000E+02     3  6.773612E+01  1.537970E-01  6.773588E+01  1.818214E-01
  2.100000E+01 -1.500000E+02     4  8.881065E+01 -9.002949E+01 -4.571198E-02 -8.881063E+01
  2.100000E+01 -1.500000E+02     5  1.537978E+02  8.997051E+01  7.915536E-02  1.537978E+02
  2.100000E+01 -1.500000E+02     6  2.176942E-04 -5.220129E-06  2.176942E-04 -1.983377E-11
  2.100000E+01 -1.200000E+02     1  1.279351E+01 -9.002949E+01 -6.584468E-03 -1.279350E+01
  2.100000E+01 -1.200000E+02     2  2.215788E+01 -9.002949E+01 -1.140483E-02 -2.215788E+01
  2.100000E+01 -1.200000E+02     3  6.773629E+01  1.537967E-01  6.773605E+01  1.818215E-01
  2.100000E+01 -1.200000E+02     4  1.538065E+02 -9.002949E+01 -7.916568E-02 -1.538065E+02
  2.100000E+01 -1.200000E+02     5  8.880572E+01  8.997051E+01  4.570595E-02  8.880570E+01
  2.100000E+01 -1.200000E+02     6  4.920584E-06 -2.310666E-04  4.920584E-06 -1.984409E-11
  2.100000E+01 -9.000000E+01     1  1.118518E-06 -9.002949E+01 -5.756703E-10 -1.118518E-06
  2.100000E+01 -9.000000E+01     2  2.558417E+01 -9.002949E+01 -1.316832E-02 -2.558417E+01
  2.100000E+01 -9.000000E+01     3  6.773623E+01  1.537966E-01  6.773598E+01  1.818212E-01
  2.100000E+01 -9.000000E+01     4  1.775902E+02 -9.002949E+01 -9.140647E-02 -1.775901E+02
  2.100000E+01 -9.000000E+01     5  7.764094E-06  8.997051E+01  3.995994E-09  7.764093E-06
  2.100000E+01 -9.000000E+01     6  1.013015E-11 -1.800000E+02 -1.013015E-11 -1.983163E-18
  2.100000E+01 -6.000000E+01     1  1.279351E+01  8.997051E+01  6.584459E-03  1.279350E+01
  2.100000E+01 -6.000000E+01     2  2.215788E+01 -9.002949E+01 -1.140481E-02 -2.215788E+01
  2.100000E+01 -6.000000E+01     3  6.773629E+01  1.537967E-01  6.773605E+01  1.818215E-01
  2.100000E+01 -6.000000E+01     4  1.538065E+02 -9.002949E+01 -7.916576E-02 -1.538065E+02
  2.100000E+01 -6.000000E+01     5  8.880579E+01 -9.002949E+01 -4.570597E-02 -8.880577E+01
  2.100000E+01 -6.000000E+01     6  4.758621E-06  1.799998E+02 -4.758621E-06  1.975837E-11
  2.100000E+01 -3.000000E+01     1  2.215632E+01  8.997051E+01  1.140319E-02  2.215632E+01
  2.100000E+01 -3.000000E+01     2  1.279437E+01 -9.002949E+01 -6.585409E-03 -1.279437E+01
  2.100000E+01 -3.000000E+01     3  6.773612E+01  1.537970E-01  6.773588E+01  1.818214E-01
  2.100000E+01 -3.000000E+01     4  8.881065E+01 -9.002949E+01 -4.571197E-02 -8.881063E+01
  2.100000E+01 -3.000000E+01     5  1.537979E+02 -9.002949E+01 -7.915539E-02 -1.537979E+02
  2.100000E+01 -3.000000E+01     6  2.171276E-04  1.800000E+02 -2.171276E-04  1.975497E-11
  2.100000E+01  0.000000E+00     1  2.558238E+01  8.997051E+01  1.316645E-02  2.558238E+01
  2.100000E+01  0.000000E+00     2  0.000000E+00  9.000000E+01  0.000000E+00  0.000000E+00
  2.100000E+01  0.000000E+00     3  6.773613E+01  1.537972E-01  6.773589E+01  1.818217E-01
  2.100000E+01  0.000000E+00     4  0.000000E+00  9.000000E+01  0.000000E+00  0.000000E+00
  2.100000E+01  0.000000E+00     5  1.775800E+02 -9.002949E+01 -9.139470E-02 -1.775800E+02
  2.100000E+01  0.000000E+00     6  0.000000E+00  9.000000E+01  0.000000E+00  0.000000E+00
  2.100000E+01  3.000000E+01     1  2.215632E+01  8.997051E+01  1.140319E-02  2.215632E+01
  2.100000E+01  3.000000E+01     2  1.279437E+01  8.997051E+01  6.585409E-03  1.279437E+01
  2.100000E+01  3.000000E+01     3  6.773612E+01  1.537970E-01  6.773588E+01  1.818214E-01
  2.100000E+01  3.000000E+01     4  8.881065E+01  8.997051E+01  4.571197E-02  8.881063E+01
  2.100000E+01  3.000000E+01     5  1.537979E+02 -9.002949E+01 -7.915539E-02 -1.537979E+02
  2.100000E+01  3.000000E+01     6  2.171276E-04 -5.212954E-06  2.171276E-04 -1.975497E-11
  2.100000E+01  6.000000E+01     1  1.279351E+01  8.997051E+01  6.584459E-03  1.279350E+01
  2.100000E+01  6.000000E+01     2  2.215788E+01  8.997051E+01  1.140481E-02  2.215788E+01
  2.100000E+01  6.000000E+01     3  6.773629E+01  1.537967E-01  6.773605E+01  1.818215E-01
  2.100000E+01  6.000000E+01     4  1.538065E+02  8.997051E+01  7.916576E-02  1.538065E+02
  2.100000E+01  6.000000E+01     5  8.880579E+01 -9.002949E+01 -4.570597E-02 -8.880577E+01
  2.100000E+01  6.000000E+01     6  4.758621E-06 -2.378990E-04  4.758621E-06 -1.975837E-11
  2.100000E+01  9.000000E+01     1  1.118518E-06 -9.002949E+01 -5.756703E-10 -1.118518E-06
  2.100000E+01  9.000000E+01     2  2.558417E+01  8.997051E+01  1.316832E-02  2.558417E+01
  2.100000E+01  9.000000E+01     3  6.773623E+01  1.537966E-01  6.773598E+01  1.818212E-01
  2.100000E+01  9.000000E+01     4  1.775902E+02  8.997051E+01  9.140647E-02  1.775901E+02
  2.100000E+01  9.000000E+01     5  7.764094E-06  8.997051E+01  3.995994E-09  7.764093E-06
  2.100000E+01  9.000000E+01     6  1.013015E-11  1.121670E-05  1.013015E-11  1.983163E-18
  2.100000E+01  1.200000E+02     1  1.279351E+01 -9.002949E+01 -6.584468E-03 -1.279350E+01
  2.100000E+01  1.200000E+02     2  2.215788E+01  8.997051E+01  1.140483E-02  2.215788E+01
  2.100000E+01  1.200000E+02     3  6.773629E+01  1.537967E-01  6.773605E+01  1.818215E-01
  2.100000E+01  1.200000E+02     4  1.538065E+02  8.997051E+01  7.916568E-02  1.538065E+02
  2.100000E+01  1.200000E+02     5  8.880572E+01  8.997051E+01  4.570595E-02  8.880570E+01
  2.100000E+01  1.200000E+02     6  4.920584E-06  1.799998E+02 -4.920584E-06  1.984409E-11
  2.100000E+01  1.500000E+02     1  2.215630E+01 -9.002949E+01 -1.140319E-02 -2.215630E+01
  2.100000E+01  1.500000E+02     2  1.279437E+01  8.997051E+01  6.585417E-03  1.279437E+01
  2.100000E+01  1.500000E+02     3  6.773612E+01  1.537970E-01  6.773588E+01  1.818214E-01
  2.100000E+01  1.500000E+02     4  8.881065E+01  8.997051E+01  4.571198E-02  8.881063E+01
  2.100000E+01  1.500000E+02     5  1.537978E+02  8.997051E+01  7.915536E-02  1.537978E+02
  2.100000E+01  1.500000E+02     6  2.176942E-04  1.800000E+02 -2.176942E-04  1.983377E-11
  2.100000E+01  1.800000E+02     1  2.558238E+01 -9.002949E+01 -1.316645E-02 -2.558238E+01
  2.100000E+01  1.800000E+02     2  2.237191E-06 -9.002949E+01 -1.151499E-09 -2.237190E-06
  2.100000E+01  1.800000E+02     3  6.773613E+01  1.537972E-01  6.773589E+01  1.818217E-01
  2.100000E+01  1.800000E+02     4  1.552912E-05 -9.002949E+01 -7.993031E-09 -1.552911E-05
  2.100000E+01  1.800000E+02     5  1.775800E+02  8.997051E+01  9.139470E-02  1.775800E+02
  2.100000E+01  1.800000E+02     6  6.562856E-11 -3.473568E-06  6.562856E-11 -3.978745E-18
  2.150000E+01 -1.800000E+02     1  2.473882E+01 -9.002647E+01 -1.142723E-02 -2.473882E+01
  2.150000E+01 -1.800000E+02     2  2.163389E-06  8.997353E+01  9.993695E-10  2.163389E-06
  2.150000E+01 -1.800000E+02     3  6.825409E+01  1.416719E-01  6.825388E+01  1.687677E-01
  2.150000E+01 -1.800000E+02     4  1.503332E-05  8.997353E+01  6.944635E-09  1.503331E-05
  2.150000E+01 -1.800000E+02     5  1.719127E+02  8.997353E+01  7.940874E-02  1.719127E+02
  2.150000E+01 -1.800000E+02     6  5.867325E-11  1.800000E+02 -5.867325E-11  2.453839E-18
  2.150000E+01 -1.500000E+02     1  2.142567E+01 -9.002647E+01 -9.896833E-03 -2.142567E+01
  2.150000E+01 -1.500000E+02     2  1.237239E+01 -9.002647E+01 -5.715438E-03 -1.237239E+01
  2.150000E+01 -1.500000E+02     3  6.825404E+01  1.416723E-01  6.825383E+01  1.687681E-01
  2.150000E+01 -1.500000E+02     4  8.597578E+01 -9.002647E+01 -3.971653E-02 -8.597578E+01
  2.150000E+01 -1.500000E+02     5  1.488894E+02  8.997353E+01  6.877360E-02  1.488893E+02
  2.150000E+01 -1.500000E+02     6  1.966973E-04 -3.480671E-06  1.966973E-04 -1.194920E-11
  2.150000E+01 -1.200000E+02     1  1.237149E+01 -9.002647E+01 -5.714605E-03 -1.237148E+01
  2.150000E+01 -1.200000E+02     2  2.142721E+01 -9.002647E+01 -9.898253E-03 -2.142720E+01
  2.150000E+01 -1.200000E+02     3  6.825404E+01  1.416723E-01  6.825384E+01  1.687680E-01
  2.150000E+01 -1.200000E+02     4  1.488977E+02 -9.002647E+01 -6.878286E-02 -1.488977E+02
  2.150000E+01 -1.200000E+02     5  8.597079E+01  8.997353E+01  3.971119E-02  8.597079E+01
  2.150000E+01 -1.200000E+02     6  1.227169E-05 -5.574342E-05  1.227169E-05 -1.193920E-11
  2.150000E+01 -9.000000E+01     1  1.081618E-06 -9.002647E+01 -4.996168E-10 -1.081618E-06
  2.150000E+01 -9.000000E+01     2  2.474053E+01 -9.002647E+01 -1.142888E-02 -2.474053E+01
  2.150000E+01 -9.000000E+01     3  6.825398E+01  1.416724E-01  6.825378E+01  1.687680E-01
  2.150000E+01 -9.000000E+01     4  1.719227E+02 -9.002647E+01 -7.941909E-02 -1.719227E+02
  2.150000E+01 -9.000000E+01     5  7.516201E-06  8.997353E+01  3.471876E-09  7.516200E-06
  2.150000E+01 -9.000000E+01     6  7.969576E-12 -1.800000E+02 -7.969576E-12 -1.223539E-18
  2.150000E+01 -6.000000E+01     1  1.237148E+01  8.997353E+01  5.714606E-03  1.237148E+01
  2.150000E+01 -6.000000E+01     2  2.142724E+01 -9.002647E+01 -9.898252E-03 -2.142724E+01
  2.150000E+01 -6.000000E+01     3  6.825404E+01  1.416723E-01  6.825384E+01  1.687680E-01
  2.150000E+01 -6.000000E+01     4  1.488978E+02 -9.002647E+01 -6.878289E-02 -1.488978E+02
  2.150000E+01 -6.000000E+01     5  8.597073E+01 -9.002647E+01 -3.971120E-02 -8.597072E+01
  2.150000E+01 -6.000000E+01     6  1.229692E-05  1.800000E+02 -1.229692E-05  1.202762E-11
  2.150000E+01 -3.000000E+01     1  2.142568E+01  8.997353E+01  9.896837E-03  2.142568E+01
  2.150000E+01 -3.000000E+01     2  1.237239E+01 -9.002647E+01 -5.715436E-03 -1.237239E+01
  2.150000E+01 -3.000000E+01     3  6.825404E+01  1.416723E-01  6.825383E+01  1.687681E-01
  2.150000E+01 -3.000000E+01     4  8.597574E+01 -9.002647E+01 -3.971650E-02 -8.597573E+01
  2.150000E+01 -3.000000E+01     5  1.488893E+02 -9.002647E+01 -6.877361E-02 -1.488893E+02
  2.150000E+01 -3.000000E+01     6  1.964348E-04  1.800000E+02 -1.964348E-04  1.196228E-11
  2.150000E+01  0.000000E+00     1  2.473882E+01  8.997353E+01  1.142723E-02  2.473882E+01
  2.150000E+01  0.000000E+00     2  0.000000E+00  9.000000E+01  0.000000E+00  0.000000E+00
  2.150000E+01  0.000000E+00     3  6.825409E+01  1.416719E-01  6.825388E+01  1.687677E-01
  2.150000E+01  0.000000E+00     4  0.000000E+00  9.000000E+01  0.000000E+00  0.000000E+00
  2.150000E+01  0.000000E+00     5  1.719127E+02 -9.002647E+01 -7.940874E-02 -1.719127E+02
  2.150000E+01  0.000000E+00     6  0.000000E+00  9.000000E+01  0.000000E+00  0.000000E+00
  2.150000E+01  3.000000E+01     1  2.142568E+01  8.997353E+01  9.896837E-03  2.142568E+01
  2.150000E+01  3.000000E+01     2  1.237239E+01  8.997353E+01  5.715436E-03  1.237239E+01
  2.150000E+01  3.000000E+01     3  6.825404E+01  1.416723E-01  6.825383E+01  1.687681E-01
  2.150000E+01  3.000000E+01     4  8.597574E+01  8.997353E+01  3.971650E-02  8.597573E+01
  2.150000E+01  3.000000E+01     5  1.488893E+02 -9.002647E+01 -6.877361E-02 -1.488893E+02
  2.150000E+01  3.000000E+01     6  1.964348E-04 -3.489139E-06  1.964348E-04 -1.196228E-11
  2.150000E+01  6.000000E+01     1  1.237148E+01  8.997353E+01  5.714606E-03  1.237148E+01
  2.150000E+01  6.000000E+01     2  2.142724E+01  8.997353E+01  9.898252E-03  2.142724E+01
  2.150000E+01  6.000000E+01     3  6.825404E+01  1.416723E-01  6.825384E+01  1.687680E-01
  2.150000E+01  6.000000E+01     4  1.488978E+02  8.997353E+01  6.878289E-02  1.488978E+02
  2.150000E+01  6.000000E+01     5  8.597073E+01 -9.002647E+01 -3.971120E-02 -8.597072E+01
  2.150000E+01  6.000000E+01     6  1.229692E-05 -5.604101E-05  1.229692E-05 -1.202762E-11
  2.150000E+01  9.000000E+01     1  1.081618E-06 -9.002647E+01 -4.996168E-10 -1.081618E-06
  2.150000E+01  9.000000E+01     2  2.474053E+01  8.997353E+01  1.142888E-02  2.474053E+01
  2.150000E+01  9.000000E+01     3  6.825398E+01  1.416724E-01  6.825378E+01  1.687680E-01
  2.150000E+01  9.000000E+01     4  1.719227E+02  8.997353E+01  7.941909E-02  1.719227E+02
  2.150000E+01  9.000000E+01     5  7.516201E-06  8.997353E+01  3.471876E-09  7.516200E-06
  2.150000E+01  9.000000E+01     6  7.969576E-12  8.796403E-06  7.969576E-12  1.223539E-18
  2.150000E+01  1.200000E+02     1  1.237149E+01 -9.002647E+01 -5.714605E-03 -1.237148E+01
  2.150000E+01  1.200000E+02     2  2.142721E+01  8.997353E+01  9.898253E-03  2.142720E+01
  2.150000E+01  1.200000E+02     3  6.825404E+01  1.416723E-01  6.825384E+01  1.687680E-01
  2.150000E+01  1.200000E+02     4  1.488977E+02  8.997353E+01  6.878286E-02  1.488977E+02
  2.150000E+01  1.200000E+02     5  8.597079E+01  8.997353E+01  3.971119E-02  8.597079E+01
  2.150000E+01  1.200000E+02     6  1.227169E-05  1.800000E+02 -1.227169E-05  1.193920E-11
  2.150000E+01  1.500000E+02     1  2.142567E+01 -9.002647E+01 -9.896833E-03 -2.142567E+01
  2.150000E+01  1.500000E+02     2  1.237239E+01  8.997353E+01  5.715438E-03  1.237239E+01
  2.150000E+01  1.500000E+02     3  6.825404E+01  1.416723E-01  6.825383E+01  1.687681E-01
  2.150000E+01  1.500000E+02     4  8.597578E+01  8.997353E+01  3.971653E-02  8.597578E+01
  2.150000E+01  1.500000E+02     5  1.488894E+02  8.997353E+01  6.877360E-02  1.488893E+02
  2.150000E+01  1.500000E+02     6  1.966973E-04  1.800000E+02 -1.966973E-04  1.194920E-11
  2.150000E+01  1.800000E+02     1  2.473882E+01 -9.002647E+01 -1.142723E-02 -2.473882E+01
  2.150000E+01  1.800000E+02     2  2.163389E-06 -9.002647E+01 -9.993695E-10 -2.163389E-06
  2.150000E+01  1.800000E+02     3  6.825409E+01  1.416719E-01  6.825388E+01  1.687677E-01
  2.150000E+01  1.800000E+02     4  1.503332E-05 -9.002647E+01 -6.944635E-09 -1.503331E-05
  2.150000E+01  1.800000E+02     5  1.719127E+02  8.997353E+01  7.940874E-02  1.719127E+02
  2.150000E+01  1.800000E+02     6  5.867325E-11 -2.396230E-06  5.867325E-11 -2.453839E-18
  2.200000E+01 -1.800000E+02     1  2.395286E+01 -9.002386E+01 -9.977902E-03 -2.395286E+01
  2.200000E+01 -1.800000E+02     2  2.094624E-06  8.997614E+01  8.726037E-10  2.094624E-06
  2.200000E+01 -1.800000E+02     3  6.873989E+01  1.308981E-01  6.873971E+01  1.570432E-01
  2.200000E+01 -1.800000E+02     4  1.457026E-05  8.997614E+01  6.069879E-09  1.457026E-05
  2.200000E+01 -1.800000E+02     5  1.666207E+02  8.997614E+01  6.940775E-02  1.666207E+02
  2.200000E+01 -1.800000E+02     6  5.245352E-11  1.800000E+02 -5.245352E-11  2.502613E-18
  2.200000E+01 -1.500000E+02     1  2.074496E+01 -9.002386E+01 -8.641558E-03 -2.074496E+01
  2.200000E+01 -1.500000E+02     2  1.197917E+01 -9.002386E+01 -4.990469E-03 -1.197917E+01
  2.200000E+01 -1.500000E+02     3  6.873962E+01  1.308987E-01  6.873943E+01  1.570433E-01
  2.200000E+01 -1.500000E+02     4  8.332799E+01 -9.002386E+01 -3.471408E-02 -8.332798E+01
  2.200000E+01 -1.500000E+02     5  1.443052E+02  8.997614E+01  6.011231E-02  1.443052E+02
  2.200000E+01 -1.500000E+02     6  1.794250E-04 -3.978394E-06  1.794250E-04 -1.245857E-11
  2.200000E+01 -1.200000E+02     1  1.197833E+01 -9.002386E+01 -4.989762E-03 -1.197833E+01
  2.200000E+01 -1.200000E+02     2  2.074647E+01 -9.002386E+01 -8.642795E-03 -2.074647E+01
  2.200000E+01 -1.200000E+02     3  6.873971E+01  1.308986E-01  6.873952E+01  1.570434E-01
  2.200000E+01 -1.200000E+02     4  1.443133E+02 -9.002386E+01 -6.011991E-02 -1.443133E+02
  2.200000E+01 -1.200000E+02     5  8.332321E+01  8.997614E+01  3.470954E-02  8.332320E+01
  2.200000E+01 -1.200000E+02     6  1.812653E-05 -3.942802E-05  1.812653E-05 -1.247375E-11
  2.200000E+01 -9.000000E+01     1  1.047240E-06 -9.002386E+01 -4.362407E-10 -1.047240E-06
  2.200000E+01 -9.000000E+01     2  2.395458E+01 -9.002386E+01 -9.979305E-03 -2.395458E+01
  2.200000E+01 -9.000000E+01     3  6.873975E+01  1.308985E-01  6.873956E+01  1.570433E-01
  2.200000E+01 -9.000000E+01     4  1.666301E+02 -9.002386E+01 -6.941675E-02 -1.666300E+02
  2.200000E+01 -9.000000E+01     5  7.284727E-06  8.997614E+01  3.034561E-09  7.284727E-06
  2.200000E+01 -9.000000E+01     6  6.381350E-12 -1.800000E+02 -6.381350E-12 -1.244733E-18
  2.200000E+01 -6.000000E+01     1  1.197833E+01  8.997614E+01  4.989761E-03  1.197833E+01
  2.200000E+01 -6.000000E+01     2  2.074647E+01 -9.002386E+01 -8.642789E-03 -2.074647E+01
  2.200000E+01 -6.000000E+01     3  6.873971E+01  1.308986E-01  6.873952E+01  1.570434E-01
  2.200000E+01 -6.000000E+01     4  1.443133E+02 -9.002386E+01 -6.011989E-02 -1.443133E+02
  2.200000E+01 -6.000000E+01     5  8.332311E+01 -9.002386E+01 -3.470954E-02 -8.332310E+01
  2.200000E+01 -6.000000E+01     6  1.824409E-05  1.800000E+02 -1.824409E-05  1.246914E-11
  2.200000E+01 -3.000000E+01     1  2.074493E+01  8.997614E+01  8.641560E-03  2.074493E+01
  2.200000E+01 -3.000000E+01     2  1.197917E+01 -9.002386E+01 -4.990473E-03 -1.197917E+01
  2.200000E+01 -3.000000E+01     3  6.873962E+01  1.308987E-01  6.873943E+01  1.570433E-01
  2.200000E+01 -3.000000E+01     4  8.332801E+01 -9.002386E+01 -3.471406E-02 -8.332800E+01
  2.200000E+01 -3.000000E+01     5  1.443053E+02 -9.002386E+01 -6.011236E-02 -1.443053E+02
  2.200000E+01 -3.000000E+01     6  1.793325E-04  1.800000E+02 -1.793325E-04  1.243049E-11
  2.200000E+01  0.000000E+00     1  2.395286E+01  8.997614E+01  9.977902E-03  2.395286E+01
  2.200000E+01  0.000000E+00     2  0.000000E+00  9.000000E+01  0.000000E+00  0.000000E+00
  2.200000E+01  0.000000E+00     3  6.873989E+01  1.308981E-01  6.873971E+01  1.570432E-01
  2.200000E+01  0.000000E+00     4  0.000000E+00  9.000000E+01  0.000000E+00  0.000000E+00
  2.200000E+01  0.000000E+00     5  1.666207E+02 -9.002386E+01 -6.940775E-02 -1.666207E+02
  2.200000E+01  0.000000E+00     6  0.000000E+00  9.000000E+01  0.000000E+00  0.000000E+00
  2.200000E+01  3.000000E+01     1  2.074493E+01  8.997614E+01  8.641560E-03  2.074493E+01
  2.200000E+01  3.000000E+01     2  1.197917E+01  8.997614E+01  4.990473E-03  1.197917E+01
  2.200000E+01  3.000000E+01     3  6.873962E+01  1.308987E-01  6.873943E+01  1.570433E-01
  2.200000E+01  3.000000E+01     4  8.332801E+01  8.997614E+01  3.471406E-02  8.332800E+01
  2.200000E+01  3.000000E+01     5  1.443053E+02 -9.002386E+01 -6.011236E-02 -1.443053E+02
  2.200000E+01  3.000000E+01     6  1.793325E-04 -3.971476E-06  1.793325E-04 -1.243049E-11
  2.200000E+01  6.000000E+01     1  1.197833E+01  8.997614E+01  4.989761E-03  1.197833E+01
  2.200000E+01  6.000000E+01     2  2.074647E+01  8.997614E+01  8.642789E-03  2.074647E+01
  2.200000E+01  6.000000E+01     3  6.873971E+01  1.308986E-01  6.873952E+01  1.570434E-01
  2.200000E+01  6.000000E+01     4  1.443133E+02  8.997614E+01  6.011989E-02  1.443133E+02
  2.200000E+01  6.000000E+01     5  8.332311E+01 -9.002386E+01 -3.470954E-02 -8.332310E+01
  2.200000E+01  6.000000E+01     6  1.824409E-05 -3.915950E-05  1.824409E-05 -1.246914E-11
  2.200000E+01  9.000000E+01     1  1.047240E-06 -9.002386E+01 -4.362407E-10 -1.047240E-06
  2.200000E+01  9.000000E+01     2  2.395458E+01  8.997614E+01  9.979305E-03  2.395458E+01
  2.200000E+01  9.000000E+01     3  6.873975E+01  1.308985E-01  6.873956E+01  1.570433E-01
  2.200000E+01  9.000000E+01     4  1.666301E+02  8.997614E+01  6.941675E-02  1.666300E+02
  2.200000E+01  9.000000E+01     5  7.284727E-06  8.997614E+01  3.034561E-09  7.284727E-06
  2.200000E+01  9.000000E+01     6  6.381350E-12  1.117599E-05  6.381350E-12  1.244733E-18
  2.200000E+01  1.200000E+02     1  1.197833E+01 -9.002386E+01 -4.989762E-03 -1.197833E+01
  2.200000E+01  1.200000E+02     2  2.074647E+01  8.997614E+01  8.642795E-03  2.074647E+01
  2.200000E+01  1.200000E+02     3  6.873971E+01  1.308986E-01  6.873952E+01  1.570434E-01
  2.200000E+01  1.200000E+02     4  1.443133E+02  8.997614E+01  6.011991E-02  1.443133E+02
  2.200000E+01  1.200000E+02     5  8.332321E+01  8.997614E+01  3.470954E-02  8.332320E+01
  2.200000E+01  1.200000E+02     6  1.812653E-05  1.800000E+02 -1.812653E-05  1.247375E-11
  2.200000E+01  1.500000E+02     1  2.074496E+01 -9.002386E+01 -8.641558E-03 -2.074496E+01
  2.200000E+01  1.500000E+02     2  1.197917E+01  8.997614E+01  4.990469E-03  1.197917E+01
  2.200000E+01  1.500000E+02     3  6.873962E+01  1.308987E-01  6.873943E+01  1.570433E-01
  2.200000E+01  1.500000E+02     4  8.332799E+01  8.997614E+01  3.471408E-02  8.332798E+01
  2.200000E+01  1.500000E+02     5  1.443052E+02  8.997614E+01  6.011231E-02  1.443052E+02
  2.200000E+01  1.500000E+02     6  1.794250E-04  1.800000E+02 -1.794250E-04  1.245857E-11
  2.200000E+01  1.800000E+02     1  2.395286E+01 -9.002386E+01 -9.977902E-03 -2.395286E+01
  2.200000E+01  1.800000E+02     2  2.094624E-06 -9.002386E+01 -8.726037E-10 -2.094624E-06
  2.200000E+01  1.800000E+02     3  6.873989E+01  1.308981E-01  6.873971E+01  1.570432E-01
  2.200000E+01  1.800000E+02     4  1.457026E-05 -9.002386E+01 -6.069879E-09 -1.457026E-05
  2.200000E+01  1.800000E+02     5  1.666207E+02  8.997614E+01  6.940775E-02  1.666207E+02
  2.200000E+01  1.800000E+02     6  5.245352E-11 -2.733643E-06  5.245352E-11 -2.502613E-18
  2.250000E+01 -1.800000E+02     1  2.321869E+01 -9.002162E+01 -8.762062E-03 -2.321869E+01
  2.250000E+01 -1.800000E+02     2  2.030391E-06  8.997838E+01  7.662638E-10  2.030390E-06
  2.250000E+01 -1.800000E+02     3  6.919541E+01  1.212944E-01  6.919526E+01  1.464856E-01
  2.250000E+01 -1.800000E+02     4  1.413695E-05  8.997838E+01  5.335266E-09  1.413694E-05
  2.250000E+01 -1.800000E+02     5  1.616677E+02  8.997838E+01  6.100817E-02  1.616676E+02
  2.250000E+01 -1.800000E+02     6  4.715227E-11  1.800000E+02 -4.715227E-11  2.218250E-18
  2.250000E+01 -1.500000E+02     1  2.010912E+01 -9.002162E+01 -7.588519E-03 -2.010911E+01
  2.250000E+01 -1.500000E+02     2  1.161191E+01 -9.002162E+01 -4.382293E-03 -1.161191E+01
  2.250000E+01 -1.500000E+02     3  6.919537E+01  1.212945E-01  6.919521E+01  1.464857E-01
  2.250000E+01 -1.500000E+02     4  8.085017E+01 -9.002162E+01 -3.051254E-02 -8.085017E+01
  2.250000E+01 -1.500000E+02     5  1.400147E+02  8.997838E+01  5.283716E-02  1.400147E+02
  2.250000E+01 -1.500000E+02     6  1.637464E-04 -3.820270E-06  1.637464E-04 -1.091800E-11
  2.250000E+01 -1.200000E+02     1  1.161112E+01 -9.002162E+01 -4.381696E-03 -1.161112E+01
  2.250000E+01 -1.200000E+02     2  2.011057E+01 -9.002162E+01 -7.589585E-03 -2.011057E+01
  2.250000E+01 -1.200000E+02     3  6.919528E+01  1.212947E-01  6.919513E+01  1.464857E-01
  2.250000E+01 -1.200000E+02     4  1.400232E+02 -9.002162E+01 -5.284395E-02 -1.400231E+02
  2.250000E+01 -1.200000E+02     5  8.084550E+01  8.997838E+01  3.050864E-02  8.084550E+01
  2.250000E+01 -1.200000E+02     6  2.289118E-05 -2.742750E-05  2.289118E-05 -1.095801E-11
  2.250000E+01 -9.000000E+01     1  1.015130E-06 -9.002162E+01 -3.830764E-10 -1.015130E-06
  2.250000E+01 -9.000000E+01     2  2.322034E+01 -9.002162E+01 -8.763262E-03 -2.322034E+01
  2.250000E+01 -9.000000E+01     3  6.919542E+01  1.212943E-01  6.919527E+01  1.464856E-01
  2.250000E+01 -9.000000E+01     4  1.616770E+02 -9.002162E+01 -6.101587E-02 -1.616770E+02
  2.250000E+01 -9.000000E+01     5  7.068083E-06  8.997838E+01  2.667283E-09  7.068083E-06
  2.250000E+01 -9.000000E+01     6  4.874771E-12 -9.000000E+01 -4.874771E-12 -1.109095E-18
  2.250000E+01 -6.000000E+01     1  1.161111E+01  8.997838E+01  4.381695E-03  1.161111E+01
  2.250000E+01 -6.000000E+01     2  2.011056E+01 -9.002162E+01 -7.589574E-03 -2.011056E+01
  2.250000E+01 -6.000000E+01     3  6.919528E+01  1.212947E-01  6.919513E+01  1.464857E-01
  2.250000E+01 -6.000000E+01     4  1.400232E+02 -9.002162E+01 -5.284395E-02 -1.400232E+02
  2.250000E+01 -6.000000E+01     5  8.084550E+01 -9.002162E+01 -3.050864E-02 -8.084549E+01
  2.250000E+01 -6.000000E+01     6  2.281356E-05  1.800000E+02 -2.281356E-05  1.095027E-11
  2.250000E+01 -3.000000E+01     1  2.010913E+01  8.997838E+01  7.588516E-03  2.010912E+01
  2.250000E+01 -3.000000E+01     2  1.161191E+01 -9.002162E+01 -4.382293E-03 -1.161191E+01
  2.250000E+01 -3.000000E+01     3  6.919537E+01  1.212945E-01  6.919521E+01  1.464857E-01
  2.250000E+01 -3.000000E+01     4  8.085016E+01 -9.002162E+01 -3.051254E-02 -8.085015E+01
  2.250000E+01 -3.000000E+01     5  1.400147E+02 -9.002162E+01 -5.283716E-02 -1.400147E+02
  2.250000E+01 -3.000000E+01     6  1.635292E-04  1.800000E+02 -1.635292E-04  1.092748E-11
  2.250000E+01  0.000000E+00     1  2.321869E+01  8.997838E+01  8.762062E-03  2.321869E+01
  2.250000E+01  0.000000E+00     2  0.000000E+00  9.000000E+01  0.000000E+00  0.000000E+00
  2.250000E+01  0.000000E+00     3  6.919541E+01  1.212944E-01  6.919526E+01  1.464856E-01
  2.250000E+01  0.000000E+00     4  0.000000E+00  9.000000E+01  0.000000E+00  0.000000E+00
  2.250000E+01  0.000000E+00     5  1.616677E+02 -9.002162E+01 -6.100817E-02 -1.616676E+02
  2.250000E+01  0.000000E+00     6  0.000000E+00  9.000000E+01  0.000000E+00  0.000000E+00
  2.250000E+01  3.000000E+01     1  2.010913E+01  8.997838E+01  7.588516E-03  2.010912E+01
  2.250000E+01  3.000000E+01     2  1.161191E+01  8.997838E+01  4.382293E-03  1.161191E+01
  2.250000E+01  3.000000E+01     3  6.919537E+01  1.212945E-01  6.919521E+01  1.464857E-01
  2.250000E+01  3.000000E+01     4  8.085016E+01  8.997838E+01  3.051254E-02  8.085015E+01
  2.250000E+01  3.000000E+01     5  1.400147E+02 -9.002162E+01 -5.283716E-02 -1.400147E+02
  2.250000E+01  3.000000E+01     6  1.635292E-04 -3.828663E-06  1.635292E-04 -1.092748E-11
  2.250000E+01  6.000000E+01     1  1.161111E+01  8.997838E+01  4.381695E-03  1.161111E+01
  2.250000E+01  6.000000E+01     2  2.011056E+01  8.997838E+01  7.589574E-03  2.011056E+01
  2.250000E+01  6.000000E+01     3  6.919528E+01  1.212947E-01  6.919513E+01  1.464857E-01
  2.250000E+01  6.000000E+01     4  1.400232E+02  8.997838E+01  5.284395E-02  1.400232E+02
  2.250000E+01  6.000000E+01     5  8.084550E+01 -9.002162E+01 -3.050864E-02 -8.084549E+01
  2.250000E+01  6.000000E+01     6  2.281356E-05 -2.750136E-05  2.281356E-05 -1.095027E-11
  2.250000E+01  9.000000E+01     1  1.015130E-06 -9.002162E+01 -3.830764E-10 -1.015130E-06
  2.250000E+01  9.000000E+01     2  2.322034E+01  8.997838E+01  8.763262E-03  2.322034E+01
  2.250000E+01  9.000000E+01     3  6.919542E+01  1.212943E-01  6.919527E+01  1.464856E-01
  2.250000E+01  9.000000E+01     4  1.616770E+02  8.997838E+01  6.101587E-02  1.616770E+02
  2.250000E+01  9.000000E+01     5  7.068083E-06  8.997838E+01  2.667283E-09  7.068083E-06
  2.250000E+01  9.000000E+01     6  4.874771E-12  9.000000E+01  4.874771E-12  1.109095E-18
  2.250000E+01  1.200000E+02     1  1.161112E+01 -9.002162E+01 -4.381696E-03 -1.161112E+01
  2.250000E+01  1.200000E+02     2  2.011057E+01  8.997838E+01  7.589585E-03  2.011057E+01
  2.250000E+01  1.200000E+02     3  6.919528E+01  1.212947E-01  6.919513E+01  1.464857E-01
  2.250000E+01  1.200000E+02     4  1.400232E+02  8.997838E+01  5.284395E-02  1.400231E+02
  2.250000E+01  1.200000E+02     5  8.084550E+01  8.997838E+01  3.050864E-02  8.084550E+01
  2.250000E+01  1.200000E+02     6  2.289118E-05  1.800000E+02 -2.289118E-05  1.095801E-11
  2.250000E+01  1.500000E+02     1  2.010912E+01 -9.002162E+01 -7.588519E-03 -2.010911E+01
  2.250000E+01  1.500000E+02     2  1.161191E+01  8.997838E+01  4.382293E-03  1.161191E+01
  2.250000E+01  1.500000E+02     3  6.919537E+01  1.212945E-01  6.919521E+01  1.464857E-01
  2.250000E+01  1.500000E+02     4  8.085017E+01  8.997838E+01  3.051254E-02  8.085017E+01
  2.250000E+01  1.500000E+02     5  1.400147E+02  8.997838E+01  5.283716E-02  1.400147E+02
  2.250000E+01  1.500000E+02     6  1.637464E-04  1.800000E+02 -1.637464E-04  1.091800E-11
  2.250000E+01  1.800000E+02     1  2.321869E+01 -9.002162E+01 -8.762062E-03 -2.321869E+01
  2.250000E+01  1.800000E+02     2  2.030391E-06 -9.002162E+01 -7.662638E-10 -2.030390E-06
  2.250000E+01  1.800000E+02     3  6.919541E+01  1.212944E-01  6.919526E+01  1.464856E-01
  2.250000E+01  1.800000E+02     4  1.413695E-05 -9.002162E+01 -5.335266E-09 -1.413694E-05
  2.250000E+01  1.800000E+02     5  1.616677E+02  8.997838E+01  6.100817E-02  1.616676E+02
  2.250000E+01  1.800000E+02     6  4.715227E-11 -2.695446E-06  4.715227E-11 -2.218250E-18
  2.300000E+01 -1.800000E+02     1  2.253159E+01 -9.001968E+01 -7.735512E-03 -2.253159E+01
  2.300000E+01 -1.800000E+02     2  1.970267E-06  8.998032E+01  6.764804E-10  1.970267E-06
  2.300000E+01 -1.800000E+02     3  6.962357E+01  1.127041E-01  6.962344E+01  1.369534E-01
  2.300000E+01 -1.800000E+02     4  1.373056E-05  8.998032E+01  4.714323E-09  1.373056E-05
  2.300000E+01 -1.800000E+02     5  1.570218E+02  8.998033E+01  5.390854E-02  1.570218E+02
  2.300000E+01 -1.800000E+02     6  4.254560E-11  1.800000E+02 -4.254560E-11  1.691158E-18
  2.300000E+01 -1.500000E+02     1  1.951389E+01 -9.001968E+01 -6.699468E-03 -1.951389E+01
  2.300000E+01 -1.500000E+02     2  1.126816E+01 -9.001968E+01 -3.868858E-03 -1.126815E+01
  2.300000E+01 -1.500000E+02     3  6.962356E+01  1.127042E-01  6.962342E+01  1.369535E-01
  2.300000E+01 -1.500000E+02     4  7.852602E+01 -9.001968E+01 -2.696153E-02 -7.852602E+01
  2.300000E+01 -1.500000E+02     5  1.359906E+02  8.998033E+01  4.668844E-02  1.359906E+02
  2.300000E+01 -1.500000E+02     6  1.488769E-04 -3.220444E-06  1.488769E-04 -8.367975E-12
  2.300000E+01 -1.200000E+02     1  1.126735E+01 -9.001968E+01 -3.868317E-03 -1.126735E+01
  2.300000E+01 -1.200000E+02     2  1.951528E+01 -9.001968E+01 -6.700431E-03 -1.951528E+01
  2.300000E+01 -1.200000E+02     3  6.962362E+01  1.127040E-01  6.962348E+01  1.369534E-01
  2.300000E+01 -1.200000E+02     4  1.359988E+02 -9.001968E+01 -4.669434E-02 -1.359988E+02
  2.300000E+01 -1.200000E+02     5  7.852139E+01  8.998033E+01  2.695807E-02  7.852139E+01
  2.300000E+01 -1.200000E+02     6  2.439649E-05 -1.968268E-05  2.439649E-05 -8.380865E-12
  2.300000E+01 -9.000000E+01     1  9.850735E-07 -9.001968E+01 -3.381932E-10 -9.850734E-07
  2.300000E+01 -9.000000E+01     2  2.253317E+01 -9.001968E+01 -7.736621E-03 -2.253317E+01
  2.300000E+01 -9.000000E+01     3  6.962357E+01  1.127041E-01  6.962344E+01  1.369535E-01
  2.300000E+01 -9.000000E+01     4  1.570308E+02 -9.001968E+01 -5.391530E-02 -1.570308E+02
  2.300000E+01 -9.000000E+01     5  6.864884E-06  8.998033E+01  2.356864E-09  6.864883E-06
  2.300000E+01 -9.000000E+01     6  3.833486E-12 -9.000000E+01 -3.833486E-12 -8.454849E-19
  2.300000E+01 -6.000000E+01     1  1.126735E+01  8.998033E+01  3.868316E-03  1.126734E+01
  2.300000E+01 -6.000000E+01     2  1.951526E+01 -9.001968E+01 -6.700428E-03 -1.951526E+01
  2.300000E+01 -6.000000E+01     3  6.962362E+01  1.127040E-01  6.962348E+01  1.369534E-01
  2.300000E+01 -6.000000E+01     4  1.359989E+02 -9.001968E+01 -4.669435E-02 -1.359988E+02
  2.300000E+01 -6.000000E+01     5  7.852136E+01 -9.001968E+01 -2.695807E-02 -7.852135E+01
  2.300000E+01 -6.000000E+01     6  2.426284E-05  1.800000E+02 -2.426284E-05  8.337856E-12
  2.300000E+01 -3.000000E+01     1  1.951387E+01  8.998033E+01  6.699468E-03  1.951387E+01
  2.300000E+01 -3.000000E+01     2  1.126817E+01 -9.001968E+01 -3.868859E-03 -1.126817E+01
  2.300000E+01 -3.000000E+01     3  6.962356E+01  1.127042E-01  6.962342E+01  1.369535E-01
  2.300000E+01 -3.000000E+01     4  7.852602E+01 -9.001968E+01 -2.696151E-02 -7.852601E+01
  2.300000E+01 -3.000000E+01     5  1.359907E+02 -9.001968E+01 -4.668844E-02 -1.359907E+02
  2.300000E+01 -3.000000E+01     6  1.491271E-04  1.800000E+02 -1.491271E-04  8.383877E-12
  2.300000E+01  0.000000E+00     1  2.253159E+01  8.998033E+01  7.735512E-03  2.253159E+01
  2.300000E+01  0.000000E+00     2  0.000000E+00  9.000000E+01  0.000000E+00  0.000000E+00
  2.300000E+01  0.000000E+00     3  6.962357E+01  1.127041E-01  6.962344E+01  1.369534E-01
  2.300000E+01  0.000000E+00     4  0.000000E+00  9.000000E+01  0.000000E+00  0.000000E+00
  2.300000E+01  0.000000E+00     5  1.570218E+02 -9.001968E+01 -5.390854E-02 -1.570218E+02
  2.300000E+01  0.000000E+00     6  0.000000E+00  9.000000E+01  0.000000E+00  0.000000E+00
  2.300000E+01  3.000000E+01     1  1.951387E+01  8.998033E+01  6.699468E-03  1.951387E+01
  2.300000E+01  3.000000E+01     2  1.126817E+01  8.998032E+01  3.868859E-03  1.126817E+01
  2.300000E+01  3.000000E+01     3  6.962356E+01  1.127042E-01  6.962342E+01  1.369535E-01
  2.300000E+01  3.000000E+01     4  7.852602E+01  8.998032E+01  2.696151E-02  7.852601E+01
  2.300000E+01  3.000000E+01     5  1.359907E+02 -9.001968E+01 -4.668844E-02 -1.359907E+02
  2.300000E+01  3.000000E+01     6  1.491271E-04 -3.221150E-06  1.491271E-04 -8.383877E-12
  2.300000E+01  6.000000E+01     1  1.126735E+01  8.998033E+01  3.868316E-03  1.126734E+01
  2.300000E+01  6.000000E+01     2  1.951526E+01  8.998032E+01  6.700428E-03  1.951526E+01
  2.300000E+01  6.000000E+01     3  6.962362E+01  1.127040E-01  6.962348E+01  1.369534E-01
  2.300000E+01  6.000000E+01     4  1.359989E+02  8.998032E+01  4.669435E-02  1.359988E+02
  2.300000E+01  6.000000E+01     5  7.852136E+01 -9.001968E+01 -2.695807E-02 -7.852135E+01
  2.300000E+01  6.000000E+01     6  2.426284E-05 -1.968953E-05  2.426284E-05 -8.337856E-12
  2.300000E+01  9.000000E+01     1  9.850735E-07 -9.001968E+01 -3.381932E-10 -9.850734E-07
  2.300000E+01  9.000000E+01     2  2.253317E+01  8.998032E+01  7.736621E-03  2.253317E+01
  2.300000E+01  9.000000E+01     3  6.962357E+01  1.127041E-01  6.962344E+01  1.369535E-01
  2.300000E+01  9.000000E+01     4  1.570308E+02  8.998032E+01  5.391530E-02  1.570308E+02
  2.300000E+01  9.000000E+01     5  6.864884E-06  8.998033E+01  2.356864E-09  6.864883E-06
  2.300000E+01  9.000000E+01     6  3.833486E-12  9.000000E+01  3.833486E-12  8.454849E-19
  2.300000E+01  1.200000E+02     1  1.126735E+01 -9.001968E+01 -3.868317E-03 -1.126735E+01
  2.300000E+01  1.200000E+02     2  1.951528E+01  8.998032E+01  6.700431E-03  1.951528E+01
  2.300000E+01  1.200000E+02     3  6.962362E+01  1.127040E-01  6.962348E+01  1.369534E-01
  2.300000E+01  1.200000E+02     4  1.359988E+02  8.998032E+01  4.669434E-02  1.359988E+02
  2.300000E+01  1.200000E+02     5  7.852139E+01  8.998033E+01  2.695807E-02  7.852139E+01
  2.300000E+01  1.200000E+02     6  2.439649E-05  1.800000E+02 -2.439649E-05  8.380865E-12
  2.300000E+01  1.500000E+02     1  1.951389E+01 -9.001968E+01 -6.699468E-03 -1.951389E+01
  2.300000E+01  1.500000E+02     2  1.126816E+01  8.998032E+01  3.868858E-03  1.126815E+01
  2.300000E+01  1.500000E+02     3  6.962356E+01  1.127042E-01  6.962342E+01  1.369535E-01
  2.300000E+01  1.500000E+02     4  7.852602E+01  8.998032E+01  2.696153E-02  7.852602E+01
  2.300000E+01  1.500000E+02     5  1.359906E+02  8.998033E+01  4.668844E-02  1.359906E+02
  2.300000E+01  1.500000E+02     6  1.488769E-04  1.800000E+02 -1.488769E-04  8.367975E-12
  2.300000E+01  1.800000E+02     1  2.253159E+01 -9.001968E+01 -7.735512E-03 -2.253159E+01
  2.300000E+01  1.800000E+02     2  1.970267E-06 -9.001968E+01 -6.764804E-10 -1.970267E-06
  2.300000E+01  1.800000E+02     3  6.962357E+01  1.127041E-01  6.962344E+01  1.369534E-01
  2.300000E+01  1.800000E+02     4  1.373056E-05 -9.001968E+01 -4.714323E-09 -1.373056E-05
  2.300000E+01  1.800000E+02     5  1.570218E+02  8.998033E+01  5.390854E-02  1.570218E+02
  2.300000E+01  1.800000E+02     6  4.254560E-11 -2.277468E-06  4.254560E-11 -1.691158E-18
  2.350000E+01 -1.800000E+02     1  2.188691E+01 -9.001797E+01 -6.863563E-03 -2.188691E+01
  2.350000E+01 -1.800000E+02     2  1.913878E-06  8.998203E+01  6.002221E-10  1.913878E-06
  2.350000E+01 -1.800000E+02     3  7.002642E+01  1.049950E-01  7.002631E+01  1.283240E-01
  2.350000E+01 -1.800000E+02     4  1.334861E-05  8.998203E+01  4.186343E-09  1.334861E-05
  2.350000E+01 -1.800000E+02     5  1.526560E+02  8.998203E+01  4.787150E-02  1.526560E+02
  2.350000E+01 -1.800000E+02     6  3.875787E-11  1.800000E+02 -3.875787E-11  8.592128E-19
  2.350000E+01 -1.500000E+02     1  1.895543E+01 -9.001797E+01 -5.944267E-03 -1.895543E+01
  2.350000E+01 -1.500000E+02     2  1.094566E+01 -9.001797E+01 -3.432724E-03 -1.094566E+01
  2.350000E+01 -1.500000E+02     3  7.002644E+01  1.049950E-01  7.002632E+01  1.283240E-01
  2.350000E+01 -1.500000E+02     4  7.634194E+01 -9.001797E+01 -2.394200E-02 -7.634194E+01
  2.350000E+01 -1.500000E+02     5  1.322095E+02  8.998203E+01  4.145972E-02  1.322095E+02
  2.350000E+01 -1.500000E+02     6  1.370352E-04 -1.784874E-06  1.370352E-04 -4.268910E-12
  2.350000E+01 -1.200000E+02     1  1.094487E+01 -9.001797E+01 -3.432250E-03 -1.094487E+01
  2.350000E+01 -1.200000E+02     2  1.895676E+01 -9.001797E+01 -5.945084E-03 -1.895676E+01
  2.350000E+01 -1.200000E+02     3  7.002647E+01  1.049950E-01  7.002635E+01  1.283241E-01
  2.350000E+01 -1.200000E+02     4  1.322171E+02 -9.001797E+01 -4.146516E-02 -1.322171E+02
  2.350000E+01 -1.200000E+02     5  7.633772E+01  8.998203E+01  2.393895E-02  7.633772E+01
  2.350000E+01 -1.200000E+02     6  2.739322E-05 -8.906214E-06  2.739322E-05 -4.258078E-12
  2.350000E+01 -9.000000E+01     1  9.568749E-07 -9.001797E+01 -3.000692E-10 -9.568749E-07
  2.350000E+01 -9.000000E+01     2  2.188846E+01 -9.001797E+01 -6.864556E-03 -2.188846E+01
  2.350000E+01 -9.000000E+01     3  7.002644E+01  1.049951E-01  7.002632E+01  1.283241E-01
  2.350000E+01 -9.000000E+01     4  1.526643E+02 -9.001797E+01 -4.787776E-02 -1.526643E+02
  2.350000E+01 -9.000000E+01     5  6.673925E-06  8.998203E+01  2.092902E-09  6.673924E-06
  2.350000E+01 -9.000000E+01     6  2.914424E-12 -9.000000E+01 -2.914424E-12 -4.311749E-19
  2.350000E+01 -6.000000E+01     1  1.094488E+01  8.998203E+01  3.432248E-03  1.094488E+01
  2.350000E+01 -6.000000E+01     2  1.895676E+01 -9.001797E+01 -5.945081E-03 -1.895676E+01
  2.350000E+01 -6.000000E+01     3  7.002647E+01  1.049950E-01  7.002635E+01  1.283241E-01
  2.350000E+01 -6.000000E+01     4  1.322171E+02 -9.001797E+01 -4.146519E-02 -1.322171E+02
  2.350000E+01 -6.000000E+01     5  7.633775E+01 -9.001797E+01 -2.393897E-02 -7.633775E+01
  2.350000E+01 -6.000000E+01     6  2.719183E-05  1.800000E+02 -2.719183E-05  4.262759E-12
  2.350000E+01 -3.000000E+01     1  1.895543E+01  8.998203E+01  5.944266E-03  1.895543E+01
  2.350000E+01 -3.000000E+01     2  1.094567E+01 -9.001797E+01 -3.432722E-03 -1.094567E+01
  2.350000E+01 -3.000000E+01     3  7.002644E+01  1.049950E-01  7.002632E+01  1.283240E-01
  2.350000E+01 -3.000000E+01     4  7.634193E+01 -9.001797E+01 -2.394201E-02 -7.634193E+01
  2.350000E+01 -3.000000E+01     5  1.322095E+02 -9.001797E+01 -4.145975E-02 -1.322095E+02
  2.350000E+01 -3.000000E+01     6  1.371656E-04  1.800000E+02 -1.371656E-04  4.250419E-12
  2.350000E+01  0.000000E+00     1  2.188691E+01  8.998203E+01  6.863563E-03  2.188691E+01
  2.350000E+01  0.000000E+00     2  0.000000E+00  9.000000E+01  0.000000E+00  0.000000E+00
  2.350000E+01  0.000000E+00     3  7.002642E+01  1.049950E-01  7.002631E+01  1.283240E-01
  2.350000E+01  0.000000E+00     4  0.000000E+00  9.000000E+01  0.000000E+00  0.000000E+00
  2.350000E+01  0.000000E+00     5  1.526560E+02 -9.001797E+01 -4.787150E-02 -1.526560E+02
  2.350000E+01  0.000000E+00     6  0.000000E+00  9.000000E+01  0.000000E+00  0.000000E+00
  2.350000E+01  3.000000E+01     1  1.895543E+01  8.998203E+01  5.944266E-03  1.895543E+01
  2.350000E+01  3.000000E+01     2  1.094567E+01  8.998203E+01  3.432722E-03  1.094567E+01
  2.350000E+01  3.000000E+01     3  7.002644E+01  1.049950E-01  7.002632E+01  1.283240E-01
  2.350000E+01  3.000000E+01     4  7.634193E+01  8.998203E+01  2.394201E-02  7.634193E+01
  2.350000E+01  3.000000E+01     5  1.322095E+02 -9.001797E+01 -4.145975E-02 -1.322095E+02
  2.350000E+01  3.000000E+01     6  1.371656E-04 -1.775454E-06  1.371656E-04 -4.250419E-12
  2.350000E+01  6.000000E+01     1  1.094488E+01  8.998203E+01  3.432248E-03  1.094488E+01
  2.350000E+01  6.000000E+01     2  1.895676E+01  8.998203E+01  5.945081E-03  1.895676E+01
  2.350000E+01  6.000000E+01     3  7.002647E+01  1.049950E-01  7.002635E+01  1.283241E-01
  2.350000E+01  6.000000E+01     4  1.322171E+02  8.998203E+01  4.146519E-02  1.322171E+02
  2.350000E+01  6.000000E+01     5  7.633775E+01 -9.001797E+01 -2.393897E-02 -7.633775E+01
  2.350000E+01  6.000000E+01     6  2.719183E-05 -8.982041E-06  2.719183E-05 -4.262759E-12
  2.350000E+01  9.000000E+01     1  9.568749E-07 -9.001797E+01 -3.000692E-10 -9.568749E-07
  2.350000E+01  9.000000E+01     2  2.188846E+01  8.998203E+01  6.864556E-03  2.188846E+01
  2.350000E+01  9.000000E+01     3  7.002644E+01  1.049951E-01  7.002632E+01  1.283241E-01
  2.350000E+01  9.000000E+01     4  1.526643E+02  8.998203E+01  4.787776E-02  1.526643E+02
  2.350000E+01  9.000000E+01     5  6.673925E-06  8.998203E+01  2.092902E-09  6.673924E-06
  2.350000E+01  9.000000E+01     6  2.914424E-12  9.000000E+01  2.914424E-12  4.311749E-19
  2.350000E+01  1.200000E+02     1  1.094487E+01 -9.001797E+01 -3.432250E-03 -1.094487E+01
  2.350000E+01  1.200000E+02     2  1.895676E+01  8.998203E+01  5.945084E-03  1.895676E+01
  2.350000E+01  1.200000E+02     3  7.002647E+01  1.049950E-01  7.002635E+01  1.283241E-01
  2.350000E+01  1.200000E+02     4  1.322171E+02  8.998203E+01  4.146516E-02  1.322171E+02
  2.350000E+01  1.200000E+02     5  7.633772E+01  8.998203E+01  2.393895E-02  7.633772E+01
  2.350000E+01  1.200000E+02     6  2.739322E-05  1.800000E+02 -2.739322E-05  4.258078E-12
  2.350000E+01  1.500000E+02     1  1.895543E+01 -9.001797E+01 -5.944267E-03 -1.895543E+01
  2.350000E+01  1.500000E+02     2  1.094566E+01  8.998203E+01  3.432724E-03  1.094566E+01
  2.350000E+01  1.500000E+02     3  7.002644E+01  1.049950E-01  7.002632E+01  1.283240E-01
  2.350000E+01  1.500000E+02     4  7.634194E+01  8.998203E+01  2.394200E-02  7.634194E+01
  2.350000E+01  1.500000E+02     5  1.322095E+02  8.998203E+01  4.145972E-02  1.322095E+02
  2.350000E+01  1.500000E+02     6  1.370352E-04  1.800000E+02 -1.370352E-04  4.268910E-12
  2.350000E+01  1.800000E+02     1  2.188691E+01 -9.001797E+01 -6.863563E-03 -2.188691E+01
  2.350000E+01  1.800000E+02     2  1.913878E-06 -9.001797E+01 -6.002221E-10 -1.913878E-06
  2.350000E+01  1.800000E+02     3  7.002642E+01  1.049950E-01  7.002631E+01  1.283240E-01
  2.350000E+01  1.800000E+02     4  1.334861E-05 -9.001797E+01 -4.186343E-09 -1.334861E-05
  2.350000E+01  1.800000E+02     5  1.526560E+02  8.998203E+01  4.787150E-02  1.526560E+02
  2.350000E+01  1.800000E+02     6  3.875787E-11 -1.270175E-06  3.875787E-11 -8.592128E-19
  2.400000E+01 -1.800000E+02     1  2.128092E+01 -9.001647E+01 -6.118511E-03 -2.128092E+01
  2.400000E+01 -1.800000E+02     2  1.860870E-06  8.998353E+01  5.350657E-10  1.860870E-06
  2.400000E+01 -1.800000E+02     3  7.040573E+01  9.805585E-02  7.040562E+01  1.204921E-01
  2.400000E+01 -1.800000E+02     4  1.298901E-05  8.998353E+01  3.734796E-09  1.298901E-05
  2.400000E+01 -1.800000E+02     5  1.485444E+02  8.998353E+01  4.270842E-02  1.485444E+02
  2.400000E+01 -1.800000E+02     6  3.539452E-11  1.800000E+02 -3.539452E-11  9.474527E-19
  2.400000E+01 -1.500000E+02     1  1.843056E+01 -9.001647E+01 -5.299025E-03 -1.843056E+01
  2.400000E+01 -1.500000E+02     2  1.064254E+01 -9.001648E+01 -3.060079E-03 -1.064254E+01
  2.400000E+01 -1.500000E+02     3  7.040577E+01  9.805579E-02  7.040566E+01  1.204921E-01
  2.400000E+01 -1.500000E+02     4  7.428531E+01 -9.001648E+01 -2.135956E-02 -7.428531E+01
  2.400000E+01 -1.500000E+02     5  1.286486E+02  8.998353E+01  3.698816E-02  1.286486E+02
  2.400000E+01 -1.500000E+02     6  1.260276E-04 -2.147520E-06  1.260276E-04 -4.723677E-12
  2.400000E+01 -1.200000E+02     1  1.064178E+01 -9.001647E+01 -3.059647E-03 -1.064178E+01
  2.400000E+01 -1.200000E+02     2  1.843182E+01 -9.001648E+01 -5.299795E-03 -1.843182E+01
  2.400000E+01 -1.200000E+02     3  7.040578E+01  9.805573E-02  7.040568E+01  1.204921E-01
  2.400000E+01 -1.200000E+02     4  1.286553E+02 -9.001648E+01 -3.699286E-02 -1.286553E+02
  2.400000E+01 -1.200000E+02     5  7.428118E+01  8.998353E+01  2.135687E-02  7.428118E+01
  2.400000E+01 -1.200000E+02     6  2.844827E-05 -9.559670E-06  2.844827E-05 -4.746529E-12
  2.400000E+01 -9.000000E+01     1  9.303714E-07 -9.001647E+01 -2.674946E-10 -9.303714E-07
  2.400000E+01 -9.000000E+01     2  2.128245E+01 -9.001648E+01 -6.119375E-03 -2.128245E+01
  2.400000E+01 -9.000000E+01     3  7.040583E+01  9.805574E-02  7.040572E+01  1.204922E-01
  2.400000E+01 -9.000000E+01     4  1.485531E+02 -9.001648E+01 -4.271385E-02 -1.485531E+02
  2.400000E+01 -9.000000E+01     5  6.494113E-06  8.998353E+01  1.867153E-09  6.494113E-06
  2.400000E+01 -9.000000E+01     6  2.185569E-12 -9.000000E+01 -2.185569E-12 -4.780498E-19
  2.400000E+01 -6.000000E+01     1  1.064178E+01  8.998353E+01  3.059648E-03  1.064178E+01
  2.400000E+01 -6.000000E+01     2  1.843184E+01 -9.001648E+01 -5.299794E-03 -1.843184E+01
  2.400000E+01 -6.000000E+01     3  7.040578E+01  9.805573E-02  7.040568E+01  1.204921E-01
  2.400000E+01 -6.000000E+01     4  1.286554E+02 -9.001648E+01 -3.699288E-02 -1.286554E+02
  2.400000E+01 -6.000000E+01     5  7.428109E+01 -9.001647E+01 -2.135688E-02 -7.428109E+01
  2.400000E+01 -6.000000E+01     6  2.842513E-05  1.800000E+02 -2.842513E-05  4.720081E-12
  2.400000E+01 -3.000000E+01     1  1.843059E+01  8.998353E+01  5.299032E-03  1.843059E+01
  2.400000E+01 -3.000000E+01     2  1.064254E+01 -9.001648E+01 -3.060077E-03 -1.064254E+01
  2.400000E+01 -3.000000E+01     3  7.040577E+01  9.805579E-02  7.040566E+01  1.204921E-01
  2.400000E+01 -3.000000E+01     4  7.428535E+01 -9.001648E+01 -2.135958E-02 -7.428535E+01
  2.400000E+01 -3.000000E+01     5  1.286485E+02 -9.001647E+01 -3.698818E-02 -1.286485E+02
  2.400000E+01 -3.000000E+01     6  1.260044E-04  1.800000E+02 -1.260044E-04  4.739023E-12
  2.400000E+01  0.000000E+00     1  2.128092E+01  8.998353E+01  6.118511E-03  2.128092E+01
  2.400000E+01  0.000000E+00     2  0.000000E+00  9.000000E+01  0.000000E+00  0.000000E+00
  2.400000E+01  0.000000E+00     3  7.040573E+01  9.805585E-02  7.040562E+01  1.204921E-01
  2.400000E+01  0.000000E+00     4  0.000000E+00  9.000000E+01  0.000000E+00  0.000000E+00
  2.400000E+01  0.000000E+00     5  1.485444E+02 -9.001647E+01 -4.270842E-02 -1.485444E+02
  2.400000E+01  0.000000E+00     6  0.000000E+00  9.000000E+01  0.000000E+00  0.000000E+00
  2.400000E+01  3.000000E+01     1  1.843059E+01  8.998353E+01  5.299032E-03  1.843059E+01
  2.400000E+01  3.000000E+01     2  1.064254E+01  8.998353E+01  3.060077E-03  1.064254E+01
  2.400000E+01  3.000000E+01     3  7.040577E+01  9.805579E-02  7.040566E+01  1.204921E-01
  2.400000E+01  3.000000E+01     4  7.428535E+01  8.998353E+01  2.135958E-02  7.428535E+01
  2.400000E+01  3.000000E+01     5  1.286485E+02 -9.001647E+01 -3.698818E-02 -1.286485E+02
  2.400000E+01  3.000000E+01     6  1.260044E-04 -2.154894E-06  1.260044E-04 -4.739023E-12
  2.400000E+01  6.000000E+01     1  1.064178E+01  8.998353E+01  3.059648E-03  1.064178E+01
  2.400000E+01  6.000000E+01     2  1.843184E+01  8.998353E+01  5.299794E-03  1.843184E+01
  2.400000E+01  6.000000E+01     3  7.040578E+01  9.805573E-02  7.040568E+01  1.204921E-01
  2.400000E+01  6.000000E+01     4  1.286554E+02  8.998353E+01  3.699288E-02  1.286554E+02
  2.400000E+01  6.000000E+01     5  7.428109E+01 -9.001647E+01 -2.135688E-02 -7.428109E+01
  2.400000E+01  6.000000E+01     6  2.842513E-05 -9.514141E-06  2.842513E-05 -4.720081E-12
  2.400000E+01  9.000000E+01     1  9.303714E-07 -9.001647E+01 -2.674946E-10 -9.303714E-07
  2.400000E+01  9.000000E+01     2  2.128245E+01  8.998353E+01  6.119375E-03  2.128245E+01
  2.400000E+01  9.000000E+01     3  7.040583E+01  9.805574E-02  7.040572E+01  1.204922E-01
  2.400000E+01  9.000000E+01     4  1.485531E+02  8.998353E+01  4.271385E-02  1.485531E+02
  2.400000E+01  9.000000E+01     5  6.494113E-06  8.998353E+01  1.867153E-09  6.494113E-06
  2.400000E+01  9.000000E+01     6  2.185569E-12  9.000000E+01  2.185569E-12  4.780498E-19
  2.400000E+01  1.200000E+02     1  1.064178E+01 -9.001647E+01 -3.059647E-03 -1.064178E+01
  2.400000E+01  1.200000E+02     2  1.843182E+01  8.998353E+01  5.299795E-03  1.843182E+01
  2.400000E+01  1.200000E+02     3  7.040578E+01  9.805573E-02  7.040568E+01  1.204921E-01
  2.400000E+01  1.200000E+02     4  1.286553E+02  8.998353E+01  3.699286E-02  1.286553E+02
  2.400000E+01  1.200000E+02     5  7.428118E+01  8.998353E+01  2.135687E-02  7.428118E+01
  2.400000E+01  1.200000E+02     6  2.844827E-05  1.800000E+02 -2.844827E-05  4.746529E-12
  2.400000E+01  1.500000E+02     1  1.843056E+01 -9.001647E+01 -5.299025E-03 -1.843056E+01
  2.400000E+01  1.500000E+02     2  1.064254E+01  8.998353E+01  3.060079E-03  1.064254E+01
  2.400000E+01  1.500000E+02     3  7.040577E+01  9.805579E-02  7.040566E+01  1.204921E-01
  2.400000E+01  1.500000E+02     4  7.428531E+01  8.998353E+01  2.135956E-02  7.428531E+01
  2.400000E+01  1.500000E+02     5  1.286486E+02  8.998353E+01  3.698816E-02  1.286486E+02
  2.400000E+01  1.500000E+02     6  1.260276E-04  1.800000E+02 -1.260276E-04  4.723677E-12
  2.400000E+01  1.800000E+02     1  2.128092E+01 -9.001647E+01 -6.118511E-03 -2.128092E+01
  2.400000E+01  1.800000E+02     2  1.860870E-06 -9.001648E+01 -5.350657E-10 -1.860870E-06
  2.400000E+01  1.800000E+02     3  7.040573E+01  9.805585E-02  7.040562E+01  1.204921E-01
  2.400000E+01  1.800000E+02     4  1.298901E-05 -9.001648E+01 -3.734796E-09 -1.298901E-05
  2.400000E+01  1.800000E+02     5  1.485444E+02  8.998353E+01  4.270842E-02  1.485444E+02
  2.400000E+01  1.800000E+02     6  3.539452E-11 -1.533713E-06  3.539452E-11 -9.474527E-19
  2.450000E+01 -1.800000E+02     1  2.071017E+01 -9.001516E+01 -5.478457E-03 -2.071017E+01
  2.450000E+01 -1.800000E+02     2  1.810944E-06  8.998484E+01  4.790850E-10  1.810943E-06
  2.450000E+01 -1.800000E+02     3  7.076319E+01  9.178909E-02  7.076310E+01  1.133641E-01
  2.450000E+01 -1.800000E+02     4  1.264968E-05  8.998484E+01  3.346506E-09  1.264968E-05
  2.450000E+01 -1.800000E+02     5  1.446661E+02  8.998485E+01  3.826863E-02  1.446661E+02
  2.450000E+01 -1.800000E+02     6  3.238136E-11  1.800000E+02 -3.238136E-11  5.116546E-19
  2.450000E+01 -1.500000E+02     1  1.793623E+01 -9.001516E+01 -4.744695E-03 -1.793623E+01
  2.450000E+01 -1.500000E+02     2  1.035699E+01 -9.001516E+01 -2.739942E-03 -1.035699E+01
  2.450000E+01 -1.500000E+02     3  7.076320E+01  9.178915E-02  7.076311E+01  1.133642E-01
  2.450000E+01 -1.500000E+02     4  7.234525E+01 -9.001516E+01 -1.913899E-02 -7.234525E+01
  2.450000E+01 -1.500000E+02     5  1.252894E+02  8.998485E+01  3.314285E-02  1.252894E+02
  2.450000E+01 -1.500000E+02     6  1.164525E-04 -1.237880E-06  1.164525E-04 -2.515966E-12
  2.450000E+01 -1.200000E+02     1  1.035628E+01 -9.001516E+01 -2.739547E-03 -1.035628E+01
  2.450000E+01 -1.200000E+02     2  1.793738E+01 -9.001516E+01 -4.745353E-03 -1.793738E+01
  2.450000E+01 -1.200000E+02     3  7.076319E+01  9.178901E-02  7.076310E+01  1.133640E-01
  2.450000E+01 -1.200000E+02     4  1.252956E+02 -9.001516E+01 -3.314711E-02 -1.252956E+02
  2.450000E+01 -1.200000E+02     5  7.234113E+01  8.998485E+01  1.913654E-02  7.234113E+01
  2.450000E+01 -1.200000E+02     6  2.872859E-05 -5.005289E-06  2.872859E-05 -2.509695E-12
  2.450000E+01 -9.000000E+01     1  9.054078E-07 -9.001516E+01 -2.395093E-10 -9.054077E-07
  2.450000E+01 -9.000000E+01     2  2.071161E+01 -9.001516E+01 -5.479255E-03 -2.071161E+01
  2.450000E+01 -9.000000E+01     3  7.076315E+01  9.178910E-02  7.076306E+01  1.133641E-01
  2.450000E+01 -9.000000E+01     4  1.446741E+02 -9.001516E+01 -3.827351E-02 -1.446741E+02
  2.450000E+01 -9.000000E+01     5  6.324493E-06  8.998485E+01  1.673037E-09  6.324493E-06
  2.450000E+01 -9.000000E+01     6  1.512946E-12 -9.000000E+01 -1.512946E-12 -2.542737E-19
  2.450000E+01 -6.000000E+01     1  1.035628E+01  8.998485E+01  2.739546E-03  1.035628E+01
  2.450000E+01 -6.000000E+01     2  1.793738E+01 -9.001516E+01 -4.745356E-03 -1.793738E+01
  2.450000E+01 -6.000000E+01     3  7.076319E+01  9.178901E-02  7.076310E+01  1.133640E-01
  2.450000E+01 -6.000000E+01     4  1.252957E+02 -9.001516E+01 -3.314716E-02 -1.252957E+02
  2.450000E+01 -6.000000E+01     5  7.234113E+01 -9.001516E+01 -1.913655E-02 -7.234113E+01
  2.450000E+01 -6.000000E+01     6  2.893465E-05  1.800000E+02 -2.893465E-05  2.510952E-12
  2.450000E+01 -3.000000E+01     1  1.793623E+01  8.998485E+01  4.744693E-03  1.793623E+01
  2.450000E+01 -3.000000E+01     2  1.035699E+01 -9.001516E+01 -2.739944E-03 -1.035699E+01
  2.450000E+01 -3.000000E+01     3  7.076320E+01  9.178915E-02  7.076311E+01  1.133642E-01
  2.450000E+01 -3.000000E+01     4  7.234526E+01 -9.001516E+01 -1.913903E-02 -7.234526E+01
  2.450000E+01 -3.000000E+01     5  1.252895E+02 -9.001516E+01 -3.314286E-02 -1.252894E+02
  2.450000E+01 -3.000000E+01     6  1.164820E-04  1.800000E+02 -1.164820E-04  2.512980E-12
  2.450000E+01  0.000000E+00     1  2.071017E+01  8.998485E+01  5.478457E-03  2.071017E+01
  2.450000E+01  0.000000E+00     2  0.000000E+00  9.000000E+01  0.000000E+00  0.000000E+00
  2.450000E+01  0.000000E+00     3  7.076319E+01  9.178909E-02  7.076310E+01  1.133641E-01
  2.450000E+01  0.000000E+00     4  0.000000E+00  9.000000E+01  0.000000E+00  0.000000E+00
  2.450000E+01  0.000000E+00     5  1.446661E+02 -9.001516E+01 -3.826863E-02 -1.446661E+02
  2.450000E+01  0.000000E+00     6  0.000000E+00  9.000000E+01  0.000000E+00  0.000000E+00
  2.450000E+01  3.000000E+01     1  1.793623E+01  8.998485E+01  4.744693E-03  1.793623E+01
  2.450000E+01  3.000000E+01     2  1.035699E+01  8.998484E+01  2.739944E-03  1.035699E+01
  2.450000E+01  3.000000E+01     3  7.076320E+01  9.178915E-02  7.076311E+01  1.133642E-01
  2.450000E+01  3.000000E+01     4  7.234526E+01  8.998484E+01  1.913903E-02  7.234526E+01
  2.450000E+01  3.000000E+01     5  1.252895E+02 -9.001516E+01 -3.314286E-02 -1.252894E+02
  2.450000E+01  3.000000E+01     6  1.164820E-04 -1.236098E-06  1.164820E-04 -2.512980E-12
  2.450000E+01  6.000000E+01     1  1.035628E+01  8.998485E+01  2.739546E-03  1.035628E+01
  2.450000E+01  6.000000E+01     2  1.793738E+01  8.998484E+01  4.745356E-03  1.793738E+01
  2.450000E+01  6.000000E+01     3  7.076319E+01  9.178901E-02  7.076310E+01  1.133640E-01
  2.450000E+01  6.000000E+01     4  1.252957E+02  8.998484E+01  3.314716E-02  1.252957E+02
  2.450000E+01  6.000000E+01     5  7.234113E+01 -9.001516E+01 -1.913655E-02 -7.234113E+01
  2.450000E+01  6.000000E+01     6  2.893465E-05 -4.972133E-06  2.893465E-05 -2.510952E-12
  2.450000E+01  9.000000E+01     1  9.054078E-07 -9.001516E+01 -2.395093E-10 -9.054077E-07
  2.450000E+01  9.000000E+01     2  2.071161E+01  8.998484E+01  5.479255E-03  2.071161E+01
  2.450000E+01  9.000000E+01     3  7.076315E+01  9.178910E-02  7.076306E+01  1.133641E-01
  2.450000E+01  9.000000E+01     4  1.446741E+02  8.998484E+01  3.827351E-02  1.446741E+02
  2.450000E+01  9.000000E+01     5  6.324493E-06  8.998485E+01  1.673037E-09  6.324493E-06
  2.450000E+01  9.000000E+01     6  1.512946E-12  9.000000E+01  1.512946E-12  2.542737E-19
  2.450000E+01  1.200000E+02     1  1.035628E+01 -9.001516E+01 -2.739547E-03 -1.035628E+01
  2.450000E+01  1.200000E+02     2  1.793738E+01  8.998484E+01  4.745353E-03  1.793738E+01
  2.450000E+01  1.200000E+02     3  7.076319E+01  9.178901E-02  7.076310E+01  1.133640E-01
  2.450000E+01  1.200000E+02     4  1.252956E+02  8.998484E+01  3.314711E-02  1.252956E+02
  2.450000E+01  1.200000E+02     5  7.234113E+01  8.998485E+01  1.913654E-02  7.234113E+01
  2.450000E+01  1.200000E+02     6  2.872859E-05  1.800000E+02 -2.872859E-05  2.509695E-12
  2.450000E+01  1.500000E+02     1  1.793623E+01 -9.001516E+01 -4.744695E-03 -1.793623E+01
  2.450000E+01  1.500000E+02     2  1.035699E+01  8.998484E+01  2.739942E-03  1.035699E+01
  2.450000E+01  1.500000E+02     3  7.076320E+01  9.178915E-02  7.076311E+01  1.133642E-01
  2.450000E+01  1.500000E+02     4  7.234525E+01  8.998484E+01  1.913899E-02  7.234525E+01
  2.450000E+01  1.500000E+02     5  1.252894E+02  8.998485E+01  3.314285E-02  1.252894E+02
  2.450000E+01  1.500000E+02     6  1.164525E-04  1.800000E+02 -1.164525E-04  2.515966E-12
  2.450000E+01  1.800000E+02     1  2.071017E+01 -9.001516E+01 -5.478457E-03 -2.071017E+01
  2.450000E+01  1.800000E+02     2  1.810944E-06 -9.001516E+01 -4.790850E-10 -1.810943E-06
  2.450000E+01  1.800000E+02     3  7.076319E+01  9.178909E-02  7.076310E+01  1.133641E-01
  2.450000E+01  1.800000E+02     4  1.264968E-05 -9.001516E+01 -3.346506E-09 -1.264968E-05
  2.450000E+01  1.800000E+02     5  1.446661E+02  8.998485E+01  3.826863E-02  1.446661E+02
  2.450000E+01  1.800000E+02     6  3.238136E-11 -9.053248E-07  3.238136E-11 -5.116546E-19
  2.500000E+01 -1.800000E+02     1  2.017164E+01 -9.001399E+01 -4.925689E-03 -2.017164E+01
  2.500000E+01 -1.800000E+02     2  1.763830E-06  8.998601E+01  4.307403E-10  1.763830E-06
  2.500000E+01 -1.800000E+02     3  7.110029E+01  8.611388E-02  7.110020E+01  1.068616E-01
  2.500000E+01 -1.800000E+02     4  1.232901E-05  8.998601E+01  3.010851E-09  1.232901E-05
  2.500000E+01 -1.800000E+02     5  1.409997E+02  8.998601E+01  3.443070E-02  1.409997E+02
  2.500000E+01 -1.800000E+02     6  2.962788E-11  1.800000E+02 -2.962788E-11  5.809500E-19
  2.500000E+01 -1.500000E+02     1  1.746969E+01 -9.001399E+01 -4.265921E-03 -1.746969E+01
  2.500000E+01 -1.500000E+02     2  1.008758E+01 -9.001399E+01 -2.463466E-03 -1.008758E+01
  2.500000E+01 -1.500000E+02     3  7.110041E+01  8.611383E-02  7.110033E+01  1.068617E-01
  2.500000E+01 -1.500000E+02     4  7.051158E+01 -9.001399E+01 -1.721943E-02 -7.051158E+01
  2.500000E+01 -1.500000E+02     5  1.221140E+02  8.998601E+01  2.981896E-02  1.221140E+02
  2.500000E+01 -1.500000E+02     6  1.075441E-04 -1.553470E-06  1.075441E-04 -2.915862E-12
  2.500000E+01 -1.200000E+02     1  1.008692E+01 -9.001399E+01 -2.463115E-03 -1.008692E+01
  2.500000E+01 -1.200000E+02     2  1.747092E+01 -9.001399E+01 -4.266509E-03 -1.747092E+01
  2.500000E+01 -1.200000E+02     3  7.110036E+01  8.611390E-02  7.110027E+01  1.068617E-01
  2.500000E+01 -1.200000E+02     4  1.221205E+02 -9.001399E+01 -2.982274E-02 -1.221205E+02
  2.500000E+01 -1.200000E+02     5  7.050757E+01  8.998601E+01  1.721722E-02  7.050757E+01
  2.500000E+01 -1.200000E+02     6  2.885639E-05 -5.800489E-06  2.885639E-05 -2.921352E-12
  2.500000E+01 -9.000000E+01     1  8.818567E-07 -9.001399E+01 -2.153404E-10 -8.818567E-07
  2.500000E+01 -9.000000E+01     2  2.017302E+01 -9.001399E+01 -4.926385E-03 -2.017302E+01
  2.500000E+01 -9.000000E+01     3  7.110028E+01  8.611391E-02  7.110020E+01  1.068616E-01
  2.500000E+01 -9.000000E+01     4  1.410080E+02 -9.001399E+01 -3.443504E-02 -1.410080E+02
  2.500000E+01 -9.000000E+01     5  6.164182E-06  8.998601E+01  1.505234E-09  6.164182E-06
  2.500000E+01 -9.000000E+01     6  1.009326E-12 -9.000000E+01 -1.009326E-12 -2.900279E-19
  2.500000E+01 -6.000000E+01     1  1.008692E+01  8.998601E+01  2.463114E-03  1.008692E+01
  2.500000E+01 -6.000000E+01     2  1.747093E+01 -9.001399E+01 -4.266511E-03 -1.747093E+01
  2.500000E+01 -6.000000E+01     3  7.110036E+01  8.611390E-02  7.110027E+01  1.068617E-01
  2.500000E+01 -6.000000E+01     4  1.221206E+02 -9.001399E+01 -2.982277E-02 -1.221206E+02
  2.500000E+01 -6.000000E+01     5  7.050759E+01 -9.001399E+01 -1.721721E-02 -7.050759E+01
  2.500000E+01 -6.000000E+01     6  2.898389E-05  1.800000E+02 -2.898389E-05  2.924832E-12
  2.500000E+01 -3.000000E+01     1  1.746971E+01  8.998601E+01  4.265919E-03  1.746971E+01
  2.500000E+01 -3.000000E+01     2  1.008759E+01 -9.001399E+01 -2.463467E-03 -1.008759E+01
  2.500000E+01 -3.000000E+01     3  7.110041E+01  8.611383E-02  7.110033E+01  1.068617E-01
  2.500000E+01 -3.000000E+01     4  7.051162E+01 -9.001399E+01 -1.721943E-02 -7.051162E+01
  2.500000E+01 -3.000000E+01     5  1.221139E+02 -9.001399E+01 -2.981897E-02 -1.221139E+02
  2.500000E+01 -3.000000E+01     6  1.074911E-04  1.800000E+02 -1.074911E-04  2.921989E-12
  2.500000E+01  0.000000E+00     1  2.017164E+01  8.998601E+01  4.925689E-03  2.017164E+01
  2.500000E+01  0.000000E+00     2  0.000000E+00  9.000000E+01  0.000000E+00  0.000000E+00
  2.500000E+01  0.000000E+00     3  7.110029E+01  8.611388E-02  7.110020E+01  1.068616E-01
  2.500000E+01  0.000000E+00     4  0.000000E+00  9.000000E+01  0.000000E+00  0.000000E+00
  2.500000E+01  0.000000E+00     5  1.409997E+02 -9.001399E+01 -3.443070E-02 -1.409997E+02
  2.500000E+01  0.000000E+00     6  0.000000E+00  9.000000E+01  0.000000E+00  0.000000E+00
  2.500000E+01  3.000000E+01     1  1.746971E+01  8.998601E+01  4.265919E-03  1.746971E+01
  2.500000E+01  3.000000E+01     2  1.008759E+01  8.998601E+01  2.463467E-03  1.008759E+01
  2.500000E+01  3.000000E+01     3  7.110041E+01  8.611383E-02  7.110033E+01  1.068617E-01
  2.500000E+01  3.000000E+01     4  7.051162E+01  8.998601E+01  1.721943E-02  7.051162E+01
  2.500000E+01  3.000000E+01     5  1.221139E+02 -9.001399E+01 -2.981897E-02 -1.221139E+02
  2.500000E+01  3.000000E+01     6  1.074911E-04 -1.557503E-06  1.074911E-04 -2.921989E-12
  2.500000E+01  6.000000E+01     1  1.008692E+01  8.998601E+01  2.463114E-03  1.008692E+01
  2.500000E+01  6.000000E+01     2  1.747093E+01  8.998601E+01  4.266511E-03  1.747093E+01
  2.500000E+01  6.000000E+01     3  7.110036E+01  8.611390E-02  7.110027E+01  1.068617E-01
  2.500000E+01  6.000000E+01     4  1.221206E+02  8.998601E+01  2.982277E-02  1.221206E+02
  2.500000E+01  6.000000E+01     5  7.050759E+01 -9.001399E+01 -1.721721E-02 -7.050759E+01
  2.500000E+01  6.000000E+01     6  2.898389E-05 -5.781851E-06  2.898389E-05 -2.924832E-12
  2.500000E+01  9.000000E+01     1  8.818567E-07 -9.001399E+01 -2.153404E-10 -8.818567E-07
  2.500000E+01  9.000000E+01     2  2.017302E+01  8.998601E+01  4.926385E-03  2.017302E+01
  2.500000E+01  9.000000E+01     3  7.110028E+01  8.611391E-02  7.110020E+01  1.068616E-01
  2.500000E+01  9.000000E+01     4  1.410080E+02  8.998601E+01  3.443504E-02  1.410080E+02
  2.500000E+01  9.000000E+01     5  6.164182E-06  8.998601E+01  1.505234E-09  6.164182E-06
  2.500000E+01  9.000000E+01     6  1.009326E-12  9.000000E+01  1.009326E-12  2.900279E-19
  2.500000E+01  1.200000E+02     1  1.008692E+01 -9.001399E+01 -2.463115E-03 -1.008692E+01
  2.500000E+01  1.200000E+02     2  1.747092E+01  8.998601E+01  4.266509E-03  1.747092E+01
  2.500000E+01  1.200000E+02     3  7.110036E+01  8.611390E-02  7.110027E+01  1.068617E-01
  2.500000E+01  1.200000E+02     4  1.221205E+02  8.998601E+01  2.982274E-02  1.221205E+02
  2.500000E+01  1.200000E+02     5  7.050757E+01  8.998601E+01  1.721722E-02  7.050757E+01
  2.500000E+01  1.200000E+02     6  2.885639E-05  1.800000E+02 -2.885639E-05  2.921352E-12
  2.500000E+01  1.500000E+02     1  1.746969E+01 -9.001399E+01 -4.265921E-03 -1.746969E+01
  2.500000E+01  1.500000E+02     2  1.008758E+01  8.998601E+01  2.463466E-03  1.008758E+01
  2.500000E+01  1.500000E+02     3  7.110041E+01  8.611383E-02  7.110033E+01  1.068617E-01
  2.500000E+01  1.500000E+02     4  7.051158E+01  8.998601E+01  1.721943E-02  7.051158E+01
  2.500000E+01  1.500000E+02     5  1.221140E+02  8.998601E+01  2.981896E-02  1.221140E+02
  2.500000E+01  1.500000E+02     6  1.075441E-04  1.800000E+02 -1.075441E-04  2.915862E-12
  2.500000E+01  1.800000E+02     1  2.017164E+01 -9.001399E+01 -4.925689E-03 -2.017164E+01
  2.500000E+01  1.800000E+02     2  1.763830E-06 -9.001399E+01 -4.307403E-10 -1.763830E-06
  2.500000E+01  1.800000E+02     3  7.110029E+01  8.611388E-02  7.110020E+01  1.068616E-01
  2.500000E+01  1.800000E+02     4  1.232901E-05 -9.001399E+01 -3.010851E-09 -1.232901E-05
  2.500000E+01  1.800000E+02     5  1.409997E+02  8.998601E+01  3.443070E-02  1.409997E+02
  2.500000E+01  1.800000E+02     6  2.962788E-11 -1.123468E-06  2.962788E-11 -5.809500E-19
  2.550000E+01 -1.800000E+02     1  1.966245E+01 -9.001295E+01 -4.445861E-03 -1.966245E+01
  2.550000E+01 -1.800000E+02     2  1.719308E-06  8.998705E+01  3.887774E-10  1.719308E-06
  2.550000E+01 -1.800000E+02     3  7.141921E+01  8.095715E-02  7.141914E+01  1.009131E-01
  2.550000E+01 -1.800000E+02     4  1.202547E-05  8.998705E+01  2.719285E-09  1.202547E-05
  2.550000E+01 -1.800000E+02     5  1.375299E+02  8.998705E+01  3.109660E-02  1.375299E+02
  2.550000E+01 -1.800000E+02     6  2.741533E-11  1.800000E+02 -2.741533E-11  5.169879E-19
  2.550000E+01 -1.500000E+02     1  1.702876E+01 -9.001295E+01 -3.850355E-03 -1.702876E+01
  2.550000E+01 -1.500000E+02     2  9.832958E+00 -9.001296E+01 -2.223478E-03 -9.832958E+00
  2.550000E+01 -1.500000E+02     3  7.141915E+01  8.095723E-02  7.141908E+01  1.009131E-01
  2.550000E+01 -1.500000E+02     4  6.877567E+01 -9.001296E+01 -1.555198E-02 -6.877567E+01
  2.550000E+01 -1.500000E+02     5  1.191083E+02  8.998705E+01  2.693147E-02  1.191083E+02
  2.550000E+01 -1.500000E+02     6  1.003821E-04 -1.454811E-06  1.003821E-04 -2.548826E-12
  2.550000E+01 -1.200000E+02     1  9.832234E+00 -9.001295E+01 -2.223162E-03 -9.832234E+00
  2.550000E+01 -1.200000E+02     2  1.702987E+01 -9.001296E+01 -3.850893E-03 -1.702987E+01
  2.550000E+01 -1.200000E+02     3  7.141918E+01  8.095717E-02  7.141911E+01  1.009131E-01
  2.550000E+01 -1.200000E+02     4  1.191147E+02 -9.001296E+01 -2.693493E-02 -1.191147E+02
  2.550000E+01 -1.200000E+02     5  6.877180E+01  8.998705E+01  1.554998E-02  6.877180E+01
  2.550000E+01 -1.200000E+02     6  3.049233E-05 -4.802196E-06  3.049233E-05 -2.555688E-12
  2.550000E+01 -9.000000E+01     1  8.595899E-07 -9.001295E+01 -1.943616E-10 -8.595899E-07
  2.550000E+01 -9.000000E+01     2  1.966385E+01 -9.001296E+01 -4.446481E-03 -1.966385E+01
  2.550000E+01 -9.000000E+01     3  7.141919E+01  8.095719E-02  7.141912E+01  1.009131E-01
  2.550000E+01 -9.000000E+01     4  1.375376E+02 -9.001296E+01 -3.110068E-02 -1.375376E+02
  2.550000E+01 -9.000000E+01     5  6.012411E-06  8.998705E+01  1.359470E-09  6.012411E-06
  2.550000E+01 -9.000000E+01     6  5.787070E-13 -9.000000E+01 -5.787070E-13 -2.584944E-19
  2.550000E+01 -6.000000E+01     1  9.832242E+00  8.998705E+01  2.223161E-03  9.832242E+00
  2.550000E+01 -6.000000E+01     2  1.702988E+01 -9.001296E+01 -3.850894E-03 -1.702988E+01
  2.550000E+01 -6.000000E+01     3  7.141918E+01  8.095717E-02  7.141911E+01  1.009131E-01
  2.550000E+01 -6.000000E+01     4  1.191148E+02 -9.001296E+01 -2.693491E-02 -1.191148E+02
  2.550000E+01 -6.000000E+01     5  6.877176E+01 -9.001295E+01 -1.554998E-02 -6.877176E+01
  2.550000E+01 -6.000000E+01     6  3.055632E-05  1.800000E+02 -3.055632E-05  2.551573E-12
  2.550000E+01 -3.000000E+01     1  1.702876E+01  8.998705E+01  3.850360E-03  1.702876E+01
  2.550000E+01 -3.000000E+01     2  9.832955E+00 -9.001296E+01 -2.223476E-03 -9.832955E+00
  2.550000E+01 -3.000000E+01     3  7.141915E+01  8.095723E-02  7.141908E+01  1.009131E-01
  2.550000E+01 -3.000000E+01     4  6.877571E+01 -9.001296E+01 -1.555198E-02 -6.877571E+01
  2.550000E+01 -3.000000E+01     5  1.191082E+02 -9.001295E+01 -2.693147E-02 -1.191082E+02
  2.550000E+01 -3.000000E+01     6  1.005456E-04  1.800000E+02 -1.005456E-04  2.550240E-12
  2.550000E+01  0.000000E+00     1  1.966245E+01  8.998705E+01  4.445861E-03  1.966245E+01
  2.550000E+01  0.000000E+00     2  0.000000E+00  9.000000E+01  0.000000E+00  0.000000E+00
  2.550000E+01  0.000000E+00     3  7.141921E+01  8.095715E-02  7.141914E+01  1.009131E-01
  2.550000E+01  0.000000E+00     4  0.000000E+00  9.000000E+01  0.000000E+00  0.000000E+00
  2.550000E+01  0.000000E+00     5  1.375299E+02 -9.001295E+01 -3.109660E-02 -1.375299E+02
  2.550000E+01  0.000000E+00     6  0.000000E+00  9.000000E+01  0.000000E+00  0.000000E+00
  2.550000E+01  3.000000E+01     1  1.702876E+01  8.998705E+01  3.850360E-03  1.702876E+01
  2.550000E+01  3.000000E+01     2  9.832955E+00  8.998705E+01  2.223476E-03  9.832955E+00
  2.550000E+01  3.000000E+01     3  7.141915E+01  8.095723E-02  7.141908E+01  1.009131E-01
  2.550000E+01  3.000000E+01     4  6.877571E+01  8.998705E+01  1.555198E-02  6.877571E+01
  2.550000E+01  3.000000E+01     5  1.191082E+02 -9.001295E+01 -2.693147E-02 -1.191082E+02
  2.550000E+01  3.000000E+01     6  1.005456E-04 -1.453251E-06  1.005456E-04 -2.550240E-12
  2.550000E+01  6.000000E+01     1  9.832242E+00  8.998705E+01  2.223161E-03  9.832242E+00
  2.550000E+01  6.000000E+01     2  1.702988E+01  8.998705E+01  3.850894E-03  1.702988E+01
  2.550000E+01  6.000000E+01     3  7.141918E+01  8.095717E-02  7.141911E+01  1.009131E-01
  2.550000E+01  6.000000E+01     4  1.191148E+02  8.998705E+01  2.693491E-02  1.191148E+02
  2.550000E+01  6.000000E+01     5  6.877176E+01 -9.001295E+01 -1.554998E-02 -6.877176E+01
  2.550000E+01  6.000000E+01     6  3.055632E-05 -4.784423E-06  3.055632E-05 -2.551573E-12
  2.550000E+01  9.000000E+01     1  8.595899E-07 -9.001295E+01 -1.943616E-10 -8.595899E-07
  2.550000E+01  9.000000E+01     2  1.966385E+01  8.998705E+01  4.446481E-03  1.966385E+01
  2.550000E+01  9.000000E+01     3  7.141919E+01  8.095719E-02  7.141912E+01  1.009131E-01
  2.550000E+01  9.000000E+01     4  1.375376E+02  8.998705E+01  3.110068E-02  1.375376E+02
  2.550000E+01  9.000000E+01     5  6.012411E-06  8.998705E+01  1.359470E-09  6.012411E-06
  2.550000E+01  9.000000E+01     6  5.787070E-13  9.000000E+01  5.787070E-13  2.584944E-19
  2.550000E+01  1.200000E+02     1  9.832234E+00 -9.001295E+01 -2.223162E-03 -9.832234E+00
  2.550000E+01  1.200000E+02     2  1.702987E+01  8.998705E+01  3.850893E-03  1.702987E+01
  2.550000E+01  1.200000E+02     3  7.141918E+01  8.095717E-02  7.141911E+01  1.009131E-01
  2.550000E+01  1.200000E+02     4  1.191147E+02  8.998705E+01  2.693493E-02  1.191147E+02
  2.550000E+01  1.200000E+02     5  6.877180E+01  8.998705E+01  1.554998E-02  6.877180E+01
  2.550000E+01  1.200000E+02     6  3.049233E-05  1.800000E+02 -3.049233E-05  2.555688E-12
  2.550000E+01  1.500000E+02     1  1.702876E+01 -9.001295E+01 -3.850355E-03 -1.702876E+01
  2.550000E+01  1.500000E+02     2  9.832958E+00  8.998705E+01  2.223478E-03  9.832958E+00
  2.550000E+01  1.500000E+02     3  7.141915E+01  8.095723E-02  7.141908E+01  1.009131E-01
  2.550000E+01  1.500000E+02     4  6.877567E+01  8.998705E+01  1.555198E-02  6.877567E+01
  2.550000E+01  1.500000E+02     5  1.191083E+02  8.998705E+01  2.693147E-02  1.191083E+02
  2.550000E+01  1.500000E+02     6  1.003821E-04  1.800000E+02 -1.003821E-04  2.548826E-12
  2.550000E+01  1.800000E+02     1  1.966245E+01 -9.001295E+01 -4.445861E-03 -1.966245E+01
  2.550000E+01  1.800000E+02     2  1.719308E-06 -9.001296E+01 -3.887774E-10 -1.719308E-06
  2.550000E+01  1.800000E+02     3  7.141921E+01  8.095715E-02  7.141914E+01  1.009131E-01
  2.550000E+01  1.800000E+02     4  1.202547E-05 -9.001296E+01 -2.719285E-09 -1.202547E-05
  2.550000E+01  1.800000E+02     5  1.375299E+02  8.998705E+01  3.109660E-02  1.375299E+02
  2.550000E+01  1.800000E+02     6  2.741533E-11 -1.080462E-06  2.741533E-11 -5.169879E-19
  2.600000E+01 -1.800000E+02     1  1.918036E+01 -9.001203E+01 -4.027404E-03 -1.918036E+01
  2.600000E+01 -1.800000E+02     2  1.677134E-06  8.998797E+01  3.521817E-10  1.677134E-06
  2.600000E+01 -1.800000E+02     3  7.172026E+01  7.626153E-02  7.172020E+01  9.546069E-02
  2.600000E+01 -1.800000E+02     4  1.173771E-05  8.998797E+01  2.464818E-09  1.173771E-05
  2.600000E+01 -1.800000E+02     5  1.342391E+02  8.998797E+01  2.818694E-02  1.342391E+02
  2.600000E+01 -1.800000E+02     6  2.539032E-11  1.800000E+02 -2.539032E-11  4.774597E-19
  2.600000E+01 -1.500000E+02     1  1.661125E+01 -9.001203E+01 -3.487947E-03 -1.661125E+01
  2.600000E+01 -1.500000E+02     2  9.591806E+00 -9.001203E+01 -2.014181E-03 -9.591806E+00
  2.600000E+01 -1.500000E+02     3  7.172028E+01  7.626150E-02  7.172021E+01  9.546068E-02
  2.600000E+01 -1.500000E+02     4  6.712975E+01 -9.001203E+01 -1.409666E-02 -6.712975E+01
  2.600000E+01 -1.500000E+02     5  1.162583E+02  8.998797E+01  2.441139E-02  1.162583E+02
  2.600000E+01 -1.500000E+02     6  9.323959E-05 -1.439316E-06  9.323959E-05 -2.342253E-12
  2.600000E+01 -1.200000E+02     1  9.591132E+00 -9.001203E+01 -2.013909E-03 -9.591132E+00
  2.600000E+01 -1.200000E+02     2  1.661235E+01 -9.001203E+01 -3.488437E-03 -1.661235E+01
  2.600000E+01 -1.200000E+02     3  7.172020E+01  7.626157E-02  7.172014E+01  9.546066E-02
  2.600000E+01 -1.200000E+02     4  1.162648E+02 -9.001203E+01 -2.441445E-02 -1.162648E+02
  2.600000E+01 -1.200000E+02     5  6.712601E+01  8.998797E+01  1.409487E-02  6.712601E+01
  2.600000E+01 -1.200000E+02     6  3.015083E-05 -4.460252E-06  3.015083E-05 -2.347123E-12
  2.600000E+01 -9.000000E+01     1  8.385099E-07 -9.001203E+01 -1.760666E-10 -8.385099E-07
  2.600000E+01 -9.000000E+01     2  1.918174E+01 -9.001203E+01 -4.027947E-03 -1.918174E+01
  2.600000E+01 -9.000000E+01     3  7.172024E+01  7.626159E-02  7.172018E+01  9.546074E-02
  2.600000E+01 -9.000000E+01     4  1.342464E+02 -9.001203E+01 -2.819046E-02 -1.342464E+02
  2.600000E+01 -9.000000E+01     5  5.868533E-06  8.998797E+01  1.232252E-09  5.868533E-06
  2.600000E+01 -9.000000E+01     6  1.059620E-13 -9.000000E+01 -1.059620E-13 -2.386067E-19
  2.600000E+01 -6.000000E+01     1  9.591125E+00  8.998797E+01  2.013909E-03  9.591125E+00
  2.600000E+01 -6.000000E+01     2  1.661233E+01 -9.001203E+01 -3.488439E-03 -1.661233E+01
  2.600000E+01 -6.000000E+01     3  7.172020E+01  7.626157E-02  7.172014E+01  9.546066E-02
  2.600000E+01 -6.000000E+01     4  1.162647E+02 -9.001203E+01 -2.441445E-02 -1.162647E+02
  2.600000E+01 -6.000000E+01     5  6.712595E+01 -9.001203E+01 -1.409485E-02 -6.712595E+01
  2.600000E+01 -6.000000E+01     6  2.954043E-05  1.800000E+02 -2.954043E-05  2.347025E-12
  2.600000E+01 -3.000000E+01     1  1.661124E+01  8.998797E+01  3.487946E-03  1.661124E+01
  2.600000E+01 -3.000000E+01     2  9.591798E+00 -9.001203E+01 -2.014181E-03 -9.591798E+00
  2.600000E+01 -3.000000E+01     3  7.172028E+01  7.626150E-02  7.172021E+01  9.546068E-02
  2.600000E+01 -3.000000E+01     4  6.712973E+01 -9.001203E+01 -1.409667E-02 -6.712973E+01
  2.600000E+01 -3.000000E+01     5  1.162583E+02 -9.001203E+01 -2.441137E-02 -1.162583E+02
  2.600000E+01 -3.000000E+01     6  9.301375E-05  1.800000E+02 -9.301375E-05  2.340123E-12
  2.600000E+01  0.000000E+00     1  1.918036E+01  8.998797E+01  4.027404E-03  1.918036E+01
  2.600000E+01  0.000000E+00     2  0.000000E+00  9.000000E+01  0.000000E+00  0.000000E+00
  2.600000E+01  0.000000E+00     3  7.172026E+01  7.626153E-02  7.172020E+01  9.546069E-02
  2.600000E+01  0.000000E+00     4  0.000000E+00  9.000000E+01  0.000000E+00  0.000000E+00
  2.600000E+01  0.000000E+00     5  1.342391E+02 -9.001203E+01 -2.818694E-02 -1.342391E+02
  2.600000E+01  0.000000E+00     6  0.000000E+00  9.000000E+01  0.000000E+00  0.000000E+00
  2.600000E+01  3.000000E+01     1  1.661124E+01  8.998797E+01  3.487946E-03  1.661124E+01
  2.600000E+01  3.000000E+01     2  9.591798E+00  8.998797E+01  2.014181E-03  9.591798E+00
  2.600000E+01  3.000000E+01     3  7.172028E+01  7.626150E-02  7.172021E+01  9.546068E-02
  2.600000E+01  3.000000E+01     4  6.712973E+01  8.998797E+01  1.409667E-02  6.712973E+01
  2.600000E+01  3.000000E+01     5  1.162583E+02 -9.001203E+01 -2.441137E-02 -1.162583E+02
  2.600000E+01  3.000000E+01     6  9.301375E-05 -1.441498E-06  9.301375E-05 -2.340123E-12
  2.600000E+01  6.000000E+01     1  9.591125E+00  8.998797E+01  2.013909E-03  9.591125E+00
  2.600000E+01  6.000000E+01     2  1.661233E+01  8.998797E+01  3.488439E-03  1.661233E+01
  2.600000E+01  6.000000E+01     3  7.172020E+01  7.626157E-02  7.172014E+01  9.546066E-02
  2.600000E+01  6.000000E+01     4  1.162647E+02  8.998797E+01  2.441445E-02  1.162647E+02
  2.600000E+01  6.000000E+01     5  6.712595E+01 -9.001203E+01 -1.409485E-02 -6.712595E+01
  2.600000E+01  6.000000E+01     6  2.954043E-05 -4.552224E-06  2.954043E-05 -2.347025E-12
  2.600000E+01  9.000000E+01     1  8.385099E-07 -9.001203E+01 -1.760666E-10 -8.385099E-07
  2.600000E+01  9.000000E+01     2  1.918174E+01  8.998797E+01  4.027947E-03  1.918174E+01
  2.600000E+01  9.000000E+01     3  7.172024E+01  7.626159E-02  7.172018E+01  9.546074E-02
  2.600000E+01  9.000000E+01     4  1.342464E+02  8.998797E+01  2.819046E-02  1.342464E+02
  2.600000E+01  9.000000E+01     5  5.868533E-06  8.998797E+01  1.232252E-09  5.868533E-06
  2.600000E+01  9.000000E+01     6  1.059620E-13  9.000000E+01  1.059620E-13  2.386067E-19
  2.600000E+01  1.200000E+02     1  9.591132E+00 -9.001203E+01 -2.013909E-03 -9.591132E+00
  2.600000E+01  1.200000E+02     2  1.661235E+01  8.998797E+01  3.488437E-03  1.661235E+01
  2.600000E+01  1.200000E+02     3  7.172020E+01  7.626157E-02  7.172014E+01  9.546066E-02
  2.600000E+01  1.200000E+02     4  1.162648E+02  8.998797E+01  2.441445E-02  1.162648E+02
  2.600000E+01  1.200000E+02     5  6.712601E+01  8.998797E+01  1.409487E-02  6.712601E+01
  2.600000E+01  1.200000E+02     6  3.015083E-05  1.800000E+02 -3.015083E-05  2.347123E-12
  2.600000E+01  1.500000E+02     1  1.661125E+01 -9.001203E+01 -3.487947E-03 -1.661125E+01
  2.600000E+01  1.500000E+02     2  9.591806E+00  8.998797E+01  2.014181E-03  9.591806E+00
  2.600000E+01  1.500000E+02     3  7.172028E+01  7.626150E-02  7.172021E+01  9.546068E-02
  2.600000E+01  1.500000E+02     4  6.712975E+01  8.998797E+01  1.409666E-02  6.712975E+01
  2.600000E+01  1.500000E+02     5  1.162583E+02  8.998797E+01  2.441139E-02  1.162583E+02
  2.600000E+01  1.500000E+02     6  9.323959E-05  1.800000E+02 -9.323959E-05  2.342253E-12
  2.600000E+01  1.800000E+02     1  1.918036E+01 -9.001203E+01 -4.027404E-03 -1.918036E+01
  2.600000E+01  1.800000E+02     2  1.677134E-06 -9.001203E+01 -3.521817E-10 -1.677134E-06
  2.600000E+01  1.800000E+02     3  7.172026E+01  7.626153E-02  7.172020E+01  9.546069E-02
  2.600000E+01  1.800000E+02     4  1.173771E-05 -9.001203E+01 -2.464818E-09 -1.173771E-05
  2.600000E+01  1.800000E+02     5  1.342391E+02  8.998797E+01  2.818694E-02  1.342391E+02
  2.600000E+01  1.800000E+02     6  2.539032E-11 -1.077435E-06  2.539032E-11 -4.774597E-19
  2.650000E+01 -1.800000E+02     1  1.872315E+01 -9.001121E+01 -3.660836E-03 -1.872315E+01
  2.650000E+01 -1.800000E+02     2  1.637147E-06  8.998879E+01  3.201266E-10  1.637147E-06
  2.650000E+01 -1.800000E+02     3  7.200514E+01  7.197271E-02  7.200509E+01  9.045002E-02
  2.650000E+01 -1.800000E+02     4  1.146441E-05  8.998879E+01  2.241736E-09  1.146441E-05
  2.650000E+01 -1.800000E+02     5  1.311142E+02  8.998879E+01  2.563599E-02  1.311142E+02
  2.650000E+01 -1.800000E+02     6  2.355618E-11  1.800000E+02 -2.355618E-11  2.449184E-19
  2.650000E+01 -1.500000E+02     1  1.621529E+01 -9.001121E+01 -3.170467E-03 -1.621529E+01
  2.650000E+01 -1.500000E+02     2  9.363118E+00 -9.001121E+01 -1.830848E-03 -9.363118E+00
  2.650000E+01 -1.500000E+02     3  7.200507E+01  7.197282E-02  7.200502E+01  9.045007E-02
  2.650000E+01 -1.500000E+02     4  6.556676E+01 -9.001121E+01 -1.282087E-02 -6.556676E+01
  2.650000E+01 -1.500000E+02     5  1.135521E+02  8.998879E+01  2.220214E-02  1.135521E+02
  2.650000E+01 -1.500000E+02     6  8.811786E-05 -7.669551E-07  8.811786E-05 -1.179536E-12
  2.650000E+01 -1.200000E+02     1  9.362473E+00 -9.001121E+01 -1.830598E-03 -9.362473E+00
  2.650000E+01 -1.200000E+02     2  1.621634E+01 -9.001121E+01 -3.170926E-03 -1.621634E+01
  2.650000E+01 -1.200000E+02     3  7.200500E+01  7.197288E-02  7.200494E+01  9.045006E-02
  2.650000E+01 -1.200000E+02     4  1.135583E+02 -9.001121E+01 -2.220492E-02 -1.135583E+02
  2.650000E+01 -1.200000E+02     5  6.556314E+01  8.998879E+01  1.281922E-02  6.556314E+01
  2.650000E+01 -1.200000E+02     6  3.058692E-05 -2.208208E-06  3.058692E-05 -1.178835E-12
  2.650000E+01 -9.000000E+01     1  8.185198E-07 -9.001121E+01 -1.600403E-10 -8.185198E-07
  2.650000E+01 -9.000000E+01     2  1.872448E+01 -9.001121E+01 -3.661352E-03 -1.872448E+01
  2.650000E+01 -9.000000E+01     3  7.200526E+01  7.197266E-02  7.200521E+01  9.045010E-02
  2.650000E+01 -9.000000E+01     4  1.311214E+02 -9.001121E+01 -2.563932E-02 -1.311214E+02
  2.650000E+01 -9.000000E+01     5  5.731876E-06  8.998879E+01  1.120731E-09  5.731876E-06
  2.650000E+01 -9.000000E+01     6  1.626498E-13 -9.000000E+01  1.626498E-13 -1.219014E-19
  2.650000E+01 -6.000000E+01     1  9.362474E+00  8.998879E+01  1.830599E-03  9.362474E+00
  2.650000E+01 -6.000000E+01     2  1.621633E+01 -9.001121E+01 -3.170926E-03 -1.621633E+01
  2.650000E+01 -6.000000E+01     3  7.200500E+01  7.197288E-02  7.200494E+01  9.045006E-02
  2.650000E+01 -6.000000E+01     4  1.135583E+02 -9.001121E+01 -2.220494E-02 -1.135583E+02
  2.650000E+01 -6.000000E+01     5  6.556307E+01 -9.001121E+01 -1.281921E-02 -6.556307E+01
  2.650000E+01 -6.000000E+01     6  3.037423E-05  1.800000E+02 -3.037423E-05  1.175252E-12
  2.650000E+01 -3.000000E+01     1  1.621529E+01  8.998879E+01  3.170466E-03  1.621529E+01
  2.650000E+01 -3.000000E+01     2  9.363117E+00 -9.001121E+01 -1.830849E-03 -9.363117E+00
  2.650000E+01 -3.000000E+01     3  7.200507E+01  7.197282E-02  7.200502E+01  9.045007E-02
  2.650000E+01 -3.000000E+01     4  6.556673E+01 -9.001121E+01 -1.282087E-02 -6.556673E+01
  2.650000E+01 -3.000000E+01     5  1.135520E+02 -9.001121E+01 -2.220215E-02 -1.135520E+02
  2.650000E+01 -3.000000E+01     6  8.814872E-05  1.800000E+02 -8.814872E-05  1.180092E-12
  2.650000E+01  0.000000E+00     1  1.872315E+01  8.998879E+01  3.660836E-03  1.872315E+01
  2.650000E+01  0.000000E+00     2  0.000000E+00  9.000000E+01  0.000000E+00  0.000000E+00
  2.650000E+01  0.000000E+00     3  7.200514E+01  7.197271E-02  7.200509E+01  9.045002E-02
  2.650000E+01  0.000000E+00     4  0.000000E+00  9.000000E+01  0.000000E+00  0.000000E+00
  2.650000E+01  0.000000E+00     5  1.311142E+02 -9.001121E+01 -2.563599E-02 -1.311142E+02
  2.650000E+01  0.000000E+00     6  0.000000E+00  9.000000E+01  0.000000E+00  0.000000E+00
  2.650000E+01  3.000000E+01     1  1.621529E+01  8.998879E+01  3.170466E-03  1.621529E+01
  2.650000E+01  3.000000E+01     2  9.363117E+00  8.998879E+01  1.830849E-03  9.363117E+00
  2.650000E+01  3.000000E+01     3  7.200507E+01  7.197282E-02  7.200502E+01  9.045007E-02
  2.650000E+01  3.000000E+01     4  6.556673E+01  8.998879E+01  1.282087E-02  6.556673E+01
  2.650000E+01  3.000000E+01     5  1.135520E+02 -9.001121E+01 -2.220215E-02 -1.135520E+02
  2.650000E+01  3.000000E+01     6  8.814872E-05 -7.670477E-07  8.814872E-05 -1.180092E-12
  2.650000E+01  6.000000E+01     1  9.362474E+00  8.998879E+01  1.830599E-03  9.362474E+00
  2.650000E+01  6.000000E+01     2  1.621633E+01  8.998879E+01  3.170926E-03  1.621633E+01
  2.650000E+01  6.000000E+01     3  7.200500E+01  7.197288E-02  7.200494E+01  9.045006E-02
  2.650000E+01  6.000000E+01     4  1.135583E+02  8.998879E+01  2.220494E-02  1.135583E+02
  2.650000E+01  6.000000E+01     5  6.556307E+01 -9.001121E+01 -1.281921E-02 -6.556307E+01
  2.650000E+01  6.000000E+01     6  3.037423E-05 -2.216911E-06  3.037423E-05 -1.175252E-12
  2.650000E+01  9.000000E+01     1  8.185198E-07 -9.001121E+01 -1.600403E-10 -8.185198E-07
  2.650000E+01  9.000000E+01     2  1.872448E+01  8.998879E+01  3.661352E-03  1.872448E+01
  2.650000E+01  9.000000E+01     3  7.200526E+01  7.197266E-02  7.200521E+01  9.045010E-02
  2.650000E+01  9.000000E+01     4  1.311214E+02  8.998879E+01  2.563932E-02  1.311214E+02
  2.650000E+01  9.000000E+01     5  5.731876E-06  8.998879E+01  1.120731E-09  5.731876E-06
  2.650000E+01  9.000000E+01     6  1.626498E-13  9.000000E+01 -1.626498E-13  1.219014E-19
  2.650000E+01  1.200000E+02     1  9.362473E+00 -9.001121E+01 -1.830598E-03 -9.362473E+00
  2.650000E+01  1.200000E+02     2  1.621634E+01  8.998879E+01  3.170926E-03  1.621634E+01
  2.650000E+01  1.200000E+02     3  7.200500E+01  7.197288E-02  7.200494E+01  9.045006E-02
  2.650000E+01  1.200000E+02     4  1.135583E+02  8.998879E+01  2.220492E-02  1.135583E+02
  2.650000E+01  1.200000E+02     5  6.556314E+01  8.998879E+01  1.281922E-02  6.556314E+01
  2.650000E+01  1.200000E+02     6  3.058692E-05  1.800000E+02 -3.058692E-05  1.178835E-12
  2.650000E+01  1.500000E+02     1  1.621529E+01 -9.001121E+01 -3.170467E-03 -1.621529E+01
  2.650000E+01  1.500000E+02     2  9.363118E+00  8.998879E+01  1.830848E-03  9.363118E+00
  2.650000E+01  1.500000E+02     3  7.200507E+01  7.197282E-02  7.200502E+01  9.045007E-02
  2.650000E+01  1.500000E+02     4  6.556676E+01  8.998879E+01  1.282087E-02  6.556676E+01
  2.650000E+01  1.500000E+02     5  1.135521E+02  8.998879E+01  2.220214E-02  1.135521E+02
  2.650000E+01  1.500000E+02     6  8.811786E-05  1.800000E+02 -8.811786E-05  1.179536E-12
  2.650000E+01  1.800000E+02     1  1.872315E+01 -9.001121E+01 -3.660836E-03 -1.872315E+01
  2.650000E+01  1.800000E+02     2  1.637147E-06 -9.001121E+01 -3.201266E-10 -1.637147E-06
  2.650000E+01  1.800000E+02     3  7.200514E+01  7.197271E-02  7.200509E+01  9.045002E-02
  2.650000E+01  1.800000E+02     4  1.146441E-05 -9.001121E+01 -2.241736E-09 -1.146441E-05
  2.650000E+01  1.800000E+02     5  1.311142E+02  8.998879E+01  2.563599E-02  1.311142E+02
  2.650000E+01  1.800000E+02     6  2.355618E-11 -5.957158E-07  2.355618E-11 -2.449184E-19
  2.700000E+01 -1.800000E+02     1  1.828889E+01 -9.001046E+01 -3.338350E-03 -1.828889E+01
  2.700000E+01 -1.800000E+02     2  1.599162E-06  8.998954E+01  2.919248E-10  1.599162E-06
  2.700000E+01 -1.800000E+02     3  7.227489E+01  6.804559E-02  7.227484E+01  8.583506E-02
  2.700000E+01 -1.800000E+02     4  1.120446E-05  8.998954E+01  2.045363E-09  1.120446E-05
  2.700000E+01 -1.800000E+02     5  1.281422E+02  8.998954E+01  2.339040E-02  1.281422E+02
  2.700000E+01 -1.800000E+02     6  2.190738E-11  1.800000E+02 -2.190738E-11  3.174392E-19
  2.700000E+01 -1.500000E+02     1  1.583912E+01 -9.001046E+01 -2.891183E-03 -1.583912E+01
  2.700000E+01 -1.500000E+02     2  9.145918E+00 -9.001046E+01 -1.669562E-03 -9.145918E+00
  2.700000E+01 -1.500000E+02     3  7.227489E+01  6.804562E-02  7.227484E+01  8.583508E-02
  2.700000E+01 -1.500000E+02     4  6.408039E+01 -9.001046E+01 -1.169775E-02 -6.408039E+01
  2.700000E+01 -1.500000E+02     5  1.109780E+02  8.998954E+01  2.025725E-02  1.109780E+02
  2.700000E+01 -1.500000E+02     6  8.236147E-05 -1.089635E-06  8.236147E-05 -1.566327E-12
  2.700000E+01 -1.200000E+02     1  9.145262E+00 -9.001046E+01 -1.669326E-03 -9.145262E+00
  2.700000E+01 -1.200000E+02     2  1.584020E+01 -9.001046E+01 -2.891574E-03 -1.584020E+01
  2.700000E+01 -1.200000E+02     3  7.227476E+01  6.804588E-02  7.227470E+01  8.583526E-02
  2.700000E+01 -1.200000E+02     4  1.109840E+02 -9.001046E+01 -2.025988E-02 -1.109840E+02
  2.700000E+01 -1.200000E+02     5  6.407669E+01  8.998954E+01  1.169621E-02  6.407669E+01
  2.700000E+01 -1.200000E+02     6  3.063076E-05 -2.944298E-06  3.063076E-05 -1.574044E-12
  2.700000E+01 -9.000000E+01     1  7.995295E-07 -9.001046E+01 -1.459419E-10 -7.995295E-07
  2.700000E+01 -9.000000E+01     2  1.829021E+01 -9.001046E+01 -3.338826E-03 -1.829021E+01
  2.700000E+01 -9.000000E+01     3  7.227496E+01  6.804567E-02  7.227491E+01  8.583523E-02
  2.700000E+01 -9.000000E+01     4  1.281497E+02 -9.001046E+01 -2.339337E-02 -1.281497E+02
  2.700000E+01 -9.000000E+01     5  5.601933E-06  8.998954E+01  1.022547E-09  5.601933E-06
  2.700000E+01 -9.000000E+01     6  4.034708E-13 -9.000000E+01  4.034708E-13 -1.579821E-19
  2.700000E+01 -6.000000E+01     1  9.145265E+00  8.998954E+01  1.669326E-03  9.145265E+00
  2.700000E+01 -6.000000E+01     2  1.584021E+01 -9.001046E+01 -2.891579E-03 -1.584021E+01
  2.700000E+01 -6.000000E+01     3  7.227476E+01  6.804588E-02  7.227470E+01  8.583526E-02
  2.700000E+01 -6.000000E+01     4  1.109840E+02 -9.001046E+01 -2.025989E-02 -1.109840E+02
  2.700000E+01 -6.000000E+01     5  6.407670E+01 -9.001046E+01 -1.169622E-02 -6.407670E+01
  2.700000E+01 -6.000000E+01     6  3.046407E-05  1.800000E+02 -3.046407E-05  1.574179E-12
  2.700000E+01 -3.000000E+01     1  1.583912E+01  8.998954E+01  2.891180E-03  1.583912E+01
  2.700000E+01 -3.000000E+01     2  9.145919E+00 -9.001046E+01 -1.669562E-03 -9.145919E+00
  2.700000E+01 -3.000000E+01     3  7.227489E+01  6.804562E-02  7.227484E+01  8.583508E-02
  2.700000E+01 -3.000000E+01     4  6.408032E+01 -9.001046E+01 -1.169775E-02 -6.408032E+01
  2.700000E+01 -3.000000E+01     5  1.109780E+02 -9.001046E+01 -2.025724E-02 -1.109780E+02
  2.700000E+01 -3.000000E+01     6  8.234695E-05  1.800000E+02 -8.234695E-05  1.577060E-12
  2.700000E+01  0.000000E+00     1  1.828889E+01  8.998954E+01  3.338350E-03  1.828889E+01
  2.700000E+01  0.000000E+00     2  0.000000E+00  9.000000E+01  0.000000E+00  0.000000E+00
  2.700000E+01  0.000000E+00     3  7.227489E+01  6.804559E-02  7.227484E+01  8.583506E-02
  2.700000E+01  0.000000E+00     4  0.000000E+00  9.000000E+01  0.000000E+00  0.000000E+00
  2.700000E+01  0.000000E+00     5  1.281422E+02 -9.001046E+01 -2.339040E-02 -1.281422E+02
  2.700000E+01  0.000000E+00     6  0.000000E+00  9.000000E+01  0.000000E+00  0.000000E+00
  2.700000E+01  3.000000E+01     1  1.583912E+01  8.998954E+01  2.891180E-03  1.583912E+01
  2.700000E+01  3.000000E+01     2  9.145919E+00  8.998954E+01  1.669562E-03  9.145919E+00
  2.700000E+01  3.000000E+01     3  7.227489E+01  6.804562E-02  7.227484E+01  8.583508E-02
  2.700000E+01  3.000000E+01     4  6.408032E+01  8.998954E+01  1.169775E-02  6.408032E+01
  2.700000E+01  3.000000E+01     5  1.109780E+02 -9.001046E+01 -2.025724E-02 -1.109780E+02
  2.700000E+01  3.000000E+01     6  8.234695E-05 -1.097295E-06  8.234695E-05 -1.577060E-12
  2.700000E+01  6.000000E+01     1  9.145265E+00  8.998954E+01  1.669326E-03  9.145265E+00
  2.700000E+01  6.000000E+01     2  1.584021E+01  8.998954E+01  2.891579E-03  1.584021E+01
  2.700000E+01  6.000000E+01     3  7.227476E+01  6.804588E-02  7.227470E+01  8.583526E-02
  2.700000E+01  6.000000E+01     4  1.109840E+02  8.998954E+01  2.025989E-02  1.109840E+02
  2.700000E+01  6.000000E+01     5  6.407670E+01 -9.001046E+01 -1.169622E-02 -6.407670E+01
  2.700000E+01  6.000000E+01     6  3.046407E-05 -2.960662E-06  3.046407E-05 -1.574179E-12
  2.700000E+01  9.000000E+01     1  7.995295E-07 -9.001046E+01 -1.459419E-10 -7.995295E-07
  2.700000E+01  9.000000E+01     2  1.829021E+01  8.998954E+01  3.338826E-03  1.829021E+01
  2.700000E+01  9.000000E+01     3  7.227496E+01  6.804567E-02  7.227491E+01  8.583523E-02
  2.700000E+01  9.000000E+01     4  1.281497E+02  8.998954E+01  2.339337E-02  1.281497E+02
  2.700000E+01  9.000000E+01     5  5.601933E-06  8.998954E+01  1.022547E-09  5.601933E-06
  2.700000E+01  9.000000E+01     6  4.034708E-13  9.000000E+01 -4.034708E-13  1.579821E-19
  2.700000E+01  1.200000E+02     1  9.145262E+00 -9.001046E+01 -1.669326E-03 -9.145262E+00
  2.700000E+01  1.200000E+02     2  1.584020E+01  8.998954E+01  2.891574E-03  1.584020E+01
  2.700000E+01  1.200000E+02     3  7.227476E+01  6.804588E-02  7.227470E+01  8.583526E-02
  2.700000E+01  1.200000E+02     4  1.109840E+02  8.998954E+01  2.025988E-02  1.109840E+02
  2.700000E+01  1.200000E+02     5  6.407669E+01  8.998954E+01  1.169621E-02  6.407669E+01
  2.700000E+01  1.200000E+02     6  3.063076E-05  1.800000E+02 -3.063076E-05  1.574044E-12
  2.700000E+01  1.500000E+02     1  1.583912E+01 -9.001046E+01 -2.891183E-03 -1.583912E+01
  2.700000E+01  1.500000E+02     2  9.145918E+00  8.998954E+01  1.669562E-03  9.145918E+00
  2.700000E+01  1.500000E+02     3  7.227489E+01  6.804562E-02  7.227484E+01  8.583508E-02
  2.700000E+01  1.500000E+02     4  6.408039E+01  8.998954E+01  1.169775E-02  6.408039E+01
  2.700000E+01  1.500000E+02     5  1.109780E+02  8.998954E+01  2.025725E-02  1.109780E+02
  2.700000E+01  1.500000E+02     6  8.236147E-05  1.800000E+02 -8.236147E-05  1.566327E-12
  2.700000E+01  1.800000E+02     1  1.828889E+01 -9.001046E+01 -3.338350E-03 -1.828889E+01
  2.700000E+01  1.800000E+02     2  1.599162E-06 -9.001046E+01 -2.919248E-10 -1.599162E-06
  2.700000E+01  1.800000E+02     3  7.227489E+01  6.804559E-02  7.227484E+01  8.583506E-02
  2.700000E+01  1.800000E+02     4  1.120446E-05 -9.001046E+01 -2.045363E-09 -1.120446E-05
  2.700000E+01  1.800000E+02     5  1.281422E+02  8.998954E+01  2.339040E-02  1.281422E+02
  2.700000E+01  1.800000E+02     6  2.190738E-11 -8.302192E-07  2.190738E-11 -3.174392E-19
  2.750000E+01 -1.800000E+02     1  1.787589E+01 -9.000979E+01 -3.053498E-03 -1.787589E+01
  2.750000E+01 -1.800000E+02     2  1.563050E-06  8.999022E+01  2.670145E-10  1.563050E-06
  2.750000E+01 -1.800000E+02     3  7.253061E+01  6.444073E-02  7.253056E+01  8.157536E-02
  2.750000E+01 -1.800000E+02     4  1.095696E-05  8.999022E+01  1.871765E-09  1.095696E-05
  2.750000E+01 -1.800000E+02     5  1.253122E+02  8.999022E+01  2.140548E-02  1.253122E+02
  2.750000E+01 -1.800000E+02     6  2.044663E-11  1.800000E+02 -2.044663E-11  3.019847E-19
  2.750000E+01 -1.500000E+02     1  1.548139E+01 -9.000979E+01 -2.644482E-03 -1.548139E+01
  2.750000E+01 -1.500000E+02     2  8.939334E+00 -9.000979E+01 -1.527094E-03 -8.939334E+00
  2.750000E+01 -1.500000E+02     3  7.253079E+01  6.444053E-02  7.253075E+01  8.157532E-02
  2.750000E+01 -1.500000E+02     4  6.266477E+01 -9.000979E+01 -1.070499E-02 -6.266477E+01
  2.750000E+01 -1.500000E+02     5  1.085265E+02  8.999022E+01  1.853817E-02  1.085265E+02
  2.750000E+01 -1.500000E+02     6  7.715577E-05 -1.106425E-06  7.715577E-05 -1.489937E-12
  2.750000E+01 -1.200000E+02     1  8.938752E+00 -9.000979E+01 -1.526882E-03 -8.938752E+00
  2.750000E+01 -1.200000E+02     2  1.548244E+01 -9.000979E+01 -2.644858E-03 -1.548244E+01
  2.750000E+01 -1.200000E+02     3  7.253073E+01  6.444056E-02  7.253069E+01  8.157528E-02
  2.750000E+01 -1.200000E+02     4  1.085327E+02 -9.000979E+01 -1.854055E-02 -1.085327E+02
  2.750000E+01 -1.200000E+02     5  6.266135E+01  8.999022E+01  1.070365E-02  6.266135E+01
  2.750000E+01 -1.200000E+02     6  2.964371E-05 -2.885580E-06  2.964371E-05 -1.492942E-12
  2.750000E+01 -9.000000E+01     1  7.814654E-07 -9.000979E+01 -1.334879E-10 -7.814654E-07
  2.750000E+01 -9.000000E+01     2  1.787720E+01 -9.000979E+01 -3.053923E-03 -1.787720E+01
  2.750000E+01 -9.000000E+01     3  7.253072E+01  6.444060E-02  7.253068E+01  8.157533E-02
  2.750000E+01 -9.000000E+01     4  1.253191E+02 -9.000979E+01 -2.140817E-02 -1.253191E+02
  2.750000E+01 -9.000000E+01     5  5.478170E-06  8.999022E+01  9.357665E-10  5.478170E-06
  2.750000E+01 -9.000000E+01     6  6.822078E-13 -9.000000E+01  6.822078E-13 -1.505941E-19
  2.750000E+01 -6.000000E+01     1  8.938754E+00  8.999022E+01  1.526882E-03  8.938754E+00
  2.750000E+01 -6.000000E+01     2  1.548244E+01 -9.000979E+01 -2.644860E-03 -1.548244E+01
  2.750000E+01 -6.000000E+01     3  7.253073E+01  6.444056E-02  7.253069E+01  8.157528E-02
  2.750000E+01 -6.000000E+01     4  1.085327E+02 -9.000979E+01 -1.854055E-02 -1.085327E+02
  2.750000E+01 -6.000000E+01     5  6.266133E+01 -9.000979E+01 -1.070365E-02 -6.266133E+01
  2.750000E+01 -6.000000E+01     6  2.982147E-05  1.800000E+02 -2.982147E-05  1.497089E-12
  2.750000E+01 -3.000000E+01     1  1.548139E+01  8.999022E+01  2.644483E-03  1.548139E+01
  2.750000E+01 -3.000000E+01     2  8.939336E+00 -9.000979E+01 -1.527091E-03 -8.939336E+00
  2.750000E+01 -3.000000E+01     3  7.253079E+01  6.444053E-02  7.253075E+01  8.157532E-02
  2.750000E+01 -3.000000E+01     4  6.266477E+01 -9.000979E+01 -1.070501E-02 -6.266477E+01
  2.750000E+01 -3.000000E+01     5  1.085266E+02 -9.000979E+01 -1.853818E-02 -1.085266E+02
  2.750000E+01 -3.000000E+01     6  7.703681E-05  1.800000E+02 -7.703681E-05  1.493894E-12
  2.750000E+01  0.000000E+00     1  1.787589E+01  8.999022E+01  3.053498E-03  1.787589E+01
  2.750000E+01  0.000000E+00     2  0.000000E+00  9.000000E+01  0.000000E+00  0.000000E+00
  2.750000E+01  0.000000E+00     3  7.253061E+01  6.444073E-02  7.253056E+01  8.157536E-02
  2.750000E+01  0.000000E+00     4  0.000000E+00  9.000000E+01  0.000000E+00  0.000000E+00
  2.750000E+01  0.000000E+00     5  1.253122E+02 -9.000979E+01 -2.140548E-02 -1.253122E+02
  2.750000E+01  0.000000E+00     6  0.000000E+00  9.000000E+01  0.000000E+00  0.000000E+00
  2.750000E+01  3.000000E+01     1  1.548139E+01  8.999022E+01  2.644483E-03  1.548139E+01
  2.750000E+01  3.000000E+01     2  8.939336E+00  8.999022E+01  1.527091E-03  8.939336E+00
  2.750000E+01  3.000000E+01     3  7.253079E+01  6.444053E-02  7.253075E+01  8.157532E-02
  2.750000E+01  3.000000E+01     4  6.266477E+01  8.999022E+01  1.070501E-02  6.266477E+01
  2.750000E+01  3.000000E+01     5  1.085266E+02 -9.000979E+01 -1.853818E-02 -1.085266E+02
  2.750000E+01  3.000000E+01     6  7.703681E-05 -1.111077E-06  7.703681E-05 -1.493894E-12
  2.750000E+01  6.000000E+01     1  8.938754E+00  8.999022E+01  1.526882E-03  8.938754E+00
  2.750000E+01  6.000000E+01     2  1.548244E+01  8.999022E+01  2.644860E-03  1.548244E+01
  2.750000E+01  6.000000E+01     3  7.253073E+01  6.444056E-02  7.253069E+01  8.157528E-02
  2.750000E+01  6.000000E+01     4  1.085327E+02  8.999022E+01  1.854055E-02  1.085327E+02
  2.750000E+01  6.000000E+01     5  6.266133E+01 -9.000979E+01 -1.070365E-02 -6.266133E+01
  2.750000E+01  6.000000E+01     6  2.982147E-05 -2.876346E-06  2.982147E-05 -1.497089E-12
  2.750000E+01  9.000000E+01     1  7.814654E-07 -9.000979E+01 -1.334879E-10 -7.814654E-07
  2.750000E+01  9.000000E+01     2  1.787720E+01  8.999022E+01  3.053923E-03  1.787720E+01
  2.750000E+01  9.000000E+01     3  7.253072E+01  6.444060E-02  7.253068E+01  8.157533E-02
  2.750000E+01  9.000000E+01     4  1.253191E+02  8.999022E+01  2.140817E-02  1.253191E+02
  2.750000E+01  9.000000E+01     5  5.478170E-06  8.999022E+01  9.357665E-10  5.478170E-06
  2.750000E+01  9.000000E+01     6  6.822078E-13  9.000000E+01 -6.822078E-13  1.505941E-19
  2.750000E+01  1.200000E+02     1  8.938752E+00 -9.000979E+01 -1.526882E-03 -8.938752E+00
  2.750000E+01  1.200000E+02     2  1.548244E+01  8.999022E+01  2.644858E-03  1.548244E+01
  2.750000E+01  1.200000E+02     3  7.253073E+01  6.444056E-02  7.253069E+01  8.157528E-02
  2.750000E+01  1.200000E+02     4  1.085327E+02  8.999022E+01  1.854055E-02  1.085327E+02
  2.750000E+01  1.200000E+02     5  6.266135E+01  8.999022E+01  1.070365E-02  6.266135E+01
  2.750000E+01  1.200000E+02     6  2.964371E-05  1.800000E+02 -2.964371E-05  1.492942E-12
  2.750000E+01  1.500000E+02     1  1.548139E+01 -9.000979E+01 -2.644482E-03 -1.548139E+01
  2.750000E+01  1.500000E+02     2  8.939334E+00  8.999022E+01  1.527094E-03  8.939334E+00
  2.750000E+01  1.500000E+02     3  7.253079E+01  6.444053E-02  7.253075E+01  8.157532E-02
  2.750000E+01  1.500000E+02     4  6.266477E+01  8.999022E+01  1.070499E-02  6.266477E+01
  2.750000E+01  1.500000E+02     5  1.085265E+02  8.999022E+01  1.853817E-02  1.085265E+02
  2.750000E+01  1.500000E+02     6  7.715577E-05  1.800000E+02 -7.715577E-05  1.489937E-12
  2.750000E+01  1.800000E+02     1  1.787589E+01 -9.000979E+01 -3.053498E-03 -1.787589E+01
  2.750000E+01  1.800000E+02     2  1.563050E-06 -9.000979E+01 -2.670145E-10 -1.563050E-06
  2.750000E+01  1.800000E+02     3  7.253061E+01  6.444073E-02  7.253056E+01  8.157536E-02
  2.750000E+01  1.800000E+02     4  1.095696E-05 -9.000979E+01 -1.871765E-09 -1.095696E-05
  2.750000E+01  1.800000E+02     5  1.253122E+02  8.999022E+01  2.140548E-02  1.253122E+02
  2.750000E+01  1.800000E+02     6  2.044663E-11 -8.462251E-07  2.044663E-11 -3.019847E-19
  2.800000E+01 -1.800000E+02     1  1.748249E+01 -9.000919E+01 -2.800935E-03 -1.748249E+01
  2.800000E+01 -1.800000E+02     2  1.528634E-06  8.999082E+01  2.449259E-10  1.528634E-06
  2.800000E+01 -1.800000E+02     3  7.277309E+01  6.112405E-02  7.277305E+01  7.763547E-02
  2.800000E+01 -1.800000E+02     4  1.072094E-05  8.999082E+01  1.717771E-09  1.072094E-05
  2.800000E+01 -1.800000E+02     5  1.226135E+02  8.999082E+01  1.964436E-02  1.226135E+02
  2.800000E+01 -1.800000E+02     6  1.914316E-11  1.800000E+02 -1.914316E-11  2.617134E-19
  2.800000E+01 -1.500000E+02     1  1.514074E+01 -9.000919E+01 -2.425759E-03 -1.514074E+01
  2.800000E+01 -1.500000E+02     2  8.742546E+00 -9.000919E+01 -1.400774E-03 -8.742546E+00
  2.800000E+01 -1.500000E+02     3  7.277306E+01  6.112404E-02  7.277303E+01  7.763544E-02
  2.800000E+01 -1.500000E+02     4  6.131505E+01 -9.000919E+01 -9.824227E-03 -6.131505E+01
  2.800000E+01 -1.500000E+02     5  1.061892E+02  8.999082E+01  1.701296E-02  1.061892E+02
  2.800000E+01 -1.500000E+02     6  7.303733E-05 -1.015410E-06  7.303733E-05 -1.294386E-12
  2.800000E+01 -1.200000E+02     1  8.741971E+00 -9.000919E+01 -1.400585E-03 -8.741971E+00
  2.800000E+01 -1.200000E+02     2  1.514166E+01 -9.000919E+01 -2.426093E-03 -1.514166E+01
  2.800000E+01 -1.200000E+02     3  7.277303E+01  6.112410E-02  7.277299E+01  7.763547E-02
  2.800000E+01 -1.200000E+02     4  1.061951E+02 -9.000919E+01 -1.701512E-02 -1.061951E+02
  2.800000E+01 -1.200000E+02     5  6.131155E+01  8.999082E+01  9.823002E-03  6.131155E+01
  2.800000E+01 -1.200000E+02     6  2.989220E-05 -2.479432E-06  2.989220E-05 -1.293562E-12
  2.800000E+01 -9.000000E+01     1  7.642626E-07 -9.000919E+01 -1.224463E-10 -7.642626E-07
  2.800000E+01 -9.000000E+01     2  1.748371E+01 -9.000919E+01 -2.801326E-03 -1.748371E+01
  2.800000E+01 -9.000000E+01     3  7.277292E+01  6.112412E-02  7.277288E+01  7.763539E-02
  2.800000E+01 -9.000000E+01     4  1.226205E+02 -9.000919E+01 -1.964686E-02 -1.226205E+02
  2.800000E+01 -9.000000E+01     5  5.360155E-06  8.999082E+01  8.587765E-10  5.360155E-06
  2.800000E+01 -9.000000E+01     6  8.789029E-13 -9.000000E+01  8.789029E-13 -1.307304E-19
  2.800000E+01 -6.000000E+01     1  8.741964E+00  8.999082E+01  1.400583E-03  8.741964E+00
  2.800000E+01 -6.000000E+01     2  1.514166E+01 -9.000919E+01 -2.426093E-03 -1.514166E+01
  2.800000E+01 -6.000000E+01     3  7.277303E+01  6.112410E-02  7.277299E+01  7.763547E-02
  2.800000E+01 -6.000000E+01     4  1.061951E+02 -9.000919E+01 -1.701512E-02 -1.061951E+02
  2.800000E+01 -6.000000E+01     5  6.131151E+01 -9.000919E+01 -9.822994E-03 -6.131151E+01
  2.800000E+01 -6.000000E+01     6  3.002162E-05  1.800000E+02 -3.002162E-05  1.294224E-12
  2.800000E+01 -3.000000E+01     1  1.514074E+01  8.999082E+01  2.425759E-03  1.514074E+01
  2.800000E+01 -3.000000E+01     2  8.742548E+00 -9.000919E+01 -1.400774E-03 -8.742548E+00
  2.800000E+01 -3.000000E+01     3  7.277306E+01  6.112404E-02  7.277303E+01  7.763544E-02
  2.800000E+01 -3.000000E+01     4  6.131504E+01 -9.000919E+01 -9.824229E-03 -6.131504E+01
  2.800000E+01 -3.000000E+01     5  1.061892E+02 -9.000919E+01 -1.701298E-02 -1.061892E+02
  2.800000E+01 -3.000000E+01     6  7.297537E-05  1.800000E+02 -7.297537E-05  1.300006E-12
  2.800000E+01  0.000000E+00     1  1.748249E+01  8.999082E+01  2.800935E-03  1.748249E+01
  2.800000E+01  0.000000E+00     2  0.000000E+00  9.000000E+01  0.000000E+00  0.000000E+00
  2.800000E+01  0.000000E+00     3  7.277309E+01  6.112405E-02  7.277305E+01  7.763547E-02
  2.800000E+01  0.000000E+00     4  0.000000E+00  9.000000E+01  0.000000E+00  0.000000E+00
  2.800000E+01  0.000000E+00     5  1.226135E+02 -9.000919E+01 -1.964436E-02 -1.226135E+02
  2.800000E+01  0.000000E+00     6  0.000000E+00  9.000000E+01  0.000000E+00  0.000000E+00
  2.800000E+01  3.000000E+01     1  1.514074E+01  8.999082E+01  2.425759E-03  1.514074E+01
  2.800000E+01  3.000000E+01     2  8.742548E+00  8.999082E+01  1.400774E-03  8.742548E+00
  2.800000E+01  3.000000E+01     3  7.277306E+01  6.112404E-02  7.277303E+01  7.763544E-02
  2.800000E+01  3.000000E+01     4  6.131504E+01  8.999082E+01  9.824229E-03  6.131504E+01
  2.800000E+01  3.000000E+01     5  1.061892E+02 -9.000919E+01 -1.701298E-02 -1.061892E+02
  2.800000E+01  3.000000E+01     6  7.297537E-05 -1.020685E-06  7.297537E-05 -1.300006E-12
  2.800000E+01  6.000000E+01     1  8.741964E+00  8.999082E+01  1.400583E-03  8.741964E+00
  2.800000E+01  6.000000E+01     2  1.514166E+01  8.999082E+01  2.426093E-03  1.514166E+01
  2.800000E+01  6.000000E+01     3  7.277303E+01  6.112410E-02  7.277299E+01  7.763547E-02
  2.800000E+01  6.000000E+01     4  1.061951E+02  8.999082E+01  1.701512E-02  1.061951E+02
  2.800000E+01  6.000000E+01     5  6.131151E+01 -9.000919E+01 -9.822994E-03 -6.131151E+01
  2.800000E+01  6.000000E+01     6  3.002162E-05 -2.470005E-06  3.002162E-05 -1.294224E-12
  2.800000E+01  9.000000E+01     1  7.642626E-07 -9.000919E+01 -1.224463E-10 -7.642626E-07
  2.800000E+01  9.000000E+01     2  1.748371E+01  8.999082E+01  2.801326E-03  1.748371E+01
  2.800000E+01  9.000000E+01     3  7.277292E+01  6.112412E-02  7.277288E+01  7.763539E-02
  2.800000E+01  9.000000E+01     4  1.226205E+02  8.999082E+01  1.964686E-02  1.226205E+02
  2.800000E+01  9.000000E+01     5  5.360155E-06  8.999082E+01  8.587765E-10  5.360155E-06
  2.800000E+01  9.000000E+01     6  8.789029E-13  9.000000E+01 -8.789029E-13  1.307304E-19
  2.800000E+01  1.200000E+02     1  8.741971E+00 -9.000919E+01 -1.400585E-03 -8.741971E+00
  2.800000E+01  1.200000E+02     2  1.514166E+01  8.999082E+01  2.426093E-03  1.514166E+01
  2.800000E+01  1.200000E+02     3  7.277303E+01  6.112410E-02  7.277299E+01  7.763547E-02
  2.800000E+01  1.200000E+02     4  1.061951E+02  8.999082E+01  1.701512E-02  1.061951E+02
  2.800000E+01  1.200000E+02     5  6.131155E+01  8.999082E+01  9.823002E-03  6.131155E+01
  2.800000E+01  1.200000E+02     6  2.989220E-05  1.800000E+02 -2.989220E-05  1.293562E-12
  2.800000E+01  1.500000E+02     1  1.514074E+01 -9.000919E+01 -2.425759E-03 -1.514074E+01
  2.800000E+01  1.500000E+02     2  8.742546E+00  8.999082E+01  1.400774E-03  8.742546E+00
  2.800000E+01  1.500000E+02     3  7.277306E+01  6.112404E-02  7.277303E+01  7.763544E-02
  2.800000E+01  1.500000E+02     4  6.131505E+01  8.999082E+01  9.824227E-03  6.131505E+01
  2.800000E+01  1.500000E+02     5  1.061892E+02  8.999082E+01  1.701296E-02  1.061892E+02
  2.800000E+01  1.500000E+02     6  7.303733E-05  1.800000E+02 -7.303733E-05  1.294386E-12
  2.800000E+01  1.800000E+02     1  1.748249E+01 -9.000919E+01 -2.800935E-03 -1.748249E+01
  2.800000E+01  1.800000E+02     2  1.528634E-06 -9.000919E+01 -2.449259E-10 -1.528634E-06
  2.800000E+01  1.800000E+02     3  7.277309E+01  6.112405E-02  7.277305E+01  7.763547E-02
  2.800000E+01  1.800000E+02     4  1.072094E-05 -9.000919E+01 -1.717771E-09 -1.072094E-05
  2.800000E+01  1.800000E+02     5  1.226135E+02  8.999082E+01  1.964436E-02  1.226135E+02
  2.800000E+01  1.800000E+02     6  1.914316E-11 -7.833126E-07  1.914316E-11 -2.617134E-19
  2.850000E+01 -1.800000E+02     1  1.710734E+01 -9.000863E+01 -2.576172E-03 -1.710734E+01
  2.850000E+01 -1.800000E+02     2  1.495823E-06  8.999137E+01  2.252701E-10  1.495823E-06
  2.850000E+01 -1.800000E+02     3  7.300330E+01  5.806512E-02  7.300327E+01  7.398354E-02
  2.850000E+01 -1.800000E+02     4  1.049558E-05  8.999137E+01  1.580636E-09  1.049558E-05
  2.850000E+01 -1.800000E+02     5  1.200368E+02  8.999137E+01  1.807621E-02  1.200368E+02
  2.850000E+01 -1.800000E+02     6  1.792357E-11  1.800000E+02 -1.792357E-11  1.776903E-19
  2.850000E+01 -1.500000E+02     1  1.481577E+01 -9.000863E+01 -2.231087E-03 -1.481577E+01
  2.850000E+01 -1.500000E+02     2  8.554887E+00 -9.000863E+01 -1.288372E-03 -8.554887E+00
  2.850000E+01 -1.500000E+02     3  7.300339E+01  5.806506E-02  7.300335E+01  7.398355E-02
  2.850000E+01 -1.500000E+02     4  6.002622E+01 -9.000863E+01 -9.039958E-03 -6.002622E+01
  2.850000E+01 -1.500000E+02     5  1.039574E+02  8.999137E+01  1.565479E-02  1.039574E+02
  2.850000E+01 -1.500000E+02     6  6.928142E-05 -7.285340E-07  6.928142E-05 -8.809352E-13
  2.850000E+01 -1.200000E+02     1  8.554357E+00 -9.000863E+01 -1.288188E-03 -8.554357E+00
  2.850000E+01 -1.200000E+02     2  1.481672E+01 -9.000863E+01 -2.231401E-03 -1.481672E+01
  2.850000E+01 -1.200000E+02     3  7.300328E+01  5.806519E-02  7.300324E+01  7.398360E-02
  2.850000E+01 -1.200000E+02     4  1.039630E+02 -9.000863E+01 -1.565683E-02 -1.039630E+02
  2.850000E+01 -1.200000E+02     5  6.002277E+01  8.999137E+01  9.038805E-03  6.002277E+01
  2.850000E+01 -1.200000E+02     6  2.958227E-05 -1.701024E-06  2.958227E-05 -8.782520E-13
  2.850000E+01 -9.000000E+01     1  7.478591E-07 -9.000863E+01 -1.126199E-10 -7.478591E-07
  2.850000E+01 -9.000000E+01     2  1.710840E+01 -9.000863E+01 -2.576538E-03 -1.710840E+01
  2.850000E+01 -9.000000E+01     3  7.300335E+01  5.806510E-02  7.300331E+01  7.398356E-02
  2.850000E+01 -9.000000E+01     4  1.200435E+02 -9.000863E+01 -1.807849E-02 -1.200435E+02
  2.850000E+01 -9.000000E+01     5  5.247500E-06  8.999137E+01  7.902189E-10  5.247500E-06
  2.850000E+01 -9.000000E+01     6  9.760144E-13 -9.000000E+01  9.760144E-13 -8.979650E-20
  2.850000E+01 -6.000000E+01     1  8.554355E+00  8.999137E+01  1.288188E-03  8.554355E+00
  2.850000E+01 -6.000000E+01     2  1.481672E+01 -9.000863E+01 -2.231400E-03 -1.481672E+01
  2.850000E+01 -6.000000E+01     3  7.300328E+01  5.806519E-02  7.300324E+01  7.398360E-02
  2.850000E+01 -6.000000E+01     4  1.039628E+02 -9.000863E+01 -1.565681E-02 -1.039628E+02
  2.850000E+01 -6.000000E+01     5  6.002278E+01 -9.000863E+01 -9.038801E-03 -6.002278E+01
  2.850000E+01 -6.000000E+01     6  2.989861E-05  1.800000E+02 -2.989861E-05  8.787750E-13
  2.850000E+01 -3.000000E+01     1  1.481576E+01  8.999137E+01  2.231089E-03  1.481576E+01
  2.850000E+01 -3.000000E+01     2  8.554880E+00 -9.000863E+01 -1.288372E-03 -8.554880E+00
  2.850000E+01 -3.000000E+01     3  7.300339E+01  5.806506E-02  7.300335E+01  7.398355E-02
  2.850000E+01 -3.000000E+01     4  6.002631E+01 -9.000863E+01 -9.039955E-03 -6.002631E+01
  2.850000E+01 -3.000000E+01     5  1.039575E+02 -9.000863E+01 -1.565479E-02 -1.039575E+02
  2.850000E+01 -3.000000E+01     6  6.925386E-05  1.800000E+02 -6.925386E-05  8.827690E-13
  2.850000E+01  0.000000E+00     1  1.710734E+01  8.999137E+01  2.576172E-03  1.710734E+01
  2.850000E+01  0.000000E+00     2  0.000000E+00  9.000000E+01  0.000000E+00  0.000000E+00
  2.850000E+01  0.000000E+00     3  7.300330E+01  5.806512E-02  7.300327E+01  7.398354E-02
  2.850000E+01  0.000000E+00     4  0.000000E+00  9.000000E+01  0.000000E+00  0.000000E+00
  2.850000E+01  0.000000E+00     5  1.200368E+02 -9.000863E+01 -1.807621E-02 -1.200368E+02
  2.850000E+01  0.000000E+00     6  0.000000E+00  9.000000E+01  0.000000E+00  0.000000E+00
  2.850000E+01  3.000000E+01     1  1.481576E+01  8.999137E+01  2.231089E-03  1.481576E+01
  2.850000E+01  3.000000E+01     2  8.554880E+00  8.999137E+01  1.288372E-03  8.554880E+00
  2.850000E+01  3.000000E+01     3  7.300339E+01  5.806506E-02  7.300335E+01  7.398355E-02
  2.850000E+01  3.000000E+01     4  6.002631E+01  8.999137E+01  9.039955E-03  6.002631E+01
  2.850000E+01  3.000000E+01     5  1.039575E+02 -9.000863E+01 -1.565479E-02 -1.039575E+02
  2.850000E+01  3.000000E+01     6  6.925386E-05 -7.303411E-07  6.925386E-05 -8.827690E-13
  2.850000E+01  6.000000E+01     1  8.554355E+00  8.999137E+01  1.288188E-03  8.554355E+00
  2.850000E+01  6.000000E+01     2  1.481672E+01  8.999137E+01  2.231400E-03  1.481672E+01
  2.850000E+01  6.000000E+01     3  7.300328E+01  5.806519E-02  7.300324E+01  7.398360E-02
  2.850000E+01  6.000000E+01     4  1.039628E+02  8.999137E+01  1.565681E-02  1.039628E+02
  2.850000E+01  6.000000E+01     5  6.002278E+01 -9.000863E+01 -9.038801E-03 -6.002278E+01
  2.850000E+01  6.000000E+01     6  2.989861E-05 -1.684028E-06  2.989861E-05 -8.787750E-13
  2.850000E+01  9.000000E+01     1  7.478591E-07 -9.000863E+01 -1.126199E-10 -7.478591E-07
  2.850000E+01  9.000000E+01     2  1.710840E+01  8.999137E+01  2.576538E-03  1.710840E+01
  2.850000E+01  9.000000E+01     3  7.300335E+01  5.806510E-02  7.300331E+01  7.398356E-02
  2.850000E+01  9.000000E+01     4  1.200435E+02  8.999137E+01  1.807849E-02  1.200435E+02
  2.850000E+01  9.000000E+01     5  5.247500E-06  8.999137E+01  7.902189E-10  5.247500E-06
  2.850000E+01  9.000000E+01     6  9.760144E-13  9.000000E+01 -9.760144E-13  8.979650E-20
  2.850000E+01  1.200000E+02     1  8.554357E+00 -9.000863E+01 -1.288188E-03 -8.554357E+00
  2.850000E+01  1.200000E+02     2  1.481672E+01  8.999137E+01  2.231401E-03  1.481672E+01
  2.850000E+01  1.200000E+02     3  7.300328E+01  5.806519E-02  7.300324E+01  7.398360E-02
  2.850000E+01  1.200000E+02     4  1.039630E+02  8.999137E+01  1.565683E-02  1.039630E+02
  2.850000E+01  1.200000E+02     5  6.002277E+01  8.999137E+01  9.038805E-03  6.002277E+01
  2.850000E+01  1.200000E+02     6  2.958227E-05  1.800000E+02 -2.958227E-05  8.782520E-13
  2.850000E+01  1.500000E+02     1  1.481577E+01 -9.000863E+01 -2.231087E-03 -1.481577E+01
  2.850000E+01  1.500000E+02     2  8.554887E+00  8.999137E+01  1.288372E-03  8.554887E+00
  2.850000E+01  1.500000E+02     3  7.300339E+01  5.806506E-02  7.300335E+01  7.398355E-02
  2.850000E+01  1.500000E+02     4  6.002622E+01  8.999137E+01  9.039958E-03  6.002622E+01
  2.850000E+01  1.500000E+02     5  1.039574E+02  8.999137E+01  1.565479E-02  1.039574E+02
  2.850000E+01  1.500000E+02     6  6.928142E-05  1.800000E+02 -6.928142E-05  8.809352E-13
  2.850000E+01  1.800000E+02     1  1.710734E+01 -9.000863E+01 -2.576172E-03 -1.710734E+01
  2.850000E+01  1.800000E+02     2  1.495823E-06 -9.000863E+01 -2.252701E-10 -1.495823E-06
  2.850000E+01  1.800000E+02     3  7.300330E+01  5.806512E-02  7.300327E+01  7.398354E-02
  2.850000E+01  1.800000E+02     4  1.049558E-05 -9.000863E+01 -1.580636E-09 -1.049558E-05
  2.850000E+01  1.800000E+02     5  1.200368E+02  8.999137E+01  1.807621E-02  1.200368E+02
  2.850000E+01  1.800000E+02     6  1.792357E-11 -5.680177E-07  1.792357E-11 -1.776903E-19
  2.900000E+01 -1.800000E+02     1  1.674904E+01 -9.000813E+01 -2.375471E-03 -1.674904E+01
  2.900000E+01 -1.800000E+02     2  1.464490E-06  8.999187E+01  2.077186E-10  1.464490E-06
  2.900000E+01 -1.800000E+02     3  7.322205E+01  5.523853E-02  7.322202E+01  7.059295E-02
  2.900000E+01 -1.800000E+02     4  1.028018E-05  8.999187E+01  1.458112E-09  1.028018E-05
  2.900000E+01 -1.800000E+02     5  1.175739E+02  8.999187E+01  1.667514E-02  1.175739E+02
  2.900000E+01 -1.800000E+02     6  1.678782E-11  1.800000E+02 -1.678782E-11  1.848027E-19
  2.900000E+01 -1.500000E+02     1  1.450540E+01 -9.000813E+01 -2.057266E-03 -1.450540E+01
  2.900000E+01 -1.500000E+02     2  8.375701E+00 -9.000813E+01 -1.187991E-03 -8.375701E+00
  2.900000E+01 -1.500000E+02     3  7.322197E+01  5.523866E-02  7.322194E+01  7.059304E-02
  2.900000E+01 -1.500000E+02     4  5.879422E+01 -9.000813E+01 -8.339217E-03 -5.879422E+01
  2.900000E+01 -1.500000E+02     5  1.018242E+02  8.999187E+01  1.444142E-02  1.018242E+02
  2.900000E+01 -1.500000E+02     6  6.546547E-05 -8.064328E-07  6.546547E-05 -9.214205E-13
  2.900000E+01 -1.200000E+02     1  8.375144E+00 -9.000813E+01 -1.187821E-03 -8.375144E+00
  2.900000E+01 -1.200000E+02     2  1.450646E+01 -9.000813E+01 -2.057553E-03 -1.450646E+01
  2.900000E+01 -1.200000E+02     3  7.322202E+01  5.523860E-02  7.322199E+01  7.059301E-02
  2.900000E+01 -1.200000E+02     4  1.018293E+02 -9.000813E+01 -1.444323E-02 -1.018293E+02
  2.900000E+01 -1.200000E+02     5  5.879116E+01  8.999187E+01  8.338193E-03  5.879116E+01
  2.900000E+01 -1.200000E+02     6  2.915517E-05 -1.806619E-06  2.915517E-05 -9.193048E-13
  2.900000E+01 -9.000000E+01     1  7.321915E-07 -9.000813E+01 -1.038449E-10 -7.321915E-07
  2.900000E+01 -9.000000E+01     2  1.675011E+01 -9.000813E+01 -2.375804E-03 -1.675011E+01
  2.900000E+01 -9.000000E+01     3  7.322205E+01  5.523861E-02  7.322202E+01  7.059304E-02
  2.900000E+01 -9.000000E+01     4  1.175798E+02 -9.000813E+01 -1.667719E-02 -1.175798E+02
  2.900000E+01 -9.000000E+01     5  5.139787E-06  8.999187E+01  7.289630E-10  5.139787E-06
  2.900000E+01 -9.000000E+01     6  1.065063E-12 -9.000000E+01  1.065063E-12 -9.204765E-20
  2.900000E+01 -6.000000E+01     1  8.375145E+00  8.999187E+01  1.187821E-03  8.375145E+00
  2.900000E+01 -6.000000E+01     2  1.450645E+01 -9.000813E+01 -2.057555E-03 -1.450645E+01
  2.900000E+01 -6.000000E+01     3  7.322202E+01  5.523860E-02  7.322199E+01  7.059301E-02
  2.900000E+01 -6.000000E+01     4  1.018293E+02 -9.000813E+01 -1.444323E-02 -1.018293E+02
  2.900000E+01 -6.000000E+01     5  5.879114E+01 -9.000813E+01 -8.338191E-03 -5.879114E+01
  2.900000E+01 -6.000000E+01     6  2.932362E-05  1.800000E+02 -2.932362E-05  9.224457E-13
  2.900000E+01 -3.000000E+01     1  1.450541E+01  8.999187E+01  2.057266E-03  1.450541E+01
  2.900000E+01 -3.000000E+01     2  8.375703E+00 -9.000813E+01 -1.187991E-03 -8.375703E+00
  2.900000E+01 -3.000000E+01     3  7.322197E+01  5.523866E-02  7.322194E+01  7.059304E-02
  2.900000E+01 -3.000000E+01     4  5.879423E+01 -9.000813E+01 -8.339217E-03 -5.879423E+01
  2.900000E+01 -3.000000E+01     5  1.018241E+02 -9.000813E+01 -1.444143E-02 -1.018241E+02
  2.900000E+01 -3.000000E+01     6  6.523283E-05  1.800000E+02 -6.523283E-05  9.207136E-13
  2.900000E+01  0.000000E+00     1  1.674904E+01  8.999187E+01  2.375471E-03  1.674904E+01
  2.900000E+01  0.000000E+00     2  0.000000E+00  9.000000E+01  0.000000E+00  0.000000E+00
  2.900000E+01  0.000000E+00     3  7.322205E+01  5.523853E-02  7.322202E+01  7.059295E-02
  2.900000E+01  0.000000E+00     4  0.000000E+00  9.000000E+01  0.000000E+00  0.000000E+00
  2.900000E+01  0.000000E+00     5  1.175739E+02 -9.000813E+01 -1.667514E-02 -1.175739E+02
  2.900000E+01  0.000000E+00     6  0.000000E+00  9.000000E+01  0.000000E+00  0.000000E+00
  2.900000E+01  3.000000E+01     1  1.450541E+01  8.999187E+01  2.057266E-03  1.450541E+01
  2.900000E+01  3.000000E+01     2  8.375703E+00  8.999187E+01  1.187991E-03  8.375703E+00
  2.900000E+01  3.000000E+01     3  7.322197E+01  5.523866E-02  7.322194E+01  7.059304E-02
  2.900000E+01  3.000000E+01     4  5.879423E+01  8.999187E+01  8.339217E-03  5.879423E+01
  2.900000E+01  3.000000E+01     5  1.018241E+02 -9.000813E+01 -1.444143E-02 -1.018241E+02
  2.900000E+01  3.000000E+01     6  6.523283E-05 -8.086880E-07  6.523283E-05 -9.207136E-13
  2.900000E+01  6.000000E+01     1  8.375145E+00  8.999187E+01  1.187821E-03  8.375145E+00
  2.900000E+01  6.000000E+01     2  1.450645E+01  8.999187E+01  2.057555E-03  1.450645E+01
  2.900000E+01  6.000000E+01     3  7.322202E+01  5.523860E-02  7.322199E+01  7.059301E-02
  2.900000E+01  6.000000E+01     4  1.018293E+02  8.999187E+01  1.444323E-02  1.018293E+02
  2.900000E+01  6.000000E+01     5  5.879114E+01 -9.000813E+01 -8.338191E-03 -5.879114E+01
  2.900000E+01  6.000000E+01     6  2.932362E-05 -1.802378E-06  2.932362E-05 -9.224457E-13
  2.900000E+01  9.000000E+01     1  7.321915E-07 -9.000813E+01 -1.038449E-10 -7.321915E-07
  2.900000E+01  9.000000E+01     2  1.675011E+01  8.999187E+01  2.375804E-03  1.675011E+01
  2.900000E+01  9.000000E+01     3  7.322205E+01  5.523861E-02  7.322202E+01  7.059304E-02
  2.900000E+01  9.000000E+01     4  1.175798E+02  8.999187E+01  1.667719E-02  1.175798E+02
  2.900000E+01  9.000000E+01     5  5.139787E-06  8.999187E+01  7.289630E-10  5.139787E-06
  2.900000E+01  9.000000E+01     6  1.065063E-12  9.000000E+01 -1.065063E-12  9.204765E-20
  2.900000E+01  1.200000E+02     1  8.375144E+00 -9.000813E+01 -1.187821E-03 -8.375144E+00
  2.900000E+01  1.200000E+02     2  1.450646E+01  8.999187E+01  2.057553E-03  1.450646E+01
  2.900000E+01  1.200000E+02     3  7.322202E+01  5.523860E-02  7.322199E+01  7.059301E-02
  2.900000E+01  1.200000E+02     4  1.018293E+02  8.999187E+01  1.444323E-02  1.018293E+02
  2.900000E+01  1.200000E+02     5  5.879116E+01  8.999187E+01  8.338193E-03  5.879116E+01
  2.900000E+01  1.200000E+02     6  2.915517E-05  1.800000E+02 -2.915517E-05  9.193048E-13
  2.900000E+01  1.500000E+02     1  1.450540E+01 -9.000813E+01 -2.057266E-03 -1.450540E+01
  2.900000E+01  1.500000E+02     2  8.375701E+00  8.999187E+01  1.187991E-03  8.375701E+00
  2.900000E+01  1.500000E+02     3  7.322197E+01  5.523866E-02  7.322194E+01  7.059304E-02
  2.900000E+01  1.500000E+02     4  5.879422E+01  8.999187E+01  8.339217E-03  5.879422E+01
  2.900000E+01  1.500000E+02     5  1.018242E+02  8.999187E+01  1.444142E-02  1.018242E+02
  2.900000E+01  1.500000E+02     6  6.546547E-05  1.800000E+02 -6.546547E-05  9.214205E-13
  2.900000E+01  1.800000E+02     1  1.674904E+01 -9.000813E+01 -2.375471E-03 -1.674904E+01
  2.900000E+01  1.800000E+02     2  1.464490E-06 -9.000813E+01 -2.077186E-10 -1.464490E-06
  2.900000E+01  1.800000E+02     3  7.322205E+01  5.523853E-02  7.322202E+01  7.059295E-02
  2.900000E+01  1.800000E+02     4  1.028018E-05 -9.000813E+01 -1.458112E-09 -1.028018E-05
  2.900000E+01  1.800000E+02     5  1.175739E+02  8.999187E+01  1.667514E-02  1.175739E+02
  2.900000E+01  1.800000E+02     6  1.678782E-11 -6.307200E-07  1.678782E-11 -1.848027E-19
  2.950000E+01 -1.800000E+02     1  1.640653E+01 -9.000767E+01 -2.195650E-03 -1.640653E+01
  2.950000E+01 -1.800000E+02     2  1.434533E-06  8.999233E+01  1.919938E-10  1.434533E-06
  2.950000E+01 -1.800000E+02     3  7.343031E+01  5.262069E-02  7.343027E+01  6.743870E-02
  2.950000E+01 -1.800000E+02     4  1.007401E-05  8.999233E+01  1.348278E-09  1.007401E-05
  2.950000E+01 -1.800000E+02     5  1.152167E+02  8.999233E+01  1.541917E-02  1.152167E+02
  2.950000E+01 -1.800000E+02     6  1.578334E-11  1.800000E+02 -1.578334E-11  1.568808E-19
  2.950000E+01 -1.500000E+02     1  1.420879E+01 -9.000767E+01 -1.901534E-03 -1.420879E+01
  2.950000E+01 -1.500000E+02     2  8.204382E+00 -9.000767E+01 -1.098058E-03 -8.204382E+00
  2.950000E+01 -1.500000E+02     3  7.343040E+01  5.262064E-02  7.343037E+01  6.743872E-02
  2.950000E+01 -1.500000E+02     4  5.761545E+01 -9.000767E+01 -7.711103E-03 -5.761545E+01
  2.950000E+01 -1.500000E+02     5  9.978233E+01  8.999233E+01  1.335366E-02  9.978233E+01
  2.950000E+01 -1.500000E+02     6  6.211000E-05 -7.204574E-07  6.211000E-05 -7.809931E-13
  2.950000E+01 -1.200000E+02     1  8.203855E+00 -9.000767E+01 -1.097904E-03 -8.203855E+00
  2.950000E+01 -1.200000E+02     2  1.420969E+01 -9.000767E+01 -1.901798E-03 -1.420969E+01
  2.950000E+01 -1.200000E+02     3  7.343037E+01  5.262063E-02  7.343034E+01  6.743869E-02
  2.950000E+01 -1.200000E+02     4  9.978822E+01 -9.000767E+01 -1.335534E-02 -9.978822E+01
  2.950000E+01 -1.200000E+02     5  5.761217E+01  8.999233E+01  7.710133E-03  5.761217E+01
  2.950000E+01 -1.200000E+02     6  2.883239E-05 -1.561441E-06  2.883239E-05 -7.857489E-13
  2.950000E+01 -9.000000E+01     1  7.172158E-07 -9.000767E+01 -9.598378E-11 -7.172158E-07
  2.950000E+01 -9.000000E+01     2  1.640763E+01 -9.000767E+01 -2.195963E-03 -1.640763E+01
  2.950000E+01 -9.000000E+01     3  7.343039E+01  5.262057E-02  7.343036E+01  6.743862E-02
  2.950000E+01 -9.000000E+01     4  1.152229E+02 -9.000767E+01 -1.542109E-02 -1.152229E+02
  2.950000E+01 -9.000000E+01     5  5.036728E-06  8.999233E+01  6.740573E-10  5.036728E-06
  2.950000E+01 -9.000000E+01     6  1.210263E-12 -9.000000E+01  1.210263E-12 -7.837872E-20
  2.950000E+01 -6.000000E+01     1  8.203861E+00  8.999233E+01  1.097904E-03  8.203861E+00
  2.950000E+01 -6.000000E+01     2  1.420970E+01 -9.000767E+01 -1.901798E-03 -1.420970E+01
  2.950000E+01 -6.000000E+01     3  7.343037E+01  5.262063E-02  7.343034E+01  6.743869E-02
  2.950000E+01 -6.000000E+01     4  9.978829E+01 -9.000767E+01 -1.335533E-02 -9.978829E+01
  2.950000E+01 -6.000000E+01     5  5.761220E+01 -9.000767E+01 -7.710129E-03 -5.761220E+01
  2.950000E+01 -6.000000E+01     6  2.880585E-05  1.800000E+02 -2.880585E-05  7.847824E-13
  2.950000E+01 -3.000000E+01     1  1.420878E+01  8.999233E+01  1.901533E-03  1.420878E+01
  2.950000E+01 -3.000000E+01     2  8.204391E+00 -9.000767E+01 -1.098058E-03 -8.204391E+00
  2.950000E+01 -3.000000E+01     3  7.343040E+01  5.262064E-02  7.343037E+01  6.743872E-02
  2.950000E+01 -3.000000E+01     4  5.761550E+01 -9.000767E+01 -7.711098E-03 -5.761550E+01
  2.950000E+01 -3.000000E+01     5  9.978234E+01 -9.000767E+01 -1.335366E-02 -9.978234E+01
  2.950000E+01 -3.000000E+01     6  6.237699E-05  1.800000E+02 -6.237699E-05  7.823885E-13
  2.950000E+01  0.000000E+00     1  1.640653E+01  8.999233E+01  2.195650E-03  1.640653E+01
  2.950000E+01  0.000000E+00     2  0.000000E+00  9.000000E+01  0.000000E+00  0.000000E+00
  2.950000E+01  0.000000E+00     3  7.343031E+01  5.262069E-02  7.343027E+01  6.743870E-02
  2.950000E+01  0.000000E+00     4  0.000000E+00  9.000000E+01  0.000000E+00  0.000000E+00
  2.950000E+01  0.000000E+00     5  1.152167E+02 -9.000767E+01 -1.541917E-02 -1.152167E+02
  2.950000E+01  0.000000E+00     6  0.000000E+00  9.000000E+01  0.000000E+00  0.000000E+00
  2.950000E+01  3.000000E+01     1  1.420878E+01  8.999233E+01  1.901533E-03  1.420878E+01
  2.950000E+01  3.000000E+01     2  8.204391E+00  8.999233E+01  1.098058E-03  8.204391E+00
  2.950000E+01  3.000000E+01     3  7.343040E+01  5.262064E-02  7.343037E+01  6.743872E-02
  2.950000E+01  3.000000E+01     4  5.761550E+01  8.999233E+01  7.711098E-03  5.761550E+01
  2.950000E+01  3.000000E+01     5  9.978234E+01 -9.000767E+01 -1.335366E-02 -9.978234E+01
  2.950000E+01  3.000000E+01     6  6.237699E-05 -7.186554E-07  6.237699E-05 -7.823885E-13
  2.950000E+01  6.000000E+01     1  8.203861E+00  8.999233E+01  1.097904E-03  8.203861E+00
  2.950000E+01  6.000000E+01     2  1.420970E+01  8.999233E+01  1.901798E-03  1.420970E+01
  2.950000E+01  6.000000E+01     3  7.343037E+01  5.262063E-02  7.343034E+01  6.743869E-02
  2.950000E+01  6.000000E+01     4  9.978829E+01  8.999233E+01  1.335533E-02  9.978829E+01
  2.950000E+01  6.000000E+01     5  5.761220E+01 -9.000767E+01 -7.710129E-03 -5.761220E+01
  2.950000E+01  6.000000E+01     6  2.880585E-05 -1.560958E-06  2.880585E-05 -7.847824E-13
  2.950000E+01  9.000000E+01     1  7.172158E-07 -9.000767E+01 -9.598378E-11 -7.172158E-07
  2.950000E+01  9.000000E+01     2  1.640763E+01  8.999233E+01  2.195963E-03  1.640763E+01
  2.950000E+01  9.000000E+01     3  7.343039E+01  5.262057E-02  7.343036E+01  6.743862E-02
  2.950000E+01  9.000000E+01     4  1.152229E+02  8.999233E+01  1.542109E-02  1.152229E+02
  2.950000E+01  9.000000E+01     5  5.036728E-06  8.999233E+01  6.740573E-10  5.036728E-06
  2.950000E+01  9.000000E+01     6  1.210263E-12  9.000000E+01 -1.210263E-12  7.837872E-20
  2.950000E+01  1.200000E+02     1  8.203855E+00 -9.000767E+01 -1.097904E-03 -8.203855E+00
  2.950000E+01  1.200000E+02     2  1.420969E+01  8.999233E+01  1.901798E-03  1.420969E+01
  2.950000E+01  1.200000E+02     3  7.343037E+01  5.262063E-02  7.343034E+01  6.743869E-02
  2.950000E+01  1.200000E+02     4  9.978822E+01  8.999233E+01  1.335534E-02  9.978822E+01
  2.950000E+01  1.200000E+02     5  5.761217E+01  8.999233E+01  7.710133E-03  5.761217E+01
  2.950000E+01  1.200000E+02     6  2.883239E-05  1.800000E+02 -2.883239E-05  7.857489E-13
  2.950000E+01  1.500000E+02     1  1.420879E+01 -9.000767E+01 -1.901534E-03 -1.420879E+01
  2.950000E+01  1.500000E+02     2  8.204382E+00  8.999233E+01  1.098058E-03  8.204382E+00
  2.950000E+01  1.500000E+02     3  7.343040E+01  5.262064E-02  7.343037E+01  6.743872E-02
  2.950000E+01  1.500000E+02     4  5.761545E+01  8.999233E+01  7.711103E-03  5.761545E+01
  2.950000E+01  1.500000E+02     5  9.978233E+01  8.999233E+01  1.335366E-02  9.978233E+01
  2.950000E+01  1.500000E+02     6  6.211000E-05  1.800000E+02 -6.211000E-05  7.809931E-13
  2.950000E+01  1.800000E+02     1  1.640653E+01 -9.000767E+01 -2.195650E-03 -1.640653E+01
  2.950000E+01  1.800000E+02     2  1.434533E-06 -9.000767E+01 -1.919938E-10 -1.434533E-06
  2.950000E+01  1.800000E+02     3  7.343031E+01  5.262069E-02  7.343027E+01  6.743870E-02
  2.950000E+01  1.800000E+02     4  1.007401E-05 -9.000767E+01 -1.348278E-09 -1.007401E-05
  2.950000E+01  1.800000E+02     5  1.152167E+02  8.999233E+01  1.541917E-02  1.152167E+02
  2.950000E+01  1.800000E+02     6  1.578334E-11 -5.694996E-07  1.578334E-11 -1.568808E-19
  3.000000E+01 -1.800000E+02     1  1.607868E+01 -9.000725E+01 -2.034063E-03 -1.607868E+01
  3.000000E+01 -1.800000E+02     2  1.405868E-06  8.999275E+01  1.778630E-10  1.405868E-06
  3.000000E+01 -1.800000E+02     3  7.362809E+01  5.019150E-02  7.362806E+01  6.449871E-02
  3.000000E+01 -1.800000E+02     4  9.876517E-06  8.999275E+01  1.249531E-09  9.876517E-06
  3.000000E+01 -1.800000E+02     5  1.129584E+02  8.999275E+01  1.428992E-02  1.129584E+02
  3.000000E+01 -1.800000E+02     6  1.486883E-11  1.800000E+02 -1.486883E-11  1.904667E-19
  3.000000E+01 -1.500000E+02     1  1.392486E+01 -9.000725E+01 -1.761580E-03 -1.392486E+01
  3.000000E+01 -1.500000E+02     2  8.040429E+00 -9.000725E+01 -1.017236E-03 -8.040429E+00
  3.000000E+01 -1.500000E+02     3  7.362818E+01  5.019141E-02  7.362815E+01  6.449867E-02
  3.000000E+01 -1.500000E+02     4  5.648588E+01 -9.000725E+01 -7.146319E-03 -5.648588E+01
  3.000000E+01 -1.500000E+02     5  9.782641E+01  8.999275E+01  1.237566E-02  9.782641E+01
  3.000000E+01 -1.500000E+02     6  5.915044E-05 -9.135201E-07  5.915044E-05 -9.430907E-13
  3.000000E+01 -1.200000E+02     1  8.039891E+00 -9.000725E+01 -1.017102E-03 -8.039891E+00
  3.000000E+01 -1.200000E+02     2  1.392583E+01 -9.000725E+01 -1.761828E-03 -1.392583E+01
  3.000000E+01 -1.200000E+02     3  7.362813E+01  5.019146E-02  7.362810E+01  6.449869E-02
  3.000000E+01 -1.200000E+02     4  9.783219E+01 -9.000725E+01 -1.237724E-02 -9.783219E+01
  3.000000E+01 -1.200000E+02     5  5.648288E+01  8.999275E+01  7.145442E-03  5.648288E+01
  3.000000E+01 -1.200000E+02     6  2.826579E-05 -1.913920E-06  2.826579E-05 -9.441963E-13
  3.000000E+01 -9.000000E+01     1  7.028847E-07 -9.000725E+01 -8.891900E-11 -7.028847E-07
  3.000000E+01 -9.000000E+01     2  1.607983E+01 -9.000725E+01 -2.034335E-03 -1.607983E+01
  3.000000E+01 -9.000000E+01     3  7.362805E+01  5.019153E-02  7.362802E+01  6.449872E-02
  3.000000E+01 -9.000000E+01     4  1.129644E+02 -9.000725E+01 -1.429165E-02 -1.129644E+02
  3.000000E+01 -9.000000E+01     5  4.937991E-06  8.999275E+01  6.246861E-10  4.937991E-06
  3.000000E+01 -9.000000E+01     6  1.244405E-12 -9.000000E+01  1.244405E-12 -9.516811E-20
  3.000000E+01 -6.000000E+01     1  8.039888E+00  8.999275E+01  1.017102E-03  8.039888E+00
  3.000000E+01 -6.000000E+01     2  1.392582E+01 -9.000725E+01 -1.761830E-03 -1.392582E+01
  3.000000E+01 -6.000000E+01     3  7.362813E+01  5.019146E-02  7.362810E+01  6.449869E-02
  3.000000E+01 -6.000000E+01     4  9.783222E+01 -9.000725E+01 -1.237724E-02 -9.783222E+01
  3.000000E+01 -6.000000E+01     5  5.648287E+01 -9.000725E+01 -7.145434E-03 -5.648287E+01
  3.000000E+01 -6.000000E+01     6  2.817917E-05  1.800000E+02 -2.817917E-05  9.434957E-13
  3.000000E+01 -3.000000E+01     1  1.392486E+01  8.999275E+01  1.761580E-03  1.392486E+01
  3.000000E+01 -3.000000E+01     2  8.040423E+00 -9.000725E+01 -1.017236E-03 -8.040423E+00
  3.000000E+01 -3.000000E+01     3  7.362818E+01  5.019141E-02  7.362815E+01  6.449867E-02
  3.000000E+01 -3.000000E+01     4  5.648591E+01 -9.000725E+01 -7.146324E-03 -5.648591E+01
  3.000000E+01 -3.000000E+01     5  9.782652E+01 -9.000725E+01 -1.237566E-02 -9.782652E+01
  3.000000E+01 -3.000000E+01     6  5.906724E-05  1.800000E+02 -5.906724E-05  9.412666E-13
  3.000000E+01  0.000000E+00     1  1.607868E+01  8.999275E+01  2.034063E-03  1.607868E+01
  3.000000E+01  0.000000E+00     2  0.000000E+00  9.000000E+01  0.000000E+00  0.000000E+00
  3.000000E+01  0.000000E+00     3  7.362809E+01  5.019150E-02  7.362806E+01  6.449871E-02
  3.000000E+01  0.000000E+00     4  0.000000E+00  9.000000E+01  0.000000E+00  0.000000E+00
  3.000000E+01  0.000000E+00     5  1.129584E+02 -9.000725E+01 -1.428992E-02 -1.129584E+02
  3.000000E+01  0.000000E+00     6  0.000000E+00  9.000000E+01  0.000000E+00  0.000000E+00
  3.000000E+01  3.000000E+01     1  1.392486E+01  8.999275E+01  1.761580E-03  1.392486E+01
  3.000000E+01  3.000000E+01     2  8.040423E+00  8.999275E+01  1.017236E-03  8.040423E+00
  3.000000E+01  3.000000E+01     3  7.362818E+01  5.019141E-02  7.362815E+01  6.449867E-02
  3.000000E+01  3.000000E+01     4  5.648591E+01  8.999275E+01  7.146324E-03  5.648591E+01
  3.000000E+01  3.000000E+01     5  9.782652E+01 -9.000725E+01 -1.237566E-02 -9.782652E+01
  3.000000E+01  3.000000E+01     6  5.906724E-05 -9.130374E-07  5.906724E-05 -9.412666E-13
  3.000000E+01  6.000000E+01     1  8.039888E+00  8.999275E+01  1.017102E-03  8.039888E+00
  3.000000E+01  6.000000E+01     2  1.392582E+01  8.999275E+01  1.761830E-03  1.392582E+01
  3.000000E+01  6.000000E+01     3  7.362813E+01  5.019146E-02  7.362810E+01  6.449869E-02
  3.000000E+01  6.000000E+01     4  9.783222E+01  8.999275E+01  1.237724E-02  9.783222E+01
  3.000000E+01  6.000000E+01     5  5.648287E+01 -9.000725E+01 -7.145434E-03 -5.648287E+01
  3.000000E+01  6.000000E+01     6  2.817917E-05 -1.918379E-06  2.817917E-05 -9.434957E-13
  3.000000E+01  9.000000E+01     1  7.028847E-07 -9.000725E+01 -8.891900E-11 -7.028847E-07
  3.000000E+01  9.000000E+01     2  1.607983E+01  8.999275E+01  2.034335E-03  1.607983E+01
  3.000000E+01  9.000000E+01     3  7.362805E+01  5.019153E-02  7.362802E+01  6.449872E-02
  3.000000E+01  9.000000E+01     4  1.129644E+02  8.999275E+01  1.429165E-02  1.129644E+02
  3.000000E+01  9.000000E+01     5  4.937991E-06  8.999275E+01  6.246861E-10  4.937991E-06
  3.000000E+01  9.000000E+01     6  1.244405E-12  9.000000E+01 -1.244405E-12  9.516811E-20
  3.000000E+01  1.200000E+02     1  8.039891E+00 -9.000725E+01 -1.017102E-03 -8.039891E+00
  3.000000E+01  1.200000E+02     2  1.392583E+01  8.999275E+01  1.761828E-03  1.392583E+01
  3.000000E+01  1.200000E+02     3  7.362813E+01  5.019146E-02  7.362810E+01  6.449869E-02
  3.000000E+01  1.200000E+02     4  9.783219E+01  8.999275E+01  1.237724E-02  9.783219E+01
  3.000000E+01  1.200000E+02     5  5.648288E+01  8.999275E+01  7.145442E-03  5.648288E+01
  3.000000E+01  1.200000E+02     6  2.826579E-05  1.800000E+02 -2.826579E-05  9.441963E-13
  3.000000E+01  1.500000E+02     1  1.392486E+01 -9.000725E+01 -1.761580E-03 -1.392486E+01
  3.000000E+01  1.500000E+02     2  8.040429E+00  8.999275E+01  1.017236E-03  8.040429E+00
  3.000000E+01  1.500000E+02     3  7.362818E+01  5.019141E-02  7.362815E+01  6.449867E-02
  3.000000E+01  1.500000E+02     4  5.648588E+01  8.999275E+01  7.146319E-03  5.648588E+01
  3.000000E+01  1.500000E+02     5  9.782641E+01  8.999275E+01  1.237566E-02  9.782641E+01
  3.000000E+01  1.500000E+02     6  5.915044E-05  1.800000E+02 -5.915044E-05  9.430907E-13
  3.000000E+01  1.800000E+02     1  1.607868E+01 -9.000725E+01 -2.034063E-03 -1.607868E+01
  3.000000E+01  1.800000E+02     2  1.405868E-06 -9.000725E+01 -1.778630E-10 -1.405868E-06
  3.000000E+01  1.800000E+02     3  7.362809E+01  5.019150E-02  7.362806E+01  6.449871E-02
  3.000000E+01  1.800000E+02     4  9.876517E-06 -9.000725E+01 -1.249531E-09 -9.876517E-06
  3.000000E+01  1.800000E+02     5  1.129584E+02  8.999275E+01  1.428992E-02  1.129584E+02
  3.000000E+01  1.800000E+02     6  1.486883E-11 -7.339473E-07  1.486883E-11 -1.904667E-19
  3.050000E+01 -1.800000E+02     1  1.576460E+01 -9.000686E+01 -1.888396E-03 -1.576460E+01
  3.050000E+01 -1.800000E+02     2  1.378398E-06  8.999314E+01  1.651266E-10  1.378398E-06
  3.050000E+01 -1.800000E+02     3  7.381696E+01  4.793311E-02  7.381694E+01  6.175457E-02
  3.050000E+01 -1.800000E+02     4  9.687144E-06  8.999314E+01  1.160477E-09  9.687144E-06
  3.050000E+01 -1.800000E+02     5  1.107924E+02  8.999314E+01  1.327148E-02  1.107924E+02
  3.050000E+01 -1.800000E+02     6  1.402906E-11  1.800000E+02 -1.402906E-11  1.349553E-19
  3.050000E+01 -1.500000E+02     1  1.365282E+01 -9.000686E+01 -1.635437E-03 -1.365282E+01
  3.050000E+01 -1.500000E+02     2  7.883357E+00 -9.000687E+01 -9.443879E-04 -7.883357E+00
  3.050000E+01 -1.500000E+02     3  7.381689E+01  4.793317E-02  7.381686E+01  6.175459E-02
  3.050000E+01 -1.500000E+02     4  5.540285E+01 -9.000687E+01 -6.637019E-03 -5.540285E+01
  3.050000E+01 -1.500000E+02     5  9.595084E+01  8.999314E+01  1.149371E-02  9.595084E+01
  3.050000E+01 -1.500000E+02     6  5.563136E-05 -6.898138E-07  5.563136E-05 -6.697750E-13
  3.050000E+01 -1.200000E+02     1  7.882832E+00 -9.000686E+01 -9.442620E-04 -7.882832E+00
  3.050000E+01 -1.200000E+02     2  1.365379E+01 -9.000687E+01 -1.635662E-03 -1.365379E+01
  3.050000E+01 -1.200000E+02     3  7.381688E+01  4.793319E-02  7.381686E+01  6.175461E-02
  3.050000E+01 -1.200000E+02     4  9.595644E+01 -9.000687E+01 -1.149515E-02 -9.595644E+01
  3.050000E+01 -1.200000E+02     5  5.539980E+01  8.999314E+01  6.636170E-03  5.539980E+01
  3.050000E+01 -1.200000E+02     6  2.763145E-05 -1.382921E-06  2.763145E-05 -6.669275E-13
  3.050000E+01 -9.000000E+01     1  6.891521E-07 -9.000686E+01 -8.255185E-11 -6.891521E-07
  3.050000E+01 -9.000000E+01     2  1.576568E+01 -9.000687E+01 -1.888659E-03 -1.576568E+01
  3.050000E+01 -9.000000E+01     3  7.381693E+01  4.793318E-02  7.381690E+01  6.175463E-02
  3.050000E+01 -9.000000E+01     4  1.107986E+02 -9.000687E+01 -1.327318E-02 -1.107986E+02
  3.050000E+01 -9.000000E+01     5  4.843317E-06  8.999314E+01  5.801681E-10  4.843317E-06
  3.050000E+01 -9.000000E+01     6  1.357522E-12 -9.000000E+01  1.357522E-12 -6.730648E-20
  3.050000E+01 -6.000000E+01     1  7.882827E+00  8.999314E+01  9.442618E-04  7.882827E+00
  3.050000E+01 -6.000000E+01     2  1.365379E+01 -9.000687E+01 -1.635661E-03 -1.365379E+01
  3.050000E+01 -6.000000E+01     3  7.381688E+01  4.793319E-02  7.381686E+01  6.175461E-02
  3.050000E+01 -6.000000E+01     4  9.595642E+01 -9.000687E+01 -1.149515E-02 -9.595642E+01
  3.050000E+01 -6.000000E+01     5  5.539979E+01 -9.000686E+01 -6.636167E-03 -5.539979E+01
  3.050000E+01 -6.000000E+01     6  2.763231E-05  1.800000E+02 -2.763231E-05  6.707720E-13
  3.050000E+01 -3.000000E+01     1  1.365282E+01  8.999314E+01  1.635437E-03  1.365282E+01
  3.050000E+01 -3.000000E+01     2  7.883351E+00 -9.000687E+01 -9.443885E-04 -7.883351E+00
  3.050000E+01 -3.000000E+01     3  7.381689E+01  4.793317E-02  7.381686E+01  6.175459E-02
  3.050000E+01 -3.000000E+01     4  5.540279E+01 -9.000687E+01 -6.637017E-03 -5.540279E+01
  3.050000E+01 -3.000000E+01     5  9.595087E+01 -9.000686E+01 -1.149372E-02 -9.595087E+01
  3.050000E+01 -3.000000E+01     6  5.573579E-05  1.800000E+02 -5.573579E-05  6.677543E-13
  3.050000E+01  0.000000E+00     1  1.576460E+01  8.999314E+01  1.888396E-03  1.576460E+01
  3.050000E+01  0.000000E+00     2  0.000000E+00  9.000000E+01  0.000000E+00  0.000000E+00
  3.050000E+01  0.000000E+00     3  7.381696E+01  4.793311E-02  7.381694E+01  6.175457E-02
  3.050000E+01  0.000000E+00     4  0.000000E+00  9.000000E+01  0.000000E+00  0.000000E+00
  3.050000E+01  0.000000E+00     5  1.107924E+02 -9.000686E+01 -1.327148E-02 -1.107924E+02
  3.050000E+01  0.000000E+00     6  0.000000E+00  9.000000E+01  0.000000E+00  0.000000E+00
  3.050000E+01  3.000000E+01     1  1.365282E+01  8.999314E+01  1.635437E-03  1.365282E+01
  3.050000E+01  3.000000E+01     2  7.883351E+00  8.999314E+01  9.443885E-04  7.883351E+00
  3.050000E+01  3.000000E+01     3  7.381689E+01  4.793317E-02  7.381686E+01  6.175459E-02
  3.050000E+01  3.000000E+01     4  5.540279E+01  8.999314E+01  6.637017E-03  5.540279E+01
  3.050000E+01  3.000000E+01     5  9.595087E+01 -9.000686E+01 -1.149372E-02 -9.595087E+01
  3.050000E+01  3.000000E+01     6  5.573579E-05 -6.864441E-07  5.573579E-05 -6.677543E-13
  3.050000E+01  6.000000E+01     1  7.882827E+00  8.999314E+01  9.442618E-04  7.882827E+00
  3.050000E+01  6.000000E+01     2  1.365379E+01  8.999314E+01  1.635661E-03  1.365379E+01
  3.050000E+01  6.000000E+01     3  7.381688E+01  4.793319E-02  7.381686E+01  6.175461E-02
  3.050000E+01  6.000000E+01     4  9.595642E+01  8.999314E+01  1.149515E-02  9.595642E+01
  3.050000E+01  6.000000E+01     5  5.539979E+01 -9.000686E+01 -6.636167E-03 -5.539979E+01
  3.050000E+01  6.000000E+01     6  2.763231E-05 -1.390850E-06  2.763231E-05 -6.707720E-13
  3.050000E+01  9.000000E+01     1  6.891521E-07 -9.000686E+01 -8.255185E-11 -6.891521E-07
  3.050000E+01  9.000000E+01     2  1.576568E+01  8.999314E+01  1.888659E-03  1.576568E+01
  3.050000E+01  9.000000E+01     3  7.381693E+01  4.793318E-02  7.381690E+01  6.175463E-02
  3.050000E+01  9.000000E+01     4  1.107986E+02  8.999314E+01  1.327318E-02  1.107986E+02
  3.050000E+01  9.000000E+01     5  4.843317E-06  8.999314E+01  5.801681E-10  4.843317E-06
  3.050000E+01  9.000000E+01     6  1.357522E-12  9.000000E+01 -1.357522E-12  6.730648E-20
  3.050000E+01  1.200000E+02     1  7.882832E+00 -9.000686E+01 -9.442620E-04 -7.882832E+00
  3.050000E+01  1.200000E+02     2  1.365379E+01  8.999314E+01  1.635662E-03  1.365379E+01
  3.050000E+01  1.200000E+02     3  7.381688E+01  4.793319E-02  7.381686E+01  6.175461E-02
  3.050000E+01  1.200000E+02     4  9.595644E+01  8.999314E+01  1.149515E-02  9.595644E+01
  3.050000E+01  1.200000E+02     5  5.539980E+01  8.999314E+01  6.636170E-03  5.539980E+01
  3.050000E+01  1.200000E+02     6  2.763145E-05  1.800000E+02 -2.763145E-05  6.669275E-13
  3.050000E+01  1.500000E+02     1  1.365282E+01 -9.000686E+01 -1.635437E-03 -1.365282E+01
  3.050000E+01  1.500000E+02     2  7.883357E+00  8.999314E+01  9.443879E-04  7.883357E+00
  3.050000E+01  1.500000E+02     3  7.381689E+01  4.793317E-02  7.381686E+01  6.175459E-02
  3.050000E+01  1.500000E+02     4  5.540285E+01  8.999314E+01  6.637019E-03  5.540285E+01
  3.050000E+01  1.500000E+02     5  9.595084E+01  8.999314E+01  1.149371E-02  9.595084E+01
  3.050000E+01  1.500000E+02     6  5.563136E-05  1.800000E+02 -5.563136E-05  6.697750E-13
  3.050000E+01  1.800000E+02     1  1.576460E+01 -9.000686E+01 -1.888396E-03 -1.576460E+01
  3.050000E+01  1.800000E+02     2  1.378398E-06 -9.000687E+01 -1.651266E-10 -1.378398E-06
  3.050000E+01  1.800000E+02     3  7.381696E+01  4.793311E-02  7.381694E+01  6.175457E-02
  3.050000E+01  1.800000E+02     4  9.687144E-06 -9.000687E+01 -1.160477E-09 -9.687144E-06
  3.050000E+01  1.800000E+02     5  1.107924E+02  8.999314E+01  1.327148E-02  1.107924E+02
  3.050000E+01  1.800000E+02     6  1.402906E-11 -5.511677E-07  1.402906E-11 -1.349553E-19
