# Time(s),U_avg(m/s)
0.000000000000000000e+00,1.045218230164423190e+01
5.000000000000000278e-02,1.046695970403019516e+01
1.000000000000000056e-01,1.045775476018299344e+01
1.499999999999999944e-01,1.043186833786195855e+01
2.000000000000000111e-01,1.043247935305261009e+01
2.500000000000000000e-01,1.043543972165132949e+01
2.999999999999999889e-01,1.041760342446715626e+01
3.500000099999999725e-01,1.044304686077496669e+01
4.000000100000000169e-01,1.044856280040859531e+01
4.500000100000000058e-01,1.044411995620355427e+01
5.000000100000000502e-01,1.043132682564923996e+01
5.500000099999999836e-01,1.043576737854731817e+01
6.000000100000000280e-01,1.044468590902389771e+01
6.500000099999999614e-01,1.043847417584191284e+01
7.000000100000000058e-01,1.044083956839873117e+01
7.500000100000000502e-01,1.042830382799348143e+01
8.000000099999999836e-01,1.044098162943055996e+01
8.500000100000000280e-01,1.043597435994315070e+01
9.000000099999999614e-01,1.041630578095600512e+01
9.500000100000000058e-01,1.041902785363036799e+01
1.000000009999999939e+00,1.040798757290424170e+01
1.050000019999999923e+00,1.040344467496172953e+01
1.100000019999999967e+00,1.042424821466551599e+01
1.150000020000000012e+00,1.041818923528119534e+01
1.200000020000000056e+00,1.042190573517834729e+01
1.250000020000000100e+00,1.042669609427307265e+01
1.300000019999999923e+00,1.042511662000523209e+01
1.350000019999999967e+00,1.043292997675571776e+01
1.400000020000000012e+00,1.044961909291943947e+01
1.450000020000000056e+00,1.044016745168901217e+01
1.500000020000000100e+00,1.043427879278908676e+01
1.550000019999999923e+00,1.045723768857790326e+01
1.600000019999999967e+00,1.044967026544165556e+01
1.650000020000000012e+00,1.044624170645310102e+01
1.700000029999999995e+00,1.042890567795627454e+01
1.750000030000000040e+00,1.044372356009861846e+01
1.800000030000000084e+00,1.042903475491529974e+01
1.850000029999999906e+00,1.041416340894377512e+01
1.900000029999999951e+00,1.042533047532196200e+01
1.950000029999999995e+00,1.044401150100721232e+01
2.000000029999999818e+00,1.044936017523239968e+01
2.050000030000000084e+00,1.042153072460508234e+01
2.100000029999999906e+00,1.041106556192715971e+01
2.150000030000000173e+00,1.042915084780152490e+01
2.200000029999999995e+00,1.042704971931466496e+01
2.250000029999999818e+00,1.042035070151813336e+01
2.300000030000000084e+00,1.039724516208356064e+01
2.350000039999999846e+00,1.040659598580752743e+01
2.400000040000000112e+00,1.040929361787426544e+01
2.450000039999999935e+00,1.043594533672159663e+01
2.500000040000000201e+00,1.045150789362754651e+01
2.550000040000000023e+00,1.048562316302871267e+01
2.600000039999999846e+00,1.045940450119775988e+01
2.650000040000000112e+00,1.046484330016356878e+01
2.700000039999999935e+00,1.047300111672778300e+01
2.750000040000000201e+00,1.046280938334767718e+01
2.800000040000000023e+00,1.047726829406551197e+01
2.850000039999999846e+00,1.045420705323225974e+01
2.900000040000000112e+00,1.044244195573622136e+01
2.950000039999999935e+00,1.046163394287465742e+01
3.000000040000000201e+00,1.049343193716527090e+01
3.050000049999999963e+00,1.051144695629270842e+01
3.100000049999999785e+00,1.052059156238983206e+01
3.150000050000000051e+00,1.051862943985884513e+01
3.200000049999999874e+00,1.053014707620266854e+01
3.250000050000000140e+00,1.054395983835638617e+01
3.300000049999999963e+00,1.053644206020437935e+01
3.350000049999999785e+00,1.053296462000057154e+01
3.400000050000000051e+00,1.050928778136273678e+01
3.450000049999999874e+00,1.048176154702378149e+01
3.500000050000000140e+00,1.047032563396170701e+01
3.550000049999999963e+00,1.045252294261302239e+01
3.600000049999999785e+00,1.047971540990408101e+01
3.650000050000000051e+00,1.048980327070177410e+01
3.700000059999999813e+00,1.050348466458950192e+01
3.750000060000000079e+00,1.048486626796129251e+01
3.800000059999999902e+00,1.047125361328251358e+01
3.850000060000000168e+00,1.047634107851369301e+01
3.900000059999999991e+00,1.047009573949622308e+01
3.950000059999999813e+00,1.049475325751505927e+01
4.000000059999999635e+00,1.047796103253791600e+01
4.050000060000000346e+00,1.050440118737548190e+01
4.100000060000000168e+00,1.050689260181537321e+01
4.150000059999999991e+00,1.048404903514379249e+01
4.200000059999999813e+00,1.048020422205660296e+01
4.250000059999999635e+00,1.050071829331381679e+01
4.300000060000000346e+00,1.051227182680009165e+01
4.350000060000000168e+00,1.051684756680910127e+01
4.400000069999999930e+00,1.051997672835423714e+01
4.450000069999999752e+00,1.051553464791818371e+01
4.500000069999999575e+00,1.053423629536611905e+01
4.550000070000000285e+00,1.054109875972615029e+01
4.600000070000000107e+00,1.055243920166468463e+01
4.650000069999999930e+00,1.055574403007713435e+01
4.700000069999999752e+00,1.057803233669420706e+01
4.750000069999999575e+00,1.058928723650604908e+01
4.800000070000000285e+00,1.056729221718048883e+01
4.850000070000000107e+00,1.055939179076533740e+01
4.900000069999999930e+00,1.055661701803077968e+01
4.950000069999999752e+00,1.052680711441675676e+01
5.000000069999999575e+00,1.052590281193458921e+01
5.050000080000000224e+00,1.051519171564242860e+01
5.100000080000000047e+00,1.052284544467435623e+01
5.150000079999999869e+00,1.053143097187203026e+01
5.200000079999999691e+00,1.051035705794637920e+01
5.250000080000000402e+00,1.051981786440466671e+01
5.300000080000000224e+00,1.053727915101557500e+01
5.350000080000000047e+00,1.052576227844073919e+01
5.400000079999999869e+00,1.053359091057099128e+01
5.450000079999999691e+00,1.055162273261617401e+01
5.500000080000000402e+00,1.055789480354823517e+01
5.550000080000000224e+00,1.054369710182440478e+01
5.600000080000000047e+00,1.056792767297877056e+01
5.650000079999999869e+00,1.057896642616691985e+01
5.700000079999999691e+00,1.057274323645011194e+01
5.750000090000000341e+00,1.057171978600576701e+01
5.800000090000000164e+00,1.055802158920029399e+01
5.850000089999999986e+00,1.057881367236925563e+01
5.900000089999999808e+00,1.059268906358001594e+01
5.950000089999999631e+00,1.058200469920244657e+01
6.000000090000000341e+00,1.060425328983212623e+01
6.050000090000000164e+00,1.058081474711864800e+01
6.100000089999999986e+00,1.058061845848864913e+01
6.150000089999999808e+00,1.058940638446822646e+01
6.200000089999999631e+00,1.059372244302120869e+01
6.250000090000000341e+00,1.059975469049093988e+01
6.300000090000000164e+00,1.059852196734379426e+01
6.350000089999999986e+00,1.061499799195977367e+01
6.400000099999999748e+00,1.062115778885055306e+01
6.450000099999999570e+00,1.059059786409000381e+01
6.500000100000000280e+00,1.058491542281692155e+01
6.550000100000000103e+00,1.061330166103672212e+01
6.600000099999999925e+00,1.059956069316790739e+01
6.650000099999999748e+00,1.058311445554246966e+01
6.700000099999999570e+00,1.057311366440944411e+01
6.750000100000000280e+00,1.056414396141064671e+01
6.800000100000000103e+00,1.057049317301052760e+01
6.850000099999999925e+00,1.055278289770942735e+01
6.900000099999999748e+00,1.057680266862301721e+01
6.950000099999999570e+00,1.057810565851708517e+01
7.000000100000000280e+00,1.056580592272922559e+01
7.050000110000000042e+00,1.056455334158838433e+01
7.100000109999999864e+00,1.053595553935882201e+01
7.150000109999999687e+00,1.056005474224719443e+01
7.200000110000000397e+00,1.056531176419378326e+01
7.250000110000000220e+00,1.055528958752908508e+01
7.300000110000000042e+00,1.054550952563368149e+01
7.350000109999999864e+00,1.054608769875783736e+01
7.400000109999999687e+00,1.055621527554292349e+01
7.450000110000000397e+00,1.055177090379990723e+01
7.500000110000000220e+00,1.057957515005060678e+01
7.550000110000000042e+00,1.060284108097272870e+01
7.600000109999999864e+00,1.058509719983614161e+01
7.650000109999999687e+00,1.056602512442887232e+01
7.700000110000000397e+00,1.055487027835449787e+01
7.750000120000000159e+00,1.056498792614273619e+01
7.800000119999999981e+00,1.056434788773052880e+01
7.850000119999999804e+00,1.054777944706696147e+01
7.900000119999999626e+00,1.055503601622496390e+01
7.950000120000000337e+00,1.053039682866184812e+01
8.000000119999999271e+00,1.055777107297212858e+01
8.050000119999999981e+00,1.056968205034493380e+01
8.100000120000000692e+00,1.060302896814385676e+01
8.150000119999999626e+00,1.059784985063407525e+01
8.200000120000000337e+00,1.055926576888226442e+01
8.250000119999999271e+00,1.056638944223630006e+01
8.300000119999999981e+00,1.056629320734377053e+01
8.350000120000000692e+00,1.058453735716770616e+01
8.400000130000000453e+00,1.060039702021011365e+01
8.450000129999999388e+00,1.061146174154386479e+01
8.500000130000000098e+00,1.062782090950463321e+01
8.550000130000000809e+00,1.063720457529509922e+01
8.600000129999999743e+00,1.059703567289252746e+01
8.650000130000000453e+00,1.059480623121563170e+01
8.700000129999999388e+00,1.060012817352622605e+01
8.750000130000000098e+00,1.058058561642215167e+01
8.800000130000000809e+00,1.059675842474976903e+01
8.850000129999999743e+00,1.059406843037291779e+01
8.900000130000000453e+00,1.059126463441680421e+01
8.950000129999999388e+00,1.062078430581526689e+01
9.000000130000000098e+00,1.062372252511332249e+01
9.050000130000000809e+00,1.062327495648616704e+01
9.100000140000000570e+00,1.063362937266078490e+01
9.150000139999999504e+00,1.065674178601625499e+01
9.200000140000000215e+00,1.066005425211858615e+01
9.250000139999999149e+00,1.064993736809933544e+01
9.300000139999999860e+00,1.064955548360517490e+01
9.350000140000000570e+00,1.066199728042486505e+01
9.400000139999999504e+00,1.066513178835291953e+01
9.450000140000000215e+00,1.067750942857759000e+01
9.500000139999999149e+00,1.070161092277292703e+01
9.550000139999999860e+00,1.070697869122282064e+01
9.600000140000000570e+00,1.067416335663977023e+01
9.650000139999999504e+00,1.067792186383127984e+01
9.700000140000000215e+00,1.070746597583736914e+01
9.750000149999999977e+00,1.071441780116903075e+01
9.800000150000000687e+00,1.071874989887076701e+01
9.850000149999999621e+00,1.072185461980827625e+01
9.900000150000000332e+00,1.072682370084626946e+01
9.950000149999999266e+00,1.073363422891509522e+01
1.000000014999999998e+01,1.074645943776691936e+01
1.005000015000000069e+01,1.077873937028915741e+01
1.010000014999999962e+01,1.079763195998417302e+01
1.015000015000000033e+01,1.079802224593720439e+01
1.020000014999999927e+01,1.081316091105463784e+01
1.025000014999999998e+01,1.082313726158004030e+01
1.030000015000000069e+01,1.082810939769398573e+01
1.035000014999999962e+01,1.086119281519193613e+01
1.040000015000000033e+01,1.085868536160328901e+01
1.045000016000000009e+01,1.085333134099518659e+01
1.050000016000000080e+01,1.087364835985341394e+01
1.055000015999999974e+01,1.089566629224862204e+01
1.060000016000000045e+01,1.090075757632474662e+01
1.065000015999999938e+01,1.089128989594556707e+01
1.070000016000000009e+01,1.090691966452248884e+01
1.075000016000000080e+01,1.091466199075706278e+01
1.080000015999999974e+01,1.089378665676837343e+01
1.085000016000000045e+01,1.089406390491113363e+01
1.090000015999999938e+01,1.089911241792391294e+01
1.095000016000000009e+01,1.090962798935506228e+01
1.100000016000000080e+01,1.092737798064355559e+01
1.105000015999999974e+01,1.093745514867541324e+01
1.110000016999999950e+01,1.093056213355585093e+01
1.115000017000000021e+01,1.091664626258870996e+01
1.120000016999999914e+01,1.093297335225196676e+01
1.125000016999999986e+01,1.092675016253515885e+01
1.130000017000000057e+01,1.094348128599323644e+01
1.135000016999999950e+01,1.094336442933802545e+01
1.140000017000000021e+01,1.094778894308734785e+01
1.145000016999999914e+01,1.097393122801946852e+01
1.150000016999999986e+01,1.097916228182045373e+01
1.155000017000000057e+01,1.097137565698456108e+01
1.160000016999999950e+01,1.097612630009189338e+01
1.165000017000000021e+01,1.097437650533965758e+01
1.170000016999999914e+01,1.095880172812989350e+01
1.175000018000000068e+01,1.095440394629516234e+01
1.180000017999999962e+01,1.094834343937286469e+01
1.185000018000000033e+01,1.097095711157896147e+01
1.190000017999999926e+01,1.100351123716800750e+01
1.195000017999999997e+01,1.099881405788985766e+01
1.200000018000000068e+01,1.102927851152686678e+01
1.205000017999999962e+01,1.106007673221177257e+01
1.210000018000000033e+01,1.108132249415979409e+01
1.215000017999999926e+01,1.110294708552602039e+01
1.220000017999999997e+01,1.110468313243646499e+01
1.225000018000000068e+01,1.111252627617749589e+01
1.230000017999999962e+01,1.110457544100911242e+01
1.235000018000000033e+01,1.111073600166887942e+01
1.240000017999999926e+01,1.110651694177741433e+01
1.245000019000000080e+01,1.112279285891845682e+01
1.250000018999999973e+01,1.112578301450771612e+01
1.255000019000000044e+01,1.114599234193859090e+01
1.260000018999999938e+01,1.117730610669061164e+01
1.265000019000000009e+01,1.118988156308325621e+01
1.270000019000000080e+01,1.121663409943704437e+01
1.275000018999999973e+01,1.123633322918372279e+01
1.280000019000000044e+01,1.123872229857918015e+01
1.285000018999999938e+01,1.122224321888724674e+01
1.290000019000000009e+01,1.121743300179882574e+01
1.295000019000000080e+01,1.118982657171609674e+01
1.300000018999999973e+01,1.120147099371198252e+01
1.305000019000000044e+01,1.120359961788242131e+01
1.310000020000000021e+01,1.120059113183743982e+01
1.315000019999999914e+01,1.119565412909695645e+01
1.320000019999999985e+01,1.119859693100894482e+01
1.325000020000000056e+01,1.120794393588797178e+01
1.330000019999999950e+01,1.119341246711624471e+01
1.335000020000000021e+01,1.117152590298702641e+01
1.340000019999999914e+01,1.116153427708186108e+01
1.345000019999999985e+01,1.116207808060154250e+01
1.350000020000000056e+01,1.116388133918296077e+01
1.355000019999999950e+01,1.119393946771818449e+01
1.360000020000000021e+01,1.119816311022358057e+01
1.365000019999999914e+01,1.119523176484641702e+01
1.370000019999999985e+01,1.119991901512772081e+01
1.375000020000000056e+01,1.121175208806372048e+01
1.380000021000000032e+01,1.121493624097601582e+01
1.385000020999999926e+01,1.122248609742553072e+01
1.390000020999999997e+01,1.125438414545361354e+01
1.395000021000000068e+01,1.125330799494907374e+01
1.400000020999999961e+01,1.124470948367859791e+01
1.405000021000000032e+01,1.125453537171329899e+01
1.410000020999999926e+01,1.124969002125141593e+01
1.415000020999999997e+01,1.127938917836213051e+01
1.420000021000000068e+01,1.130071360851594875e+01
1.425000020999999961e+01,1.128892407041228374e+01
1.430000021000000032e+01,1.128272455753411307e+01
1.435000020999999926e+01,1.130775937743317705e+01
1.440000020999999997e+01,1.132284228741446519e+01
1.445000021999999973e+01,1.135333041789011510e+01
1.450000022000000044e+01,1.135066180904493294e+01
1.455000021999999937e+01,1.134233290822733586e+01
1.460000022000000008e+01,1.135849807886506824e+01
1.465000022000000079e+01,1.135214581218923335e+01
1.470000021999999973e+01,1.137232535262956290e+01
1.475000022000000044e+01,1.137268356028508265e+01
1.480000021999999937e+01,1.139307771981113149e+01
1.485000022000000008e+01,1.138156313854326207e+01
1.490000022000000079e+01,1.138894802089130032e+01
1.495000021999999973e+01,1.137278590532952016e+01
1.500000022000000044e+01,1.135996986170555623e+01
1.505000021999999937e+01,1.137550492292792903e+01
1.510000022999999914e+01,1.138398657754319210e+01
1.515000022999999985e+01,1.140660177728726588e+01
1.520000023000000056e+01,1.143771161571940453e+01
1.525000022999999949e+01,1.144293121298556493e+01
1.530000023000000020e+01,1.143745498933932936e+01
1.535000022999999914e+01,1.144380420093921202e+01
1.540000022999999985e+01,1.143887483588861009e+01
1.545000023000000056e+01,1.142108130976778568e+01
1.550000022999999949e+01,1.144445416834826901e+01
1.555000023000000020e+01,1.145611768456886281e+01
1.560000022999999914e+01,1.145273266041263938e+01
1.565000022999999985e+01,1.143461300493380151e+01
1.570000023000000056e+01,1.142948964256016708e+01
1.575000022999999949e+01,1.145170615489234045e+01
1.580000023999999925e+01,1.146650341527200112e+01
1.585000023999999996e+01,1.144028322590306956e+01
1.590000024000000067e+01,1.144438313783235550e+01
1.595000023999999961e+01,1.142949651648106446e+01
1.600000023999999854e+01,1.142516441877932820e+01
1.605000023999999925e+01,1.141594343578337423e+01
1.610000023999999996e+01,1.141475959385148364e+01
1.615000024000000067e+01,1.141336495167881537e+01
1.620000024000000138e+01,1.139789786589640208e+01
1.625000023999999854e+01,1.141497268539922416e+01
1.630000023999999925e+01,1.141551114253598875e+01
1.635000023999999996e+01,1.142458089927225373e+01
1.640000024000000067e+01,1.142049855402969882e+01
1.645000024999999866e+01,1.141603356052399576e+01
1.650000024999999937e+01,1.140306476310236938e+01
1.655000025000000008e+01,1.139353139859019315e+01
1.660000025000000079e+01,1.138413780380287754e+01
1.665000025000000150e+01,1.136816739425716527e+01
1.670000024999999866e+01,1.137055417234565624e+01
1.675000024999999937e+01,1.139546067905468263e+01
1.680000025000000008e+01,1.140529649608623153e+01
1.685000025000000079e+01,1.140687749789204730e+01
1.690000025000000150e+01,1.139974618684813024e+01
1.695000024999999866e+01,1.139015935850677153e+01
1.700000024999999937e+01,1.137495119041139802e+01
1.705000025000000008e+01,1.139937499511980867e+01
1.710000025000000079e+01,1.141099497650806782e+01
1.715000025999999878e+01,1.140907333373345978e+01
1.720000025999999949e+01,1.142225598647181606e+01
1.725000026000000020e+01,1.141568910071026544e+01
1.730000026000000091e+01,1.141760692463992832e+01
1.735000026000000162e+01,1.144085910772025905e+01
1.740000025999999878e+01,1.144343682805583029e+01
1.745000025999999949e+01,1.146181616499069555e+01
1.750000026000000020e+01,1.146890241366430452e+01
1.755000026000000091e+01,1.147906970643678370e+01
1.760000026000000162e+01,1.150943868895025446e+01
1.765000025999999878e+01,1.148380354662637437e+01
1.770000025999999949e+01,1.147292671246374773e+01
1.775000026000000020e+01,1.148312226468879516e+01
1.780000027000000173e+01,1.148297867611899292e+01
1.785000026999999889e+01,1.148955778218435775e+01
1.790000026999999960e+01,1.146913765451270706e+01
1.795000027000000031e+01,1.147826240261613329e+01
1.800000027000000102e+01,1.149914079168077485e+01
1.805000027000000173e+01,1.149491791294436815e+01
1.810000026999999889e+01,1.149936457599434902e+01
1.815000026999999960e+01,1.150934474536469132e+01
1.820000027000000031e+01,1.148529900630550138e+01
1.825000027000000102e+01,1.148285265423591994e+01
1.830000027000000173e+01,1.148242036098853092e+01
1.835000026999999889e+01,1.146043756196678487e+01
1.840000026999999960e+01,1.143002580838996884e+01
1.845000027000000031e+01,1.142717618629455600e+01
1.850000027999999830e+01,1.142484669088018734e+01
1.855000027999999901e+01,1.145054675356807650e+01
1.860000027999999972e+01,1.144655987944905995e+01
1.865000028000000043e+01,1.144484445430129860e+01
1.870000028000000114e+01,1.147135487588579039e+01
1.875000027999999830e+01,1.147722673186797415e+01
1.880000027999999901e+01,1.148149849181963411e+01
1.885000027999999972e+01,1.145561054196061868e+01
1.890000028000000043e+01,1.144685393050956179e+01
1.895000028000000114e+01,1.142675458581300418e+01
1.900000027999999830e+01,1.142631007226180451e+01
1.905000027999999901e+01,1.143359871971731678e+01
1.910000027999999972e+01,1.142589458193215890e+01
1.915000029000000126e+01,1.144025420268151194e+01
1.920000028999999842e+01,1.144921550422143852e+01
1.925000028999999913e+01,1.145952027541181373e+01
1.930000028999999984e+01,1.147550748787527297e+01
1.935000029000000055e+01,1.147674173856039381e+01
1.940000029000000126e+01,1.146672949089254168e+01
1.945000028999999842e+01,1.148546627171394086e+01
1.950000028999999913e+01,1.149068281390414725e+01
1.955000028999999984e+01,1.146849303348656690e+01
1.960000029000000055e+01,1.146261506735247693e+01
1.965000029000000126e+01,1.147714118974128361e+01
1.970000028999999842e+01,1.148769342208387378e+01
1.975000028999999913e+01,1.148252346980195426e+01
1.980000030000000066e+01,1.148168408768379223e+01
1.985000030000000137e+01,1.148556861675837659e+01
1.990000029999999853e+01,1.150505694626427733e+01
1.995000029999999924e+01,1.148659206720271975e+01
2.000000029999999995e+01,1.148940961100062275e+01
2.005000030000000066e+01,1.151086617318941840e+01
2.010000030000000137e+01,1.153503869790067249e+01
2.015000029999999853e+01,1.148782784542581936e+01
2.020000029999999924e+01,1.148922401513646108e+01
2.025000029999999995e+01,1.151813725395819965e+01
2.030000030000000066e+01,1.148681890659225147e+01
2.035000030000000137e+01,1.147263495271021050e+01
2.040000029999999853e+01,1.149013442777053484e+01
2.045000029999999924e+01,1.147099514069229542e+01
2.050000031000000078e+01,1.147446112436127663e+01
2.055000031000000149e+01,1.148743144932088178e+01
2.060000030999999865e+01,1.148674711230734857e+01
2.065000030999999936e+01,1.149473002577324010e+01
2.070000031000000007e+01,1.149841826621782559e+01
2.075000031000000078e+01,1.148980677087454794e+01
2.080000031000000149e+01,1.148879630450300482e+01
2.085000030999999865e+01,1.147196283600049149e+01
2.090000030999999936e+01,1.146750395264669464e+01
2.095000031000000007e+01,1.149484459112148826e+01
2.100000031000000078e+01,1.148668448325030589e+01
2.105000031000000149e+01,1.150002141732430339e+01
2.110000030999999865e+01,1.153936239414353615e+01
2.115000032000000019e+01,1.153540607078405067e+01
2.120000032000000090e+01,1.149883604785443403e+01
2.125000032000000161e+01,1.153496766738475898e+01
2.130000031999999877e+01,1.152363486313610785e+01
2.135000031999999948e+01,1.150630647232916459e+01
2.140000032000000019e+01,1.153180871884907788e+01
2.145000032000000090e+01,1.153481262228013016e+01
2.150000032000000161e+01,1.153848405980697223e+01
2.155000031999999877e+01,1.155987417409378359e+01
2.160000031999999948e+01,1.155480351178034581e+01
2.165000032000000019e+01,1.157508157842016772e+01
2.170000032000000090e+01,1.158630592747248045e+01
2.175000032000000161e+01,1.157391224809905772e+01
2.180000031999999877e+01,1.157086939244960000e+01
2.185000033000000030e+01,1.159573465563325811e+01
2.190000033000000101e+01,1.158514347107226072e+01
2.195000033000000172e+01,1.161094511503559445e+01
2.200000032999999888e+01,1.163824450998501803e+01
2.205000032999999959e+01,1.163179524464766779e+01
2.210000033000000030e+01,1.162068851601955899e+01
2.215000033000000101e+01,1.162590582197875300e+01
2.220000033000000172e+01,1.162480217579063435e+01
2.225000032999999888e+01,1.161792519981982608e+01
2.230000032999999959e+01,1.164130569609019439e+01
2.235000033000000030e+01,1.166403546118251455e+01
2.240000033000000101e+01,1.166206722849962318e+01
2.245000033000000172e+01,1.167539041473182770e+01
2.250000033999999971e+01,1.168011661723153694e+01
2.255000034000000042e+01,1.168345887032441155e+01
2.260000034000000113e+01,1.170777880245040947e+01
2.265000033999999829e+01,1.168636653886293431e+01
2.270000033999999900e+01,1.169474584843376341e+01
2.275000033999999971e+01,1.169461982655069221e+01
2.280000034000000042e+01,1.171188406076261579e+01
2.285000034000000113e+01,1.172717471590872762e+01
2.290000033999999829e+01,1.172758638739342985e+01
2.295000033999999900e+01,1.169436014509466482e+01
2.300000033999999971e+01,1.169913446504063614e+01
2.305000034000000042e+01,1.170592208003981227e+01
2.310000034000000113e+01,1.171655603566415138e+01
2.315000033999999829e+01,1.173106841021116686e+01
2.320000034999999983e+01,1.176037957267582001e+01
2.325000035000000054e+01,1.175920718727875247e+01
2.330000035000000125e+01,1.175578779351805636e+01
2.335000034999999841e+01,1.175287248728965039e+01
2.340000034999999912e+01,1.175094091551819453e+01
2.345000034999999983e+01,1.176741770390316155e+01
2.350000035000000054e+01,1.179813954768923701e+01
2.355000035000000125e+01,1.179432604913056792e+01
2.360000034999999841e+01,1.182105872749066044e+01
2.365000034999999912e+01,1.181436200100109524e+01
2.370000034999999983e+01,1.180667924874761177e+01
2.375000035000000054e+01,1.181504481047665145e+01
2.380000035000000125e+01,1.185802361898724122e+01
2.385000035999999923e+01,1.188281708788599289e+01
2.390000035999999994e+01,1.189526652239556448e+01
2.395000036000000065e+01,1.189369086697266553e+01
2.400000036000000136e+01,1.187890200805187924e+01
2.405000035999999852e+01,1.187056241446844318e+01
2.410000035999999923e+01,1.187448971460637104e+01
2.415000035999999994e+01,1.186898523150756901e+01
2.420000036000000065e+01,1.188180356643849578e+01
2.425000036000000136e+01,1.189457454769214984e+01
2.430000035999999852e+01,1.189344493335842934e+01
2.435000035999999923e+01,1.188877754107082119e+01
2.440000035999999994e+01,1.190770068152536965e+01
2.445000036000000065e+01,1.193937341770189775e+01
2.450000036999999864e+01,1.195022428371892254e+01
2.455000036999999935e+01,1.196200007398079812e+01
2.460000037000000006e+01,1.195628631817919718e+01
2.465000037000000077e+01,1.194799025942809578e+01
2.470000037000000148e+01,1.194262707359213138e+01
2.475000036999999864e+01,1.194767253152895314e+01
2.480000036999999935e+01,1.198081017662507364e+01
2.485000037000000006e+01,1.197773677021608663e+01
2.490000037000000077e+01,1.198799266019121035e+01
2.495000037000000148e+01,1.198904437008812351e+01
2.500000036999999864e+01,1.198830504170743261e+01
2.505000036999999935e+01,1.200545241926414342e+01
2.510000037000000006e+01,1.199653999893946832e+01
2.515000037000000077e+01,1.199426243981630691e+01
2.520000037999999876e+01,1.203086224973646878e+01
2.525000037999999947e+01,1.201662483202524889e+01
2.530000038000000018e+01,1.201476352700071892e+01
2.535000038000000089e+01,1.202797749426759566e+01
2.540000038000000160e+01,1.202114863574305126e+01
2.545000037999999876e+01,1.201667753208544198e+01
2.550000037999999947e+01,1.201406238706944229e+01
2.555000038000000018e+01,1.201440455557620801e+01
2.560000038000000089e+01,1.202669588990519678e+01
2.565000038000000160e+01,1.203345142660686484e+01
2.570000037999999876e+01,1.202718622959569927e+01
2.575000037999999947e+01,1.202477882974452150e+01
2.580000038000000018e+01,1.206577107511649771e+01
2.585000039000000172e+01,1.208729943159019804e+01
2.590000038999999887e+01,1.209206535007729677e+01
2.595000038999999958e+01,1.209055996140132194e+01
2.600000039000000029e+01,1.208412979028867973e+01
2.605000039000000100e+01,1.209179421208644278e+01
2.610000039000000172e+01,1.208459187052661221e+01
2.615000038999999887e+01,1.207155586143401393e+01
2.620000038999999958e+01,1.209146350011450188e+01
2.625000039000000029e+01,1.212125125442786278e+01
2.630000039000000100e+01,1.210714826005858669e+01
2.635000039000000172e+01,1.212023849674935505e+01
2.640000038999999887e+01,1.211088003533550328e+01
2.645000038999999958e+01,1.212115043692140404e+01
2.650000039000000029e+01,1.212431778691595774e+01
2.655000039999999828e+01,1.213315535787977772e+01
2.660000039999999899e+01,1.213424143738116356e+01
2.665000039999999970e+01,1.213083655523124449e+01
2.670000040000000041e+01,1.215059525895901338e+01
2.675000040000000112e+01,1.215044556023730138e+01
2.680000039999999828e+01,1.212955265956188455e+01
2.685000039999999899e+01,1.213835433338325309e+01
2.690000039999999970e+01,1.211975579474873754e+01
2.695000040000000041e+01,1.212135970962420473e+01
2.700000040000000112e+01,1.214531074132884569e+01
2.705000039999999828e+01,1.215496554511016392e+01
2.710000039999999899e+01,1.215736836234741070e+01
2.715000039999999970e+01,1.215697425754943772e+01
2.720000041000000124e+01,1.217097796195023562e+01
2.725000040999999840e+01,1.219660241150828028e+01
2.730000040999999911e+01,1.220477092083833348e+01
2.735000040999999982e+01,1.221204047406913595e+01
2.740000041000000053e+01,1.223250490034210891e+01
2.745000041000000124e+01,1.223205809548394285e+01
2.750000040999999840e+01,1.224811481092533683e+01
2.755000040999999911e+01,1.227432430752843295e+01
2.760000040999999982e+01,1.227032444933661459e+01
2.765000041000000053e+01,1.226469547189271658e+01
2.770000041000000124e+01,1.227168013929087564e+01
2.775000040999999840e+01,1.227907876948070687e+01
2.780000040999999911e+01,1.226869685762251017e+01
2.785000040999999982e+01,1.228485668187732571e+01
2.790000042000000136e+01,1.227462981512375784e+01
2.795000041999999851e+01,1.225985470404476096e+01
2.800000041999999922e+01,1.225910086405329302e+01
2.805000041999999993e+01,1.224628482042932909e+01
2.810000042000000064e+01,1.226268446814647817e+01
2.815000042000000136e+01,1.227636662580319182e+01
2.820000041999999851e+01,1.226852959221406714e+01
2.825000041999999922e+01,1.226553103516593524e+01
2.830000041999999993e+01,1.225554933825761772e+01
2.835000042000000064e+01,1.226146014645820514e+01
2.840000042000000136e+01,1.226577620501118560e+01
2.845000041999999851e+01,1.227926894795879775e+01
2.850000041999999922e+01,1.227160910877496569e+01
2.855000043000000076e+01,1.226863193725850465e+01
2.860000043000000147e+01,1.227287085514366360e+01
2.865000042999999863e+01,1.229004114577002404e+01
2.870000042999999934e+01,1.229414640408222859e+01
2.875000043000000005e+01,1.231800960235321440e+01
2.880000043000000076e+01,1.232909800052560456e+01
2.885000043000000147e+01,1.232864890436047212e+01
2.890000042999999863e+01,1.232977088100431295e+01
2.895000042999999934e+01,1.233183916742467368e+01
2.900000043000000005e+01,1.232101503332224191e+01
2.905000043000000076e+01,1.231956387224443894e+01
2.910000043000000147e+01,1.233651954378508009e+01
2.915000042999999863e+01,1.231675549367439437e+01
2.920000044000000017e+01,1.234281529155578205e+01
2.925000044000000088e+01,1.233183763988669845e+01
2.930000044000000159e+01,1.231355071899941755e+01
2.935000043999999875e+01,1.228966613519676088e+01
2.940000043999999946e+01,1.229812640428035309e+01
2.945000044000000017e+01,1.229599854387890012e+01
2.950000044000000088e+01,1.231259448022604630e+01
2.955000044000000159e+01,1.229798739832447652e+01
2.960000043999999875e+01,1.227918951598401165e+01
2.965000043999999946e+01,1.228604892526809067e+01
2.970000044000000017e+01,1.230878403674332944e+01
2.975000044000000088e+01,1.233532195401140186e+01
2.980000044000000159e+01,1.234073325729362836e+01
2.985000043999999875e+01,1.233806388467946036e+01
2.990000045000000028e+01,1.234879254765835377e+01
2.995000045000000100e+01,1.236467894261535072e+01
3.000000045000000171e+01,1.237224178313766920e+01
3.005000044999999886e+01,1.236848403971514720e+01
3.010000044999999957e+01,1.238234797439108448e+01
3.015000045000000028e+01,1.236312161764817219e+01
3.020000045000000100e+01,1.236822970464203841e+01
3.025000045000000171e+01,1.237874680361116830e+01
3.030000044999999886e+01,1.235875056772803404e+01
3.035000044999999957e+01,1.239329125645569363e+01
3.040000045000000028e+01,1.239116263228525305e+01
3.045000045000000100e+01,1.239150861963696038e+01
3.050000045000000171e+01,1.235675254805459566e+01
3.055000045999999969e+01,1.235974957756475234e+01
3.060000046000000040e+01,1.239749274966042591e+01
3.065000046000000111e+01,1.238206308855843929e+01
3.070000045999999827e+01,1.236646234320307336e+01
3.075000045999999898e+01,1.234911714947838846e+01
3.080000045999999969e+01,1.233918127870936843e+01
3.085000046000000040e+01,1.234578329784438466e+01
3.090000046000000111e+01,1.235052172064790277e+01
3.095000045999999827e+01,1.234874595775006512e+01
3.100000045999999898e+01,1.235810136408796467e+01
3.105000045999999969e+01,1.237873534707634171e+01
3.110000046000000040e+01,1.237619734272816352e+01
3.115000046000000111e+01,1.238463011612817510e+01
3.120000045999999827e+01,1.238084182194612204e+01
3.125000046999999981e+01,1.238831835657275882e+01
3.130000047000000052e+01,1.239422763723536924e+01
3.135000047000000123e+01,1.237562986236984308e+01
3.140000046999999839e+01,1.237958542196033918e+01
3.145000046999999910e+01,1.241201199812833877e+01
3.150000046999999981e+01,1.240665797752023281e+01
3.155000047000000052e+01,1.240974131292607119e+01
3.160000047000000123e+01,1.242683293534663314e+01
3.165000046999999839e+01,1.242510452612607175e+01
3.170000046999999910e+01,1.242957104716975003e+01
3.175000046999999981e+01,1.244841628318749116e+01
3.180000047000000052e+01,1.243180201638462634e+01
3.185000047000000123e+01,1.241488682460036408e+01
3.190000047999999921e+01,1.241982382734084567e+01
3.195000047999999992e+01,1.240713609690691932e+01
3.200000047999999708e+01,1.241591256635167362e+01
3.205000048000000135e+01,1.243569800199403197e+01
3.210000047999999850e+01,1.245186011755581390e+01
3.215000048000000277e+01,1.245845831784588498e+01
3.220000047999999992e+01,1.248169369800847406e+01
3.225000047999999708e+01,1.246069005082974890e+01
3.230000048000000135e+01,1.243662445377686154e+01
3.235000047999999850e+01,1.242533365682256630e+01
3.240000048000000277e+01,1.240897907147572887e+01
3.245000047999999992e+01,1.240454310119158166e+01
3.250000047999999708e+01,1.239345852186413488e+01
3.255000049000000217e+01,1.238005590365714248e+01
3.260000048999999933e+01,1.239523581229994953e+01
3.265000048999999649e+01,1.237015516626158806e+01
3.270000049000000075e+01,1.235225471248239693e+01
3.275000048999999791e+01,1.235119078228166956e+01
3.280000049000000217e+01,1.234134503625327284e+01
3.285000048999999933e+01,1.235390827234210143e+01
3.290000048999999649e+01,1.236867039934829648e+01
3.295000049000000075e+01,1.236626681834206387e+01
3.300000048999999791e+01,1.234938981500721766e+01
3.305000049000000217e+01,1.236284207819844916e+01
3.310000048999999933e+01,1.235555343074293866e+01
3.315000048999999649e+01,1.235210119491574332e+01
3.320000049000000075e+01,1.236378075028509116e+01
3.325000049999999874e+01,1.235895984043083118e+01
3.330000050000000300e+01,1.233822351239802018e+01
3.335000050000000016e+01,1.234534718575205403e+01
3.340000049999999732e+01,1.233906594959213265e+01
3.345000050000000158e+01,1.233871843470244833e+01
3.350000049999999874e+01,1.234490114466287558e+01
3.355000050000000300e+01,1.233320173129983388e+01
3.360000050000000016e+01,1.231513783095714132e+01
3.365000049999999732e+01,1.232696632127920999e+01
3.370000050000000158e+01,1.231782400648905273e+01
3.375000049999999874e+01,1.233106012305659149e+01
3.380000050000000300e+01,1.231399523255061901e+01
3.385000050000000016e+01,1.229866257011014952e+01
3.390000050999999814e+01,1.231200561433605323e+01
3.395000051000000241e+01,1.230266319207095371e+01
3.400000050999999957e+01,1.231965857959898969e+01
3.405000050999999672e+01,1.231401890938925447e+01
3.410000051000000099e+01,1.232431680665873941e+01
3.415000050999999814e+01,1.233368901591437705e+01
3.420000051000000241e+01,1.233525856118536979e+01
3.425000050999999957e+01,1.232248834370070512e+01
3.430000050999999672e+01,1.231385164398081500e+01
3.435000051000000099e+01,1.228157705784149378e+01
3.440000050999999814e+01,1.227892448814506565e+01
3.445000051000000241e+01,1.227674087260746738e+01
3.450000050999999957e+01,1.227829285119172731e+01
3.455000050999999672e+01,1.226765736802940943e+01
3.460000052000000181e+01,1.226244693599111102e+01
3.465000051999999897e+01,1.224328168076726442e+01
3.470000052000000323e+01,1.225713645021533971e+01
3.475000052000000039e+01,1.227370030826497604e+01
3.480000051999999755e+01,1.226515067820975347e+01
3.485000052000000181e+01,1.224651776997076524e+01
3.490000051999999897e+01,1.225262563057033915e+01
3.495000052000000323e+01,1.226932238442394230e+01
3.500000052000000039e+01,1.228058415815667814e+01
3.505000051999999755e+01,1.226264016954515590e+01
3.510000052000000181e+01,1.223362993206190019e+01
3.515000051999999897e+01,1.221274085023142320e+01
3.520000052000000323e+01,1.219753497344301429e+01
3.525000053000000122e+01,1.220449978284747949e+01
3.530000052999999838e+01,1.223114768284986908e+01
3.535000053000000264e+01,1.221265378056675566e+01
3.540000052999999980e+01,1.221346719453931406e+01
3.545000052999999696e+01,1.221488704108859302e+01
3.550000053000000122e+01,1.221608463086227658e+01
3.555000052999999838e+01,1.219893801707455339e+01
3.560000053000000264e+01,1.223035565440898509e+01
3.565000052999999980e+01,1.220178763916996623e+01
3.570000052999999696e+01,1.221827741162773506e+01
3.575000053000000122e+01,1.221231543090493155e+01
3.580000052999999838e+01,1.221064888697242168e+01
3.585000053000000264e+01,1.221298678384566117e+01
3.590000052999999980e+01,1.221979043799359133e+01
3.595000053999999778e+01,1.223508873082958814e+01
3.600000054000000205e+01,1.224784061785853062e+01
3.605000053999999921e+01,1.222570964765304957e+01
3.610000054000000347e+01,1.223395224257497027e+01
3.615000054000000063e+01,1.222433639101205571e+01
3.620000053999999778e+01,1.219698658730940366e+01
3.625000054000000205e+01,1.217487242002166425e+01
3.630000053999999921e+01,1.216410098597942913e+01
3.635000054000000347e+01,1.216054411380083344e+01
3.640000054000000063e+01,1.218275757105705281e+01
3.645000053999999778e+01,1.219629384883699963e+01
3.650000054000000205e+01,1.220256286469310680e+01
3.655000053999999921e+01,1.220772288797817851e+01
3.660000054999999719e+01,1.220207405254058486e+01
3.665000055000000145e+01,1.223179994156589245e+01
3.670000054999999861e+01,1.220963383798694935e+01
3.675000055000000287e+01,1.220432487974915503e+01
3.680000055000000003e+01,1.222303416488697358e+01
3.685000054999999719e+01,1.220959412199955629e+01
3.690000055000000145e+01,1.219597153832392955e+01
3.695000054999999861e+01,1.218942985693899139e+01
3.700000055000000287e+01,1.217969562118288884e+01
3.705000055000000003e+01,1.217691397452743907e+01
3.710000054999999719e+01,1.217497400129711238e+01
3.715000055000000145e+01,1.217165618881186084e+01
3.720000054999999861e+01,1.218540326683258535e+01
3.725000055999999660e+01,1.217980789522417240e+01
3.730000056000000086e+01,1.218267050139238350e+01
3.735000055999999802e+01,1.219470979195522986e+01
3.740000056000000228e+01,1.219898918959677125e+01
3.745000055999999944e+01,1.220411026066343929e+01
3.750000055999999660e+01,1.221529565749734481e+01
3.755000056000000086e+01,1.220148365911261301e+01
3.760000055999999802e+01,1.218800160893083984e+01
3.765000056000000228e+01,1.219787026802888619e+01
3.770000055999999944e+01,1.219426451463504080e+01
3.775000055999999660e+01,1.217528180019940542e+01
3.780000056000000086e+01,1.219763044456655443e+01
3.785000055999999802e+01,1.218540326683258535e+01
3.790000056000000228e+01,1.218004466361055016e+01
3.795000057000000027e+01,1.215356021017166022e+01
3.800000056999999742e+01,1.214708726799567273e+01
3.805000057000000169e+01,1.214979406529026740e+01
3.810000056999999885e+01,1.216131781178599880e+01
3.815000057000000311e+01,1.216025464535426082e+01
3.820000057000000027e+01,1.215066858078189327e+01
3.825000056999999742e+01,1.215093513615881449e+01
3.830000057000000169e+01,1.216130177263724299e+01
3.835000056999999885e+01,1.213781434870851150e+01
3.840000057000000311e+01,1.214187148957445395e+01
3.845000057000000027e+01,1.212788306055342247e+01
3.850000056999999742e+01,1.213665265607728116e+01
3.855000057000000169e+01,1.212812517532271883e+01
3.860000057999999967e+01,1.212929908825776160e+01
3.865000057999999683e+01,1.213535272125916542e+01
3.870000058000000109e+01,1.214546502266448691e+01
3.875000057999999825e+01,1.215294613990505468e+01
3.880000058000000251e+01,1.215445076481204012e+01
3.885000057999999967e+01,1.217641370584009053e+01
3.890000057999999683e+01,1.219438900898013678e+01
3.895000058000000109e+01,1.218936493657498588e+01
3.900000057999999825e+01,1.217818488612399719e+01
3.905000058000000251e+01,1.218091536025723265e+01
3.910000057999999967e+01,1.218876537791915382e+01
3.915000057999999683e+01,1.220307000730134916e+01
3.920000058000000109e+01,1.220767477053191463e+01
3.925000057999999825e+01,1.220138818798907643e+01
3.930000059000000334e+01,1.219475485432553974e+01
3.935000059000000050e+01,1.219535288544339302e+01
3.940000058999999766e+01,1.218768999118360519e+01
3.945000059000000192e+01,1.220008901693994652e+01
3.950000058999999908e+01,1.220170591588821551e+01
3.955000059000000334e+01,1.221531016910812184e+01
3.960000059000000050e+01,1.221939175058168914e+01
3.965000058999999766e+01,1.220542241578536569e+01
3.970000059000000192e+01,1.218689185259081498e+01
3.975000058999999908e+01,1.216738519262919205e+01
3.980000059000000334e+01,1.215481813769541830e+01
3.985000059000000050e+01,1.215964744900854910e+01
3.990000058999999766e+01,1.215237560447078202e+01
3.995000060000000275e+01,1.215239699000245288e+01
4.000000059999999991e+01,1.215360145369703027e+01
4.005000059999999706e+01,1.215832460112078373e+01
4.010000060000000133e+01,1.213867969897227539e+01
4.015000059999999849e+01,1.217579352542157523e+01
4.020000060000000275e+01,1.221037851275055708e+01
4.025000059999999991e+01,1.217318296301950831e+01
4.030000059999999706e+01,1.215537568905689092e+01
4.035000060000000133e+01,1.216978342725250783e+01
4.040000059999999849e+01,1.215847964622541255e+01
4.045000060000000275e+01,1.213942590127386190e+01
4.050000059999999991e+01,1.214504189464495809e+01
4.055000059999999706e+01,1.215456533016028473e+01
4.060000060000000133e+01,1.215835897072525817e+01
4.065000060999999931e+01,1.216909679893201002e+01
4.070000060999999647e+01,1.218102839806750204e+01
4.075000061000000073e+01,1.218369624314369659e+01
4.080000060999999789e+01,1.218383143025462623e+01
4.085000061000000215e+01,1.217466467485684412e+01
4.090000060999999931e+01,1.215962606347687647e+01
4.095000060999999647e+01,1.218297219014277033e+01
4.100000061000000073e+01,1.217939775127744362e+01
4.105000060999999789e+01,1.217615478815304897e+01
4.110000061000000215e+01,1.218234742711032759e+01
4.115000060999999931e+01,1.216542459763618211e+01
4.120000060999999647e+01,1.215548490802221870e+01
4.125000061000000073e+01,1.216408036421674232e+01
4.130000061999999872e+01,1.214857814506086697e+01
4.135000062000000298e+01,1.214610124223175269e+01
4.140000062000000014e+01,1.214558569816463951e+01
4.145000061999999730e+01,1.212512203566065594e+01
4.150000062000000156e+01,1.214350595520945220e+01
4.155000061999999872e+01,1.213435600272940995e+01
4.160000062000000298e+01,1.212129402549120982e+01
4.165000062000000014e+01,1.214419105599197302e+01
4.170000061999999730e+01,1.213370527155136536e+01
4.175000062000000156e+01,1.212655257497577388e+01
4.180000061999999872e+01,1.213536112271803802e+01
4.185000062000000298e+01,1.212559098981948402e+01
4.190000062000000014e+01,1.215731642605620522e+01
4.195000062999999813e+01,1.217278045676266451e+01
4.200000063000000239e+01,1.219640383157131680e+01
4.205000062999999955e+01,1.220415074041981818e+01
4.210000062999999670e+01,1.219449899171445395e+01
4.215000063000000097e+01,1.220878376310295188e+01
4.220000062999999813e+01,1.222459072608516806e+01
4.225000063000000239e+01,1.224888621760353935e+01
4.230000062999999955e+01,1.227151440142041317e+01
4.235000062999999670e+01,1.227116765029971646e+01
4.240000063000000097e+01,1.226880302151188573e+01
4.245000062999999813e+01,1.226502923894061148e+01
4.250000063000000239e+01,1.226682485983214477e+01
4.255000062999999955e+01,1.228746953558636079e+01
4.260000062999999670e+01,1.225623825788508015e+01
4.265000064000000179e+01,1.223327630702030788e+01
4.270000063999999895e+01,1.221680180994230547e+01
4.275000064000000322e+01,1.223755875973780505e+01
4.280000064000000037e+01,1.223794522684589303e+01
4.285000063999999753e+01,1.225371247384071438e+01
4.290000064000000179e+01,1.223976757965201756e+01
4.295000063999999895e+01,1.222231393073099248e+01
4.300000064000000322e+01,1.221435393033475059e+01
4.305000064000000037e+01,1.221742733674373760e+01
4.310000063999999753e+01,1.221145771833105087e+01
4.315000064000000179e+01,1.220861878900147346e+01
4.320000063999999895e+01,1.222491609167418858e+01
4.325000064000000322e+01,1.221443259854054553e+01
4.330000065000000120e+01,1.223449375478768708e+01
4.335000064999999836e+01,1.222833701297286169e+01
4.340000065000000262e+01,1.222798491546924637e+01
4.345000064999999978e+01,1.226674466408837105e+01
4.350000064999999694e+01,1.228053374940345144e+01
4.355000065000000120e+01,1.228047799426730435e+01
4.360000064999999836e+01,1.224541412378264660e+01
4.365000065000000262e+01,1.223801243851686493e+01
4.370000064999999978e+01,1.225762067975393421e+01
4.375000064999999694e+01,1.226358266047673595e+01
4.380000065000000120e+01,1.226111568664447482e+01
4.385000064999999836e+01,1.227821952936885097e+01
4.390000065000000262e+01,1.227262568529841325e+01
4.395000064999999978e+01,1.227469779056371735e+01
4.400000065999999777e+01,1.226933536849674411e+01
4.405000066000000203e+01,1.226236979532328952e+01
4.410000065999999919e+01,1.228788273460904001e+01
4.415000066000000345e+01,1.228503005743767496e+01
4.420000066000000061e+01,1.230066364485954011e+01
4.425000065999999777e+01,1.231145799197142843e+01
4.430000066000000203e+01,1.230985407709596124e+01
4.435000065999999919e+01,1.230836396379975639e+01
4.440000066000000345e+01,1.231441759680115666e+01
4.445000066000000061e+01,1.233972966484297906e+01
4.450000065999999777e+01,1.231205525932029055e+01
4.455000066000000203e+01,1.231095161313217368e+01
4.460000065999999919e+01,1.231643394693031368e+01
4.465000066999999717e+01,1.233923627007652790e+01
4.470000067000000143e+01,1.234433671938050914e+01
4.475000066999999859e+01,1.234191328038057911e+01
4.480000067000000286e+01,1.231364466258498069e+01
4.485000067000000001e+01,1.232026883102065540e+01
4.490000066999999717e+01,1.234690985710214939e+01
4.495000067000000143e+01,1.236007494315377642e+01
4.500000066999999859e+01,1.237370669205726159e+01
4.505000067000000286e+01,1.239186682729248190e+01
4.510000067000000001e+01,1.239206693476741883e+01
4.515000066999999717e+01,1.239030491971137238e+01
4.520000067000000143e+01,1.237268095030595205e+01
4.525000066999999859e+01,1.236498903282460837e+01
4.530000067999999658e+01,1.236651962587719744e+01
4.535000068000000084e+01,1.236765000397990555e+01
4.540000067999999800e+01,1.236215774118491595e+01
4.545000068000000226e+01,1.236125802131667761e+01
4.550000067999999942e+01,1.234474839086521492e+01
4.555000067999999658e+01,1.235479118929259634e+01
4.560000068000000084e+01,1.238386558337086818e+01
4.565000067999999800e+01,1.238218605536555827e+01
4.570000068000000226e+01,1.239838559560777043e+01
4.575000067999999942e+01,1.239986807121409385e+01
4.580000067999999658e+01,1.241085412434204827e+01
4.585000068000000084e+01,1.239009335570161063e+01
4.590000067999999800e+01,1.234854508650613880e+01
4.595000068000000226e+01,1.236111825159181521e+01
4.600000069000000025e+01,1.236023151579638046e+01
4.605000068999999741e+01,1.237059127835391692e+01
4.610000069000000167e+01,1.237248007906202396e+01
4.615000068999999883e+01,1.239901264994717778e+01
4.620000069000000309e+01,1.237314990446477836e+01
4.625000069000000025e+01,1.235309027575561380e+01
4.630000068999999741e+01,1.236642568229163253e+01
4.635000069000000167e+01,1.236800362902149608e+01
4.640000068999999883e+01,1.239330958691141227e+01
4.645000069000000309e+01,1.239152695009268079e+01
4.650000069000000025e+01,1.239897980788068033e+01
4.655000068999999741e+01,1.240937012119774785e+01
4.660000069000000167e+01,1.243084272253529932e+01
4.665000069999999965e+01,1.243166988434964537e+01
4.670000069999999681e+01,1.243026225810417706e+01
4.675000070000000107e+01,1.243184478744796984e+01
4.680000069999999823e+01,1.241545506872767035e+01
4.685000070000000250e+01,1.243039209883219165e+01
4.690000069999999965e+01,1.246618460493170311e+01
4.695000069999999681e+01,1.245549031155728770e+01
4.700000070000000107e+01,1.246149429957444710e+01
4.705000069999999823e+01,1.245945045376170945e+01
4.710000070000000250e+01,1.244371299375743334e+01
4.715000069999999965e+01,1.241651518008345612e+01
4.720000069999999681e+01,1.241982229980286867e+01
4.725000070000000107e+01,1.242703686166651522e+01
4.730000069999999823e+01,1.243173327717567744e+01
4.735000071000000332e+01,1.243321957162694247e+01
4.740000071000000048e+01,1.243890735928294333e+01
4.745000070999999764e+01,1.244972309192650073e+01
4.750000071000000190e+01,1.245015462140490214e+01
4.755000070999999906e+01,1.244097946454824744e+01
4.760000071000000332e+01,1.244380999241894870e+01
4.765000071000000048e+01,1.247697818827460203e+01
4.770000070999999764e+01,1.249079400550427366e+01
4.775000071000000190e+01,1.249083830410559770e+01
4.780000070999999906e+01,1.249807883411484433e+01
4.785000071000000332e+01,1.250481374905382381e+01
4.790000071000000048e+01,1.250469689239861282e+01
4.795000070999999764e+01,1.250434784997095328e+01
4.800000072000000273e+01,1.250999897671551153e+01
4.805000071999999989e+01,1.253260501123172510e+01
4.810000071999999705e+01,1.252221164283870536e+01
4.815000072000000131e+01,1.249982175494618453e+01
4.820000071999999847e+01,1.248061296489000505e+01
4.825000072000000273e+01,1.248122092500470437e+01
4.830000071999999989e+01,1.248142867016952806e+01
4.835000071999999705e+01,1.248512836714893659e+01
4.840000072000000131e+01,1.247674676627114287e+01
4.845000071999999847e+01,1.245773044600001889e+01
4.850000072000000273e+01,1.244492051252796294e+01
4.855000071999999989e+01,1.243794959297159153e+01
4.860000071999999705e+01,1.242024848289834971e+01
4.865000072000000131e+01,1.240343410862054441e+01
4.870000072999999929e+01,1.240206696213145854e+01
4.875000072999999645e+01,1.239081664493354396e+01
4.880000073000000071e+01,1.240165376310877754e+01
4.885000072999999787e+01,1.239493946993248130e+01
4.890000073000000214e+01,1.239474165376450898e+01
4.895000072999999929e+01,1.239810223731310224e+01
4.900000072999999645e+01,1.238783489080315547e+01
4.905000073000000071e+01,1.239448197230847981e+01
4.910000072999999787e+01,1.240522896574309009e+01
4.915000073000000214e+01,1.241059138781006688e+01
4.920000072999999929e+01,1.239192258242862898e+01
4.925000072999999645e+01,1.237483707015997147e+01
4.930000073000000071e+01,1.238433759260565026e+01
4.935000073999999870e+01,1.238295822581274841e+01
4.940000074000000296e+01,1.236504478796075546e+01
4.945000074000000012e+01,1.236301927260374001e+01
4.950000073999999728e+01,1.238095715106335781e+01
4.955000074000000154e+01,1.238190498837786002e+01
4.960000073999999870e+01,1.235910953915254140e+01
4.965000074000000296e+01,1.234506306368839823e+01
4.970000074000000012e+01,1.234387005652864922e+01
4.975000073999999728e+01,1.233180708912716561e+01
4.980000074000000154e+01,1.233079204014169150e+01
4.985000073999999870e+01,1.234425499609875843e+01
4.990000074000000296e+01,1.234309101216056526e+01
4.995000074000000012e+01,1.233094632147733094e+01
5.000000074999999811e+01,1.230636288905036402e+01
5.005000075000000237e+01,1.229110431220176203e+01
5.010000074999999953e+01,1.225283490327313807e+01
5.015000074999999669e+01,1.225890915803722514e+01
5.020000075000000095e+01,1.226756953459575250e+01
5.025000074999999811e+01,1.227632232720186956e+01
5.030000075000000237e+01,1.229734277729833636e+01
5.035000074999999953e+01,1.230141290223708062e+01
5.040000074999999669e+01,1.228734809631721880e+01
5.045000075000000095e+01,1.228724957011772467e+01
5.050000074999999811e+01,1.228344905563185918e+01
5.055000075000000237e+01,1.227835166140383016e+01
5.060000074999999953e+01,1.229828450446093235e+01
5.065000074999999669e+01,1.228433579142729393e+01
5.070000076000000178e+01,1.228383781404691177e+01
5.075000075999999893e+01,1.228398063884772640e+01
5.080000076000000320e+01,1.226944382369308428e+01
5.085000076000000035e+01,1.227199557588305190e+01
5.090000075999999751e+01,1.228021525773532296e+01
5.095000076000000178e+01,1.227860752401491418e+01
5.100000075999999893e+01,1.225876175062247952e+01
5.105000076000000320e+01,1.227200474111091388e+01
5.110000076000000035e+01,1.227170457989850583e+01
5.115000075999999751e+01,1.226638798397082653e+01
5.120000076000000178e+01,1.227344215434692387e+01
5.125000075999999893e+01,1.227400046947738588e+01
5.130000076000000320e+01,1.229522408212474360e+01
5.135000077000000118e+01,1.227658811880980316e+01
5.140000076999999834e+01,1.225898171609111564e+01
5.145000077000000260e+01,1.227589003395448053e+01
5.150000076999999976e+01,1.227486276466519399e+01
5.155000076999999692e+01,1.227755352281103640e+01
5.160000077000000118e+01,1.226775207538396195e+01
5.165000076999999834e+01,1.227661026811046519e+01
5.170000077000000260e+01,1.227191767144624279e+01
5.175000076999999976e+01,1.227097365297668397e+01
5.180000076999999692e+01,1.228261883874155735e+01
5.185000077000000118e+01,1.227401421731917353e+01
5.190000076999999834e+01,1.225851428947026633e+01
5.195000077000000260e+01,1.224706921118032987e+01
5.200000076999999976e+01,1.225852269092913716e+01
5.205000077999999775e+01,1.227047185675136021e+01
5.210000078000000201e+01,1.226721438201618675e+01
5.215000077999999917e+01,1.225048478609608438e+01
5.220000078000000343e+01,1.226301441634943146e+01
5.225000078000000059e+01,1.224539732086490318e+01
5.230000077999999775e+01,1.224014335399427011e+01
5.235000078000000201e+01,1.224306018776065308e+01
5.240000077999999917e+01,1.225906038429691058e+01
5.245000078000000343e+01,1.225019913649445513e+01
5.250000078000000059e+01,1.225921161055659780e+01
5.255000077999999775e+01,1.229102182515102548e+01
5.260000078000000201e+01,1.230460011022532818e+01
5.265000077999999917e+01,1.231122504242999227e+01
5.270000078999999715e+01,1.228889472851856013e+01
5.275000079000000142e+01,1.230403797624992634e+01
5.280000078999999857e+01,1.232861606229397644e+01
5.285000079000000284e+01,1.233055909060025535e+01
5.290000078999999999e+01,1.233786912358744026e+01
5.295000078999999715e+01,1.232915833827568086e+01
5.300000079000000142e+01,1.232085998821761486e+01
5.305000078999999857e+01,1.232635530608855667e+01
5.310000079000000284e+01,1.232429007474414639e+01
5.315000078999999999e+01,1.232999772039384112e+01
5.320000078999999715e+01,1.234053009474273743e+01
5.325000079000000142e+01,1.234426492509560980e+01
5.330000078999999857e+01,1.234609338805363876e+01
5.335000079000000284e+01,1.234363176060429268e+01
5.340000080000000082e+01,1.233007867990660422e+01
5.345000079999999798e+01,1.232698694304189502e+01
5.350000080000000224e+01,1.233789432796405272e+01
5.355000079999999940e+01,1.237093802947461008e+01
5.360000079999999656e+01,1.237287723893594915e+01
5.365000080000000082e+01,1.240373808867789585e+01
5.370000079999999798e+01,1.237845428008864168e+01
5.375000080000000224e+01,1.237634780521886313e+01
5.380000079999999940e+01,1.237535032292011827e+01
5.385000079999999656e+01,1.235878188225655272e+01
5.390000080000000082e+01,1.238941742014694825e+01
5.395000079999999798e+01,1.237751026161908285e+01
5.400000080000000224e+01,1.240259930911631514e+01
5.405000081000000023e+01,1.239967331012207374e+01
5.410000080999999739e+01,1.239594917253503858e+01
5.415000081000000165e+01,1.238315375067375790e+01
5.420000080999999881e+01,1.239581016657916379e+01
5.425000081000000307e+01,1.239882170770009751e+01
5.430000081000000023e+01,1.243530771604100238e+01
5.435000080999999739e+01,1.244706288454019294e+01
5.440000081000000165e+01,1.243692155991331738e+01
5.445000080999999881e+01,1.244948555977113536e+01
5.450000081000000307e+01,1.246198693057191065e+01
5.455000081000000023e+01,1.246220231342661755e+01
5.460000080999999739e+01,1.247926796770157765e+01
5.465000081000000165e+01,1.246047237666807739e+01
5.470000081999999964e+01,1.247185329836299417e+01
5.475000081999999679e+01,1.248400868181206391e+01
5.480000082000000106e+01,1.249259497277872555e+01
5.485000081999999821e+01,1.249897626267611628e+01
5.490000082000000248e+01,1.248481293055676211e+01
5.495000081999999964e+01,1.250156620331549995e+01
5.500000081999999679e+01,1.251281346543745876e+01
5.505000082000000106e+01,1.251214058495875392e+01
5.510000081999999821e+01,1.250556758904529531e+01
5.515000082000000248e+01,1.251266529425372731e+01
5.520000081999999964e+01,1.250879451302093415e+01
5.525000081999999679e+01,1.252931545819904180e+01
5.530000082000000106e+01,1.255199175946218304e+01
5.535000081999999821e+01,1.257530733536854228e+01
5.540000083000000330e+01,1.258323067485334690e+01
5.545000083000000046e+01,1.258231262452938815e+01
5.550000082999999762e+01,1.256790412256478362e+01
5.555000083000000188e+01,1.257914221945888400e+01
5.560000082999999904e+01,1.259681965269348680e+01
5.565000083000000330e+01,1.258692197037388461e+01
5.570000083000000046e+01,1.260312991207496580e+01
5.575000082999999762e+01,1.263155586628215765e+01
5.580000083000000188e+01,1.262950743785548902e+01
5.585000082999999904e+01,1.265599876521527101e+01
5.590000083000000330e+01,1.267821756885441076e+01
5.595000083000000046e+01,1.268821835998743808e+01
5.600000082999999762e+01,1.268612486919045956e+01
5.605000084000000271e+01,1.270443088430244671e+01
5.610000083999999987e+01,1.267829318198425348e+01
5.615000083999999703e+01,1.268044777430029590e+01
5.620000084000000129e+01,1.270287890571818501e+01
5.625000083999999845e+01,1.268718803562219755e+01
5.630000084000000271e+01,1.271203344081215825e+01
5.635000083999999987e+01,1.271552386508876786e+01
5.640000083999999703e+01,1.269438121195416791e+01
5.645000084000000129e+01,1.273443402147051451e+01
5.650000083999999845e+01,1.275241543476246875e+01
5.655000084000000271e+01,1.276030745971874936e+01
5.660000083999999987e+01,1.273719886520822264e+01
5.665000083999999703e+01,1.272879817010572090e+01
5.670000084000000129e+01,1.274227563767356841e+01
5.675000084999999928e+01,1.276546290038989184e+01
5.680000085000000354e+01,1.276941311359746756e+01
5.685000085000000070e+01,1.275342055475109326e+01
5.690000084999999785e+01,1.276996149973107997e+01
5.695000085000000212e+01,1.276281644084537170e+01
5.700000084999999928e+01,1.274704079239167953e+01
5.705000085000000354e+01,1.271024393007252939e+01
5.710000085000000070e+01,1.273112002783020458e+01
5.715000084999999785e+01,1.275425917310026414e+01
5.720000085000000212e+01,1.275015085971210738e+01
5.725000084999999928e+01,1.274545826304788676e+01
5.730000085000000354e+01,1.274590277659908466e+01
5.735000085000000070e+01,1.273775030641778727e+01
5.740000085999999868e+01,1.273012483683842788e+01
5.745000086000000294e+01,1.270540545353154194e+01
5.750000086000000010e+01,1.269690470469157084e+01
5.755000085999999726e+01,1.268951218465364583e+01
5.760000086000000152e+01,1.269436364526743688e+01
5.765000085999999868e+01,1.269342039056686566e+01
5.770000086000000294e+01,1.270178213345096374e+01
5.775000086000000010e+01,1.270027139839207031e+01
5.780000085999999726e+01,1.269688255539090704e+01
5.785000086000000152e+01,1.268917154368485711e+01
5.790000085999999868e+01,1.271712090604333767e+01
5.795000086000000294e+01,1.271348536565894705e+01
5.800000086000000010e+01,1.270155300275446741e+01
5.805000086999999809e+01,1.269442321924852735e+01
5.810000087000000235e+01,1.270053260738607470e+01
5.815000086999999951e+01,1.268247328965731491e+01
5.820000086999999667e+01,1.268212119215369960e+01
5.825000087000000093e+01,1.267909895826692868e+01
5.830000086999999809e+01,1.270761961982867128e+01
5.835000087000000235e+01,1.271308667824704663e+01
5.840000086999999951e+01,1.268993989528710387e+01
5.845000086999999667e+01,1.271108713103563304e+01
5.850000087000000093e+01,1.272961693046119613e+01
5.855000086999999809e+01,1.273060066491815157e+01
5.860000087000000235e+01,1.270246647046449517e+01
5.865000086999999951e+01,1.270520840113255545e+01
5.870000086999999667e+01,1.270666490859327524e+01
5.875000088000000176e+01,1.269410396381140949e+01
5.880000087999999892e+01,1.268051116712632620e+01
5.885000088000000318e+01,1.267584759368366143e+01
5.890000088000000034e+01,1.268655716243784681e+01
5.895000087999999749e+01,1.267584530237669682e+01
5.900000088000000176e+01,1.266272909754032661e+01
5.905000087999999892e+01,1.266031100492331340e+01
5.910000088000000318e+01,1.266194623432730104e+01
5.915000088000000034e+01,1.268383432599449812e+01
5.920000087999999749e+01,1.269399474484607993e+01
5.925000088000000176e+01,1.266522738590110997e+01
5.930000087999999892e+01,1.265240752343220443e+01
5.935000088000000318e+01,1.265192711273855508e+01
5.940000089000000116e+01,1.263816628687604293e+01
5.945000088999999832e+01,1.263511502976771439e+01
5.950000089000000258e+01,1.265087005645872331e+01
5.955000088999999974e+01,1.264339352183208476e+01
5.960000088999999690e+01,1.261531431874558962e+01
5.965000089000000116e+01,1.260886581717722699e+01
5.970000088999999832e+01,1.260430458877899618e+01
5.975000089000000258e+01,1.262051253048007560e+01
5.980000088999999974e+01,1.259045898455878110e+01
5.985000088999999690e+01,1.257616810301837695e+01
5.990000089000000116e+01,1.259422512944017214e+01
5.995000088999999832e+01,1.261004049388126091e+01
6.000000089000000258e+01,1.260200335281719575e+01
6.005000088999999974e+01,1.256804465605863363e+01
6.010000089999999773e+01,1.254145556626834512e+01
6.015000090000000199e+01,1.253758402126656613e+01
6.020000089999999915e+01,1.254544244038736167e+01
6.025000090000000341e+01,1.253733197750042194e+01
6.030000090000000057e+01,1.255029084592520050e+01
6.035000089999999773e+01,1.253999905880762533e+01
6.040000090000000199e+01,1.254137078791064219e+01
6.045000089999999915e+01,1.252148988114474548e+01
6.050000090000000341e+01,1.253673318261358105e+01
6.055000090000000057e+01,1.252570894103620880e+01
6.060000089999999773e+01,1.250719976337332895e+01
6.065000090000000199e+01,1.251772984641525888e+01
6.070000089999999915e+01,1.249092842884621568e+01
6.075000090999999713e+01,1.246362827012780450e+01
6.080000091000000140e+01,1.247484956410416324e+01
6.085000090999999856e+01,1.245330287717474427e+01
6.090000091000000282e+01,1.246755251518977836e+01
6.095000090999999998e+01,1.247394144277705408e+01
6.100000090999999713e+01,1.246812152308607580e+01
6.105000091000000140e+01,1.245619985294743159e+01
6.110000090999999856e+01,1.245600432808642211e+01
6.115000091000000282e+01,1.246318299280761899e+01
6.120000090999999998e+01,1.243711555723634987e+01
6.125000090999999713e+01,1.243094201250378106e+01
6.130000091000000140e+01,1.245184866102098908e+01
6.135000090999999856e+01,1.246004772111057513e+01
6.140000091000000282e+01,1.245067551185493393e+01
6.145000092000000080e+01,1.245505649077192167e+01
6.150000091999999796e+01,1.244664281159661812e+01
6.155000092000000222e+01,1.245667338972018889e+01
6.160000091999999938e+01,1.243929459016001715e+01
6.165000091999999654e+01,1.246416443595760448e+01
6.170000092000000080e+01,1.247846448272586706e+01
6.175000091999999796e+01,1.246160810115370765e+01
6.180000092000000222e+01,1.246294927949719167e+01
6.185000091999999938e+01,1.248431724448334457e+01
6.190000091999999654e+01,1.249278820633277043e+01
6.195000092000000080e+01,1.249326403441249056e+01
6.200000091999999796e+01,1.250592274162486284e+01
6.205000092000000222e+01,1.250030980332971886e+01
6.210000093000000021e+01,1.248223750152815548e+01
6.215000092999999737e+01,1.245824446252915862e+01
6.220000093000000163e+01,1.243216786173002930e+01
6.225000092999999879e+01,1.244368397053587749e+01
6.230000093000000305e+01,1.243677338872958238e+01
6.235000093000000021e+01,1.243096798064938291e+01
6.240000092999999737e+01,1.241226404189448296e+01
6.245000093000000163e+01,1.241402300187457719e+01
6.250000092999999879e+01,1.243294003217721944e+01
6.255000093000000305e+01,1.242406656407094800e+01
6.260000093000000021e+01,1.240951218222957309e+01
6.265000092999999737e+01,1.238383121376639728e+01
6.270000093000000163e+01,1.236496611975495874e+01
6.275000093999999962e+01,1.238460262044459448e+01
6.280000093999999677e+01,1.237745603402091099e+01
6.285000094000000104e+01,1.237178352174467832e+01
6.290000093999999820e+01,1.235524410430266862e+01
6.295000094000000246e+01,1.232300617907478646e+01
6.300000093999999962e+01,1.231137779622765471e+01
6.305000093999999677e+01,1.232910563821548777e+01
6.310000094000000104e+01,1.233740780711849716e+01
6.315000093999999820e+01,1.237750949785009347e+01
6.320000094000000246e+01,1.236086620782567103e+01
6.325000093999999962e+01,1.235234941983694590e+01
6.330000093999999677e+01,1.232879402046825490e+01
6.335000094000000104e+01,1.233186589933926669e+01
6.340000093999999820e+01,1.230821044623310456e+01
6.345000095000000329e+01,1.230384550646487085e+01
6.350000095000000044e+01,1.230239969176998649e+01
6.355000094999999760e+01,1.230931714749717720e+01
6.360000095000000186e+01,1.230615972649947132e+01
6.365000094999999902e+01,1.232790117452091039e+01
6.370000095000000329e+01,1.229723584963997318e+01
6.375000095000000044e+01,1.228745807905153420e+01
6.380000094999999760e+01,1.230900247467398856e+01
6.385000095000000186e+01,1.230492318450738765e+01
6.390000094999999902e+01,1.232460322002935804e+01
6.395000095000000329e+01,1.232880165815813811e+01
6.400000095000000044e+01,1.230477577709264025e+01
6.405000094999999760e+01,1.230896199491760612e+01
6.410000096000000269e+01,1.229291826354901573e+01
6.415000095999999985e+01,1.230508128468796869e+01
6.420000095999999701e+01,1.229198952045922333e+01
6.425000095999999417e+01,1.229159465189226097e+01
6.430000096000000553e+01,1.230187880131995470e+01
6.435000096000000269e+01,1.229648277341749285e+01
6.440000095999999985e+01,1.229600236272383995e+01
6.445000095999999701e+01,1.231336130429031428e+01
6.450000095999999417e+01,1.230598940601507429e+01
6.455000096000000553e+01,1.231711446509890706e+01
6.460000096000000269e+01,1.230793701693528597e+01
6.465000095999999985e+01,1.230978533788701235e+01
6.470000095999999701e+01,1.231660426741471248e+01
6.475000095999999417e+01,1.229460924808915223e+01
6.480000096999999926e+01,1.228332914390069242e+01
6.485000096999999641e+01,1.225479397072817100e+01
6.490000096999999357e+01,1.226508804915270900e+01
6.495000097000000494e+01,1.226539508428601621e+01
6.500000097000000210e+01,1.225069329502989746e+01
6.505000096999999926e+01,1.225439910216121042e+01
6.510000096999999641e+01,1.224010211046890007e+01
6.515000096999999357e+01,1.223982868117108325e+01
6.520000097000000494e+01,1.223309453000108959e+01
6.525000097000000210e+01,1.225582887770734075e+01
6.530000096999999926e+01,1.223423025448671630e+01
6.535000096999999641e+01,1.221756481516163539e+01
6.540000096999999357e+01,1.221593569590955397e+01
6.545000097999999866e+01,1.222151579213819872e+01
6.550000097999999582e+01,1.220752659934818141e+01
6.555000097999999298e+01,1.221052362885833809e+01
6.560000098000000435e+01,1.222858982050799526e+01
6.565000098000000150e+01,1.221222683370228701e+01
6.570000097999999866e+01,1.221247123977854798e+01
6.575000097999999582e+01,1.220867225283065771e+01
6.580000097999999298e+01,1.221214434665154691e+01
6.585000098000000435e+01,1.221580967402648277e+01
6.590000098000000150e+01,1.219275377957614914e+01
6.595000097999999866e+01,1.219989425584792819e+01
6.600000097999999582e+01,1.220777406050039637e+01
6.605000097999999298e+01,1.222154863420469617e+01
6.610000098000000435e+01,1.223346877680536515e+01
6.615000098999999523e+01,1.222377120196069988e+01
6.620000099000000660e+01,1.219772667945908395e+01
6.625000099000000375e+01,1.220283018383901918e+01
6.630000099000000091e+01,1.219066410762411223e+01
6.635000098999999807e+01,1.216190285883104849e+01
6.640000098999999523e+01,1.214458516078994421e+01
6.645000099000000660e+01,1.215690169949554900e+01
6.650000099000000375e+01,1.214475624504332707e+01
6.655000099000000091e+01,1.212762032402144108e+01
6.660000098999999807e+01,1.215244510744871675e+01
6.665000098999999523e+01,1.214766925996476843e+01
6.670000099000000660e+01,1.212018121407523097e+01
6.675000099000000375e+01,1.211960685979601671e+01
6.680000099999999463e+01,1.210443458884309287e+01
6.685000100000000600e+01,1.210991157625831782e+01
6.690000100000000316e+01,1.211528469109113004e+01
6.695000100000000032e+01,1.211919747961827909e+01
6.700000099999999748e+01,1.211965192216632659e+01
6.705000099999999463e+01,1.210327824259478291e+01
6.710000100000000600e+01,1.209231510253647635e+01
6.715000100000000316e+01,1.209762711585022110e+01
6.720000100000000032e+01,1.210030870876820330e+01
6.725000099999999748e+01,1.211918144046952328e+01
6.730000099999999463e+01,1.209052177295190766e+01
6.735000100000000600e+01,1.207419544705763670e+01
6.740000100000000316e+01,1.211215934839093755e+01
6.745000100999999404e+01,1.212242287605594271e+01
6.750000101000000541e+01,1.210425510313083919e+01
6.755000101000000257e+01,1.211789678103117396e+01
6.760000100999999972e+01,1.212267721112905328e+01
6.765000100999999688e+01,1.210460338178951289e+01
6.770000100999999404e+01,1.209991460397023388e+01
6.775000101000000541e+01,1.208700690806767142e+01
6.780000101000000257e+01,1.207895601916181860e+01
6.785000100999999972e+01,1.206935238790271825e+01
6.790000100999999688e+01,1.206704122294407000e+01
6.795000100999999404e+01,1.206471783768160755e+01
6.800000101000000541e+01,1.205728331034932843e+01
6.805000101000000257e+01,1.204096156706898846e+01
6.810000100999999972e+01,1.203305426673293965e+01
6.815000102000000481e+01,1.203691741027584960e+01
6.820000102000000197e+01,1.204639654718985398e+01
6.825000101999999913e+01,1.204230961933336808e+01
6.830000101999999629e+01,1.203805466229945331e+01
6.835000101999999345e+01,1.203367139207549918e+01
6.840000102000000481e+01,1.201005336364976550e+01
6.845000102000000197e+01,1.200920176122779282e+01
6.850000101999999913e+01,1.201020535367844211e+01
6.855000101999999629e+01,1.201334368045143641e+01
6.860000101999999345e+01,1.202278921152995572e+01
6.865000102000000481e+01,1.198707231856028876e+01
6.870000102000000197e+01,1.198785059915938334e+01
6.875000101999999913e+01,1.196385374131544310e+01
6.880000103000000422e+01,1.196980350173443597e+01
6.885000103000000138e+01,1.196363530338478576e+01
6.890000102999999854e+01,1.193798641321911624e+01
6.895000102999999569e+01,1.194870056458722907e+01
6.900000103000000706e+01,1.194389034749880629e+01
6.905000103000000422e+01,1.193017687531357041e+01
6.910000103000000138e+01,1.191954979361012334e+01
6.915000102999999854e+01,1.190299739209531182e+01
6.920000102999999569e+01,1.192209696318615997e+01
6.925000103000000706e+01,1.194171818849603284e+01
6.930000103000000422e+01,1.192630151146684980e+01
6.935000103000000138e+01,1.192304403673167457e+01
6.940000102999999854e+01,1.191936954412888205e+01
6.945000102999999569e+01,1.188768306011056453e+01
6.950000104000000078e+01,1.186109549785825124e+01
6.955000103999999794e+01,1.184580789778809340e+01
6.960000103999999510e+01,1.185315917430064658e+01
6.965000104000000647e+01,1.184779904354063618e+01
6.970000104000000363e+01,1.184427883227348133e+01
6.975000104000000078e+01,1.183798079319581653e+01
6.980000103999999794e+01,1.183479740405251235e+01
6.985000103999999510e+01,1.184785327113880626e+01
6.990000104000000647e+01,1.184341730085465905e+01
6.995000104000000363e+01,1.184425744674180869e+01
7.000000104000000078e+01,1.184674198726080618e+01
7.005000103999999794e+01,1.181994973491962497e+01
7.010000103999999510e+01,1.179150163141177110e+01
7.015000105000000019e+01,1.179850081042071075e+01
7.020000104999999735e+01,1.177752007631163522e+01
7.025000104999999451e+01,1.174384244654077314e+01
7.030000105000000588e+01,1.171579761305875245e+01
7.035000105000000303e+01,1.168612671540060433e+01
7.040000105000000019e+01,1.169672019126856455e+01
7.045000104999999735e+01,1.171533171397588013e+01
7.050000104999999451e+01,1.169543247675426301e+01
7.055000105000000588e+01,1.169243773855106916e+01
7.060000105000000303e+01,1.166946356738248802e+01
7.065000105000000019e+01,1.165193125025566268e+01
7.070000104999999735e+01,1.164980338985421149e+01
7.075000104999999451e+01,1.163009509487967286e+01
7.080000105999999960e+01,1.163040442131994290e+01
7.085000105999999676e+01,1.162169287223919589e+01
7.090000105999999391e+01,1.160393295195385299e+01
7.095000106000000528e+01,1.160514887218325519e+01
7.100000106000000244e+01,1.157860484476327834e+01
7.105000105999999960e+01,1.157163927158982553e+01
7.110000105999999676e+01,1.156812364293659989e+01
7.115000105999999391e+01,1.154908059075088467e+01
7.120000106000000528e+01,1.151166965816512899e+01
7.125000106000000244e+01,1.148428472108901488e+01
7.130000105999999960e+01,1.148243869144425311e+01
7.135000105999999676e+01,1.147000300477646917e+01
7.140000105999999391e+01,1.145854494241373267e+01
7.145000106000000528e+01,1.145084156839756773e+01
7.150000106999999616e+01,1.145254019062758388e+01
7.155000106999999332e+01,1.144146248522102916e+01
7.160000107000000469e+01,1.141586476757757751e+01
7.165000107000000185e+01,1.138864480460293827e+01
7.170000106999999900e+01,1.135879136615658247e+01
7.175000106999999616e+01,1.136011497781333546e+01
7.180000106999999332e+01,1.135887767205226240e+01
7.185000107000000469e+01,1.135248034300611764e+01
7.190000107000000185e+01,1.129944651576433046e+01
7.195000106999999900e+01,1.130490364518585800e+01
7.200000106999999616e+01,1.132370916521620607e+01
7.205000106999999332e+01,1.129570939410449526e+01
7.210000107000000469e+01,1.130069756936719294e+01
7.215000107999999557e+01,1.129474780894820363e+01
7.220000108000000694e+01,1.126392743896263759e+01
7.225000108000000409e+01,1.125781346821115925e+01
7.230000108000000125e+01,1.126678087990299026e+01
7.235000107999999841e+01,1.124653718286764104e+01
7.240000107999999557e+01,1.124096625186685472e+01
7.245000108000000694e+01,1.123187434582992772e+01
7.250000108000000409e+01,1.119608947742029770e+01
7.255000108000000125e+01,1.118846400784094008e+01
7.260000107999999841e+01,1.117040163503622452e+01
7.265000107999999557e+01,1.115874041012259532e+01
7.270000108000000694e+01,1.115649340175896853e+01
7.275000108000000409e+01,1.114977528973772891e+01
7.280000108000000125e+01,1.116040924536206802e+01
7.285000109000000634e+01,1.115490094341832616e+01
7.290000109000000350e+01,1.116285865250760168e+01
7.295000109000000066e+01,1.116855484162247336e+01
7.300000108999999782e+01,1.113155939936636152e+01
7.305000108999999497e+01,1.115087129823596257e+01
7.310000109000000634e+01,1.114527821793451778e+01
7.315000109000000350e+01,1.114012583233932752e+01
7.320000109000000066e+01,1.113140588179971147e+01
7.325000108999999782e+01,1.113221318562036188e+01
7.330000108999999497e+01,1.111500012393065617e+01
7.335000109000000634e+01,1.109919927110034799e+01
7.340000109000000350e+01,1.109306391481719523e+01
7.345000109000000066e+01,1.107552548753846544e+01
7.350000110000000575e+01,1.106459824462261210e+01
7.355000110000000291e+01,1.104314779258572088e+01
7.360000110000000006e+01,1.105259637874019418e+01
7.365000109999999722e+01,1.103238399623336541e+01
7.370000109999999438e+01,1.099529842923663381e+01
7.375000110000000575e+01,1.098489895069170430e+01
7.380000110000000291e+01,1.098420850352626665e+01
7.385000110000000006e+01,1.095833659281600703e+01
7.390000109999999722e+01,1.095077069721773810e+01
7.395000109999999438e+01,1.095102655982882389e+01
7.400000110000000575e+01,1.094728943816898870e+01
7.405000110000000291e+01,1.092726570660227381e+01
7.410000110000000006e+01,1.092581225421750624e+01
7.415000109999999722e+01,1.093702743804195698e+01
7.420000111000000231e+01,1.093226075578586887e+01
7.425000110999999947e+01,1.089739164639323121e+01
7.430000110999999663e+01,1.088299612850142850e+01
7.435000110999999379e+01,1.087731521476632324e+01
7.440000111000000516e+01,1.086728921925668345e+01
7.445000111000000231e+01,1.083722803564550752e+01
7.450000110999999947e+01,1.083950101215473794e+01
7.455000110999999663e+01,1.086677291142058088e+01
7.460000110999999379e+01,1.086239269627258253e+01
7.465000111000000516e+01,1.084742893425346999e+01
7.470000111000000231e+01,1.083300744821606543e+01
7.475000110999999947e+01,1.083561571931116596e+01
7.480000110999999663e+01,1.083407672479970785e+01
7.485000112000000172e+01,1.083583110216587286e+01
7.490000111999999888e+01,1.080292258776624870e+01
7.495000111999999604e+01,1.077621129493782703e+01
7.500000111999999319e+01,1.077741804993936903e+01
7.505000112000000456e+01,1.076100923699436329e+01
7.510000112000000172e+01,1.072980774628362610e+01
7.515000111999999888e+01,1.074361668959239857e+01
7.520000111999999604e+01,1.074223121264759229e+01
7.525000111999999319e+01,1.073254509433775361e+01
7.530000112000000456e+01,1.070230213370735584e+01
7.535000112000000172e+01,1.070873841497190426e+01
7.540000111999999888e+01,1.071788225730003852e+01
7.545000111999999604e+01,1.071995741764129839e+01
7.550000113000000113e+01,1.069690534203590460e+01
7.555000112999999828e+01,1.068329574243308144e+01
7.560000112999999544e+01,1.066218058498206211e+01
7.565000113000000681e+01,1.063104630594229683e+01
7.570000113000000397e+01,1.064350108683478524e+01
7.575000113000000113e+01,1.064342700124291952e+01
7.580000112999999828e+01,1.066977321249492228e+01
7.585000112999999544e+01,1.064255019444433081e+01
7.590000113000000681e+01,1.060819357404285590e+01
7.595000113000000397e+01,1.059516443887115145e+01
7.600000113000000113e+01,1.058834016296053626e+01
7.605000112999999828e+01,1.061046120416916949e+01
7.610000112999999544e+01,1.060453512058881742e+01
7.615000113000000681e+01,1.061240117739949440e+01
7.620000113999999769e+01,1.059672940152821496e+01
7.625000113999999485e+01,1.059039546530809872e+01
7.630000114000000622e+01,1.056800557741557789e+01
7.635000114000000337e+01,1.054851572037169838e+01
7.640000114000000053e+01,1.055695995030653478e+01
7.645000113999999769e+01,1.053025858647496271e+01
7.650000113999999485e+01,1.052545906215237714e+01
7.655000114000000622e+01,1.054542092843103696e+01
7.660000114000000337e+01,1.051589667441864506e+01
7.665000114000000053e+01,1.049323106592134280e+01
7.670000113999999769e+01,1.047796943399678682e+01
7.675000113999999485e+01,1.046192570262819466e+01
7.680000114000000622e+01,1.046095342470606759e+01
7.685000114999999710e+01,1.048505033628747540e+01
7.690000114999999425e+01,1.048048528904430476e+01
7.695000115000000562e+01,1.046978488551797959e+01
7.700000115000000278e+01,1.046598666233907693e+01
7.705000114999999994e+01,1.046348073628840858e+01
7.710000114999999710e+01,1.045304917944597101e+01
7.715000114999999425e+01,1.046320883452856876e+01
7.720000115000000562e+01,1.045398861530160062e+01
7.725000115000000278e+01,1.044109390347184174e+01
7.730000114999999994e+01,1.043086780048726148e+01
7.735000114999999710e+01,1.043604386292108721e+01
7.740000114999999425e+01,1.043689622911204928e+01
7.745000115000000562e+01,1.044746220929643066e+01
7.750000115000000278e+01,1.043641963726333977e+01
7.755000115999999366e+01,1.042899580269689608e+01
7.760000116000000503e+01,1.044165832875420818e+01
7.765000116000000219e+01,1.047005449597085480e+01
7.770000115999999935e+01,1.050106198935855950e+01
7.775000115999999650e+01,1.049968567764161342e+01
7.780000115999999366e+01,1.048699641966970830e+01
7.785000116000000503e+01,1.046325160559191403e+01
7.790000116000000219e+01,1.047861023617798537e+01
7.795000115999999935e+01,1.044732549464752047e+01
7.800000115999999650e+01,1.045073495941137054e+01
7.805000115999999366e+01,1.047537643828144915e+01
7.810000116000000503e+01,1.047330738809209727e+01
7.815000116000000219e+01,1.046313474893670126e+01
7.820000116999999307e+01,1.046115658725695852e+01
7.825000117000000444e+01,1.043646469963365142e+01
7.830000117000000159e+01,1.042552065380005288e+01
7.835000116999999875e+01,1.043489515436265869e+01
7.840000116999999591e+01,1.045049055333510957e+01
7.845000116999999307e+01,1.043857728465533619e+01
7.850000117000000444e+01,1.043986881801458111e+01
7.855000117000000159e+01,1.042222117177052176e+01
7.860000116999999875e+01,1.042255799389437065e+01
7.865000116999999591e+01,1.041820451066096176e+01
7.870000116999999307e+01,1.040277026694504592e+01
7.875000117000000444e+01,1.038088752166076745e+01
7.880000117000000159e+01,1.038059347060026560e+01
7.885000116999999875e+01,1.037644849630066979e+01
7.890000118000000384e+01,1.035092410048009448e+01
7.895000118000000100e+01,1.034502245750736549e+01
7.900000117999999816e+01,1.033350558493253146e+01
7.905000117999999532e+01,1.033820887436258751e+01
7.910000118000000668e+01,1.032480854746256149e+01
7.915000118000000384e+01,1.029117521629302345e+01
7.920000118000000100e+01,1.026650395043239961e+01
7.925000117999999816e+01,1.027433487386961630e+01
7.930000117999999532e+01,1.024645883333401208e+01
7.935000118000000668e+01,1.026775118519032226e+01
7.940000118000000384e+01,1.025806506688048181e+01
7.945000118000000100e+01,1.026823235965296277e+01
7.950000117999999816e+01,1.027399576043880458e+01
7.955000119000000325e+01,1.027558592747248056e+01
7.960000119000000041e+01,1.027934748973994239e+01
7.965000118999999756e+01,1.029149676303710592e+01
7.970000118999999472e+01,1.029275927317479500e+01
7.975000119000000609e+01,1.026542703615887220e+01
7.980000119000000325e+01,1.028087426394758985e+01
7.985000119000000041e+01,1.028748392077248752e+01
7.990000118999999756e+01,1.029961562738291647e+01
7.995000118999999472e+01,1.029800178351060325e+01
8.000000119000000609e+01,1.030162815866713366e+01
8.005000119000000325e+01,1.030542256300109472e+01
8.010000119000000041e+01,1.029921999504696828e+01
8.015000118999999756e+01,1.030839667944160176e+01
8.020000120000000265e+01,1.029187100984138148e+01
8.025000119999999981e+01,1.028271189213347903e+01
8.030000119999999697e+01,1.029529498621600858e+01
8.035000119999999413e+01,1.030001660610178327e+01
8.040000120000000550e+01,1.027602891348570324e+01
8.045000120000000265e+01,1.028231320472157861e+01
8.050000119999999981e+01,1.025372838656481811e+01
8.055000119999999697e+01,1.024828424121609061e+01
8.060000119999999413e+01,1.026628856757769448e+01
8.065000120000000550e+01,1.025896784182467414e+01
8.070000120000000265e+01,1.027476869465498055e+01
8.075000119999999981e+01,1.028204664934465562e+01
8.080000119999999697e+01,1.028013646310487417e+01
8.085000119999999413e+01,1.028101021482750888e+01
8.090000120999999922e+01,1.027302271874768813e+01
8.095000120999999638e+01,1.025898540851140339e+01
8.100000120999999353e+01,1.027514599653521010e+01
8.105000121000000490e+01,1.028195652460403586e+01
8.110000121000000206e+01,1.027527812857018930e+01
8.115000120999999922e+01,1.029054739818462672e+01
8.120000120999999638e+01,1.028247130490216144e+01
8.125000120999999353e+01,1.029967749267097155e+01
8.130000121000000490e+01,1.029426466185076627e+01
8.135000121000000206e+01,1.027409046779335533e+01
8.140000120999999922e+01,1.026869596742887047e+01
8.145000120999999638e+01,1.029867466398931164e+01
8.150000120999999353e+01,1.031137537849603802e+01
8.155000121999999863e+01,1.030493069577261700e+01
8.160000121999999578e+01,1.030419595000585709e+01
8.165000121999999294e+01,1.029631461781541013e+01
8.170000122000000431e+01,1.030352841591006552e+01
8.175000122000000147e+01,1.033710064556054142e+01
8.180000121999999863e+01,1.032715713710163818e+01
8.185000121999999578e+01,1.033112720830291131e+01
8.190000121999999294e+01,1.032049172514059165e+01
8.195000122000000431e+01,1.030798118911195616e+01
8.200000122000000147e+01,1.033236833290892598e+01
8.205000121999999863e+01,1.032064982532117448e+01
8.210000121999999578e+01,1.034420293338290442e+01
8.215000121999999294e+01,1.033740615315586808e+01
8.220000122000000431e+01,1.033832343971083567e+01
8.225000122999999519e+01,1.031534239462135716e+01
8.230000123000000656e+01,1.030385760034403120e+01
8.235000123000000372e+01,1.031573497188135313e+01
8.240000123000000087e+01,1.030660793247096230e+01
8.245000122999999803e+01,1.028597013063764010e+01
8.250000122999999519e+01,1.029266685712720708e+01
8.255000123000000656e+01,1.029501315545931917e+01
8.260000123000000372e+01,1.028887016148628142e+01
8.265000123000000087e+01,1.030904053669875076e+01
8.270000122999999803e+01,1.032328864717580963e+01
8.275000122999999519e+01,1.033119823881882482e+01
8.280000123000000656e+01,1.031546154258353631e+01
8.285000123000000372e+01,1.030299759646318769e+01
8.290000123999999460e+01,1.032936061063293387e+01
8.295000124000000596e+01,1.033749627789648784e+01
8.300000124000000312e+01,1.033774450281769042e+01
8.305000124000000028e+01,1.035404715187332414e+01
8.310000123999999744e+01,1.037341175080312006e+01
8.315000123999999460e+01,1.036055828249872768e+01
8.320000124000000596e+01,1.034900856785739265e+01
8.325000124000000312e+01,1.034388749679072639e+01
8.330000124000000028e+01,1.036787213433085419e+01
8.335000123999999744e+01,1.035586721337248228e+01
8.340000123999999460e+01,1.033992888212427985e+01
8.345000124000000596e+01,1.037117696274330214e+01
8.350000124000000312e+01,1.036185898108583281e+01
8.355000124000000028e+01,1.038432219080123176e+01
8.360000125000000537e+01,1.039472243311514887e+01
8.365000125000000253e+01,1.039667309911131099e+01
8.370000124999999969e+01,1.040927452364955741e+01
8.375000124999999684e+01,1.039550682386615144e+01
8.380000124999999400e+01,1.037059497077420467e+01
8.385000125000000537e+01,1.037037576907455794e+01
8.390000125000000253e+01,1.038098910293621380e+01
8.395000124999999969e+01,1.038299857914447699e+01
8.400000124999999684e+01,1.040269465381520320e+01
8.405000124999999400e+01,1.037885971499678561e+01
8.410000125000000537e+01,1.037521577315352417e+01
8.415000125000000253e+01,1.039887275379766152e+01
8.420000124999999969e+01,1.041669759444701171e+01
8.425000126000000478e+01,1.040926764972866181e+01
8.430000126000000193e+01,1.041242736203333230e+01
8.435000125999999909e+01,1.041191945565609878e+01
8.440000125999999625e+01,1.041332631813257947e+01
8.445000125999999341e+01,1.041935932937129650e+01
8.450000126000000478e+01,1.040470718509941861e+01
8.455000126000000193e+01,1.041597354144608545e+01
8.460000125999999909e+01,1.042106864436715163e+01
8.465000125999999625e+01,1.043251143135011993e+01
8.470000125999999341e+01,1.044779826765129016e+01
8.475000126000000478e+01,1.045960689997966320e+01
8.480000126000000193e+01,1.047306832839875490e+01
8.485000125999999909e+01,1.048389704511511589e+01
8.490000127000000418e+01,1.048277888731622021e+01
8.495000127000000134e+01,1.045214793203975745e+01
8.500000126999999850e+01,1.046048981693015634e+01
8.505000126999999566e+01,1.046035692112619131e+01
8.510000127000000703e+01,1.045813817221513098e+01
8.515000127000000418e+01,1.045377934259880348e+01
8.520000127000000134e+01,1.048567815439587214e+01
8.525000126999999850e+01,1.050214501378399312e+01
8.530000126999999566e+01,1.049657866539713602e+01
8.535000127000000703e+01,1.048209913291661799e+01
8.540000127000000418e+01,1.047710255619504593e+01
8.545000127000000134e+01,1.045365943086763671e+01
8.550000126999999850e+01,1.045990476988510665e+01
8.555000126999999566e+01,1.047045012830680299e+01
8.560000128000000075e+01,1.046280861957868957e+01
8.565000127999999791e+01,1.048849493442478753e+01
8.570000127999999506e+01,1.050547504657305709e+01
8.575000128000000643e+01,1.049274378130679608e+01
8.580000128000000359e+01,1.051190521768569930e+01
8.585000128000000075e+01,1.054244299314558830e+01
8.590000127999999791e+01,1.051754794297138673e+01
8.595000127999999506e+01,1.051626862991595601e+01
8.600000128000000643e+01,1.049026993355363579e+01
8.605000128000000359e+01,1.049763724921494479e+01
8.610000128000000075e+01,1.050749139670221410e+01
8.615000127999999791e+01,1.052884714138455280e+01
8.620000127999999506e+01,1.053017304434827039e+01
8.625000129000000015e+01,1.053965218126227654e+01
8.630000128999999731e+01,1.053937722442648273e+01
8.635000128999999447e+01,1.056856007370109651e+01
8.640000129000000584e+01,1.057617332297664348e+01
8.645000129000000300e+01,1.057255305797202105e+01
8.650000129000000015e+01,1.055224520434165392e+01
8.655000128999999731e+01,1.055907177155923193e+01
8.660000128999999447e+01,1.057617103166967887e+01
8.665000129000000584e+01,1.057160292935055246e+01
8.670000129000000300e+01,1.058245914175049407e+01
8.675000129000000015e+01,1.057969811685772754e+01
8.680000128999999731e+01,1.057007310006695278e+01
8.685000128999999447e+01,1.057900232330936952e+01
8.690000129000000584e+01,1.057690959628138216e+01
8.695000129999999672e+01,1.054993556692098089e+01
8.700000129999999388e+01,1.055653758605599357e+01
8.705000130000000524e+01,1.055278900786133534e+01
8.710000130000000240e+01,1.056027699902279693e+01
8.715000129999999956e+01,1.057027168000391626e+01
8.720000129999999672e+01,1.056062145883652725e+01
8.725000129999999388e+01,1.055951323003447939e+01
8.730000130000000524e+01,1.052636336463454469e+01
8.735000130000000240e+01,1.056461444310745001e+01
8.740000129999999956e+01,1.058518274196283393e+01
8.745000129999999672e+01,1.056686756162298479e+01
8.750000129999999388e+01,1.055321824603276681e+01
8.755000130000000524e+01,1.054191752008162553e+01
8.760000130999999612e+01,1.054874179599224071e+01
8.765000130999999328e+01,1.055268360774094560e+01
8.770000131000000465e+01,1.057136463342619770e+01
8.775000131000000181e+01,1.059292430442841670e+01
8.780000130999999897e+01,1.059765508954205515e+01
8.785000130999999612e+01,1.061267766177326521e+01
8.790000130999999328e+01,1.061862207580934125e+01
8.795000131000000465e+01,1.060321227270105204e+01
8.800000131000000181e+01,1.059890232429997781e+01
8.805000130999999897e+01,1.058269896521282583e+01
8.810000130999999612e+01,1.057243009116490029e+01
8.815000130999999328e+01,1.055561877196305076e+01
8.820000131000000465e+01,1.055420503556567446e+01
8.825000131999999553e+01,1.054511389329773330e+01
8.830000132000000690e+01,1.056645665390727196e+01
8.835000132000000406e+01,1.056843710689397930e+01
8.840000132000000121e+01,1.054636800197655155e+01
8.845000131999999837e+01,1.054878227574862315e+01
8.850000131999999553e+01,1.054529948916189674e+01
8.855000132000000690e+01,1.052368100794757488e+01
8.860000132000000406e+01,1.053531015456369424e+01
8.865000132000000121e+01,1.051397044903010958e+01
8.870000131999999837e+01,1.051324257718424171e+01
8.875000131999999553e+01,1.050199989767621211e+01
8.880000132000000690e+01,1.050208925864784604e+01
8.885000132000000406e+01,1.049282474081955741e+01
8.890000132000000121e+01,1.050341898045650524e+01
8.895000133000000631e+01,1.048809624701288357e+01
8.900000133000000346e+01,1.050334871370958112e+01
8.905000133000000062e+01,1.048373512608959501e+01
8.910000132999999778e+01,1.048475857653393817e+01
8.915000132999999494e+01,1.049603791695340682e+01
8.920000133000000631e+01,1.049141329572914749e+01
8.925000133000000346e+01,1.049185551797338256e+01
8.930000133000000062e+01,1.049934885551776276e+01
8.935000132999999778e+01,1.051020277661074154e+01
8.940000132999999494e+01,1.049428964973914979e+01
8.945000133000000631e+01,1.050242302569574093e+01
8.950000133000000346e+01,1.047186768354912090e+01
8.955000133000000062e+01,1.049057085853503324e+01
8.960000134000000571e+01,1.050134840272917813e+01
8.965000134000000287e+01,1.050659855075486959e+01
8.970000134000000003e+01,1.049725154587584441e+01
8.975000133999999719e+01,1.049450350505587970e+01
8.980000133999999434e+01,1.048926252225804667e+01
8.985000134000000571e+01,1.048692462538480541e+01
8.990000134000000287e+01,1.048220300549903072e+01
8.995000134000000003e+01,1.046999721329673072e+01
9.000000133999999719e+01,1.045831613038940766e+01
9.005000133999999434e+01,1.044670684176698394e+01
9.010000134000000571e+01,1.039045831085337213e+01
9.015000134000000287e+01,1.039850461714529573e+01
9.020000134000000003e+01,1.040471329525132660e+01
9.025000133999999719e+01,1.040682358896604498e+01
9.030000135000000228e+01,1.039236085940327037e+01
9.035000134999999943e+01,1.037546705315068074e+01
9.040000134999999659e+01,1.038923322539611149e+01
9.045000134999999375e+01,1.040801201351186833e+01
9.050000135000000512e+01,1.039513334083086171e+01
9.055000135000000228e+01,1.036996715266580793e+01
9.060000134999999943e+01,1.037526847321371726e+01
9.065000134999999659e+01,1.035425718834511066e+01
9.070000134999999375e+01,1.035616661081590628e+01
9.075000135000000512e+01,1.034353539928711285e+01
9.080000135000000228e+01,1.032514078697247939e+01
9.085000134999999943e+01,1.031781624237451744e+01
9.090000134999999659e+01,1.033228966470313104e+01
9.095000136000000168e+01,1.032784300165314662e+01
9.100000135999999884e+01,1.031269135246290958e+01
9.105000135999999600e+01,1.031859528674260140e+01
9.110000135999999316e+01,1.030361930441967644e+01
9.115000136000000452e+01,1.030373616107488921e+01
9.120000136000000168e+01,1.031467638806354614e+01
9.125000135999999884e+01,1.030361854065068883e+01
9.130000135999999600e+01,1.029536067034900171e+01
9.135000135999999316e+01,1.025970487889840044e+01
9.140000136000000452e+01,1.025879141118837090e+01
9.145000136000000168e+01,1.026018910843699139e+01
9.150000135999999884e+01,1.029066654614680409e+01
9.155000135999999600e+01,1.028707606813272513e+01
9.160000135999999316e+01,1.026367265879270718e+01
9.165000136999999825e+01,1.028639325865716891e+01
9.170000136999999540e+01,1.029321447949183010e+01
9.175000137000000677e+01,1.029686758656295176e+01
9.180000137000000393e+01,1.027553246364329809e+01
9.185000137000000109e+01,1.025416602619512219e+01
9.190000136999999825e+01,1.027179305067649651e+01
9.195000136999999540e+01,1.024285689878510830e+01
9.200000137000000677e+01,1.021124831920359810e+01
9.205000137000000393e+01,1.021368779735228394e+01
9.210000137000000109e+01,1.017501206332187635e+01
9.215000136999999825e+01,1.015943117596020429e+01
9.220000136999999540e+01,1.015787385099302398e+01
9.225000137000000677e+01,1.016071659916754122e+01
9.230000137999999765e+01,1.018028436064822806e+01
9.235000137999999481e+01,1.018174239564692662e+01
9.240000138000000618e+01,1.017010408380295061e+01
9.245000138000000334e+01,1.018827338426602758e+01
9.250000138000000049e+01,1.017960766132457984e+01
9.255000137999999765e+01,1.015852229086410574e+01
9.260000137999999481e+01,1.015443383546964284e+01
9.265000138000000618e+01,1.015642956383611661e+01
9.270000138000000334e+01,1.013666016734251230e+01
9.275000138000000049e+01,1.012351952189851367e+01
9.280000137999999765e+01,1.010155352579450927e+01
9.285000137999999481e+01,1.009090964117332057e+01
9.290000138000000618e+01,1.007957912823163404e+01
9.295000138999999706e+01,1.007325817608431962e+01
9.300000138999999422e+01,1.007530660451098825e+01
9.305000139000000559e+01,1.008346823992014762e+01
9.310000139000000274e+01,1.010726957290307659e+01
9.315000138999999990e+01,1.010084780324930520e+01
9.320000138999999706e+01,1.011056905493260771e+01
9.325000138999999422e+01,1.008622086335403978e+01
9.330000139000000559e+01,1.008279994205536845e+01
9.335000139000000274e+01,1.007783620740029384e+01
9.340000138999999990e+01,1.006604361422067662e+01
9.345000138999999706e+01,1.010706946542813611e+01
9.350000138999999422e+01,1.012879563806980876e+01
9.355000139000000559e+01,1.013317356191084606e+01
9.360000139000000274e+01,1.013430317624456656e+01
9.365000139999999362e+01,1.015649677550708851e+01
9.370000140000000499e+01,1.016024611747073791e+01
9.375000140000000215e+01,1.015625618827576915e+01
9.380000139999999931e+01,1.015280013360363398e+01
9.385000139999999647e+01,1.015370367231681215e+01
9.390000139999999362e+01,1.018690700154592932e+01
9.395000140000000499e+01,1.017257029386622413e+01
9.400000140000000215e+01,1.016224719222012851e+01
9.405000139999999931e+01,1.017987956308442143e+01
9.410000139999999647e+01,1.016796094802172945e+01
9.415000139999999362e+01,1.016955875274529042e+01
9.420000140000000499e+01,1.017419024789044713e+01
9.425000140000000215e+01,1.018806411156322866e+01
9.430000140999999303e+01,1.017854678619980646e+01
9.435000141000000440e+01,1.018372284863363397e+01
9.440000141000000156e+01,1.018484024266354027e+01
9.445000140999999871e+01,1.018333256268060438e+01
9.450000140999999587e+01,1.018656712434612643e+01
9.455000140999999303e+01,1.017812442194926881e+01
9.460000141000000440e+01,1.018528322867676650e+01
9.465000141000000156e+01,1.016452475134329170e+01
9.470000140999999871e+01,1.017725067022663410e+01
9.475000140999999587e+01,1.018870567751341660e+01
9.480000140999999303e+01,1.018633722988064427e+01
9.485000141000000440e+01,1.020630597008019791e+01
9.490000141000000156e+01,1.019586448424091252e+01
9.495000140999999871e+01,1.020844757832344030e+01
9.500000142000000380e+01,1.021087025355438271e+01
9.505000142000000096e+01,1.021570032863650113e+01
9.510000141999999812e+01,1.023992784471491113e+01
9.515000141999999528e+01,1.022725844473670520e+01
9.520000142000000665e+01,1.022592566785209200e+01
9.525000142000000380e+01,1.025153789710632424e+01
9.530000142000000096e+01,1.025940930029991982e+01
9.535000141999999812e+01,1.026235515728786041e+01
9.540000141999999528e+01,1.025445320333472843e+01
9.545000142000000665e+01,1.025542624502584665e+01
9.550000142000000380e+01,1.027571347689352876e+01
9.555000142000000096e+01,1.027579138133033787e+01
9.560000141999999812e+01,1.026955902638566798e+01
9.565000143000000321e+01,1.026569206399781997e+01
9.570000143000000037e+01,1.026553778266217876e+01
9.575000142999999753e+01,1.026905952146731060e+01
9.580000142999999468e+01,1.025241317636693417e+01
9.585000143000000605e+01,1.026427374498651268e+01
9.590000143000000321e+01,1.025462428758811129e+01
9.595000143000000037e+01,1.025063588593112129e+01
9.600000142999999753e+01,1.023799092656054022e+01
9.605000142999999468e+01,1.020134070788714808e+01
9.610000143000000605e+01,1.019092137134852294e+01
9.615000143000000321e+01,1.018988722813834258e+01
9.620000143000000037e+01,1.019982844529027943e+01
9.625000142999999753e+01,1.021040970085442723e+01
9.630000142999999468e+01,1.019967110887868600e+01
9.635000143999999977e+01,1.019938469550806737e+01
9.640000143999999693e+01,1.017719109624554541e+01
9.645000143999999409e+01,1.016745686048944108e+01
9.650000144000000546e+01,1.017192032645716715e+01
9.655000144000000262e+01,1.019397721107078070e+01
9.660000143999999977e+01,1.020789460957589689e+01
9.665000143999999693e+01,1.019249549923344489e+01
9.670000143999999409e+01,1.017706507436247243e+01
9.675000144000000546e+01,1.016186759903293613e+01
9.680000144000000262e+01,1.013742088125487584e+01
9.685000143999999977e+01,1.013475685502362644e+01
9.690000143999999693e+01,1.013816708355646234e+01
9.695000143999999409e+01,1.010075615097070667e+01
9.700000144999999918e+01,1.011014669068206651e+01
9.705000144999999634e+01,1.012762325267274299e+01
9.710000144999999350e+01,1.013653261792146409e+01
9.715000145000000487e+01,1.016210131234335989e+01
9.720000145000000202e+01,1.014786007578719662e+01
9.725000144999999918e+01,1.017156670141557662e+01
9.730000144999999634e+01,1.015809305269267071e+01
9.735000144999999350e+01,1.014460641989696654e+01
9.740000145000000487e+01,1.014426196008323444e+01
9.745000145000000202e+01,1.014603314036714110e+01
9.750000144999999918e+01,1.014826029073707581e+01
9.755000144999999634e+01,1.015509296810656004e+01
9.760000144999999350e+01,1.013602089269929074e+01
9.765000145999999859e+01,1.014439791096315524e+01
9.770000145999999575e+01,1.013174149505774935e+01
9.775000145999999290e+01,1.011710997254855471e+01
9.780000146000000427e+01,1.012445972152313267e+01
9.785000146000000143e+01,1.014565507471792571e+01
9.790000145999999859e+01,1.014014830031215730e+01
9.795000145999999575e+01,1.015444147315952783e+01
9.800000145999999290e+01,1.015179348607703069e+01
9.805000146000000427e+01,1.015008417108117733e+01
9.810000146000000143e+01,1.013919664415271527e+01
9.815000145999999859e+01,1.012501574534662829e+01
9.820000145999999575e+01,1.014466370257108885e+01
9.825000145999999290e+01,1.013289173115415664e+01
9.830000146000000427e+01,1.013511659021712319e+01
9.835000146999999515e+01,1.014341188519923698e+01
9.840000147000000652e+01,1.017052797559146349e+01
9.845000147000000368e+01,1.017714603387523375e+01
9.850000147000000084e+01,1.016605305308891438e+01
9.855000146999999799e+01,1.017507927499284648e+01
9.860000146999999515e+01,1.015986499674556676e+01
9.865000147000000652e+01,1.013244492629598881e+01
9.870000147000000368e+01,1.014214631998559568e+01
9.875000147000000084e+01,1.011107467000287308e+01
9.880000146999999799e+01,1.010907588656044709e+01
9.885000146999999515e+01,1.011484768880515972e+01
9.890000147000000652e+01,1.012369442499683991e+01
9.895000147000000368e+01,1.015170336133640916e+01
9.900000147999999456e+01,1.012976333337800838e+01
9.905000148000000593e+01,1.012079057530325699e+01
9.910000148000000308e+01,1.012254571643840961e+01
9.915000148000000024e+01,1.013417639059250419e+01
9.920000147999999740e+01,1.013347601443021873e+01
9.925000147999999456e+01,1.014219825627680116e+01
9.930000148000000593e+01,1.012725664355835065e+01
9.935000148000000308e+01,1.011939669689957810e+01
9.940000148000000024e+01,1.011962124498214166e+01
9.945000147999999740e+01,1.015003681740390107e+01
9.950000147999999456e+01,1.014815107177174625e+01
9.955000148000000593e+01,1.014070814298059453e+01
9.960000148000000308e+01,1.015191492534617268e+01
9.965000148000000024e+01,1.012766602373608826e+01
9.970000149000000533e+01,1.012401291666496661e+01
9.975000149000000249e+01,1.014891942337399300e+01
9.980000148999999965e+01,1.015065394274646238e+01
9.985000148999999681e+01,1.015428031790299279e+01
9.990000148999999396e+01,1.016752483592940060e+01
9.995000149000000533e+01,1.018082434532296965e+01
1.000000014900000025e+02,1.020160268065014009e+01
1.000500014899999996e+02,1.019403220243793839e+01
1.001000014899999968e+02,1.015455374720080783e+01
1.001500014899999940e+02,1.012809449813853391e+01
1.002000014900000053e+02,1.012765533097025106e+01
1.002500014900000025e+02,1.012500276127382470e+01
1.003000014899999996e+02,1.012362033940497241e+01
1.003500015000000047e+02,1.012393730353512389e+01
1.004000015000000019e+02,1.011661734155109116e+01
1.004500014999999991e+02,1.013194924022257126e+01
1.005000014999999962e+02,1.013006043951446422e+01
1.005500014999999934e+02,1.012583832454704513e+01
1.006000015000000047e+02,1.013168192107666066e+01
1.006500015000000019e+02,1.013626300746858711e+01
1.007000014999999991e+02,1.012233644373561070e+01
1.007500014999999962e+02,1.013546563264478451e+01
1.008000014999999934e+02,1.011966707112144270e+01
1.008500015000000047e+02,1.009409608539257874e+01
1.009000015000000019e+02,1.009655389399698500e+01
1.009500014999999991e+02,1.011124957310119754e+01
1.010000015100000041e+02,1.013992757107453357e+01
1.010500015100000013e+02,1.014283447584407050e+01
1.011000015099999985e+02,1.014976262433709664e+01
1.011500015099999956e+02,1.014240447390364785e+01
1.012000015100000070e+02,1.014588496918340965e+01
1.012500015100000041e+02,1.012284740518879467e+01
1.013000015100000013e+02,1.011736736269761927e+01
1.013500015099999985e+02,1.010354314400907683e+01
1.014000015099999956e+02,1.008809362491339634e+01
1.014500015100000070e+02,1.008531656087187223e+01
1.015000015100000041e+02,1.010280916201130275e+01
1.015500015100000013e+02,1.010663335333580903e+01
1.016000015099999985e+02,1.012131375706025338e+01
1.016500015099999956e+02,1.012631262508879004e+01
1.017000015200000007e+02,1.010947610151032627e+01
1.017500015199999979e+02,1.013103577251254528e+01
1.018000015199999950e+02,1.013234181748256724e+01
1.018500015200000064e+02,1.013133669749394095e+01
1.019000015200000036e+02,1.014590100833216191e+01
1.019500015200000007e+02,1.013606442753162540e+01
1.020000015199999979e+02,1.009843887586015398e+01
1.020500015199999950e+02,1.010184681308602528e+01
1.021000015200000064e+02,1.010641262409818530e+01
1.021500015200000036e+02,1.011052475633128545e+01
1.022000015200000007e+02,1.010174217673462493e+01
1.022500015199999979e+02,1.008885281128778111e+01
1.023000015199999950e+02,1.005146020915774585e+01
1.023500015300000001e+02,1.002527133431733475e+01
1.024000015299999973e+02,1.000520941430120736e+01
1.024500015299999944e+02,1.002992115991821009e+01
1.025000015300000058e+02,1.006349186203070900e+01
1.025500015300000030e+02,1.006663782649358652e+01
1.026000015300000001e+02,1.008163137550324251e+01
1.026500015299999973e+02,1.007577250359386056e+01
1.027000015299999944e+02,1.006530352207099632e+01
1.027500015300000058e+02,1.007854956763538290e+01
1.028000015300000030e+02,1.010481023676069512e+01
1.028500015300000001e+02,1.008887954320237412e+01
1.029000015299999973e+02,1.011126026586703297e+01
1.029500015299999944e+02,1.009943253931395368e+01
1.030000015300000058e+02,1.007533944657748570e+01
1.030500015399999967e+02,1.007215682120316735e+01
1.031000015399999938e+02,1.007627124474323210e+01
1.031500015400000052e+02,1.006936600931985559e+01
1.032000015400000024e+02,1.006988002584899355e+01
1.032500015399999995e+02,1.008603297618291528e+01
1.033000015399999967e+02,1.010944478698180404e+01
1.033500015399999938e+02,1.012124578162029387e+01
1.034000015400000052e+02,1.012295738792311184e+01
1.034500015400000024e+02,1.012047208363512851e+01
1.035000015399999995e+02,1.012092423487621140e+01
1.035500015399999967e+02,1.010495382533049913e+01
1.036000015399999938e+02,1.012165287049106688e+01
1.036500015400000052e+02,1.013714897949503424e+01
1.037000015499999961e+02,1.011439248248812284e+01
1.037500015499999932e+02,1.010656003151292737e+01
1.038000015500000046e+02,1.008870922271797888e+01
1.038500015500000018e+02,1.008418160015523313e+01
1.039000015499999989e+02,1.008576107442307368e+01
1.039500015499999961e+02,1.009522569972629924e+01
1.040000015499999932e+02,1.009806462905587665e+01
1.040500015500000046e+02,1.007165120613290021e+01
1.041000015500000018e+02,1.006702123852572051e+01
1.041500015499999989e+02,1.008269454193497872e+01
1.042000015499999961e+02,1.008483691394721049e+01
1.042500015499999932e+02,1.006677072229755332e+01
1.043000015500000046e+02,1.008629189386995328e+01
1.043500015500000018e+02,1.007947296434225848e+01
1.044000015600000069e+02,1.009868710078135479e+01
1.044500015600000040e+02,1.010625987030052109e+01
1.045000015600000012e+02,1.013259233371073442e+01
1.045500015599999983e+02,1.012987178857434856e+01
1.046000015599999955e+02,1.012010547452073617e+01
1.046500015600000069e+02,1.012135576435461104e+01
1.047000015600000040e+02,1.011953264777949890e+01
1.047500015600000012e+02,1.014173923111482267e+01
1.048000015599999983e+02,1.013359592616138372e+01
1.048500015599999955e+02,1.010553658106858421e+01
1.049000015600000069e+02,1.009225540213073558e+01
1.049500015600000040e+02,1.010980528594428840e+01
1.050000015600000012e+02,1.010204539302298699e+01
1.050500015700000063e+02,1.010326360455935202e+01
1.051000015700000034e+02,1.009325059312251405e+01
1.051500015700000006e+02,1.011004969202055115e+01
1.052000015699999977e+02,1.011572525937273781e+01
1.052500015699999949e+02,1.011227073223857786e+01
1.053000015700000063e+02,1.010117927899023371e+01
1.053500015700000034e+02,1.009837624680311130e+01
1.054000015700000006e+02,1.010153825041474285e+01
1.054500015699999977e+02,1.009080653235989722e+01
1.055000015699999949e+02,1.007369887079057946e+01
1.055500015700000063e+02,1.008565796560965033e+01
1.056000015700000034e+02,1.007291448003957690e+01
1.056500015700000006e+02,1.005810270804914097e+01
1.057000015800000057e+02,1.005166184417066155e+01
1.057500015800000028e+02,1.005512706407065693e+01
1.058000015800000000e+02,1.007429842944640797e+01
1.058500015799999971e+02,1.005499493203567773e+01
1.059000015799999943e+02,1.004330468390049269e+01
1.059500015800000057e+02,1.003748323667154096e+01
1.060000015800000028e+02,1.002677214037937858e+01
1.060500015800000000e+02,1.003203450870888425e+01
1.061000015799999971e+02,1.003159916038554300e+01
1.061500015799999943e+02,1.003664461832236832e+01
1.062000015800000057e+02,1.002569064349192196e+01
1.062500015800000028e+02,1.003306177799817078e+01
1.063000015800000000e+02,1.004233164220937802e+01
1.063500015799999971e+02,1.004340321009998682e+01
1.064000015900000022e+02,1.006668594393985039e+01
1.064500015899999994e+02,1.008174746838946767e+01
1.065000015899999966e+02,1.006189405730714803e+01
1.065500015899999937e+02,1.006404712208521524e+01
1.066000015900000051e+02,1.007722519220963875e+01
1.066500015900000022e+02,1.008330479335664442e+01
1.067000015899999994e+02,1.006573963416332518e+01
1.067500015899999966e+02,1.003635820495174791e+01
1.068000015899999937e+02,1.004306027782423349e+01
1.068500015900000051e+02,1.005198644599069624e+01
1.069000015900000022e+02,1.004210480281984808e+01
1.069500015899999994e+02,1.003382554698648832e+01
1.070000015899999966e+02,1.000916191881574768e+01
1.070500016000000016e+02,1.000792766813062684e+01
1.071000015999999988e+02,1.000601366304590556e+01
1.071500015999999960e+02,9.997580125876902812e+00
1.072000015999999931e+02,1.000133405045448498e+01
1.072500016000000045e+02,9.992299427091680286e+00
1.073000016000000016e+02,9.973580212957012137e+00
1.073500015999999988e+02,9.986338973906851990e+00
1.074000015999999960e+02,1.000889001705590609e+01
1.074500015999999931e+02,1.000670716528729542e+01
1.075000016000000045e+02,9.990136433316763487e+00
1.075500016000000016e+02,1.000161817251813723e+01
1.076000015999999988e+02,9.997085203572474654e+00
1.076500015999999960e+02,9.984550226936212525e+00
1.077000015999999931e+02,9.986428334878484137e+00
1.077500016099999982e+02,9.989734690828910857e+00
1.078000016099999954e+02,9.973966680065100121e+00
1.078500016100000067e+02,9.986643717733191039e+00
1.079000016100000039e+02,9.995528642374283734e+00
1.079500016100000011e+02,9.980043989905139412e+00
1.080000016099999982e+02,9.991967187581760612e+00
1.080500016099999954e+02,9.998980114432491462e+00
1.081000016100000067e+02,9.977203533037588556e+00
1.081500016100000039e+02,9.954375241745776037e+00
1.082000016100000011e+02,9.970797038763583586e+00
1.082500016099999982e+02,9.972224523002749308e+00
1.083000016099999954e+02,9.960290632560290902e+00
1.083500016100000067e+02,9.968714240732442278e+00
1.084000016199999976e+02,9.951847166394445665e+00
1.084500016199999948e+02,9.922096836761509664e+00
1.085000016200000061e+02,9.950319628417808815e+00
1.085500016200000033e+02,9.975604200776052366e+00
1.086000016200000005e+02,9.971770844223687646e+00
1.086500016199999976e+02,9.989360444024635299e+00
1.087000016199999948e+02,9.995420950946932948e+00
1.087500016200000061e+02,9.975737096580019170e+00
1.088000016200000033e+02,9.977719077104701739e+00
1.088500016200000005e+02,1.000269126794672303e+01
1.089000016199999976e+02,9.990568726564152513e+00
1.089500016199999948e+02,9.993315239846142006e+00
1.090000016200000061e+02,9.993994994245742447e+00
1.090500016200000033e+02,9.967903881835837865e+00
1.091000016299999942e+02,9.971372156811787235e+00
1.091500016300000055e+02,9.969635346132353249e+00
1.092000016300000027e+02,9.962316147917309905e+00
1.092500016299999999e+02,9.951837237397596070e+00
1.093000016299999970e+02,9.962258865243184047e+00
1.093500016299999942e+02,9.960718343193750712e+00
1.094000016300000055e+02,9.964295073366038480e+00
1.094500016300000027e+02,9.983308338561208473e+00
1.095000016299999999e+02,9.988908292783550635e+00
1.095500016299999970e+02,9.985234563949745734e+00
1.096000016299999942e+02,9.970847447516812068e+00
1.096500016300000055e+02,9.983090664399536962e+00
1.097000016300000027e+02,9.987070664597661462e+00
1.097500016399999936e+02,1.000278139268734634e+01
1.098000016400000050e+02,1.000710585269919761e+01
1.098500016400000021e+02,9.992939465503889451e+00
1.099000016399999993e+02,9.992859269760117513e+00
1.099500016399999964e+02,9.977383782518833399e+00
1.100000016399999936e+02,9.995728749849224215e+00
1.100500016400000050e+02,9.996311505587311075e+00
1.101000016400000021e+02,9.997739753595462631e+00
1.101500016399999993e+02,1.002237435854464920e+01
1.102000016399999964e+02,1.002434564630349634e+01
1.102500016399999936e+02,1.003996013950065169e+01
1.103000016400000050e+02,1.004512627293763138e+01
1.103500016400000021e+02,1.004899323532548117e+01
1.104000016499999930e+02,1.003208720876907911e+01
1.104500016500000044e+02,1.003110347431212723e+01
1.105000016500000015e+02,1.002532403437752961e+01
1.105500016499999987e+02,1.001827673792232609e+01
1.106000016499999958e+02,1.000692865829390854e+01
1.106500016499999930e+02,1.000852264417252790e+01
1.107000016500000044e+02,1.000205963099338646e+01
1.107500016500000015e+02,1.000038621313998277e+01
1.108000016499999987e+02,9.989191651078217049e+00
1.108500016499999958e+02,9.969708667955231363e+00
1.109000016499999930e+02,9.962901958731347207e+00
1.109500016500000044e+02,9.969515434401188259e+00
1.110000016500000015e+02,9.980234168383232074e+00
1.110500016499999987e+02,9.968964756960609463e+00
1.111000016600000038e+02,9.977886342513144768e+00
1.111500016600000009e+02,9.985327743766319486e+00
1.112000016599999981e+02,9.977039322705101299e+00
1.112500016599999952e+02,9.967105743243047655e+00
1.113000016600000066e+02,9.987972675772860853e+00
1.113500016600000038e+02,9.973816217574402287e+00
1.114000016600000009e+02,9.979872141882768943e+00
1.114500016599999981e+02,9.978825778368774380e+00
1.115000016599999952e+02,9.976468787270828642e+00
1.115500016600000066e+02,9.976141130374839960e+00
1.116000016600000038e+02,9.984793105474498276e+00
1.116500016600000009e+02,9.999000736195174710e+00
1.117000016599999981e+02,9.990881871849362383e+00
1.117500016700000032e+02,9.992177987822536522e+00
1.118000016700000003e+02,1.001871590509060894e+01
1.118500016699999975e+02,1.001550272895675775e+01
1.119000016699999946e+02,1.001322440606460695e+01
1.119500016700000060e+02,9.998644819846617793e+00
1.120000016700000032e+02,1.000722576443036438e+01
1.120500016700000003e+02,1.001975463091472029e+01
1.121000016699999975e+02,1.003617490039455262e+01
1.121500016699999946e+02,1.004707082878188729e+01
1.122000016700000060e+02,1.002919557937930861e+01
1.122500016700000032e+02,1.002965536831027649e+01
1.123000016700000003e+02,1.004879618292649468e+01
1.123500016699999975e+02,1.005253024951037766e+01
1.124000016699999946e+02,1.005761465966560664e+01
1.124500016799999997e+02,1.005849986792306616e+01
1.125000016799999969e+02,1.005184132988291701e+01
1.125500016799999941e+02,1.004003575263049619e+01
1.126000016800000054e+02,1.003286701690615068e+01
1.126500016800000026e+02,1.002667666925583845e+01
1.127000016799999997e+02,1.000787344053245675e+01
1.127500016799999969e+02,1.000214746442704161e+01
1.128000016799999941e+02,1.000887168660018567e+01
1.128500016800000054e+02,1.003175726056612582e+01
1.129000016800000026e+02,1.005543333543497120e+01
1.129500016799999997e+02,1.004010831068438669e+01
1.130000016799999969e+02,1.004094998410951156e+01
1.130500016799999941e+02,1.003213914506028459e+01
1.131000016899999991e+02,1.003577697675164160e+01
1.131500016899999963e+02,1.002764054571909647e+01
1.132000016899999935e+02,1.000520788676322859e+01
1.132500016900000048e+02,1.003704788834819972e+01
1.133000016900000020e+02,1.004132652222075350e+01
1.133500016899999991e+02,1.006337576914448206e+01
1.134000016899999963e+02,1.006181844417730531e+01
1.134500016899999935e+02,1.007335135590089514e+01
1.135000016900000048e+02,1.006652020606938436e+01
1.135500016900000020e+02,1.005762917127638367e+01
1.136000016899999991e+02,1.006823945006208731e+01
1.136500016899999963e+02,1.008223704431097723e+01
1.137000016899999935e+02,1.007348501547385133e+01
1.137500016999999986e+02,1.008354156174302396e+01
1.138000016999999957e+02,1.008200562230751807e+01
1.138500017000000071e+02,1.010473844247579400e+01
1.139000017000000042e+02,1.012841298980666238e+01
1.139500017000000014e+02,1.014172319196606686e+01
1.140000016999999986e+02,1.013696796624480534e+01
1.140500016999999957e+02,1.015581625733849691e+01
1.141000017000000071e+02,1.014743923907463419e+01
1.141500017000000042e+02,1.014713678655525975e+01
1.142000017000000014e+02,1.016394963329508805e+01
1.142500016999999986e+02,1.011358899751241225e+01
1.143000016999999957e+02,1.011792338652111312e+01
1.143500017000000071e+02,1.013827095613887330e+01
1.144000017000000042e+02,1.013653261792146409e+01
1.144500017099999951e+02,1.014536789757831770e+01
1.145000017100000065e+02,1.017006284027757879e+01
1.145500017100000036e+02,1.014505169721715561e+01
1.146000017100000008e+02,1.014518535679011002e+01
1.146500017099999980e+02,1.013998790882460987e+01
1.147000017099999951e+02,1.011501724552056736e+01
1.147500017100000065e+02,1.013829463297751232e+01
1.148000017100000036e+02,1.014883693632325468e+01
1.148500017100000008e+02,1.013626682631353049e+01
1.149000017099999980e+02,1.013848252014863860e+01
1.149500017099999951e+02,1.014219749250781355e+01
1.150000017100000065e+02,1.013795933839164043e+01
1.150500017100000036e+02,1.014128020595284418e+01
1.151000017199999945e+02,1.011510584272321189e+01
1.151500017200000059e+02,1.011257929490985674e+01
1.152000017200000030e+02,1.012215237540942603e+01
1.152500017200000002e+02,1.011358670620544942e+01
1.153000017199999974e+02,1.012037050235968216e+01
1.153500017199999945e+02,1.012917141241206131e+01
1.154000017200000059e+02,1.012087229858500592e+01
1.154500017200000030e+02,1.012743154665667511e+01
1.155000017200000002e+02,1.014065697045837666e+01
1.155500017199999974e+02,1.014010552924881203e+01
1.156000017199999945e+02,1.014049428766386463e+01
1.156500017200000059e+02,1.015054396001214343e+01
1.157000017200000030e+02,1.016519763182200009e+01
1.157500017200000002e+02,1.017310569592703473e+01
1.158000017300000053e+02,1.015789905536963822e+01
1.158500017300000025e+02,1.018054633341122184e+01
1.159000017299999996e+02,1.019930144468833966e+01
1.159500017299999968e+02,1.019333029873767593e+01
1.160000017299999939e+02,1.016719565149543669e+01
1.160500017300000053e+02,1.015464005309648954e+01
1.161000017300000025e+02,1.016196077884951166e+01
1.161500017299999996e+02,1.013521511641661554e+01
1.162000017299999968e+02,1.014922951358325065e+01
1.162500017299999939e+02,1.014389305966187749e+01
1.163000017300000053e+02,1.014069515890779449e+01
1.163500017300000025e+02,1.013897820622205437e+01
1.164000017299999996e+02,1.015380525359225850e+01
1.164500017400000047e+02,1.015909740891230939e+01
1.165000017400000019e+02,1.014918139613698500e+01
1.165500017399999990e+02,1.014041027307515108e+01
1.166000017399999962e+02,1.011225622062780083e+01
1.166500017399999933e+02,1.011994890187813212e+01
1.167000017400000047e+02,1.013536557890731515e+01
1.167500017400000019e+02,1.016912034934599696e+01
1.168000017399999990e+02,1.018284986067998688e+01
1.168500017399999962e+02,1.016891642302611487e+01
1.169000017399999933e+02,1.019137505012758460e+01
1.169500017400000047e+02,1.021411932683068358e+01
1.170000017400000019e+02,1.020522447319274129e+01
1.170500017399999990e+02,1.023097494463385715e+01
1.171000017399999962e+02,1.025975681518960592e+01
1.171500017500000013e+02,1.027105295852681799e+01
1.172000017499999984e+02,1.027546372443434919e+01
1.172500017499999956e+02,1.027566001306434629e+01
1.173000017500000070e+02,1.028243693529768521e+01
1.173500017500000041e+02,1.027677817086324197e+01
1.174000017500000013e+02,1.029834318824838135e+01
1.174500017499999984e+02,1.029001428743078073e+01
1.175000017499999956e+02,1.028444259266100680e+01
1.175500017500000070e+02,1.028980501472798359e+01
1.176000017500000041e+02,1.029466029418671447e+01
1.176500017500000013e+02,1.029679961112299225e+01
1.177000017499999984e+02,1.030470767522802866e+01
1.177500017499999956e+02,1.031798350778296047e+01
1.178000017600000007e+02,1.031512319292171043e+01
1.178500017599999978e+02,1.033617572131568707e+01
1.179000017599999950e+02,1.035273499675139242e+01
1.179500017600000064e+02,1.036042615046375026e+01
1.180000017600000035e+02,1.034791790574207759e+01
1.180500017600000007e+02,1.034700138295609761e+01
1.181000017599999978e+02,1.032934457148417806e+01
1.181500017599999950e+02,1.035398375904729384e+01
1.182000017600000064e+02,1.038221571593145143e+01
1.182500017600000035e+02,1.040618736939877920e+01
1.183000017600000007e+02,1.042573298157880402e+01
1.183500017599999978e+02,1.045051193886678043e+01
1.184000017599999950e+02,1.047135366701998294e+01
1.184500017700000001e+02,1.047447748218220021e+01
1.185000017699999972e+02,1.046663892105510207e+01
1.185500017699999944e+02,1.048174932671996906e+01
1.186000017700000058e+02,1.051111089793784892e+01
1.186500017700000029e+02,1.051861645578604332e+01
1.187000017700000001e+02,1.052771218066791370e+01
1.187500017699999972e+02,1.053309522449757196e+01
1.188000017699999944e+02,1.054437685622400522e+01
1.188500017700000058e+02,1.057065509203605203e+01
1.189000017700000029e+02,1.057301666574792698e+01
1.189500017700000001e+02,1.057251410575361739e+01
1.190000017699999972e+02,1.056591896053949675e+01
1.190500017699999944e+02,1.059244771257970719e+01
1.191000017700000058e+02,1.058050465690939035e+01
1.191500017799999966e+02,1.057133866528059585e+01
1.192000017799999938e+02,1.057080097191281887e+01
1.192500017800000052e+02,1.058745189962712274e+01
1.193000017800000023e+02,1.061640561820524375e+01
1.193500017799999995e+02,1.060302056668498416e+01
1.194000017799999966e+02,1.059257449823176778e+01
1.194500017799999938e+02,1.062097677560032238e+01
1.195000017800000052e+02,1.062513167889676780e+01
1.195500017800000023e+02,1.062122576429051435e+01
1.196000017799999995e+02,1.060796138827040735e+01
1.196500017799999966e+02,1.062571901724878387e+01
1.197000017799999938e+02,1.060088430482466038e+01
1.197500017800000052e+02,1.062342618274585604e+01
1.198000017899999960e+02,1.063050937634350923e+01
1.198500017899999932e+02,1.061961268418718873e+01
1.199000017900000046e+02,1.062843268846427591e+01
1.199500017900000017e+02,1.061950346522185740e+01
1.200000017899999989e+02,1.062665463425947188e+01
1.200500017899999960e+02,1.063974563471922963e+01
1.201000017899999932e+02,1.065211716479199211e+01
1.201500017900000046e+02,1.064401433959493559e+01
1.202000017900000017e+02,1.064968761564015587e+01
1.202500017899999989e+02,1.064970289101992229e+01
1.203000017899999960e+02,1.065773010308713786e+01
1.203500017899999932e+02,1.065783779451448865e+01
1.204000017900000046e+02,1.064632244947762985e+01
1.204500017900000017e+02,1.065672116425356997e+01
1.205000018000000068e+02,1.068802576377772873e+01
1.205500018000000040e+02,1.071235333359361164e+01
1.206000018000000011e+02,1.073716666048606250e+01
1.206500017999999983e+02,1.074101987503212108e+01
1.207000017999999955e+02,1.076624029079534495e+01
1.207500018000000068e+02,1.075113905035833817e+01
1.208000018000000040e+02,1.075608139948173836e+01
1.208500018000000011e+02,1.074814583969312132e+01
1.209000017999999983e+02,1.073823211822476331e+01
1.209500017999999955e+02,1.076892111994433776e+01
1.210000018000000068e+02,1.079249255846178634e+01
1.210500018000000040e+02,1.077870500068468473e+01
1.211000018000000011e+02,1.079131482668180197e+01
1.211500018100000062e+02,1.079206484782832831e+01
1.212000018100000034e+02,1.081147985551135449e+01
1.212500018100000005e+02,1.082401254084065201e+01
1.213000018099999977e+02,1.083273325514925745e+01
1.213500018099999949e+02,1.083700272379395102e+01
1.214000018100000062e+02,1.085257291838978766e+01
1.214500018100000034e+02,1.085091172084019639e+01
1.215000018100000005e+02,1.086506359642472752e+01
1.215500018099999977e+02,1.086423261576543808e+01
1.216000018099999949e+02,1.085637725172059476e+01
1.216500018100000062e+02,1.088592441880263806e+01
1.217000018100000034e+02,1.088846013184384987e+01
1.217500018100000005e+02,1.086819963189075899e+01
1.218000018099999977e+02,1.088088659855569773e+01
1.218500018200000028e+02,1.088114704378071096e+01
1.219000018200000000e+02,1.089709606779475237e+01
1.219500018199999971e+02,1.090514390162465297e+01
1.220000018199999943e+02,1.088649800931286293e+01
1.220500018200000056e+02,1.089373090163222813e+01
1.221000018200000028e+02,1.089804008626431298e+01
1.221500018200000000e+02,1.089771548444427829e+01
1.222000018199999971e+02,1.091643393480995705e+01
1.222500018199999943e+02,1.089740310292805603e+01
1.223000018200000056e+02,1.087083387113146493e+01
1.223500018200000028e+02,1.086600608735631113e+01
1.224000018200000000e+02,1.087414175461986687e+01
1.224500018199999971e+02,1.089545854708380013e+01
1.225000018300000022e+02,1.091662640459501432e+01
1.225500018299999994e+02,1.092300311187847406e+01
1.226000018299999965e+02,1.092182767140545430e+01
1.226500018299999937e+02,1.093162224491163492e+01
1.227000018300000050e+02,1.095702749277003107e+01
1.227500018300000022e+02,1.095514480221383025e+01
1.228000018299999994e+02,1.095011996603968996e+01
1.228500018299999965e+02,1.093559384365088505e+01
1.229000018299999937e+02,1.093884520823415052e+01
1.229500018300000050e+02,1.095754456437512303e+01
1.230000018300000022e+02,1.097104647255059540e+01
1.230500018299999994e+02,1.097702678372911933e+01
1.231000018299999965e+02,1.098405040334568561e+01
1.231500018400000016e+02,1.100103280680091800e+01
1.232000018399999988e+02,1.101568036845886844e+01
1.232500018399999959e+02,1.100209368192569315e+01
1.233000018399999931e+02,1.099948999344451828e+01
1.233500018400000044e+02,1.100354255169652973e+01
1.234000018400000016e+02,1.099478059386255424e+01
1.234500018399999988e+02,1.101534965648692577e+01
1.235000018399999959e+02,1.102993993547075036e+01
1.235500018399999931e+02,1.101027670286652338e+01
1.236000018400000044e+02,1.101250079816050231e+01
1.236500018400000016e+02,1.102035081582242704e+01
1.237000018399999988e+02,1.104471886539469061e+01
1.237500018399999959e+02,1.104324326370925924e+01
1.238000018399999931e+02,1.104669855461240857e+01
1.238500018499999982e+02,1.103500219632531731e+01
1.239000018499999953e+02,1.103617610926036186e+01
1.239500018500000067e+02,1.104571863900039652e+01
1.240000018500000039e+02,1.105099781024764560e+01
1.240500018500000010e+02,1.106220993899614413e+01
1.241000018499999982e+02,1.106401243380857125e+01
1.241500018499999953e+02,1.107640764071997275e+01
1.242000018500000067e+02,1.109363445025146788e+01
1.242500018500000039e+02,1.109806278284573011e+01
1.243000018500000010e+02,1.109421109583764853e+01
1.243500018499999982e+02,1.108694154260684428e+01
1.244000018499999953e+02,1.107903958865371585e+01
1.244500018500000067e+02,1.108666047561914247e+01
1.245000018599999976e+02,1.110130192712518493e+01
1.245500018599999947e+02,1.107859736640947901e+01
1.246000018600000061e+02,1.109594485144112852e+01
1.246500018600000033e+02,1.110432645231892046e+01
1.247000018600000004e+02,1.114132876849592790e+01
1.247500018599999976e+02,1.113206501443662866e+01
1.248000018599999947e+02,1.110555230154517048e+01
1.248500018600000061e+02,1.113318240846653673e+01
1.249000018600000033e+02,1.114946519952847126e+01
1.249500018600000004e+02,1.115352234039441370e+01
1.250000018599999976e+02,1.116372400277136556e+01
1.250500018599999947e+02,1.115413411935405463e+01
1.251000018600000061e+02,1.115720370691810182e+01
1.251500018600000033e+02,1.115282425553908929e+01
1.252000018699999941e+02,1.114861206956852158e+01
1.252500018700000055e+02,1.115427465284790465e+01
1.253000018700000027e+02,1.117430907718045674e+01
1.253500018699999998e+02,1.118801949428973863e+01
1.254000018699999970e+02,1.119353314261640087e+01
1.254500018699999941e+02,1.118122271406270229e+01
1.255000018700000055e+02,1.119540819548272026e+01
1.255500018700000027e+02,1.117234542711149281e+01
1.256000018699999998e+02,1.115439685588603602e+01
1.256500018699999970e+02,1.117707697599411709e+01
1.257000018699999941e+02,1.118074077583107417e+01
1.257500018700000055e+02,1.118908571579743061e+01
1.258000018700000027e+02,1.116882216076838397e+01
1.258500018799999935e+02,1.118351096595170091e+01
1.259000018800000049e+02,1.120072250010343140e+01
1.259500018800000021e+02,1.120209422920644826e+01
1.260000018799999992e+02,1.121811504750539257e+01
1.260500018799999964e+02,1.122263121353330995e+01
1.261000018799999935e+02,1.123752470880549836e+01
1.261500018800000049e+02,1.122963344761820537e+01
1.262000018800000021e+02,1.125018265224887948e+01
1.262500018799999992e+02,1.124262439434049377e+01
1.263000018799999964e+02,1.124130994791159743e+01
1.263500018799999935e+02,1.125630426069024281e+01
1.264000018800000049e+02,1.125626836354779137e+01
1.264500018800000021e+02,1.125357455032599674e+01
1.265000018799999992e+02,1.129788613572119793e+01
1.265500018900000043e+02,1.127104271085780063e+01
1.266000018900000015e+02,1.126065545261668532e+01
1.266500018899999986e+02,1.128629441378550879e+01
1.267000018899999958e+02,1.130360905675066086e+01
1.267500018899999930e+02,1.130803280673099565e+01
1.268000018900000043e+02,1.129316909844935246e+01
1.268500018900000015e+02,1.126994364728361298e+01
1.269000018899999986e+02,1.129359757285179811e+01
1.269500018899999958e+02,1.129793272562948658e+01
1.270000018899999930e+02,1.129537944590154197e+01
1.270500018900000043e+02,1.129726824660965079e+01
1.271000018900000015e+02,1.132381685664355864e+01
1.271500018899999986e+02,1.131181422699215311e+01
1.272000019000000037e+02,1.131856136223494858e+01
1.272500019000000009e+02,1.130544744870553941e+01
1.273000018999999980e+02,1.132334179233282256e+01
1.273500018999999952e+02,1.130651519775120661e+01
1.274000019000000066e+02,1.129532521830337011e+01
1.274500019000000037e+02,1.127657850848512311e+01
1.275000019000000009e+02,1.129213113639422872e+01
1.275500018999999980e+02,1.130710711871715368e+01
1.276000018999999952e+02,1.130385651790287582e+01
1.276500019000000066e+02,1.129656787044736177e+01
1.277000019000000037e+02,1.130766237877166169e+01
1.277500019000000009e+02,1.131138269751375347e+01
1.278000018999999980e+02,1.130816493876597306e+01
1.278500019100000031e+02,1.128476763957786133e+01
1.279000019100000003e+02,1.132417277299211378e+01
1.279500019099999975e+02,1.132227557082513592e+01
1.280000019100000088e+02,1.133277663064550644e+01
1.280500019099999918e+02,1.131721712881550701e+01
1.281000019100000031e+02,1.134249253594589035e+01
1.281500019099999861e+02,1.134508553166122802e+01
1.282000019099999975e+02,1.133338306322223232e+01
1.282500019100000088e+02,1.131808858923117889e+01
1.283000019099999918e+02,1.131270096278758963e+01
1.283500019100000031e+02,1.133582636021585976e+01
1.284000019099999861e+02,1.133283773216457391e+01
1.284500019099999975e+02,1.133381841154557179e+01
1.285000019100000088e+02,1.131226943330918999e+01
1.285500019199999997e+02,1.131862781013693109e+01
1.286000019200000111e+02,1.132160727296035674e+01
1.286500019199999940e+02,1.132204109374571921e+01
1.287000019200000054e+02,1.133152710458062096e+01
1.287500019199999883e+02,1.133514813335423455e+01
1.288000019199999997e+02,1.132771513355993065e+01
1.288500019200000111e+02,1.132791218595891536e+01
1.289000019199999940e+02,1.133451878770785903e+01
1.289500019200000054e+02,1.135592875998836959e+01
1.290000019199999883e+02,1.136101240637460918e+01
1.290500019199999997e+02,1.138014481953195656e+01
1.291000019200000111e+02,1.137749683244946119e+01
1.291500019199999940e+02,1.135849960640304523e+01
1.292000019300000133e+02,1.134232221546149866e+01
1.292500019299999963e+02,1.135444475684406918e+01
1.293000019300000076e+02,1.133760365065167264e+01
1.293500019299999906e+02,1.135397198384030126e+01
1.294000019300000019e+02,1.135762814598737513e+01
1.294500019300000133e+02,1.136429355794841989e+01
1.295000019299999963e+02,1.136527805617436115e+01
1.295500019300000076e+02,1.135326931637104941e+01
1.296000019299999906e+02,1.133658096397631532e+01
1.296500019300000019e+02,1.134030892040829386e+01
1.297000019300000133e+02,1.132942826740072562e+01
1.297500019299999963e+02,1.131125132924776189e+01
1.298000019300000076e+02,1.129282005602169114e+01
1.298500019299999906e+02,1.127214101066300067e+01
1.299000019400000099e+02,1.129092209008572212e+01
1.299500019399999928e+02,1.129498915994851238e+01
1.300000019400000042e+02,1.129258710648025499e+01
1.300500019399999871e+02,1.130359225383291744e+01
1.301000019399999985e+02,1.131079765046870200e+01
1.301500019400000099e+02,1.129631124406728837e+01
1.302000019399999928e+02,1.130422083571030178e+01
1.302500019400000042e+02,1.129917079515954903e+01
1.303000019399999871e+02,1.130698415191003292e+01
1.303500019399999985e+02,1.128806253899346146e+01
1.304000019400000099e+02,1.128504565148960914e+01
1.304500019399999928e+02,1.129274138781589265e+01
1.305000019400000042e+02,1.128654798508962998e+01
1.305500019499999951e+02,1.128257944142633384e+01
1.306000019500000064e+02,1.128560091154411715e+01
1.306500019499999894e+02,1.128022932424928015e+01
1.307000019500000008e+02,1.129123599913992138e+01
1.307500019500000121e+02,1.130425826039073023e+01
1.308000019499999951e+02,1.132632812907714559e+01
1.308500019500000064e+02,1.133527491900629336e+01
1.309000019499999894e+02,1.132911664965349274e+01
1.309500019500000008e+02,1.130443087218209008e+01
1.310000019500000121e+02,1.132788774535128873e+01
1.310500019499999951e+02,1.133166000038458954e+01
1.311000019500000064e+02,1.134494728947434261e+01
1.311500019499999894e+02,1.131062962129127492e+01
1.312000019600000087e+02,1.130417271826403969e+01
1.312500019599999916e+02,1.128864300342458371e+01
1.313000019600000030e+02,1.128400845320347656e+01
1.313500019599999860e+02,1.129729650606221902e+01
1.314000019599999973e+02,1.128420474183347189e+01
1.314500019600000087e+02,1.128275281698668131e+01
1.315000019599999916e+02,1.129124745567474619e+01
1.315500019600000030e+02,1.127672056951695190e+01
1.316000019599999860e+02,1.128602022071870081e+01
1.316500019599999973e+02,1.129260467316698602e+01
1.317000019600000087e+02,1.127233424421704555e+01
1.317500019599999916e+02,1.125961290794763414e+01
1.318000019600000030e+02,1.125959839633685533e+01
1.318500019599999860e+02,1.127327673514862916e+01
1.319000019700000053e+02,1.127110381237686632e+01
1.319500019699999882e+02,1.127526635336319494e+01
1.320000019699999996e+02,1.128530762425260292e+01
1.320500019700000109e+02,1.130264288898043823e+01
1.321000019699999939e+02,1.130178059379262834e+01
1.321500019700000053e+02,1.127957019161236296e+01
1.322000019699999882e+02,1.126082195425613897e+01
1.322500019699999996e+02,1.128679697377982016e+01
1.323000019700000109e+02,1.127413215641554345e+01
1.323500019699999939e+02,1.126223492688452765e+01
1.324000019700000053e+02,1.127615461669660846e+01
1.324500019699999882e+02,1.124656315101324644e+01
1.325000019699999996e+02,1.124944714271313018e+01
1.325500019799999905e+02,1.128506550948330478e+01
1.326000019800000018e+02,1.127347073247166165e+01
1.326500019800000132e+02,1.129268105006581813e+01
1.327000019799999961e+02,1.128024994601196518e+01
1.327500019800000075e+02,1.127249539947358059e+01
1.328000019799999905e+02,1.126669457400731034e+01
1.328500019800000018e+02,1.128141011110521852e+01
1.329000019800000132e+02,1.127331568736703282e+01
1.329500019799999961e+02,1.129697495931813656e+01
1.330000019800000075e+02,1.129476690317290988e+01
1.330500019799999905e+02,1.129010791234417788e+01
1.331000019800000018e+02,1.127138106051962474e+01
1.331500019800000132e+02,1.127549166521474788e+01
1.332000019799999961e+02,1.127945868134006702e+01
1.332500019899999870e+02,1.127983292814434435e+01
1.333000019899999984e+02,1.127949686978948662e+01
1.333500019900000098e+02,1.129464928274871127e+01
1.334000019899999927e+02,1.128266345601504739e+01
1.334500019900000041e+02,1.127004293725209472e+01
1.335000019899999870e+02,1.126948462212163449e+01
1.335500019899999984e+02,1.128330120312029194e+01
1.336000019900000098e+02,1.129926779382106439e+01
1.336500019899999927e+02,1.129421546196334702e+01
1.337000019900000041e+02,1.128621956442465368e+01
1.337500019899999870e+02,1.128400692566549779e+01
1.338000019899999984e+02,1.130252450478725024e+01
1.338500019900000098e+02,1.129094882200031513e+01
1.339000020000000006e+02,1.127282687521450910e+01
1.339500020000000120e+02,1.126798687113554287e+01
1.340000019999999950e+02,1.127699017996982711e+01
1.340500020000000063e+02,1.126238615314421310e+01
1.341000019999999893e+02,1.125284438717316604e+01
1.341500020000000006e+02,1.124864900412033819e+01
1.342000020000000120e+02,1.128690313766919751e+01
1.342500019999999950e+02,1.126903323464953921e+01
1.343000020000000063e+02,1.126472557755542958e+01
1.343500019999999893e+02,1.124133667982618867e+01
1.344000020000000006e+02,1.121327657096440156e+01
1.344500020000000120e+02,1.120675398380417143e+01
1.345000019999999950e+02,1.122838239401534111e+01
1.345500020000000063e+02,1.121185061426321283e+01
1.346000020099999972e+02,1.122555492122058851e+01
1.346500020100000086e+02,1.123037430353687149e+01
1.347000020099999915e+02,1.125237314170737335e+01
1.347500020100000029e+02,1.125790512048975422e+01
1.348000020099999858e+02,1.123425195869055848e+01
1.348500020099999972e+02,1.123175061525382112e+01
1.349000020100000086e+02,1.122003363520404307e+01
1.349500020099999915e+02,1.125146502038026597e+01
1.350000020100000029e+02,1.127763250968900088e+01
1.350500020099999858e+02,1.127014375475855168e+01
1.351000020099999972e+02,1.129114969324424145e+01
1.351500020100000086e+02,1.129148346029213634e+01
1.352000020099999915e+02,1.130185315184651884e+01
1.352500020200000108e+02,1.131949774301462419e+01
1.353000020199999938e+02,1.131095651441827243e+01
1.353500020200000051e+02,1.131528021066113610e+01
1.354000020199999881e+02,1.131546504275630838e+01
1.354500020199999994e+02,1.135397962153018270e+01
1.355000020200000108e+02,1.134267507673409980e+01
1.355500020199999938e+02,1.131808935300016827e+01
1.356000020200000051e+02,1.129579493623118580e+01
1.356500020199999881e+02,1.131482882318904082e+01
1.357000020199999994e+02,1.130032714140785899e+01
1.357500020200000108e+02,1.129059366942074583e+01
1.358000020199999938e+02,1.129247712374593604e+01
1.358500020200000051e+02,1.130209144777087360e+01
1.359000020299999960e+02,1.129718346825194786e+01
1.359500020300000074e+02,1.130470277394193168e+01
1.360000020299999903e+02,1.128014149081562323e+01
1.360500020300000017e+02,1.126188282938091056e+01
1.361000020300000131e+02,1.126275658110354527e+01
1.361500020299999960e+02,1.128642272697554461e+01
1.362000020300000074e+02,1.130176073579893270e+01
1.362500020299999903e+02,1.130535274135098867e+01
1.363000020300000017e+02,1.132368548837756883e+01
1.363500020300000131e+02,1.129856894519675414e+01
1.364000020299999960e+02,1.129880953242807351e+01
1.364500020300000074e+02,1.130834900709215773e+01
1.365000020299999903e+02,1.128694896380849499e+01
1.365500020300000017e+02,1.126784404633472647e+01
1.366000020399999926e+02,1.128586975822800298e+01
1.366500020400000039e+02,1.128357310488013354e+01
1.367000020399999869e+02,1.127913637082699871e+01
1.367500020399999983e+02,1.130048600535743120e+01
1.368000020400000096e+02,1.127493105877732482e+01
1.368500020399999926e+02,1.128622949342150328e+01
1.369000020400000039e+02,1.128024841847398818e+01
1.369500020399999869e+02,1.126607439358879681e+01
1.370000020399999983e+02,1.127661669693454094e+01
1.370500020400000096e+02,1.127139175328546195e+01
1.371000020399999926e+02,1.129217696253352976e+01
1.371500020400000039e+02,1.129283380386348057e+01
1.372000020399999869e+02,1.130560325757915585e+01
1.372500020500000062e+02,1.131795951227215191e+01
1.373000020499999891e+02,1.131993920148987165e+01
1.373500020500000005e+02,1.131408567596340653e+01
1.374000020500000119e+02,1.129363041491829556e+01
1.374500020499999948e+02,1.128500058911929926e+01
1.375000020500000062e+02,1.128312248117702588e+01
1.375500020499999891e+02,1.128274212422084588e+01
1.376000020500000005e+02,1.126064170477489768e+01
1.376500020500000119e+02,1.125002378829930905e+01
1.377000020499999948e+02,1.123524638591334757e+01
1.377500020500000062e+02,1.126230672116942877e+01
1.378000020499999891e+02,1.126569403663261681e+01
1.378500020500000005e+02,1.126318811058194491e+01
1.379000020500000119e+02,1.126466523980535150e+01
1.379500020600000028e+02,1.127401835483628467e+01
1.380000020600000141e+02,1.128861474397201725e+01
1.380500020599999971e+02,1.130308969383860607e+01
1.381000020600000084e+02,1.129906310373219647e+01
1.381500020599999914e+02,1.132069915163324758e+01
1.382000020600000028e+02,1.135702247717964042e+01
1.382500020600000141e+02,1.137100937866269312e+01
1.383000020599999971e+02,1.135391622870415418e+01
1.383500020600000084e+02,1.135359773703602393e+01
1.384000020599999914e+02,1.136151267506195595e+01
1.384500020600000028e+02,1.136114377464060077e+01
1.385000020600000141e+02,1.134633505772611528e+01
1.385500020599999971e+02,1.134985908783821174e+01
1.386000020699999880e+02,1.136320136829512428e+01
1.386500020699999993e+02,1.138676822419864365e+01
1.387000020700000107e+02,1.139612592184350603e+01
1.387500020699999936e+02,1.141029154526982659e+01
1.388000020700000050e+02,1.141650175091383446e+01
1.388500020699999880e+02,1.142774977680478266e+01
1.389000020699999993e+02,1.141273789733940802e+01
1.389500020700000107e+02,1.141633448550539320e+01
1.390000020699999936e+02,1.142352384299242374e+01
1.390500020700000050e+02,1.142792544367209473e+01
1.391000020699999880e+02,1.146880235992683517e+01
1.391500020699999993e+02,1.144859379626494977e+01
1.392000020700000107e+02,1.145036879539379804e+01
1.392500020699999936e+02,1.146388292387308283e+01
1.393000020800000129e+02,1.147342392607514405e+01
1.393500020799999959e+02,1.146415253432595982e+01
1.394000020800000073e+02,1.146790340382758622e+01
1.394500020799999902e+02,1.146538602124209127e+01
1.395000020800000016e+02,1.146869390473049499e+01
1.395500020800000129e+02,1.146890088612632752e+01
1.396000020799999959e+02,1.147190097071243819e+01
1.396500020800000073e+02,1.149037730630882059e+01
1.397000020799999902e+02,1.148878102912323840e+01
1.397500020800000016e+02,1.147096000731883159e+01
1.398000020800000129e+02,1.146350333068588867e+01
1.398500020799999959e+02,1.147368666260712367e+01
1.399000020800000073e+02,1.152651121714611016e+01
1.399500020899999981e+02,1.152543430287258452e+01
1.400000020900000095e+02,1.152903394611452192e+01
1.400500020899999924e+02,1.150875435193672125e+01
1.401000020900000038e+02,1.150092953865141077e+01
1.401500020899999868e+02,1.148348199988229368e+01
1.402000020899999981e+02,1.147587638829662815e+01
1.402500020900000095e+02,1.147376456704393277e+01
1.403000020899999924e+02,1.147452833603225031e+01
1.403500020900000038e+02,1.146588170731550882e+01
1.404000020899999868e+02,1.148190328938344074e+01
1.404500020899999981e+02,1.147256774103923860e+01
1.405000020900000095e+02,1.147487203207699125e+01
1.405500020899999924e+02,1.145035504755200861e+01
1.406000021000000118e+02,1.146535470671357260e+01
1.406500020999999947e+02,1.146620630913554528e+01
1.407000021000000061e+02,1.148620483632564415e+01
1.407500020999999890e+02,1.149274422640361593e+01
1.408000021000000004e+02,1.150882232737668431e+01
1.408500021000000118e+02,1.151633094030083093e+01
1.409000020999999947e+02,1.152618890663304008e+01
1.409500021000000061e+02,1.154950753761535509e+01
1.410000020999999890e+02,1.157080905469952192e+01
1.410500021000000004e+02,1.158757378399308635e+01
1.411000021000000118e+02,1.157550852528463814e+01
1.411500020999999947e+02,1.158138954649468211e+01
1.412000021000000061e+02,1.160469137455925193e+01
1.412500020999999890e+02,1.161069001619349628e+01
1.413000021100000083e+02,1.160042954360444334e+01
1.413500021099999913e+02,1.161010267784148020e+01
1.414000021100000026e+02,1.160882947493795569e+01
1.414500021100000140e+02,1.162078780598804073e+01
1.415000021099999969e+02,1.160811305962691442e+01
1.415500021100000083e+02,1.163231231625275797e+01
1.416000021099999913e+02,1.164713707231599749e+01
1.416500021100000026e+02,1.164439437787894960e+01
1.417000021100000140e+02,1.164936040384098881e+01
1.417500021099999969e+02,1.164319984318122181e+01
1.418000021100000083e+02,1.165140348588473707e+01
1.418500021099999913e+02,1.165125760600796845e+01
1.419000021100000026e+02,1.165624807257763251e+01
1.419500021199999935e+02,1.164610903925771979e+01
1.420000021200000049e+02,1.166030521344357318e+01
1.420500021199999878e+02,1.168206575568972028e+01
1.421000021199999992e+02,1.168768098529182886e+01
1.421500021200000106e+02,1.168688437423701387e+01
1.422000021199999935e+02,1.169345660638148487e+01
1.422500021200000049e+02,1.172200552739579571e+01
1.423000021199999878e+02,1.173003503076997411e+01
1.423500021199999992e+02,1.174942636161436127e+01
1.424000021200000106e+02,1.174279150041285114e+01
1.424500021199999935e+02,1.175190937459538176e+01
1.425000021200000049e+02,1.175653628712660570e+01
1.425500021199999878e+02,1.177930424066834370e+01
1.426000021199999992e+02,1.179248154702378137e+01
1.426500021299999901e+02,1.180452236512460473e+01
1.427000021300000014e+02,1.179240211504899705e+01
1.427500021300000128e+02,1.179040638668252328e+01
1.428000021299999958e+02,1.177995879069133167e+01
1.428500021300000071e+02,1.177988623263744294e+01
1.429000021299999901e+02,1.178656157359533552e+01
1.429500021300000014e+02,1.177256779819138544e+01
1.430000021300000128e+02,1.178143897499069048e+01
1.430500021299999958e+02,1.179127784709819515e+01
1.431000021300000071e+02,1.179564202309743770e+01
1.431500021299999901e+02,1.179298563455607152e+01
1.432000021300000014e+02,1.179285273875210294e+01
1.432500021300000128e+02,1.180282297912559741e+01
1.433000021400000037e+02,1.180245560624221746e+01
1.433500021399999866e+02,1.180818387365459721e+01
1.434000021399999980e+02,1.182859178102243369e+01
1.434500021400000094e+02,1.181946856045698446e+01
1.435000021399999923e+02,1.181754920898934280e+01
1.435500021400000037e+02,1.181118013939576628e+01
1.436000021399999866e+02,1.181820375901233078e+01
1.436500021399999980e+02,1.182495624063804485e+01
1.437000021400000094e+02,1.180597352620240770e+01
1.437500021399999923e+02,1.182266340613511524e+01
1.438000021400000037e+02,1.183265197696432836e+01
1.438500021399999866e+02,1.180948839108664217e+01
1.439000021399999980e+02,1.186164999414376986e+01
1.439500021499999889e+02,1.187770823712314083e+01
1.440000021500000003e+02,1.187574305951619813e+01
1.440500021500000116e+02,1.188621967872894736e+01
1.441000021499999946e+02,1.186560937257920578e+01
1.441500021500000059e+02,1.187109094260835818e+01
1.442000021499999889e+02,1.186638841694728974e+01
1.442500021500000003e+02,1.187014234152486836e+01
1.443000021500000116e+02,1.189964979261951861e+01
1.443500021499999946e+02,1.193405834931219900e+01
1.444000021500000059e+02,1.193013028540528175e+01
1.444500021499999889e+02,1.195909011413530898e+01
1.445000021500000003e+02,1.198041454428912722e+01
1.445500021500000116e+02,1.198442127640183941e+01
1.446000021499999946e+02,1.199017245688386879e+01
1.446500021600000139e+02,1.200091181262859763e+01
1.447000021599999968e+02,1.199303124420713829e+01
1.447500021600000082e+02,1.198362924796095363e+01
1.448000021599999911e+02,1.197274248480147918e+01
1.448500021600000025e+02,1.197733120888329061e+01
1.449000021600000139e+02,1.197548136039358546e+01
1.449500021599999968e+02,1.197432730545223833e+01
1.450000021600000082e+02,1.196573261302670410e+01
1.450500021599999911e+02,1.196550500986818477e+01
1.451000021600000025e+02,1.196242396576931277e+01
1.451500021600000139e+02,1.198155408761969554e+01
1.452000021599999968e+02,1.199787353959307090e+01
1.452500021600000082e+02,1.199245383485197003e+01
1.453000021699999991e+02,1.198804994286533443e+01
1.453500021700000104e+02,1.197401263262905147e+01
1.454000021699999934e+02,1.197809039525767716e+01
1.454500021700000048e+02,1.201107375901815821e+01
1.455000021699999877e+02,1.201908951455054542e+01
1.455500021699999991e+02,1.201381416214823972e+01
1.456000021700000104e+02,1.203434427255420935e+01
1.456500021699999934e+02,1.205304744754012169e+01
1.457000021700000048e+02,1.203419457383249913e+01
1.457500021699999877e+02,1.201941258883260666e+01
1.458000021699999991e+02,1.203499500373225395e+01
1.458500021700000104e+02,1.204542045042278531e+01
1.459000021699999934e+02,1.204299090127094907e+01
1.459500021700000048e+02,1.205562287656872655e+01
1.460000021799999956e+02,1.204092337861957418e+01
1.460500021800000070e+02,1.206130149899686543e+01
1.461000021799999899e+02,1.207266027139112019e+01
1.461500021800000013e+02,1.208084711117689380e+01
1.462000021800000127e+02,1.210999406330905614e+01
1.462500021799999956e+02,1.211366091822196545e+01
1.463000021800000070e+02,1.212662284172269800e+01
1.463500021799999899e+02,1.213420706777668912e+01
1.464000021800000013e+02,1.212652202421624104e+01
1.464500021800000127e+02,1.214129560775726269e+01
1.465000021799999956e+02,1.214735382337259573e+01
1.465500021800000070e+02,1.216267350174026163e+01
1.466000021799999899e+02,1.214596834642778767e+01
1.466500021900000093e+02,1.215071058807624738e+01
1.467000021899999922e+02,1.217921750179620233e+01
1.467500021900000036e+02,1.218698044979345951e+01
1.468000021899999865e+02,1.216481969259743323e+01
1.468500021899999979e+02,1.218422400751462220e+01
1.469000021900000093e+02,1.219068854823173886e+01
1.469500021899999922e+02,1.219312115245953088e+01
1.470000021900000036e+02,1.219786415787697997e+01
1.470500021899999865e+02,1.220371539209647693e+01
1.471000021899999979e+02,1.220460289166090284e+01
1.471500021900000093e+02,1.219018980708236732e+01
1.472000021899999922e+02,1.218385052447933425e+01
1.472500021900000036e+02,1.220238261521186551e+01
1.473000021899999865e+02,1.221848362925457998e+01
1.473500022000000058e+02,1.221212219735088667e+01
1.474000021999999888e+02,1.219815286255456499e+01
1.474500022000000001e+02,1.219578288738381566e+01
1.475000022000000115e+02,1.220343203380181230e+01
1.475500021999999944e+02,1.218843542971620408e+01
1.476000022000000058e+02,1.219852787312782816e+01
1.476500021999999888e+02,1.222848976677052590e+01
1.477000022000000001e+02,1.221334422773219330e+01
1.477500022000000115e+02,1.226644984925888160e+01
1.478000021999999944e+02,1.226990055754809816e+01
1.478500022000000058e+02,1.225845318795119887e+01
1.479000021999999888e+02,1.224896106696439446e+01
1.479500022000000001e+02,1.227712581217758014e+01
1.480000022099999910e+02,1.229644534873706263e+01
1.480500022100000024e+02,1.228790030129577282e+01
1.481000022100000137e+02,1.230795534739100461e+01
1.481500022099999967e+02,1.231690519239610815e+01
1.482000022100000081e+02,1.231984799430809296e+01
1.482500022099999910e+02,1.232481325650114456e+01
1.483000022100000024e+02,1.232174061386114339e+01
1.483500022100000137e+02,1.232237988850436494e+01
1.484000022099999967e+02,1.234209047478586996e+01
1.484500022100000081e+02,1.237727807584663431e+01
1.485000022099999910e+02,1.236675563049458759e+01
1.485500022100000024e+02,1.236614385153494311e+01
1.486000022100000137e+02,1.234961436308978300e+01
1.486500022200000046e+02,1.233712062997889092e+01
1.487000022199999876e+02,1.232401817298430480e+01
1.487500022199999989e+02,1.234175976281392728e+01
1.488000022200000103e+02,1.237084255835107172e+01
1.488500022199999933e+02,1.236284207819844916e+01
1.489000022200000046e+02,1.236579862795222517e+01
1.489500022199999876e+02,1.238452395223879954e+01
1.490000022199999989e+02,1.236781039546745120e+01
1.490500022200000103e+02,1.236374943575657070e+01
1.491000022199999933e+02,1.237086547142072313e+01
1.491500022200000046e+02,1.237579025385739229e+01
1.492000022199999876e+02,1.237296889121454768e+01
1.492500022199999989e+02,1.237896295023486104e+01
1.493000022200000103e+02,1.239991695242934533e+01
1.493500022300000012e+02,1.241206546195751947e+01
1.494000022300000126e+02,1.240261687580304795e+01
1.494500022299999955e+02,1.240050505455034902e+01
1.495000022300000069e+02,1.239516401801504486e+01
1.495500022299999898e+02,1.236879565746238185e+01
1.496000022300000012e+02,1.236046293779984140e+01
1.496500022300000126e+02,1.234401975525035766e+01
1.497000022299999955e+02,1.236715355413749862e+01
1.497500022300000069e+02,1.238010631241037096e+01
1.498000022299999898e+02,1.238378997024102546e+01
1.498500022300000012e+02,1.239213796528333411e+01
1.499000022300000126e+02,1.241138723509589248e+01
1.499500022299999955e+02,1.239768903829042479e+01
1.500000022399999864e+02,1.240006435984408917e+01
1.500500022399999978e+02,1.243348994584880707e+01
1.501000022400000091e+02,1.244735235298676379e+01
1.501500022399999921e+02,1.246540403302564393e+01
1.502000022400000034e+02,1.245514814305052020e+01
1.502500022399999864e+02,1.243528403920236514e+01
1.503000022399999978e+02,1.244860951674153426e+01
1.503500022400000091e+02,1.244339984847222169e+01
1.504000022399999921e+02,1.243653585657421878e+01
1.504500022400000034e+02,1.242007281603103763e+01
1.505000022399999864e+02,1.241524961486981482e+01
1.505500022399999978e+02,1.241968100254003105e+01
1.506000022400000091e+02,1.243165308143190373e+01
1.506500022399999921e+02,1.245341133237108622e+01
1.507000022500000114e+02,1.243100769663677596e+01
1.507500022499999943e+02,1.242205861540066181e+01
1.508000022500000057e+02,1.245449664810348445e+01
1.508500022499999886e+02,1.245996599782882441e+01
1.509000022500000000e+02,1.247003934701574046e+01
1.509500022500000114e+02,1.249330298663089600e+01
1.510000022499999943e+02,1.250704395449971251e+01
1.510500022500000057e+02,1.249363522614081390e+01
1.511000022499999886e+02,1.249868144784662505e+01
1.511500022500000000e+02,1.248416678199264496e+01
1.512000022500000114e+02,1.246090008730153720e+01
1.512500022499999943e+02,1.245463183521441763e+01
1.513000022500000057e+02,1.246304093177578842e+01
1.513500022599999966e+02,1.248091541740937949e+01
1.514000022600000079e+02,1.249323042857700550e+01
1.514500022599999909e+02,1.247823917087431411e+01
1.515000022600000023e+02,1.247941537511632326e+01
1.515500022600000136e+02,1.247928858946426267e+01
1.516000022599999966e+02,1.247548425613345380e+01
1.516500022600000079e+02,1.248559044738686907e+01
1.517000022599999909e+02,1.251754959693401581e+01
1.517500022600000023e+02,1.251872656494501257e+01
1.518000022600000136e+02,1.253062532201400714e+01
1.518500022599999966e+02,1.253796514199173551e+01
1.519000022600000079e+02,1.255609167139146898e+01
1.519500022599999909e+02,1.254438309280056529e+01
1.520000022600000023e+02,1.253275700126039993e+01
1.520500022699999931e+02,1.253165564637924589e+01
1.521000022700000045e+02,1.252290285377313239e+01
1.521500022699999874e+02,1.250762289139285599e+01
1.522000022699999988e+02,1.251718986174051906e+01
1.522500022700000102e+02,1.252410426239175401e+01
1.523000022699999931e+02,1.255235149465567979e+01
1.523500022700000045e+02,1.255590531175831792e+01
1.524000022699999874e+02,1.259606734023999408e+01
1.524500022699999988e+02,1.260373558088270052e+01
1.525000022700000102e+02,1.259134801166118045e+01
1.525500022699999931e+02,1.259088364011628514e+01
1.526000022700000045e+02,1.258990296073528548e+01
1.526500022699999874e+02,1.260917667115547225e+01
1.527000022800000067e+02,1.261379823730377758e+01
1.527500022799999897e+02,1.261655926219654589e+01
1.528000022800000011e+02,1.261460859620038377e+01
1.528500022800000124e+02,1.263024294739123654e+01
1.529000022799999954e+02,1.261497062270084690e+01
1.529500022800000067e+02,1.261714278170362036e+01
1.530000022799999897e+02,1.261798292759077000e+01
1.530500022800000011e+02,1.261410298113012018e+01
1.531000022800000124e+02,1.262492635146356257e+01
1.531500022799999954e+02,1.265447122723863949e+01
1.532000022800000067e+02,1.268714831963480449e+01
1.532500022799999897e+02,1.268356242423465652e+01
1.533000022800000011e+02,1.267315607176883141e+01
1.533500022899999919e+02,1.267110076942126895e+01
1.534000022900000033e+02,1.265181865754221135e+01
1.534500022899999863e+02,1.267401149303574925e+01
1.535000022899999976e+02,1.266851235631986405e+01
1.535500022900000090e+02,1.266309188780977557e+01
1.536000022899999919e+02,1.268160641185557402e+01
1.536500022900000033e+02,1.267814882964546186e+01
1.537000022899999863e+02,1.267372507966512885e+01
1.537500022899999976e+02,1.266251065960966748e+01
1.538000022900000090e+02,1.265942045028293528e+01
1.538500022899999919e+02,1.267263212624284741e+01
1.539000022900000033e+02,1.268540005242054569e+01
1.539500022899999863e+02,1.268813129032276876e+01
1.540000022899999976e+02,1.271131549796313998e+01
1.540500022999999885e+02,1.271636706605186973e+01
1.541000022999999999e+02,1.271496402242033064e+01
1.541500023000000112e+02,1.272906930809657489e+01
1.542000022999999942e+02,1.273845602896299312e+01
1.542500023000000056e+02,1.272853314226677490e+01
1.543000022999999885e+02,1.274694455749915001e+01
1.543500022999999999e+02,1.275154855696072609e+01
1.544000023000000112e+02,1.271014845894899103e+01
1.544500022999999942e+02,1.271822760730741209e+01
1.545000023000000056e+02,1.269770895343626727e+01
1.545500022999999885e+02,1.270991092679362389e+01
1.546000022999999999e+02,1.271361902523190324e+01
1.546500023000000112e+02,1.270586142361756465e+01
1.547000023100000021e+02,1.271204947996091228e+01
1.547500023100000135e+02,1.273036084145581626e+01
1.548000023099999964e+02,1.275225351573694432e+01
1.548500023100000078e+02,1.274469678536653205e+01
1.549000023099999908e+02,1.277412251317943159e+01
1.549500023100000021e+02,1.277815215836179341e+01
1.550000023100000135e+02,1.279307773193148812e+01
1.550500023099999964e+02,1.277219552402190672e+01
1.551000023100000078e+02,1.276598226330194663e+01
1.551500023099999908e+02,1.278039840295643437e+01
1.552000023100000021e+02,1.281242705548151939e+01
1.552500023100000135e+02,1.281905580653112331e+01
1.553000023099999964e+02,1.281596177835945305e+01
1.553500023100000078e+02,1.281497269751957901e+01
1.554000023199999987e+02,1.282343373037215883e+01
1.554500023200000101e+02,1.282676223562324580e+01
1.555000023199999930e+02,1.281427766774021215e+01
1.555500023200000044e+02,1.282172441537630547e+01
1.556000023199999873e+02,1.281324963468193801e+01
1.556500023199999987e+02,1.282243395676645115e+01
1.557000023200000101e+02,1.282991736531398530e+01
1.557500023199999930e+02,1.285584273985342563e+01
1.558000023200000044e+02,1.287828456403715016e+01
1.558500023199999873e+02,1.287687082763977742e+01
1.559000023199999987e+02,1.287955394809573484e+01
1.559500023200000101e+02,1.287563504941667958e+01
1.560000023199999930e+02,1.288034215769167723e+01
1.560500023300000123e+02,1.288166195050349039e+01
1.561000023299999953e+02,1.287108069493934082e+01
1.561500023300000066e+02,1.286251960834929520e+01
1.562000023299999896e+02,1.287578551190737564e+01
1.562500023300000009e+02,1.289510428469787406e+01
1.563000023300000123e+02,1.290128775842729070e+01
1.563500023299999953e+02,1.288468647569722592e+01
1.564000023300000066e+02,1.288150003147796596e+01
1.564500023299999896e+02,1.286766970263751908e+01
1.565000023300000009e+02,1.285314587155567700e+01
1.565500023300000123e+02,1.286014275925765027e+01
1.566000023299999953e+02,1.286390279398713687e+01
1.566500023300000066e+02,1.286731225875098694e+01
1.567000023399999975e+02,1.288563965939464673e+01
1.567500023400000089e+02,1.289411062124407259e+01
1.568000023399999918e+02,1.289282367049875866e+01
1.568500023400000032e+02,1.290084324487608924e+01
1.569000023399999861e+02,1.289442147522231608e+01
1.569500023399999975e+02,1.289925842422533186e+01
1.570000023400000089e+02,1.289345301614513239e+01
1.570500023399999918e+02,1.289195221008308856e+01
1.571000023400000032e+02,1.291116100013926626e+01
1.571500023399999861e+02,1.291217146651081116e+01
1.572000023399999975e+02,1.290004128743835565e+01
1.572500023400000089e+02,1.289885439043051107e+01
1.573000023399999918e+02,1.291043694713834178e+01
1.573500023400000032e+02,1.288002672109950275e+01
1.574000023499999941e+02,1.288275032131184084e+01
1.574500023500000054e+02,1.287307413199884998e+01
1.575000023499999884e+02,1.289156345166803597e+01
1.575500023499999998e+02,1.287038337385300757e+01
1.576000023500000111e+02,1.285348498498649050e+01
1.576500023499999941e+02,1.288111738321482136e+01
1.577000023500000054e+02,1.289011458189719761e+01
1.577500023499999884e+02,1.289604219301552668e+01
1.578000023499999998e+02,1.287210032653874592e+01
1.578500023500000111e+02,1.287932328986126151e+01
1.579000023499999941e+02,1.288735661208038508e+01
1.579500023500000054e+02,1.288653937926288329e+01
1.580000023499999884e+02,1.289106394674967504e+01
1.580500023600000077e+02,1.291299099063527756e+01
1.581000023599999906e+02,1.290161999793720859e+01
1.581500023600000020e+02,1.288991447442225713e+01
1.582000023600000134e+02,1.290061716925554869e+01
1.582500023599999963e+02,1.290066070408788157e+01
1.583000023600000077e+02,1.289173682722838343e+01
1.583500023599999906e+02,1.289718402765306315e+01
1.584000023600000020e+02,1.291377232631032612e+01
1.584500023600000134e+02,1.291225853617547870e+01
1.585000023599999963e+02,1.290407780654161307e+01
1.585500023600000077e+02,1.288962042336175529e+01
1.586000023599999906e+02,1.288058656376793998e+01
1.586500023600000020e+02,1.287826852488839791e+01
1.587000023600000134e+02,1.289499964834647550e+01
1.587500023700000042e+02,1.290687243726986644e+01
1.588000023699999872e+02,1.292968621695090192e+01
1.588500023699999986e+02,1.291824190242995662e+01
1.589000023700000099e+02,1.292077761547117021e+01
1.589500023699999929e+02,1.289666313720302959e+01
1.590000023700000042e+02,1.290522804263802037e+01
1.590500023699999872e+02,1.290738798133697962e+01
1.591000023699999986e+02,1.288074390017953341e+01
1.591500023700000099e+02,1.288705721463696463e+01
1.592000023699999929e+02,1.288958147114335162e+01
1.592500023700000042e+02,1.289817692733787347e+01
1.593000023699999872e+02,1.290922255444692013e+01
1.593500023699999986e+02,1.290027423697979181e+01
1.594000023799999894e+02,1.290391435997811165e+01
1.594500023800000008e+02,1.291565959948045794e+01
1.595000023800000122e+02,1.289708626522255663e+01
1.595500023799999951e+02,1.288026501702385751e+01
1.596000023800000065e+02,1.288457038281100253e+01
1.596500023799999894e+02,1.287755516465331063e+01
1.597000023800000008e+02,1.285711212391200853e+01
1.597500023800000122e+02,1.285103023145803824e+01
1.598000023799999951e+02,1.285030083207419516e+01
1.598500023800000065e+02,1.285589543991361872e+01
1.599000023799999894e+02,1.285577629195144134e+01
1.599500023800000008e+02,1.284197193125659453e+01
1.600000023800000122e+02,1.282236445378851464e+01
1.600500023799999951e+02,1.280690424192699695e+01
1.601000023899999860e+02,1.279184959139827349e+01
1.601500023899999974e+02,1.279937653477814230e+01
1.602000023900000087e+02,1.279141347930594641e+01
1.602500023899999917e+02,1.278582039900449985e+01
1.603000023900000031e+02,1.278372614443853372e+01
1.603500023899999860e+02,1.279749689929789191e+01
1.604000023899999974e+02,1.280830117540662982e+01
1.604500023900000087e+02,1.279400189240735308e+01
1.605000023899999917e+02,1.278119654154922813e+01
1.605500023900000031e+02,1.276623125199213682e+01
1.606000023899999860e+02,1.276518030586421304e+01
1.606500023899999974e+02,1.276454943267986408e+01
1.607000023900000087e+02,1.277319758893458079e+01
1.607500023999999996e+02,1.276867302144778726e+01
1.608000024000000110e+02,1.276932222508785841e+01
1.608500023999999939e+02,1.278330530772597129e+01
1.609000024000000053e+02,1.277293026978866841e+01
1.609500023999999883e+02,1.276031356987065557e+01
1.610000023999999996e+02,1.278372232559359034e+01
1.610500024000000110e+02,1.275999431443353771e+01
1.611000023999999939e+02,1.274851333900115335e+01
1.611500024000000053e+02,1.274755862776575910e+01
1.612000023999999883e+02,1.274040363988320124e+01
1.612500023999999996e+02,1.275972317644268550e+01
1.613000024000000110e+02,1.275688806595805147e+01
1.613500023999999939e+02,1.274402390488782544e+01
1.614000024100000132e+02,1.274469831290450905e+01
1.614500024099999962e+02,1.276147602627087352e+01
1.615000024100000076e+02,1.275510084652538900e+01
1.615500024099999905e+02,1.273660694424227735e+01
1.616000024100000019e+02,1.272230307862907139e+01
1.616500024100000132e+02,1.272731034811648065e+01
1.617000024099999962e+02,1.271525272709791388e+01
1.617500024100000076e+02,1.271907462711545378e+01
1.618000024099999905e+02,1.272383672675761268e+01
1.618500024100000019e+02,1.271110851656730567e+01
1.619000024100000132e+02,1.269215482535322437e+01
1.619500024099999962e+02,1.267056765866742474e+01
1.620000024100000076e+02,1.267698331816928992e+01
1.620500024099999905e+02,1.267827179645258084e+01
1.621000024200000098e+02,1.267834970088938995e+01
1.621500024199999928e+02,1.267225635190059485e+01
1.622000024200000041e+02,1.267848717930728775e+01
1.622500024199999871e+02,1.270420709998887077e+01
1.623000024199999984e+02,1.268280705670520803e+01
1.623500024200000098e+02,1.270926477822950673e+01
1.624000024199999928e+02,1.270413912454890948e+01
1.624500024200000041e+02,1.271062810587365277e+01
1.625000024199999871e+02,1.273065871136126148e+01
1.625500024199999984e+02,1.273371836992845907e+01
1.626000024200000098e+02,1.272236647145510169e+01
1.626500024199999928e+02,1.275243987537009183e+01
1.627000024200000041e+02,1.275301652095627247e+01
1.627500024299999950e+02,1.274328763158308853e+01
1.628000024300000064e+02,1.272487545258172403e+01
1.628500024299999893e+02,1.270103134853544624e+01
1.629000024300000007e+02,1.271010186904070416e+01
1.629500024300000121e+02,1.270408031433681018e+01
1.630000024299999950e+02,1.272603790898194198e+01
1.630500024300000064e+02,1.273792062690218252e+01
1.631000024299999893e+02,1.272647249353629384e+01
1.631500024300000007e+02,1.271833759004172748e+01
1.632000024300000121e+02,1.270921284193830125e+01
1.632500024299999950e+02,1.271603940915588105e+01
1.633000024300000064e+02,1.272198382319195531e+01
1.633500024299999893e+02,1.273382224251087180e+01
1.634000024300000007e+02,1.275336250830797979e+01
1.634500024399999916e+02,1.276111858238434138e+01
1.635000024400000029e+02,1.276214814298059430e+01
1.635500024399999859e+02,1.275497864348725940e+01
1.636000024399999973e+02,1.277074818178904714e+01
1.636500024400000086e+02,1.276918703797692523e+01
1.637000024399999916e+02,1.277445398892036188e+01
1.637500024400000029e+02,1.278622748787527108e+01
1.638000024399999859e+02,1.277997069232297811e+01
1.638500024399999973e+02,1.277864631689723396e+01
1.639000024400000086e+02,1.278184956403423911e+01
1.639500024399999916e+02,1.275133546541298557e+01
1.640000024400000029e+02,1.275957195018300006e+01
1.640500024399999859e+02,1.279000432552249933e+01
1.641000024500000052e+02,1.281664076899006588e+01
1.641500024499999881e+02,1.281586401592894653e+01
1.642000024499999995e+02,1.280323815078307526e+01
1.642500024500000109e+02,1.279572571901398703e+01
1.643000024499999938e+02,1.281584339416626328e+01
1.643500024500000052e+02,1.280268976464946284e+01
1.644000024499999881e+02,1.281687753737644186e+01
1.644500024499999995e+02,1.282099043337853139e+01
1.645000024500000109e+02,1.280368801071719176e+01
1.645500024499999938e+02,1.280865327291024336e+01
1.646000024500000052e+02,1.282479858555428187e+01
1.646500024499999881e+02,1.281724643779780237e+01
1.647000024499999995e+02,1.283499184647236468e+01
1.647500024500000109e+02,1.281081626668515838e+01
1.648000024600000017e+02,1.281676755464212647e+01
1.648500024600000131e+02,1.281761686575713455e+01
1.649000024599999961e+02,1.283783917726080936e+01
1.649500024600000074e+02,1.286115933578110315e+01
1.650000024599999904e+02,1.283924069335437324e+01
1.650500024600000017e+02,1.283146552505330362e+01
1.651000024600000131e+02,1.282921317030675645e+01
1.651500024599999961e+02,1.284722818943419398e+01
1.652000024600000074e+02,1.285029548569127833e+01
1.652500024599999904e+02,1.283882749433169401e+01
1.653000024600000017e+02,1.284084002561590943e+01
1.653500024600000131e+02,1.282919407608204843e+01
1.654000024599999961e+02,1.282695623294627829e+01
1.654500024699999869e+02,1.282867929578392108e+01
1.655000024699999983e+02,1.283803470212182063e+01
1.655500024700000097e+02,1.283447706617423911e+01
1.656000024699999926e+02,1.282161214133502192e+01
1.656500024700000040e+02,1.283669352377833484e+01
1.657000024699999869e+02,1.285582211809074060e+01
1.657500024699999983e+02,1.285874277070206517e+01
1.658000024700000097e+02,1.285506675056129566e+01
1.658500024699999926e+02,1.287305809285009595e+01
1.659000024700000040e+02,1.287841134968921253e+01
1.659500024699999869e+02,1.289158025458577583e+01
1.660000024699999983e+02,1.289289317347669517e+01
1.660500024700000097e+02,1.289419998221570651e+01
1.661000024800000006e+02,1.286664777973114937e+01
1.661500024800000119e+02,1.285869694456276591e+01
1.662000024799999949e+02,1.285311684833412116e+01
1.662500024800000062e+02,1.284950574855735717e+01
1.663000024799999892e+02,1.284702502688330306e+01
1.663500024800000006e+02,1.285202694998779194e+01
1.664000024800000119e+02,1.285864195319560821e+01
1.664500024799999949e+02,1.285225073430136788e+01
1.665000024800000062e+02,1.286369886766725656e+01
1.665500024799999892e+02,1.287352399193296826e+01
1.666000024800000006e+02,1.286051089591002139e+01
1.666500024800000119e+02,1.285177337868367076e+01
1.667000024799999949e+02,1.284685317886093081e+01
1.667500024800000062e+02,1.283959584593394077e+01
1.668000024899999971e+02,1.282516519466867244e+01
1.668500024900000085e+02,1.281803159231779077e+01
1.669000024899999914e+02,1.283291210351717559e+01
1.669500024900000028e+02,1.281922154440158934e+01
1.670000024900000142e+02,1.283287391506775954e+01
1.670500024899999971e+02,1.283439076027855918e+01
1.671000024900000085e+02,1.286308556116963686e+01
1.671500024899999914e+02,1.286251578950435182e+01
1.672000024900000028e+02,1.285050093954913386e+01
1.672500024900000142e+02,1.285181691351600541e+01
1.673000024899999971e+02,1.284034357577350249e+01
1.673500024900000085e+02,1.283402644247113145e+01
1.674000024899999914e+02,1.283561126312189060e+01
1.674500025000000107e+02,1.280909244007852621e+01
1.675000024999999937e+02,1.279679805067358167e+01
1.675500025000000051e+02,1.279146083298322267e+01
1.676000024999999880e+02,1.277536592909241264e+01
1.676500024999999994e+02,1.279119733268225190e+01
1.677000025000000107e+02,1.280531178358635458e+01
1.677500024999999937e+02,1.280670566199003346e+01
1.678000025000000051e+02,1.280148530095488546e+01
1.678500024999999880e+02,1.278712949905047402e+01
1.679000024999999994e+02,1.280800712434612798e+01
1.679500025000000107e+02,1.280758246878862217e+01
1.680000024999999937e+02,1.279198401474021907e+01
1.680500025000000051e+02,1.279999136881373722e+01
1.681000024999999880e+02,1.279337407429895634e+01
1.681500025100000073e+02,1.279361771660622971e+01
1.682000025099999903e+02,1.279460068729419397e+01
1.682500025100000016e+02,1.279373839210638586e+01
1.683000025100000130e+02,1.278243919369321979e+01
1.683500025099999959e+02,1.279596019609340019e+01
1.684000025100000073e+02,1.277225433423400780e+01
1.684500025099999903e+02,1.275848968952655582e+01
1.685000025100000016e+02,1.276100554457407199e+01
1.685500025100000130e+02,1.275663143957797807e+01
1.686000025099999959e+02,1.276709736602489009e+01
1.686500025100000073e+02,1.274931071382495951e+01
1.687000025099999903e+02,1.274936723273009420e+01
1.687500025100000016e+02,1.274716681427475073e+01
1.688000025199999925e+02,1.273551933720291451e+01
1.688500025200000039e+02,1.275249104789231147e+01
1.689000025199999868e+02,1.275346027073848454e+01
1.689500025199999982e+02,1.277203589630334868e+01
1.690000025200000096e+02,1.276916488867626498e+01
1.690500025199999925e+02,1.276043882798473916e+01
1.691000025200000039e+02,1.275019363077545087e+01
1.691500025199999868e+02,1.273525278182598974e+01
1.692000025199999982e+02,1.272115055122569949e+01
1.692500025200000096e+02,1.270716135843568217e+01
1.693000025199999925e+02,1.273814441121576024e+01
1.693500025200000039e+02,1.273291182987679804e+01
1.694000025199999868e+02,1.272331430876960212e+01
1.694500025300000061e+02,1.271090306270944659e+01
1.695000025299999891e+02,1.271017213578762828e+01
1.695500025300000004e+02,1.269938695390360017e+01
1.696000025300000118e+02,1.269753405033794103e+01
1.696500025299999947e+02,1.268571548901272195e+01
1.697000025300000061e+02,1.268330427031660435e+01
1.697500025299999891e+02,1.267145592200083826e+01
1.698000025300000004e+02,1.267049051799960502e+01
1.698500025300000118e+02,1.265988711313479520e+01
1.699000025299999947e+02,1.263946545792516929e+01
1.699500025300000061e+02,1.260969679783651642e+01
1.700000025299999891e+02,1.261045522044191536e+01
1.700500025300000004e+02,1.261325901639802538e+01
1.701000025300000118e+02,1.260516306512186624e+01
1.701500025400000027e+02,1.259570684127750795e+01
1.702000025400000141e+02,1.262105175138582780e+01
1.702500025399999970e+02,1.261603837174651233e+01
1.703000025400000084e+02,1.260360574015468593e+01
1.703500025399999913e+02,1.260927596112395399e+01
1.704000025400000027e+02,1.262324911476521727e+01
1.704500025400000141e+02,1.260685786850694079e+01
1.705000025399999970e+02,1.262469951207403263e+01
1.705500025400000084e+02,1.261316125396752241e+01
1.706000025399999913e+02,1.258102643755306360e+01
1.706500025400000027e+02,1.253527973022881170e+01
1.707000025400000141e+02,1.254223079179148748e+01
1.707500025399999970e+02,1.252790324933964605e+01
1.708000025499999879e+02,1.253684240157890883e+01
1.708500025499999992e+02,1.253813164363118915e+01
1.709000025500000106e+02,1.252483060669964487e+01
1.709500025499999936e+02,1.253245072989608389e+01
1.710000025500000049e+02,1.253801784205193037e+01
1.710500025499999879e+02,1.253341078751440030e+01
1.711000025499999992e+02,1.251038926266854112e+01
1.711500025500000106e+02,1.249673460069540454e+01
1.712000025499999936e+02,1.251013492759543233e+01
1.712500025500000049e+02,1.251163955250241600e+01
1.713000025499999879e+02,1.249642145541019644e+01
1.713500025499999992e+02,1.248267972377239232e+01
1.714000025500000106e+02,1.247784124723140131e+01
1.714500025499999936e+02,1.248333274625740330e+01
1.715000025600000129e+02,1.249878226535308556e+01
1.715500025599999958e+02,1.249746323631026002e+01
1.716000025600000072e+02,1.250160973814783461e+01
1.716500025599999901e+02,1.249685145735061731e+01
1.717000025600000015e+02,1.248923897184405973e+01
1.717500025600000129e+02,1.247008746446200611e+01
1.718000025599999958e+02,1.246993852950928350e+01
1.718500025600000072e+02,1.247135379344463502e+01
1.719000025599999901e+02,1.245966278154046236e+01
1.719500025600000015e+02,1.244977961083163720e+01
1.720000025600000129e+02,1.244171268277702858e+01
1.720500025599999958e+02,1.247221761617042013e+01
1.721000025600000072e+02,1.246504277029417018e+01
1.721500025699999981e+02,1.245365726598532419e+01
1.722000025700000094e+02,1.243469288200540745e+01
1.722500025699999924e+02,1.242925561057757555e+01
1.723000025700000037e+02,1.244529781440819249e+01
1.723500025699999867e+02,1.243908149861227663e+01
1.724000025699999981e+02,1.245447908141675342e+01
1.724500025700000094e+02,1.243089847767144640e+01
1.725000025699999924e+02,1.240211584334671002e+01
1.725500025700000037e+02,1.238452853485272875e+01
1.726000025699999867e+02,1.238082196395242462e+01
1.726500025699999981e+02,1.237978476566629027e+01
1.727000025700000094e+02,1.238056151872740962e+01
1.727500025699999924e+02,1.236010702145128448e+01
1.728000025700000037e+02,1.236449029167523861e+01
1.728500025799999946e+02,1.236167427541531261e+01
1.729000025800000060e+02,1.233922404977271547e+01
1.729500025799999889e+02,1.233555872239777962e+01
1.730000025800000003e+02,1.231393183972458871e+01
1.730500025800000117e+02,1.231575190122374686e+01
1.731000025799999946e+02,1.229373931521145558e+01
1.731500025800000060e+02,1.227237135022530445e+01
1.732000025799999889e+02,1.226411806253754833e+01
1.732500025800000003e+02,1.226296248005822420e+01
1.733000025800000117e+02,1.227367968650229102e+01
1.733500025799999946e+02,1.227572353231502866e+01
1.734000025800000060e+02,1.226208720079761250e+01
1.734500025799999889e+02,1.224224142740517607e+01
1.735000025900000082e+02,1.227170381612951644e+01
1.735500025899999912e+02,1.226362314023311839e+01
1.736000025900000026e+02,1.226101334160003908e+01
1.736500025900000139e+02,1.225091937065043801e+01
1.737000025899999969e+02,1.225995246647526571e+01
1.737500025900000082e+02,1.228735267893114802e+01
1.738000025899999912e+02,1.228391113586978989e+01
1.738500025900000026e+02,1.228983874698812073e+01
1.739000025900000139e+02,1.229895356609470092e+01
1.739500025899999969e+02,1.230242947876052995e+01
1.740000025900000082e+02,1.229726487286152903e+01
1.740500025899999912e+02,1.229258449650112084e+01
1.741000025900000026e+02,1.226888932740756566e+01
1.741500025999999934e+02,1.228171682756635441e+01
1.742000026000000048e+02,1.228094465711916605e+01
1.742500025999999878e+02,1.227184282208538768e+01
1.743000025999999991e+02,1.226663544512304149e+01
1.743500026000000105e+02,1.227001283158938172e+01
1.744000025999999934e+02,1.226883815488534779e+01
1.744500026000000048e+02,1.226931016412012987e+01
1.745000025999999878e+02,1.226107291558112600e+01
1.745500025999999991e+02,1.223912906877778362e+01
1.746000026000000105e+02,1.222185719687597860e+01
1.746500025999999934e+02,1.223461061144289985e+01
1.747000026000000048e+02,1.223404083977761303e+01
1.747500025999999878e+02,1.223582118528938345e+01
1.748000025999999991e+02,1.223124620904936144e+01
1.748500026099999900e+02,1.222175561560053403e+01
1.749000026100000014e+02,1.221245672816776739e+01
1.749500026100000127e+02,1.220478390491113352e+01
1.750000026099999957e+02,1.221344199016269805e+01
1.750500026100000071e+02,1.223036787471279752e+01
1.751000026099999900e+02,1.222721121748408102e+01
1.751500026100000014e+02,1.222508564838959444e+01
1.752000026100000127e+02,1.220997295141776107e+01
1.752500026099999957e+02,1.219715003387290331e+01
1.753000026100000071e+02,1.218518941151585544e+01
1.753500026099999900e+02,1.217805351785800561e+01
1.754000026100000014e+02,1.216796260198435853e+01
1.754500026100000127e+02,1.215892186846964762e+01
1.755000026200000036e+02,1.218384135925147405e+01
1.755500026199999866e+02,1.216340213735511711e+01
1.756000026199999979e+02,1.215150108897915793e+01
1.756500026200000093e+02,1.214795796464235345e+01
1.757000026199999922e+02,1.217668560759993035e+01
1.757500026200000036e+02,1.217129416231139949e+01
1.758000026199999866e+02,1.215351438403236273e+01
1.758500026199999979e+02,1.215291329783855545e+01
1.759000026200000093e+02,1.210943345687163131e+01
1.759500026199999922e+02,1.208079441111669894e+01
1.760000026200000036e+02,1.207956016043157810e+01
1.760500026199999866e+02,1.207533346285023157e+01
1.761000026199999979e+02,1.205603607559140578e+01
1.761500026200000093e+02,1.204773772553333977e+01
1.762000026300000002e+02,1.207039416880278182e+01
1.762500026300000115e+02,1.206843892019269049e+01
1.763000026299999945e+02,1.207904003375053392e+01
1.763500026300000059e+02,1.206218059710241874e+01
1.764000026299999888e+02,1.204718781186175214e+01
1.764500026300000002e+02,1.205002368611537378e+01
1.765000026300000115e+02,1.206704886063395321e+01
1.765500026299999945e+02,1.208538771781243781e+01
1.766000026300000059e+02,1.206428936327916190e+01
1.766500026299999888e+02,1.205128619625306108e+01
1.767000026300000002e+02,1.206358898711687644e+01
1.767500026300000115e+02,1.207444901836175788e+01
1.768000026299999945e+02,1.205154893278504247e+01
1.768500026400000138e+02,1.205421906916819808e+01
1.769000026399999967e+02,1.207327052281278412e+01
1.769500026400000081e+02,1.203912012003815590e+01
1.770000026399999911e+02,1.205628659181957296e+01
1.770500026400000024e+02,1.206624155681330102e+01
1.771000026400000138e+02,1.204577025661943424e+01
1.771500026399999967e+02,1.204941648976966029e+01
1.772000026400000081e+02,1.204303672741024656e+01
1.772500026399999911e+02,1.204693347678864157e+01
1.773000026400000024e+02,1.205057894616987824e+01
1.773500026400000138e+02,1.204522187048582360e+01
1.774000026399999967e+02,1.202173979294000716e+01
1.774500026400000081e+02,1.200172828167711003e+01
1.775000026399999911e+02,1.197171445174320503e+01
1.775500026500000104e+02,1.195026934608923241e+01
1.776000026499999933e+02,1.193223065012315587e+01
1.776500026500000047e+02,1.193196867736016209e+01
1.777000026499999876e+02,1.192075578484267773e+01
1.777500026499999990e+02,1.191909611483106346e+01
1.778000026500000104e+02,1.191820937903562694e+01
1.778500026499999933e+02,1.190493507401867213e+01
1.779000026500000047e+02,1.187022100973066507e+01
1.779500026499999876e+02,1.186402760700440062e+01
1.780000026499999990e+02,1.185137882878887972e+01
1.780500026500000104e+02,1.184469279506514994e+01
1.781000026499999933e+02,1.182993601444187171e+01
1.781500026500000047e+02,1.183602936343066681e+01
1.782000026599999956e+02,1.183401148576353101e+01
1.782500026600000069e+02,1.182114732469330676e+01
1.783000026599999899e+02,1.181441851990623171e+01
1.783500026600000012e+02,1.178683271158618773e+01
1.784000026600000126e+02,1.177229207758660401e+01
1.784500026599999956e+02,1.179552440267323732e+01
1.785000026600000069e+02,1.176320399039461684e+01
1.785500026599999899e+02,1.175673410329458157e+01
1.786000026600000012e+02,1.174078126043559678e+01
1.786500026600000126e+02,1.173138231926536612e+01
1.787000026599999956e+02,1.175048418166318065e+01
1.787500026600000069e+02,1.173168935439866978e+01
1.788000026599999899e+02,1.172400889345215269e+01
1.788500026700000092e+02,1.171760087164017072e+01
1.789000026699999921e+02,1.170859527149892010e+01
1.789500026700000035e+02,1.171956834055407448e+01
1.790000026699999864e+02,1.169680344208829048e+01
1.790500026699999978e+02,1.168537898556104260e+01
1.791000026700000092e+02,1.169683857546175432e+01
1.791500026699999921e+02,1.172126543524611542e+01
1.792000026700000035e+02,1.173045968632747815e+01
1.792500026699999864e+02,1.170827983490674562e+01
1.793000026699999978e+02,1.172445646207930636e+01
1.793500026700000092e+02,1.169784675052633283e+01
1.794000026699999921e+02,1.168292346826360095e+01
1.794500026700000035e+02,1.167624430846076677e+01
1.795000026699999864e+02,1.165884794221386578e+01
1.795500026800000057e+02,1.164263159905391198e+01
1.796000026799999887e+02,1.165069699957054183e+01
1.796500026800000001e+02,1.166118354778013888e+01
1.797000026800000114e+02,1.164088333183965496e+01
1.797500026799999944e+02,1.160814590169341187e+01
1.798000026800000057e+02,1.158913569157419587e+01
1.798500026799999887e+02,1.158724154448316845e+01
1.799000026800000001e+02,1.158484942001175888e+01
1.799500026800000114e+02,1.156214562306503879e+01
1.800000026799999944e+02,1.155030491243915769e+01
1.800500026800000057e+02,1.153970761772625586e+01
1.801000026799999887e+02,1.152870399791156864e+01
1.801500026800000001e+02,1.151349888489214912e+01
1.802000026899999909e+02,1.151867571109496424e+01
1.802500026900000023e+02,1.151620644595573317e+01
1.803000026900000137e+02,1.150765528836253537e+01
1.803500026899999966e+02,1.147506908447597773e+01
1.804000026900000080e+02,1.144351702379960400e+01
1.804500026899999909e+02,1.142139445505299555e+01
1.805000026900000023e+02,1.139258890765860777e+01
1.805500026900000137e+02,1.137443106373035384e+01
1.806000026899999966e+02,1.134829794402609160e+01
1.806500026900000080e+02,1.134998663725925994e+01
1.807000026899999909e+02,1.131590115484863723e+01
1.807500026900000023e+02,1.133261089277504396e+01
1.808000026900000137e+02,1.132946798338811867e+01
1.808500026899999966e+02,1.131508468580012661e+01
1.809000026999999875e+02,1.132978571128725953e+01
1.809500026999999989e+02,1.131065329812991038e+01
1.810000027000000102e+02,1.131838416782965595e+01
1.810500026999999932e+02,1.131868203773510118e+01
1.811000027000000046e+02,1.129691691287502486e+01
1.811500026999999875e+02,1.130766237877166169e+01
1.812000026999999989e+02,1.128696118411230920e+01
1.812500027000000102e+02,1.129250843827445827e+01
1.813000026999999932e+02,1.125767598979326145e+01
1.813500027000000046e+02,1.126890415769051224e+01
1.814000026999999875e+02,1.126515176065090884e+01
1.814500026999999989e+02,1.127587507724688365e+01
1.815000027000000102e+02,1.127328360906952476e+01
1.815500027100000011e+02,1.124957851097911998e+01
1.816000027100000125e+02,1.125214706608683279e+01
1.816500027099999954e+02,1.122488815089378988e+01
1.817000027100000068e+02,1.122972357235882690e+01
1.817500027099999897e+02,1.122188806630767921e+01
1.818000027100000011e+02,1.120264337910905006e+01
1.818500027100000125e+02,1.119723589467176339e+01
1.819000027099999954e+02,1.119057277401768324e+01
1.819500027100000068e+02,1.118496136326051626e+01
1.820000027099999897e+02,1.120155959091462705e+01
1.820500027100000011e+02,1.122649359330723229e+01
1.821000027100000125e+02,1.122374326118030119e+01
1.821500027099999954e+02,1.120869624834146272e+01
1.822000027100000068e+02,1.119323680024893264e+01
1.822500027199999977e+02,1.118408302892395234e+01
1.823000027200000090e+02,1.120286181703970740e+01
1.823500027199999920e+02,1.120201250592469933e+01
1.824000027200000034e+02,1.120215685826349095e+01
1.824500027199999863e+02,1.120094781195498435e+01
1.825000027199999977e+02,1.120056058107790520e+01
1.825500027200000090e+02,1.120571143913511847e+01
1.826000027199999920e+02,1.119933778692761273e+01
1.826500027200000034e+02,1.120543953737527687e+01
1.827000027199999863e+02,1.120896127618040872e+01
1.827500027199999977e+02,1.121294280391650666e+01
1.828000027200000090e+02,1.120560145640080130e+01
1.828500027199999920e+02,1.120892767034492365e+01
1.829000027300000113e+02,1.121040479956832847e+01
1.829500027299999942e+02,1.118186733508884245e+01
1.830000027300000056e+02,1.116121807672069721e+01
1.830500027299999886e+02,1.114233847109848341e+01
1.831000027299999999e+02,1.115417078026549369e+01
1.831500027300000113e+02,1.116696772966474960e+01
1.832000027299999942e+02,1.114610232467290984e+01
1.832500027300000056e+02,1.114389274098970972e+01
1.833000027299999886e+02,1.115072083574526474e+01
1.833500027299999999e+02,1.116060553399206690e+01
1.834000027300000113e+02,1.116009075369394132e+01
1.834500027299999942e+02,1.116342155025199112e+01
1.835000027300000056e+02,1.112447315069275433e+01
1.835500027399999965e+02,1.109297990022847991e+01
1.836000027400000079e+02,1.106905636420741779e+01
1.836500027399999908e+02,1.108001033903786414e+01
1.837000027400000022e+02,1.106464712583786358e+01
1.837500027400000135e+02,1.105056093438632736e+01
1.838000027399999965e+02,1.106301189643387595e+01
1.838500027400000079e+02,1.104232444961631643e+01
1.839000027399999908e+02,1.103355485409245595e+01
1.839500027400000022e+02,1.104589125079175638e+01
1.840000027400000135e+02,1.106917551216959694e+01
1.840500027399999965e+02,1.108165015105578277e+01
1.841000027400000079e+02,1.108252695785436970e+01
1.841500027399999908e+02,1.106321887782971025e+01
1.842000027400000022e+02,1.106038147603811161e+01
1.842500027499999931e+02,1.105925415301135573e+01
1.843000027500000044e+02,1.108373218531793469e+01
1.843500027499999874e+02,1.107812077456076771e+01
1.844000027499999987e+02,1.106685670952106548e+01
1.844500027500000101e+02,1.106704536046117937e+01
1.845000027499999931e+02,1.107506798991446395e+01
1.845500027500000044e+02,1.105844455788373892e+01
1.846000027499999874e+02,1.107226495772733976e+01
1.846500027499999987e+02,1.107297144404153144e+01
1.847000027500000101e+02,1.106854769406119843e+01
1.847500027499999931e+02,1.110359781670406853e+01
1.848000027500000044e+02,1.109814068728254099e+01
1.848500027499999874e+02,1.111518190094987446e+01
1.849000027600000067e+02,1.111947733774017166e+01
1.849500027599999896e+02,1.110423327250234671e+01
1.850000027600000010e+02,1.109007452299691998e+01
1.850500027600000124e+02,1.108928020324907138e+01
1.851000027599999953e+02,1.109691483805629098e+01
1.851500027600000067e+02,1.107823152106407427e+01
1.852000027599999896e+02,1.108141491020738023e+01
1.852500027600000010e+02,1.109174335823639446e+01
1.853000027600000124e+02,1.108760831293364468e+01
1.853500027599999953e+02,1.106408651940043697e+01
1.854000027600000067e+02,1.107076949804821275e+01
1.854500027599999896e+02,1.106557357762069138e+01
1.855000027600000010e+02,1.105778542524682173e+01
1.855500027600000124e+02,1.107218170690761205e+01
1.856000027700000032e+02,1.108230011846483976e+01
1.856500027699999862e+02,1.106426906018864464e+01
1.857000027699999976e+02,1.106312493424414711e+01
1.857500027700000089e+02,1.104753106280967323e+01
1.858000027699999919e+02,1.104778692542076080e+01
1.858500027700000032e+02,1.105915028042894477e+01
1.859000027699999862e+02,1.107811237310189689e+01
1.859500027699999976e+02,1.107528337276917085e+01
1.860000027700000089e+02,1.107670092801148520e+01
1.860500027699999919e+02,1.106925494414438127e+01
1.861000027700000032e+02,1.107728979390147828e+01
1.861500027699999862e+02,1.109013104190205645e+01
1.862000027699999976e+02,1.109879523730552719e+01
1.862500027799999884e+02,1.107251012757258835e+01
1.863000027799999998e+02,1.106716068957841514e+01
1.863500027800000112e+02,1.105630905979240275e+01
1.864000027799999941e+02,1.105091150435196390e+01
1.864500027800000055e+02,1.104579807097518263e+01
1.865000027799999884e+02,1.105324710991824055e+01
1.865500027799999998e+02,1.103344945397206800e+01
1.866000027800000112e+02,1.101853457316820872e+01
1.866500027799999941e+02,1.104106881339952118e+01
1.867000027800000055e+02,1.105841782596914769e+01
1.867500027799999884e+02,1.103950155943549483e+01
1.868000027799999998e+02,1.103837958279165576e+01
1.868500027800000112e+02,1.103737828164797286e+01
1.869000027900000021e+02,1.104760362086356373e+01
1.869500027900000134e+02,1.106818719509871229e+01
1.870000027899999964e+02,1.106914190633411010e+01
1.870500027900000077e+02,1.106202663443894707e+01
1.871000027899999907e+02,1.106257043795862849e+01
1.871500027900000021e+02,1.105327995198473801e+01
1.872000027900000134e+02,1.106347321290281904e+01
1.872500027899999964e+02,1.106338385193118512e+01
1.873000027900000077e+02,1.106701480970164653e+01
1.873500027899999907e+02,1.105722099996445529e+01
1.874000027900000021e+02,1.105390929763111174e+01
1.874500027900000134e+02,1.107428970931536760e+01
1.875000027899999964e+02,1.110400337803686277e+01
1.875500027900000077e+02,1.110160667095152398e+01
1.876000027999999986e+02,1.108677504096739064e+01
1.876500028000000100e+02,1.106645802210916329e+01
1.877000027999999929e+02,1.105230003637272773e+01
1.877500028000000043e+02,1.106607919269095675e+01
1.878000027999999872e+02,1.106758152629097758e+01
1.878500027999999986e+02,1.107926184542931480e+01
1.879000028000000100e+02,1.108685600048015196e+01
1.879500027999999929e+02,1.108057476432023059e+01
1.880000028000000043e+02,1.108465634579379966e+01
1.880500027999999872e+02,1.110100863983367248e+01
1.881000027999999986e+02,1.109437301486316940e+01
1.881500028000000100e+02,1.108285690605732299e+01
1.882000027999999929e+02,1.110122173138141299e+01
1.882500028100000122e+02,1.110030062598150025e+01
1.883000028099999952e+02,1.108860197638744616e+01
1.883500028100000065e+02,1.110154709697043529e+01
1.884000028099999895e+02,1.112367577586895173e+01
1.884500028100000009e+02,1.113338938986236926e+01
1.885000028100000122e+02,1.113665984867034453e+01
1.885500028099999952e+02,1.114439224590807065e+01
1.886000028100000065e+02,1.113416156030955761e+01
1.886500028099999895e+02,1.112779096317800409e+01
1.887000028100000009e+02,1.113775203832363836e+01
1.887500028100000122e+02,1.118047345668516357e+01
1.888000028099999952e+02,1.117295415099517975e+01
1.888500028100000065e+02,1.117254171574148991e+01
1.889000028099999895e+02,1.118681732190212585e+01
1.889500028200000088e+02,1.117587327606852909e+01
1.890000028199999917e+02,1.118472688618110311e+01
1.890500028200000031e+02,1.118763990110254447e+01
1.891000028199999861e+02,1.121131215712645002e+01
1.891500028199999974e+02,1.121441229545002827e+01
1.892000028200000088e+02,1.121596351026530236e+01
1.892500028199999917e+02,1.121546324157795382e+01
1.893000028200000031e+02,1.119930799993706749e+01
1.893500028199999861e+02,1.122215385791561282e+01
1.894000028199999974e+02,1.120733597577327068e+01
1.894500028200000088e+02,1.121247079468172814e+01
1.895000028199999917e+02,1.122156881087056313e+01
1.895500028200000031e+02,1.121329031880618921e+01
1.896000028299999940e+02,1.121814483449593602e+01
1.896500028300000054e+02,1.120267927625149973e+01
1.897000028299999883e+02,1.119894520966761675e+01
1.897500028299999997e+02,1.120928511423145579e+01
1.898000028300000110e+02,1.123371732039873550e+01
1.898500028299999940e+02,1.122187355469689862e+01
1.899000028300000054e+02,1.120022910533697846e+01
1.899500028299999883e+02,1.118209341070938478e+01
1.900000028299999997e+02,1.117746267933321747e+01
1.900500028300000110e+02,1.120834491460683680e+01
1.901000028299999940e+02,1.122011459471680617e+01
1.901500028300000054e+02,1.122919198914295791e+01
1.902000028299999883e+02,1.124249378984348979e+01
1.902500028299999997e+02,1.124637373630414139e+01
1.903000028399999906e+02,1.124687553252946515e+01
1.903500028400000019e+02,1.124435051225409055e+01
1.904000028400000133e+02,1.123679607319064466e+01
1.904500028399999962e+02,1.124417637292475192e+01
1.905000028400000076e+02,1.126809379879390782e+01
1.905500028399999906e+02,1.126957474686225424e+01
1.906000028400000019e+02,1.126848026590199758e+01
1.906500028400000133e+02,1.127453848151732885e+01
1.907000028399999962e+02,1.127593617876594934e+01
1.907500028400000076e+02,1.128001928777749185e+01
1.908000028399999906e+02,1.127915011866878814e+01
1.908500028400000019e+02,1.129726213645774457e+01
1.909000028400000133e+02,1.130437740835290761e+01
1.909500028500000042e+02,1.132166761071043304e+01
1.910000028499999871e+02,1.133954362388199932e+01
1.910500028499999985e+02,1.134686205832805506e+01
1.911000028500000099e+02,1.135079012223497053e+01
1.911500028499999928e+02,1.135489156170223346e+01
1.912000028500000042e+02,1.134091993559894540e+01
1.912500028499999871e+02,1.135074200478870488e+01
1.913000028499999985e+02,1.136244829207264573e+01
1.913500028500000099e+02,1.133075264282646799e+01
1.914000028499999928e+02,1.131918536149840193e+01
1.914500028500000042e+02,1.132337921701325278e+01
1.915000028499999871e+02,1.132787094243354709e+01
1.915500028499999985e+02,1.132754710438250001e+01
1.916000028599999894e+02,1.133838575009571059e+01
1.916500028600000007e+02,1.134862407338410328e+01
1.917000028600000121e+02,1.133213964730925305e+01
1.917500028599999951e+02,1.134968112966393328e+01
1.918000028600000064e+02,1.134441723379644884e+01
1.918500028599999894e+02,1.133060676294969937e+01
1.919000028600000007e+02,1.132392683937787581e+01
1.919500028600000121e+02,1.132841932856715950e+01
1.920000028599999951e+02,1.133813294256057702e+01
1.920500028600000064e+02,1.134501373737632868e+01
1.921000028599999894e+02,1.133047233960775557e+01
1.921500028600000007e+02,1.131659923970395987e+01
1.922000028600000121e+02,1.132398259451402467e+01
1.922500028599999951e+02,1.131451873297978317e+01
1.923000028699999859e+02,1.129778226313878875e+01
1.923500028699999973e+02,1.131377329444718605e+01
1.924000028700000087e+02,1.132733859544868871e+01
1.924500028699999916e+02,1.133554147438321635e+01
1.925000028700000030e+02,1.131255813798677323e+01
1.925500028699999859e+02,1.129405888932073942e+01
1.926000028699999973e+02,1.128656707931433800e+01
1.926500028700000087e+02,1.130796177621508036e+01
1.927000028699999916e+02,1.130712392163489710e+01
1.927500028700000030e+02,1.130976350725852164e+01
1.928000028699999859e+02,1.131906239469128117e+01
1.928500028699999973e+02,1.132191736316961261e+01
1.929000028700000087e+02,1.134178223078675884e+01
1.929500028799999995e+02,1.134163024075808224e+01
1.930000028800000109e+02,1.134943214097374131e+01
1.930500028799999939e+02,1.132932286728033588e+01
1.931000028800000052e+02,1.135199153085359391e+01
1.931500028799999882e+02,1.135029138108560076e+01
1.932000028799999995e+02,1.136261021109816838e+01
1.932500028800000109e+02,1.137362834252363264e+01
1.933000028799999939e+02,1.135944667994855806e+01
1.933500028800000052e+02,1.135890669527381824e+01
1.934000028799999882e+02,1.134440348595466119e+01
1.934500028799999995e+02,1.134924425380261681e+01
1.935000028800000109e+02,1.132278118589539950e+01
1.935500028799999939e+02,1.134898304480861242e+01
1.936000028800000052e+02,1.135711107438228495e+01
1.936500028899999961e+02,1.133614867072892984e+01
1.937000028900000075e+02,1.131783960054098692e+01
1.937500028899999904e+02,1.132193187478039142e+01
1.938000028900000018e+02,1.134632130988432586e+01
1.938500028900000132e+02,1.133612728519725543e+01
1.939000028899999961e+02,1.133574005432017806e+01
1.939500028900000075e+02,1.131496706537592623e+01
1.940000028899999904e+02,1.132231605058151480e+01
1.940500028900000018e+02,1.134398188547310937e+01
1.941000028900000132e+02,1.132282166565178194e+01
1.941500028899999961e+02,1.131609438840268034e+01
1.942000028900000075e+02,1.133524818709170212e+01
1.942500028899999904e+02,1.131505871765452476e+01
1.943000029000000097e+02,1.130505181636959122e+01
1.943500028999999927e+02,1.133243751721469472e+01
1.944000029000000040e+02,1.135598069627957507e+01
1.944500028999999870e+02,1.134550484083581523e+01
1.945000028999999984e+02,1.135015313889871535e+01
1.945500029000000097e+02,1.135467388754056373e+01
1.946000028999999927e+02,1.133787020602859563e+01
1.946500029000000040e+02,1.132101687953238667e+01
1.947000028999999870e+02,1.130601569283284746e+01
1.947500028999999984e+02,1.129409478646319265e+01
1.948000029000000097e+02,1.127131614015561745e+01
1.948500028999999927e+02,1.126165598999138240e+01
1.949000029000000040e+02,1.128140858356724152e+01
1.949500028999999870e+02,1.128790061996793881e+01
1.950000029100000063e+02,1.129030420097417320e+01
1.950500029099999892e+02,1.128906384013714614e+01
1.951000029100000006e+02,1.128515257914797409e+01
1.951500029100000120e+02,1.128886220512423044e+01
1.952000029099999949e+02,1.128027896923352102e+01
1.952500029100000063e+02,1.129537180821166054e+01
1.953000029099999892e+02,1.130463174342601640e+01
1.953500029100000006e+02,1.129154456181120203e+01
1.954000029100000120e+02,1.131754936832542668e+01
1.954500029099999949e+02,1.133012329718009248e+01
1.955000029100000063e+02,1.132953901390403040e+01
1.955500029099999892e+02,1.132558269054454847e+01
1.956000029100000006e+02,1.132948936891978953e+01
1.956500029199999915e+02,1.132529551340494045e+01
1.957000029200000029e+02,1.133968492114483695e+01
1.957500029199999858e+02,1.131407498319757110e+01
1.958000029199999972e+02,1.129863539309873843e+01
1.958500029200000085e+02,1.131004151917026945e+01
1.959000029199999915e+02,1.130564373733553829e+01
1.959500029200000029e+02,1.132569954719976124e+01
1.960000029199999858e+02,1.132172794846050934e+01
1.960500029199999972e+02,1.131024773679711437e+01
1.961000029200000085e+02,1.132209761265085746e+01
1.961500029199999915e+02,1.131491818416067474e+01
1.962000029200000029e+02,1.131105885946270639e+01
1.962500029199999858e+02,1.129863921194368004e+01
1.963000029300000051e+02,1.128801060270225776e+01
1.963500029299999881e+02,1.126286350876191200e+01
1.964000029299999994e+02,1.124771491464762718e+01
1.964500029300000108e+02,1.124852069093030238e+01
1.965000029299999937e+02,1.124309411226830768e+01
1.965500029300000051e+02,1.124132751459833024e+01
1.966000029299999881e+02,1.123738188400468196e+01
1.966500029299999994e+02,1.125764925787866844e+01
1.967000029300000108e+02,1.123767058868226520e+01
1.967500029299999937e+02,1.122805091827441082e+01
1.968000029300000051e+02,1.121580159123977793e+01
1.968500029299999881e+02,1.118792020432125689e+01
1.969000029299999994e+02,1.117513929407075679e+01
1.969500029300000108e+02,1.119616203547418820e+01
1.970000029400000017e+02,1.116966001534856723e+01
1.970500029400000130e+02,1.119741614415300646e+01
1.971000029399999960e+02,1.118346743111936625e+01
1.971500029400000074e+02,1.117313134540047059e+01
1.972000029399999903e+02,1.119651566051578051e+01
1.972500029400000017e+02,1.119919954474072554e+01
1.973000029400000130e+02,1.119748946597588279e+01
1.973500029399999960e+02,1.119222709764637713e+01
1.974000029400000074e+02,1.120002441524810877e+01
1.974500029399999903e+02,1.120847170025889561e+01
1.975000029400000017e+02,1.118312831768855453e+01
1.975500029400000130e+02,1.118219881082977274e+01
1.976000029399999960e+02,1.116760242169404194e+01
1.976500029499999869e+02,1.117986167772552264e+01
1.977000029499999982e+02,1.116872974472079605e+01
1.977500029500000096e+02,1.115456182998751089e+01
1.978000029499999926e+02,1.112428373598365106e+01
1.978500029500000039e+02,1.114576168370412113e+01
1.979000029499999869e+02,1.116252183038375456e+01
1.979500029499999982e+02,1.114479016955098167e+01
1.980000029500000096e+02,1.114603434923295033e+01
1.980500029499999926e+02,1.113300826913719987e+01
1.981000029500000039e+02,1.114453201563293128e+01
1.981500029499999869e+02,1.115640327701834522e+01
1.982000029499999982e+02,1.116136319282847644e+01
1.982500029500000096e+02,1.115438845442716520e+01
1.983000029499999926e+02,1.116110274760346144e+01
1.983500029600000119e+02,1.116505677965598053e+01
1.984000029599999948e+02,1.116758027239337991e+01
1.984500029600000062e+02,1.117494453297873491e+01
1.985000029599999891e+02,1.116599010535970393e+01
1.985500029600000005e+02,1.117807293075488317e+01
1.986000029600000119e+02,1.117821881063165002e+01
1.986500029599999948e+02,1.116600767204643496e+01
1.987000029600000062e+02,1.113038548643131875e+01
1.987500029599999891e+02,1.111607932951114819e+01
1.988000029600000005e+02,1.112845009581492128e+01
1.988500029600000119e+02,1.111870669483096030e+01
1.989000029599999948e+02,1.110790623756716400e+01
1.989500029600000062e+02,1.109434704671756755e+01
1.990000029699999970e+02,1.109501687212032195e+01
1.990500029700000084e+02,1.110329383664671710e+01
1.991000029699999914e+02,1.108689418892956802e+01
1.991500029700000027e+02,1.108382612890349783e+01
1.992000029700000141e+02,1.106686740228690091e+01
1.992500029699999970e+02,1.107641298710289135e+01
1.993000029700000084e+02,1.107437448767307231e+01
1.993500029699999914e+02,1.107432484268883144e+01
1.994000029700000027e+02,1.109128433307441597e+01
1.994500029700000141e+02,1.108254452454110073e+01
1.995000029699999970e+02,1.109587687600116723e+01
1.995500029700000084e+02,1.111537666204189634e+01
1.996000029699999914e+02,1.110603805862174021e+01
1.996500029800000107e+02,1.108971173272746924e+01
1.997000029799999936e+02,1.107110861147902803e+01
1.997500029800000050e+02,1.107760599426264214e+01
1.998000029799999879e+02,1.105450045482806942e+01
1.998500029799999993e+02,1.106501297118326832e+01
1.999000029800000107e+02,1.108362907650451312e+01
1.999500029799999936e+02,1.108146608272959632e+01
2.000000029800000050e+02,1.107999659119607472e+01
2.000500029799999879e+02,1.106914343387208710e+01
2.001000029799999993e+02,1.106210835772069778e+01
2.001500029800000107e+02,1.106101082168448535e+01
2.002000029799999936e+02,1.103754860213236633e+01
2.002500029800000050e+02,1.103044402300303872e+01
2.003000029799999879e+02,1.102384429517498887e+01
2.003500029900000072e+02,1.103230685556554569e+01
2.004000029899999902e+02,1.101387940118441477e+01
2.004500029900000015e+02,1.101023698687913033e+01
2.005000029900000129e+02,1.099481572723601630e+01
2.005500029899999959e+02,1.098931048036822666e+01
2.006000029900000072e+02,1.099486613598924656e+01
2.006500029899999902e+02,1.101689246984332726e+01
2.007000029900000015e+02,1.099300330342673959e+01
2.007500029900000129e+02,1.098929749629542485e+01
2.008000029899999959e+02,1.098769281765097006e+01
2.008500029900000072e+02,1.100342722257929218e+01
2.009000029899999902e+02,1.101664195361516008e+01
2.009500029900000015e+02,1.101453471497639036e+01
2.010000029999999924e+02,1.101341808471547168e+01
2.010500030000000038e+02,1.099653344369074226e+01
2.011000029999999867e+02,1.102555972032275022e+01
2.011500029999999981e+02,1.100450184554585498e+01
2.012000030000000095e+02,1.101075940486713911e+01
2.012500029999999924e+02,1.102544821005045605e+01
2.013000030000000038e+02,1.103119939053248721e+01
2.013500029999999867e+02,1.103869578315282141e+01
2.014000029999999981e+02,1.104371221786808732e+01
2.014500030000000095e+02,1.105567895037704140e+01
2.015000029999999924e+02,1.106937561964453565e+01
2.015500030000000038e+02,1.107402239016945877e+01
2.016000029999999867e+02,1.106589970697870307e+01
2.016500029999999981e+02,1.109254378813615105e+01
2.017000030099999890e+02,1.106579888947224610e+01
2.017500030100000004e+02,1.105488463062919102e+01
2.018000030100000117e+02,1.106913808748916850e+01
2.018500030099999947e+02,1.103859267433939628e+01
2.019000030100000060e+02,1.103930679834347472e+01
2.019500030099999890e+02,1.104761507739838855e+01
2.020000030100000004e+02,1.103333870746876144e+01
2.020500030100000117e+02,1.102478831364455125e+01
2.021000030099999947e+02,1.103846665245632508e+01
2.021500030100000060e+02,1.104081371455742300e+01
2.022000030099999890e+02,1.103509843121784506e+01
2.022500030100000004e+02,1.102484101370474612e+01
2.023000030100000117e+02,1.103763414425905864e+01
2.023500030200000026e+02,1.103668248809961483e+01
2.024000030200000140e+02,1.102327910612363482e+01
2.024500030199999969e+02,1.102943508416947438e+01
2.025000030200000083e+02,1.102351511074102675e+01
2.025500030199999912e+02,1.102931593620729522e+01
2.026000030200000026e+02,1.103840249586130540e+01
2.026500030200000140e+02,1.105230385521766756e+01
2.027000030199999969e+02,1.105078853754484669e+01
2.027500030200000083e+02,1.105766551351565496e+01
2.028000030199999912e+02,1.106386273508686280e+01
2.028500030200000026e+02,1.107016764808541964e+01
2.029000030200000140e+02,1.106017754971823130e+01
2.029500030199999969e+02,1.107251471018651934e+01
2.030000030200000083e+02,1.106885702050147025e+01
2.030500030299999992e+02,1.107310510361448763e+01
2.031000030300000105e+02,1.107727680982867824e+01
2.031500030299999935e+02,1.108692473968910086e+01
2.032000030300000049e+02,1.111140429953365860e+01
2.032500030299999878e+02,1.109971634270543817e+01
2.033000030299999992e+02,1.108974915740789768e+01
2.033500030300000105e+02,1.108064197599120426e+01
2.034000030299999935e+02,1.110866771524851870e+01
2.034500030300000049e+02,1.110634585752403147e+01
2.035000030299999878e+02,1.108722642843948591e+01
2.035500030299999992e+02,1.108640919562198768e+01
2.036000030300000105e+02,1.107295540489277919e+01
2.036500030299999935e+02,1.106574771695002823e+01
2.037000030400000128e+02,1.107140648138447148e+01
2.037500030399999957e+02,1.106273923090504852e+01
2.038000030400000071e+02,1.107715613432852386e+01
2.038500030399999901e+02,1.107332430531413614e+01
2.039000030400000014e+02,1.106319367345309601e+01
2.039500030400000128e+02,1.105581260994999759e+01
2.040000030399999957e+02,1.104891272090953969e+01
2.040500030400000071e+02,1.104271702687631063e+01
2.041000030399999901e+02,1.104299045617412922e+01
2.041500030400000014e+02,1.105653895425788669e+01
2.042000030400000128e+02,1.105087178836457262e+01
2.042500030399999957e+02,1.101699175981180723e+01
2.043000030400000071e+02,1.102021944755643545e+01
2.043500030499999980e+02,1.101609891386446627e+01
2.044000030500000094e+02,1.100429104530508084e+01
2.044500030499999923e+02,1.102773569817046706e+01
2.045000030500000037e+02,1.103241912960682747e+01
2.045500030499999866e+02,1.104791829368674883e+01
2.046000030499999980e+02,1.104222515964783291e+01
2.046500030500000094e+02,1.102603402086449513e+01
2.047000030499999923e+02,1.104168288366613027e+01
2.047500030500000037e+02,1.105422015160935700e+01
2.048000030499999866e+02,1.104330436522832670e+01
2.048500030499999980e+02,1.104993082497096601e+01
2.049000030500000094e+02,1.105438970832476109e+01
2.049500030499999923e+02,1.105439199963172747e+01
2.050000030500000037e+02,1.103117342238688359e+01
2.050500030599999945e+02,1.105308824596866835e+01
2.051000030600000059e+02,1.105142170203616203e+01
2.051500030599999889e+02,1.107650922199541732e+01
2.052000030600000002e+02,1.105183108221389965e+01
2.052500030600000116e+02,1.104148506749815439e+01
2.053000030599999945e+02,1.105084811152593538e+01
2.053500030600000059e+02,1.104133536877644417e+01
2.054000030599999889e+02,1.100962749922645223e+01
2.054500030600000002e+02,1.102203721774863077e+01
2.055000030600000116e+02,1.102151403599163437e+01
2.055500030599999945e+02,1.100384729552286700e+01
2.056000030600000059e+02,1.102403141857712754e+01
2.056500030599999889e+02,1.101465233540059074e+01
2.057000030700000082e+02,1.102282695488255193e+01
2.057500030699999911e+02,1.102693221319475647e+01
2.058000030700000025e+02,1.101177980023553182e+01
2.058500030700000138e+02,1.104367555695664826e+01
2.059000030699999968e+02,1.102784338959781962e+01
2.059500030700000082e+02,1.102497314573972353e+01
2.060000030699999911e+02,1.100415738573212643e+01
2.060500030700000025e+02,1.099304378318312025e+01
2.061000030700000138e+02,1.101668548844749118e+01
2.061500030699999968e+02,1.101263598527143550e+01
2.062000030700000082e+02,1.098428564419408637e+01
2.062500030699999911e+02,1.098950829653620076e+01
2.063000030700000025e+02,1.095908661396253514e+01
2.063500030700000138e+02,1.097487295518206452e+01
2.064000030800000047e+02,1.097555347335065612e+01
2.064500030799999877e+02,1.097138329467444251e+01
2.065000030799999990e+02,1.095635384852233507e+01
2.065500030800000104e+02,1.095433367954823822e+01
2.066000030799999934e+02,1.095297035190408863e+01
2.066500030800000047e+02,1.096867191476591685e+01
2.067000030799999877e+02,1.095877575998429165e+01
2.067500030799999990e+02,1.097722841874203503e+01
2.068000030800000104e+02,1.097039345006558264e+01
2.068500030799999934e+02,1.097096933188277390e+01
2.069000030800000047e+02,1.097274280347364872e+01
2.069500030799999877e+02,1.096643483539913611e+01
2.070000030799999990e+02,1.096905609056704023e+01
2.070500030899999899e+02,1.095803643160359897e+01
2.071000030900000013e+02,1.095219359884297106e+01
2.071500030900000127e+02,1.093874209942072895e+01
2.072000030899999956e+02,1.094870622964231544e+01
2.072500030900000070e+02,1.093046437112534619e+01
2.073000030899999899e+02,1.094363480355989005e+01
2.073500030900000013e+02,1.095698548547567519e+01
2.074000030900000127e+02,1.095748804546998656e+01
2.074500030899999956e+02,1.095668532426326536e+01
2.075000030900000070e+02,1.096554886337268719e+01
2.075500030899999899e+02,1.096156733563658925e+01
2.076000030900000013e+02,1.097538162532828387e+01
2.076500030900000127e+02,1.097987258697958879e+01
2.077000030899999956e+02,1.096464226958355503e+01
2.077500030999999865e+02,1.096779969058125914e+01
2.078000030999999979e+02,1.099416270475100532e+01
2.078500031000000092e+02,1.102399093882074865e+01
2.079000030999999922e+02,1.099898896098818213e+01
2.079500031000000035e+02,1.097849780280061793e+01
2.080000030999999865e+02,1.101688941476737327e+01
2.080500030999999979e+02,1.101390002294709802e+01
2.081000031000000092e+02,1.101153157531432747e+01
2.081500030999999922e+02,1.098953961106472121e+01
2.082000031000000035e+02,1.096436349390281784e+01
2.082500030999999865e+02,1.094557095794527335e+01
2.083000030999999979e+02,1.093207515992170897e+01
2.083500031000000092e+02,1.093168105512373423e+01
2.084000031100000001e+02,1.093976784117203849e+01
2.084500031100000115e+02,1.092801190890386032e+01
2.085000031099999944e+02,1.092286028707765944e+01
2.085500031100000058e+02,1.092417167843060177e+01
2.086000031099999887e+02,1.092094246314799477e+01
2.086500031100000001e+02,1.092235772708334629e+01
2.087000031100000115e+02,1.092736728787772016e+01
2.087500031099999944e+02,1.092078359919842434e+01
2.088000031100000058e+02,1.091545936558086538e+01
2.088500031099999887e+02,1.092808370318876143e+01
2.089000031100000001e+02,1.093090353829362904e+01
2.089500031100000115e+02,1.091516302321339893e+01
2.090000031099999944e+02,1.093212480490594807e+01
2.090500031200000137e+02,1.095097385976862903e+01
2.091000031199999967e+02,1.093635608510122736e+01
2.091500031200000080e+02,1.092068965561286120e+01
2.092000031199999910e+02,1.090540892946359897e+01
2.092500031200000024e+02,1.089450841846233331e+01
2.093000031200000137e+02,1.091996025622901811e+01
2.093500031199999967e+02,1.089653928020226914e+01
2.094000031200000080e+02,1.090020002496327578e+01
2.094500031199999910e+02,1.094090967580957319e+01
2.095000031200000024e+02,1.093214389913065610e+01
2.095500031200000137e+02,1.091404562918348908e+01
2.096000031199999967e+02,1.091253489412459921e+01
2.096500031200000080e+02,1.090076445024564222e+01
2.097000031199999910e+02,1.089764292639038779e+01
2.097500031300000103e+02,1.091102415906570755e+01
2.098000031299999932e+02,1.091290379454595616e+01
2.098500031300000046e+02,1.089174281095563757e+01
2.099000031299999876e+02,1.087531795886187425e+01
2.099500031299999989e+02,1.087202000437032190e+01
2.100000031300000103e+02,1.087587169137840526e+01
2.100500031299999932e+02,1.088143422092031898e+01
2.101000031300000046e+02,1.088585338828672278e+01
2.101500031299999876e+02,1.086524766475091219e+01
2.102000031299999989e+02,1.086061998845069887e+01
2.102500031300000103e+02,1.085255993431698585e+01
2.103000031299999932e+02,1.085119278782789820e+01
2.103500031300000046e+02,1.084442961343634870e+01
2.104000031399999955e+02,1.082708060086672219e+01
2.104500031400000069e+02,1.082171588749278079e+01
2.105000031399999898e+02,1.082224288809472057e+01
2.105500031400000012e+02,1.082593571115323350e+01
2.106000031400000125e+02,1.084163651024607233e+01
2.106500031399999955e+02,1.083961939634792770e+01
2.107000031400000069e+02,1.083400569428379612e+01
2.107500031399999898e+02,1.085103621518529238e+01
2.108000031400000012e+02,1.088601836238820120e+01
2.108500031400000125e+02,1.088269978613396027e+01
2.109000031399999955e+02,1.089881683932543055e+01
2.109500031400000069e+02,1.091186430495285542e+01
2.110000031399999898e+02,1.089874351750255244e+01
2.110500031400000012e+02,1.090595502429024499e+01
2.111000031499999920e+02,1.090530123803624640e+01
2.111500031500000034e+02,1.090226907515262766e+01
2.112000031499999864e+02,1.090928887592425056e+01
2.112500031499999977e+02,1.091804854245125966e+01
2.113000031500000091e+02,1.091536236691934825e+01
2.113500031499999920e+02,1.090200710238963389e+01
2.114000031500000034e+02,1.088880917427151118e+01
2.114500031499999864e+02,1.087055891429567112e+01
2.115000031499999977e+02,1.087341006392905918e+01
2.115500031500000091e+02,1.085844324683399265e+01
2.116000031499999920e+02,1.085580289744138049e+01
2.116500031500000034e+02,1.088635823958800053e+01
2.117000031499999864e+02,1.086708605670579075e+01
2.117500031600000057e+02,1.086459846111084282e+01
2.118000031599999886e+02,1.088625665831255418e+01
2.118500031600000000e+02,1.089648352506612206e+01
2.119000031600000113e+02,1.090371794492346424e+01
2.119500031599999943e+02,1.089640562062931473e+01
2.120000031600000057e+02,1.086602747288798376e+01
2.120500031599999886e+02,1.085694778715486741e+01
2.121000031600000000e+02,1.083860969374537220e+01
2.121500031600000113e+02,1.085938421022759925e+01
2.122000031599999943e+02,1.086519878353566071e+01
2.122500031600000057e+02,1.085328475108689972e+01
2.123000031599999886e+02,1.085658346934744145e+01
2.123500031600000000e+02,1.085715324101272650e+01
2.124000031699999909e+02,1.086855631200830352e+01
2.124500031700000022e+02,1.089080566640697256e+01
2.125000031700000136e+02,1.086661557500898745e+01
2.125500031699999965e+02,1.088283420947590407e+01
2.126000031700000079e+02,1.088880306411960497e+01
2.126500031699999909e+02,1.087211165664891865e+01
2.127000031700000022e+02,1.085378272846728187e+01
2.127500031700000136e+02,1.089001745681102840e+01
2.128000031699999965e+02,1.087665837343637243e+01
2.128500031700000079e+02,1.088118141338518541e+01
2.129000031699999909e+02,1.088197038675011719e+01
2.129500031700000022e+02,1.086749467311454076e+01
2.130000031700000136e+02,1.087415932130659613e+01
2.130500031699999965e+02,1.083859976474852260e+01
2.131000031799999874e+02,1.082277599884856656e+01
2.131500031799999988e+02,1.082497107092098965e+01
2.132000031800000102e+02,1.083969577324675981e+01
2.132500031799999931e+02,1.086147922856255477e+01
2.133000031800000045e+02,1.083923903939174416e+01
2.133500031799999874e+02,1.083021740010174128e+01
2.134000031799999988e+02,1.082871353896374522e+01
2.134500031800000102e+02,1.079415451978036522e+01
2.135000031799999931e+02,1.079153555591942570e+01
2.135500031800000045e+02,1.077620060217199160e+01
2.136000031799999874e+02,1.076566746405410768e+01
2.136500031799999988e+02,1.076366638930471709e+01
2.137000031800000102e+02,1.077238633984433491e+01
2.137500031900000010e+02,1.079132475567864979e+01
2.138000031900000124e+02,1.083181214974934647e+01
2.138500031899999954e+02,1.081098569697591216e+01
2.139000031900000067e+02,1.080653674261896313e+01
2.139500031899999897e+02,1.081381393353965237e+01
2.140000031900000010e+02,1.082836220522911752e+01
2.140500031900000124e+02,1.083502227080724545e+01
2.141000031899999954e+02,1.082163569174900708e+01
2.141500031900000067e+02,1.080814753141532591e+01
2.142000031899999897e+02,1.080219929853431182e+01
2.142500031900000010e+02,1.077839185539947309e+01
2.143000031900000124e+02,1.078605551342824853e+01
2.143500031899999954e+02,1.076419186236867986e+01
2.144000031900000067e+02,1.075813670182930082e+01
2.144500031999999976e+02,1.072933115443491481e+01
2.145000032000000090e+02,1.073384044654194014e+01
2.145500031999999919e+02,1.074814507592413371e+01
2.146000032000000033e+02,1.074554367874992522e+01
2.146500031999999862e+02,1.072554209648387236e+01
2.147000031999999976e+02,1.071763861499276516e+01
2.147500032000000090e+02,1.072744617257174760e+01
2.148000031999999919e+02,1.072913715711188054e+01
2.148500032000000033e+02,1.074007738410053747e+01
2.149000031999999862e+02,1.076694677710954018e+01
2.149500031999999976e+02,1.077558424059841968e+01
2.150000032000000090e+02,1.078861719461506397e+01
2.150500031999999919e+02,1.077034173026260966e+01
2.151000032100000112e+02,1.075390771294098791e+01
2.151500032099999942e+02,1.072008420329335721e+01
2.152000032100000055e+02,1.072215019840675509e+01
2.152500032099999885e+02,1.073218917798919669e+01
2.153000032099999999e+02,1.074131316232363531e+01
2.153500032100000112e+02,1.074057077886699041e+01
2.154000032099999942e+02,1.075820009465533111e+01
2.154500032100000055e+02,1.075935338582768885e+01
2.155000032099999885e+02,1.072901342653577395e+01
2.155500032099999999e+02,1.072022397301821961e+01
2.156000032100000112e+02,1.071729873779296405e+01
2.156500032099999942e+02,1.071886981060193200e+01
2.157000032100000055e+02,1.073939533839397242e+01
2.157500032099999885e+02,1.073485244045146025e+01
2.158000032200000078e+02,1.072225254345119083e+01
2.158500032199999907e+02,1.073028662943930023e+01
2.159000032200000021e+02,1.070752173097351445e+01
2.159500032200000135e+02,1.069859861788300393e+01
2.160000032199999964e+02,1.072760961913524724e+01
2.160500032200000078e+02,1.072514570037893655e+01
2.161000032199999907e+02,1.072497537989454131e+01
2.161500032200000021e+02,1.071724909280872318e+01
2.162000032200000135e+02,1.072925477753608092e+01
2.162500032199999964e+02,1.072545197174325082e+01
2.163000032200000078e+02,1.072981385643553232e+01
2.163500032199999907e+02,1.073174390066900763e+01
2.164000032200000021e+02,1.073660987289357749e+01
2.164500032299999930e+02,1.072936857911534325e+01
2.165000032300000044e+02,1.072397866136478761e+01
2.165500032299999873e+02,1.075154919430506339e+01
2.166000032299999987e+02,1.074047072512952106e+01
2.166500032300000100e+02,1.072993529570467430e+01
2.167000032299999930e+02,1.072589190268052306e+01
2.167500032300000044e+02,1.075435146272320175e+01
2.168000032299999873e+02,1.074023472051213268e+01
2.168500032299999987e+02,1.073003611321113127e+01
2.169000032300000100e+02,1.073250996096428977e+01
2.169500032299999930e+02,1.073084570833874807e+01
2.170000032300000044e+02,1.076105277182669440e+01
2.170500032299999873e+02,1.074402912484609196e+01
2.171000032400000066e+02,1.072356851741806238e+01
2.171500032399999895e+02,1.072405198318766573e+01
2.172000032400000009e+02,1.072325995474677995e+01
2.172500032400000123e+02,1.072781278168613994e+01
2.173000032399999952e+02,1.072570248797141801e+01
2.173500032400000066e+02,1.071520830207194130e+01
2.174000032399999895e+02,1.071665717184277966e+01
2.174500032400000009e+02,1.070870939175034664e+01
2.175000032400000123e+02,1.069625919347178922e+01
2.175500032399999952e+02,1.070213792337486858e+01
2.176000032400000066e+02,1.072316219231627699e+01
2.176500032399999895e+02,1.071068373458514955e+01
2.177000032400000009e+02,1.072828402715193263e+01
2.177500032400000123e+02,1.072272913529990035e+01
2.178000032500000032e+02,1.071530682827143188e+01
2.178500032499999861e+02,1.070966944936866305e+01
2.179000032499999975e+02,1.071341497248737085e+01
2.179500032500000088e+02,1.074324091525014779e+01
2.180000032499999918e+02,1.075980630083776113e+01
2.180500032500000032e+02,1.075293619878784845e+01
2.181000032499999861e+02,1.077122082836816297e+01
2.181500032499999975e+02,1.078583478419062480e+01
2.182000032500000088e+02,1.079650769203337113e+01
2.182500032499999918e+02,1.078020733428470379e+01
2.183000032500000032e+02,1.078737530624006169e+01
2.183500032499999861e+02,1.080650466432145684e+01
2.184000032499999975e+02,1.080505044816769988e+01
2.184500032599999884e+02,1.081098951582085377e+01
2.185000032599999997e+02,1.081158678316971944e+01
2.185500032600000111e+02,1.081400258447976448e+01
2.186000032599999940e+02,1.084101251098261898e+01
2.186500032600000054e+02,1.082251860869950377e+01
2.187000032599999884e+02,1.078327921315571558e+01
2.187500032599999997e+02,1.082241320857911404e+01
2.188000032600000111e+02,1.083270805077264320e+01
2.188500032599999940e+02,1.081401098593863708e+01
2.189000032600000054e+02,1.084106979365674128e+01
2.189500032599999884e+02,1.084488252844642098e+01
2.190000032599999997e+02,1.084784518835210143e+01
2.190500032600000111e+02,1.086653996187914473e+01
2.191000032599999940e+02,1.086849750179620244e+01
2.191500032700000133e+02,1.087448239558865559e+01
2.192000032699999963e+02,1.086650177342972867e+01
2.192500032700000077e+02,1.085793228538080868e+01
2.193000032699999906e+02,1.086736101354158635e+01
2.193500032700000020e+02,1.084828130044443206e+01
2.194000032700000133e+02,1.085039235792814161e+01
2.194500032699999963e+02,1.085608472819806991e+01
2.195000032700000077e+02,1.085817745522606081e+01
2.195500032699999906e+02,1.086788572283656151e+01
2.196000032700000020e+02,1.085726093244007728e+01
2.196500032700000133e+02,1.084701726276876954e+01
2.197000032699999963e+02,1.084030984351336535e+01
2.197500032700000077e+02,1.084640930265406666e+01
2.198000032799999985e+02,1.084691797280028780e+01
2.198500032800000099e+02,1.082364287665030567e+01
2.199000032799999929e+02,1.084160595948653949e+01
2.199500032800000042e+02,1.085114543415062371e+01
2.200000032799999872e+02,1.083377503604932279e+01
2.200500032799999985e+02,1.081504818422477321e+01
2.201000032800000099e+02,1.081156463386905742e+01
2.201500032799999929e+02,1.082350234315645565e+01
2.202000032800000042e+02,1.080422939650525826e+01
2.202500032799999872e+02,1.081165093976473734e+01
2.203000032799999985e+02,1.081519559163951705e+01
2.203500032800000099e+02,1.083621145912205463e+01
2.204000032799999929e+02,1.083304945551041953e+01
2.204500032800000042e+02,1.083452352965787213e+01
2.205000032899999951e+02,1.081490459565496742e+01
2.205500032900000065e+02,1.079685978953698289e+01
2.206000032899999894e+02,1.076125746191556409e+01
2.206500032900000008e+02,1.076307294080079302e+01
2.207000032900000122e+02,1.077731799620189967e+01
2.207500032899999951e+02,1.078126897317846478e+01
2.208000032900000065e+02,1.077670163462832775e+01
2.208500032899999894e+02,1.075583088325356940e+01
2.209000032900000008e+02,1.076411930431478758e+01
2.209500032900000122e+02,1.076452715695455176e+01
2.210000032899999951e+02,1.073794875993009690e+01
2.210500032900000065e+02,1.071800140526221590e+01
2.211000032899999894e+02,1.071123823087066640e+01
2.211500033000000087e+02,1.071854673631987609e+01
2.212000032999999917e+02,1.071812131699338266e+01
2.212500033000000030e+02,1.072163236303267553e+01
2.213000032999999860e+02,1.071070206504086819e+01
2.213500032999999974e+02,1.069962970601723384e+01
2.214000033000000087e+02,1.068388078947813113e+01
2.214500032999999917e+02,1.066561754542948925e+01
2.215000033000000030e+02,1.067107620238899202e+01
2.215500032999999860e+02,1.066886127232287329e+01
2.216000032999999974e+02,1.066410604660160821e+01
2.216500033000000087e+02,1.067263276358718294e+01
2.217000032999999917e+02,1.069212414816904122e+01
2.217500033000000030e+02,1.067240668796664060e+01
2.218000033099999939e+02,1.065819447463203318e+01
2.218500033100000053e+02,1.063873745965465289e+01
2.219000033099999882e+02,1.065287864247334504e+01
2.219500033099999996e+02,1.066130148687650880e+01
2.220000033100000110e+02,1.067202174839652784e+01
2.220500033099999939e+02,1.068546866520484251e+01
2.221000033100000053e+02,1.067271754194488587e+01
2.221500033099999882e+02,1.066128086511382378e+01
2.222000033099999996e+02,1.067235093283049352e+01
2.222500033100000110e+02,1.069897591976323525e+01
2.223000033099999939e+02,1.070396180371896833e+01
2.223500033100000053e+02,1.070325684494275187e+01
2.224000033099999882e+02,1.070851921327225753e+01
2.224500033099999996e+02,1.071102132047798428e+01
2.225000033199999905e+02,1.071097091172475579e+01
2.225500033200000018e+02,1.071412222257055191e+01
2.226000033200000132e+02,1.070027509081235984e+01
2.226500033199999962e+02,1.070185532884919155e+01
2.227000033200000075e+02,1.069071957699952335e+01
2.227500033199999905e+02,1.069295665636630410e+01
2.228000033200000018e+02,1.068558323055309067e+01
2.228500033200000132e+02,1.066581612536645274e+01
2.229000033199999962e+02,1.068214168749173432e+01
2.229500033200000075e+02,1.067785694346727432e+01
2.230000033199999905e+02,1.065557245569513967e+01
2.230500033200000018e+02,1.066446654556409435e+01
2.231000033200000132e+02,1.065261361463440082e+01
2.231500033300000041e+02,1.068142679971866826e+01
2.232000033299999870e+02,1.067326974692344166e+01
2.232500033299999984e+02,1.066124573174035994e+01
2.233000033300000098e+02,1.064704268363361273e+01
2.233500033299999927e+02,1.065677844692769227e+01
2.234000033300000041e+02,1.064604443756588381e+01
2.234500033299999870e+02,1.065688231951010323e+01
2.235000033299999984e+02,1.066864741700614339e+01
2.235500033300000098e+02,1.065616132158513274e+01
2.236000033299999927e+02,1.067022078112207772e+01
2.236500033300000041e+02,1.064893224811071093e+01
2.237000033299999870e+02,1.066139237538611972e+01
2.237500033299999984e+02,1.067049573795786976e+01
2.238000033300000098e+02,1.068785086067940426e+01
2.238500033400000007e+02,1.068452311919730491e+01
2.239000033400000120e+02,1.069669530556411807e+01
2.239500033399999950e+02,1.070559015920206214e+01
2.240000033400000063e+02,1.070671137207691004e+01
2.240500033399999893e+02,1.068655474470622835e+01
2.241000033400000007e+02,1.068816858857854335e+01
2.241500033400000120e+02,1.069087233079718757e+01
2.242000033399999950e+02,1.071356619874705807e+01
2.242500033400000063e+02,1.069801815345188345e+01
2.243000033399999893e+02,1.072872930447212170e+01
2.243500033400000007e+02,1.073035460487925974e+01
2.244000033400000120e+02,1.074107410263029294e+01
2.244500033399999950e+02,1.073948699067256918e+01
2.245000033499999859e+02,1.073872856806716847e+01
2.245500033499999972e+02,1.073270472205631165e+01
2.246000033500000086e+02,1.073486771583122668e+01
2.246500033499999915e+02,1.074882406655474831e+01
2.247000033500000029e+02,1.075439958016946385e+01
2.247500033499999859e+02,1.077507404291422510e+01
2.248000033499999972e+02,1.075976734861935924e+01
2.248500033500000086e+02,1.075342730224733501e+01
2.249000033499999915e+02,1.076050896830701298e+01
2.249500033500000029e+02,1.079549111550992002e+01
2.250000033499999859e+02,1.079162720819802423e+01
2.250500033499999972e+02,1.080045026755106541e+01
2.251000033500000086e+02,1.079561713739299122e+01
2.251500033499999915e+02,1.078768310514235296e+01
2.252000033600000108e+02,1.079996221916752930e+01
2.252500033599999938e+02,1.082563936878576705e+01
2.253000033600000052e+02,1.084218260507271836e+01
2.253500033599999881e+02,1.085255993431698585e+01
2.254000033599999995e+02,1.085796589121629552e+01
2.254500033600000108e+02,1.085610000357783633e+01
2.255000033599999938e+02,1.086344593370747091e+01
2.255500033600000052e+02,1.087563339545405050e+01
2.256000033599999881e+02,1.088406616885406031e+01
2.256500033599999995e+02,1.087653235155330123e+01
2.257000033600000108e+02,1.087409821978753399e+01
2.257500033599999938e+02,1.087852196976786701e+01
2.258000033600000052e+02,1.086157088084115152e+01
2.258500033699999960e+02,1.085565701756461188e+01
2.259000033700000074e+02,1.084347719350791550e+01
2.259500033699999904e+02,1.087038706627329887e+01
2.260000033700000017e+02,1.088305493871353136e+01
2.260500033700000131e+02,1.090303971806183725e+01
2.261000033699999960e+02,1.092643319840500737e+01
2.261500033700000074e+02,1.092920873490855271e+01
2.262000033699999904e+02,1.094379290374046931e+01
2.262500033700000017e+02,1.094591694529698067e+01
2.263000033700000131e+02,1.095673878809244783e+01
2.263500033699999960e+02,1.095855121190172454e+01
2.264000033700000074e+02,1.095234940771658927e+01
2.264500033699999904e+02,1.094557783186616717e+01
2.265000033800000097e+02,1.095303832734404992e+01
2.265500033799999926e+02,1.097335763750924365e+01
2.266000033800000040e+02,1.098227158537189396e+01
2.266500033799999869e+02,1.096753542651130076e+01
2.267000033799999983e+02,1.096866962345895224e+01
2.267500033800000097e+02,1.095117549478154473e+01
2.268000033799999926e+02,1.093788362307786066e+01
2.268500033800000040e+02,1.094883683413931941e+01
2.269000033799999869e+02,1.095184226510834513e+01
2.269500033799999983e+02,1.096087077831924539e+01
2.270000033800000097e+02,1.095291917938187254e+01
2.270500033799999926e+02,1.096943491998524323e+01
2.271000033800000040e+02,1.098052026308168116e+01
2.271500033799999869e+02,1.096092118707247387e+01
2.272000033900000062e+02,1.096983284362815958e+01
2.272500033899999892e+02,1.095990231924205816e+01
2.273000033900000005e+02,1.098664569036798788e+01
2.273500033900000119e+02,1.098802429339190034e+01
2.274000033899999949e+02,1.099384574062085385e+01
2.274500033900000062e+02,1.100730487773297916e+01
2.275000033899999892e+02,1.101761881415121813e+01
2.275500033900000005e+02,1.101940145096994783e+01
2.276000033900000119e+02,1.100882172294377881e+01
2.276500033899999949e+02,1.101251454600229351e+01
2.277000033900000062e+02,1.102085872219965879e+01
2.277500033899999892e+02,1.101280630575582897e+01
2.278000033900000005e+02,1.101970008464438067e+01
2.278500033999999914e+02,1.101934493206481314e+01
2.279000034000000028e+02,1.101409020142519068e+01
2.279500034000000142e+02,1.100117563160173439e+01
2.280000033999999971e+02,1.102731104261296302e+01
2.280500034000000085e+02,1.102275897944259064e+01
2.281000033999999914e+02,1.101540388408509585e+01
2.281500034000000028e+02,1.102741720650233859e+01
2.282000034000000142e+02,1.100689549755524155e+01
2.282500033999999971e+02,1.103790451848092324e+01
2.283000034000000085e+02,1.104068845644333940e+01
2.283500033999999914e+02,1.104182112585301212e+01
2.284000034000000028e+02,1.102404593018790635e+01
2.284500034000000142e+02,1.101495784299591918e+01
2.285000033999999971e+02,1.101282845505649099e+01
2.285500034099999880e+02,1.102118561532665986e+01
2.286000034099999993e+02,1.101498686621747503e+01
2.286500034100000107e+02,1.102564373491146554e+01
2.287000034099999937e+02,1.102048982177830183e+01
2.287500034100000050e+02,1.098421155860222065e+01
2.288000034099999880e+02,1.097585210702508718e+01
2.288500034099999993e+02,1.096567259394879557e+01
2.289000034100000107e+02,1.098307812542355677e+01
2.289500034099999937e+02,1.098737738105879558e+01
2.290000034100000050e+02,1.099191569638737676e+01
2.290500034099999880e+02,1.098226547521998775e+01
2.291000034099999993e+02,1.099279250318596368e+01
2.291500034100000107e+02,1.102258789518920956e+01
2.292000034200000016e+02,1.102017896780005479e+01
2.292500034200000130e+02,1.100774480867025140e+01
2.293000034199999959e+02,1.102354566150055959e+01
2.293500034200000073e+02,1.102150257945680956e+01
2.294000034199999902e+02,1.101275207815765889e+01
2.294500034200000016e+02,1.102292548108204429e+01
2.295000034200000130e+02,1.103314623768370595e+01
2.295500034199999959e+02,1.102983148027441018e+01
2.296000034200000073e+02,1.103972534374907255e+01
2.296500034199999902e+02,1.104300725909186909e+01
2.297000034200000016e+02,1.101438119740973853e+01
2.297500034200000130e+02,1.102199750176123949e+01
2.298000034199999959e+02,1.104315008389268549e+01
2.298500034299999868e+02,1.105095885802924194e+01
2.299000034299999982e+02,1.105220762032513981e+01
2.299500034300000095e+02,1.104920906327700614e+01
2.300000034299999925e+02,1.105469216084413553e+01
2.300500034300000038e+02,1.105079923031068390e+01
2.301000034299999868e+02,1.105434159087849899e+01
2.301500034299999982e+02,1.104415444011232239e+01
2.302000034300000095e+02,1.104865151191553529e+01
2.302500034299999925e+02,1.105622351766571221e+01
2.303000034300000038e+02,1.105259026858828797e+01
2.303500034299999868e+02,1.104517712678768149e+01
2.304000034299999982e+02,1.103694064201766700e+01
2.304500034300000095e+02,1.105655575717563011e+01
2.305000034299999925e+02,1.106350758250729349e+01
2.305500034400000118e+02,1.105345332754508547e+01
2.306000034399999947e+02,1.105025848186695292e+01
2.306500034400000061e+02,1.106059227627888752e+01
2.307000034399999890e+02,1.104289269374362270e+01
2.307500034400000004e+02,1.104679097065999294e+01
2.308000034400000118e+02,1.103525500386045088e+01
2.308500034399999947e+02,1.104062582738629672e+01
2.309000034400000061e+02,1.104617308154844579e+01
2.309500034399999890e+02,1.103831237112068386e+01
2.310000034400000004e+02,1.104034246909163208e+01
2.310500034400000118e+02,1.103084041910797630e+01
2.311000034399999947e+02,1.103324094503825847e+01
2.311500034400000061e+02,1.106005992929402915e+01
2.312000034499999970e+02,1.104682763157143199e+01
2.312500034500000083e+02,1.103714380456855793e+01
2.313000034499999913e+02,1.102997201376826020e+01
2.313500034500000027e+02,1.100821987298098392e+01
2.314000034500000140e+02,1.101775323749316193e+01
2.314500034499999970e+02,1.104584389711448189e+01
2.315000034500000083e+02,1.102872859785527915e+01
2.315500034499999913e+02,1.103813975932932578e+01
2.316000034500000027e+02,1.105443477069507274e+01
2.316500034500000140e+02,1.104072358981680146e+01
2.317000034499999970e+02,1.103131013703579200e+01
2.317500034500000083e+02,1.103334405385168004e+01
2.318000034499999913e+02,1.103776933136999183e+01
2.318500034500000027e+02,1.101329206283240048e+01
2.319000034599999935e+02,1.102477380203377066e+01
2.319500034600000049e+02,1.103117571369384819e+01
2.320000034599999879e+02,1.101372206477282134e+01
2.320500034599999992e+02,1.100599959653194482e+01
2.321000034600000106e+02,1.100197988034643437e+01
2.321500034599999935e+02,1.100476458207783814e+01
2.322000034600000049e+02,1.101967258896080359e+01
2.322500034599999879e+02,1.101767991567028204e+01
2.323000034599999992e+02,1.102882025013387768e+01
2.323500034600000106e+02,1.103456073785006986e+01
2.324000034599999935e+02,1.102646249526694078e+01
2.324500034600000049e+02,1.104187993606511498e+01
2.325000034599999879e+02,1.106864240141574918e+01
2.325500034700000072e+02,1.104935570692276237e+01
2.326000034699999901e+02,1.104173863880227380e+01
2.326500034700000015e+02,1.104497320046779940e+01
2.327000034700000128e+02,1.104572322161432751e+01
2.327500034699999958e+02,1.104807792140530864e+01
2.328000034700000072e+02,1.107090010254521673e+01
2.328500034699999901e+02,1.104696816506528201e+01
2.329000034700000015e+02,1.105951230692940612e+01
2.329500034700000128e+02,1.105193189972035839e+01
2.330000034699999958e+02,1.104473948715737563e+01
2.330500034700000072e+02,1.104739282062278960e+01
2.331000034699999901e+02,1.105468757823020631e+01
2.331500034700000015e+02,1.104969176527762365e+01
2.332000034700000128e+02,1.106257272926559310e+01
2.332500034800000037e+02,1.106513670175937669e+01
2.333000034799999867e+02,1.106574848071901762e+01
2.333500034799999980e+02,1.106994386377184370e+01
2.334000034800000094e+02,1.104059527662676388e+01
2.334500034799999924e+02,1.103365490782992531e+01
2.335000034800000037e+02,1.102632730815600937e+01
2.335500034799999867e+02,1.105697583011920493e+01
2.336000034799999980e+02,1.105345638262103947e+01
2.336500034800000094e+02,1.103454775377726804e+01
2.337000034799999924e+02,1.103159120402349380e+01
2.337500034800000037e+02,1.103410476776404359e+01
2.338000034799999867e+02,1.103025078944899739e+01
2.338500034799999980e+02,1.100871937789934485e+01
2.339000034899999889e+02,1.100517625356254037e+01
2.339500034900000003e+02,1.102952444514110475e+01
2.340000034900000117e+02,1.103882944272577582e+01
2.340500034899999946e+02,1.104880273817522074e+01
2.341000034900000060e+02,1.107060910656066888e+01
2.341500034899999889e+02,1.106683532398939285e+01
2.342000034900000003e+02,1.106482050139821105e+01
2.342500034900000117e+02,1.107299435711118285e+01
2.343000034899999946e+02,1.107525740462356723e+01
2.343500034900000060e+02,1.106339607223499932e+01
2.344000034899999889e+02,1.106121398423537805e+01
2.344500034900000003e+02,1.105051052563309888e+01
2.345000034900000117e+02,1.107603339391569541e+01
2.345500035000000025e+02,1.110077034390931594e+01
2.346000035000000139e+02,1.110888920825512827e+01
2.346500034999999968e+02,1.112727007272797231e+01
2.347000035000000082e+02,1.113795138202958768e+01
2.347500034999999912e+02,1.115825388927703798e+01
2.348000035000000025e+02,1.116290982502982132e+01
2.348500035000000139e+02,1.116347654161915059e+01
2.349000034999999968e+02,1.117095384001477854e+01
2.349500035000000082e+02,1.118446033080418012e+01
2.350000034999999912e+02,1.118420294065511733e+01
2.350500035000000025e+02,1.118566326696077873e+01
2.351000035000000139e+02,1.117418992921827758e+01
2.351500034999999968e+02,1.115378507692639332e+01
2.352000035000000082e+02,1.114126690320787461e+01
2.352500035099999991e+02,1.114936514579100191e+01
2.353000035100000105e+02,1.114364222476154076e+01
2.353500035099999934e+02,1.116561814986239476e+01
2.354000035100000048e+02,1.116053603101413039e+01
2.354500035099999877e+02,1.118075299613488838e+01
2.355000035099999991e+02,1.118618950379372912e+01
2.355500035100000105e+02,1.119684942756367363e+01
2.356000035099999934e+02,1.121844346817036886e+01
2.356500035100000048e+02,1.119580153651170207e+01
2.357000035099999877e+02,1.116508045649461778e+01
2.357500035099999991e+02,1.115311907036858052e+01
2.358000035100000105e+02,1.115333292568531043e+01
2.358500035099999934e+02,1.112204207400293932e+01
2.359000035200000127e+02,1.112061611730175237e+01
2.359500035199999957e+02,1.112103389893836081e+01
2.360000035200000070e+02,1.111520328648154710e+01
2.360500035199999900e+02,1.110075812360550351e+01
2.361000035200000013e+02,1.109292032624739299e+01
2.361500035200000127e+02,1.109180369598647076e+01
2.362000035199999957e+02,1.108716150807548040e+01
2.362500035200000070e+02,1.107121248406143899e+01
2.363000035199999900e+02,1.108031966547813418e+01
2.363500035200000013e+02,1.109423630021426277e+01
2.364000035200000127e+02,1.113610687992280290e+01
2.364500035199999957e+02,1.114057645604243518e+01
2.365000035200000070e+02,1.113635281353704087e+01
2.365500035199999900e+02,1.112311135058658529e+01
2.366000035300000093e+02,1.111108809917249474e+01
2.366500035299999922e+02,1.110999743705717613e+01
2.367000035300000036e+02,1.112375062522980507e+01
2.367500035299999865e+02,1.111605259759655695e+01
2.368000035299999979e+02,1.112758856439609900e+01
2.368500035300000093e+02,1.111648412707495659e+01
2.369000035299999922e+02,1.112355586413778497e+01
2.369500035300000036e+02,1.114426546025600651e+01
2.370000035299999865e+02,1.112235598305713857e+01
2.370500035299999979e+02,1.111485348028489639e+01
2.371000035300000093e+02,1.111285622438044740e+01
2.371500035299999922e+02,1.113705929985123433e+01
2.372000035300000036e+02,1.114619092187555438e+01
2.372500035399999945e+02,1.113487644808262367e+01
2.373000035400000058e+02,1.113789944573838397e+01
2.373500035399999888e+02,1.116496054476345101e+01
2.374000035400000002e+02,1.115698603275643030e+01
2.374500035400000115e+02,1.116113558966995889e+01
2.375000035399999945e+02,1.115883053486321685e+01
2.375500035400000058e+02,1.115856856210022485e+01
2.376000035399999888e+02,1.115440983995883784e+01
2.376500035400000002e+02,1.113496733659223281e+01
2.377000035400000115e+02,1.113495129744347878e+01
2.377500035399999945e+02,1.113578991579265143e+01
2.378000035400000058e+02,1.111916190114799541e+01
2.378500035399999888e+02,1.110029680713655864e+01
2.379000035400000002e+02,1.111687823187292601e+01
2.379500035499999910e+02,1.109744565750317058e+01
2.380000035500000024e+02,1.109793446965569430e+01
2.380500035500000138e+02,1.109879447353653958e+01
2.381000035499999967e+02,1.108740667792072898e+01
2.381500035500000081e+02,1.110431194070814342e+01
2.382000035499999910e+02,1.109708439477169684e+01
2.382500035500000024e+02,1.110597924840963913e+01
2.383000035500000138e+02,1.111514065742450441e+01
2.383500035499999967e+02,1.110053204798496118e+01
2.384000035500000081e+02,1.111129660810630604e+01
2.384500035499999910e+02,1.112065965213408703e+01
2.385000035500000024e+02,1.111483667736715653e+01
2.385500035500000138e+02,1.109369402423255657e+01
2.386000035600000047e+02,1.111861427878337238e+01
2.386500035599999876e+02,1.111494360502551970e+01
2.387000035599999990e+02,1.110918936946753632e+01
2.387500035600000103e+02,1.113311290548860022e+01
2.388000035599999933e+02,1.115413030050911303e+01
2.388500035600000047e+02,1.115234078976948595e+01
2.389000035599999876e+02,1.115832491979295149e+01
2.389500035599999990e+02,1.113534463847246236e+01
2.390000035600000103e+02,1.115131886686311979e+01
2.390500035599999933e+02,1.116490173455134993e+01
2.391000035600000047e+02,1.118598481370486297e+01
2.391500035599999876e+02,1.117845557901802778e+01
2.392000035599999990e+02,1.118999841973846721e+01
2.392500035699999898e+02,1.115726098959222590e+01
2.393000035700000012e+02,1.117943702216801682e+01
2.393500035700000126e+02,1.117734582267800647e+01
2.394000035699999955e+02,1.114930862688586721e+01
2.394500035700000069e+02,1.115150599026525491e+01
2.395000035699999898e+02,1.114330234756173965e+01
2.395500035700000012e+02,1.112478324090201021e+01
2.396000035700000126e+02,1.111433640867980799e+01
2.396500035699999955e+02,1.111329539154873025e+01
2.397000035700000069e+02,1.114203219973416736e+01
2.397500035699999898e+02,1.115014266262110887e+01
2.398000035700000012e+02,1.113832104621993579e+01
2.398500035700000126e+02,1.116869079250239416e+01
2.399000035699999955e+02,1.117633382876848280e+01
2.399500035799999864e+02,1.115321988787503749e+01
2.400000035799999978e+02,1.115302130793807578e+01
2.400500035800000092e+02,1.115681418473405984e+01
2.401000035799999921e+02,1.116726407203221783e+01
2.401500035800000035e+02,1.115874499273652631e+01
2.402000035799999864e+02,1.110912139402757681e+01
2.402500035799999978e+02,1.109538730007965590e+01
2.403000035800000092e+02,1.112069325796957209e+01
2.403500035799999921e+02,1.113076507961851291e+01
2.404000035800000035e+02,1.111743501946541102e+01
2.404500035799999864e+02,1.113949037654104757e+01
2.405000035799999978e+02,1.113763823674437958e+01
2.405500035800000092e+02,1.114657357013870254e+01
2.406000035900000000e+02,1.115607256504640432e+01
2.406500035900000114e+02,1.114663390788877884e+01
2.407000035899999943e+02,1.113974700292112274e+01
2.407500035900000057e+02,1.111337024090958536e+01
2.408000035899999887e+02,1.110653909107807635e+01
2.408500035900000000e+02,1.111212606122761848e+01
2.409000035900000114e+02,1.113721816380080476e+01
2.409500035899999943e+02,1.114125697421102679e+01
2.410000035900000057e+02,1.113072001724819948e+01
2.410500035899999887e+02,1.112068332897272427e+01
2.411000035900000000e+02,1.112578988842861349e+01
2.411500035900000114e+02,1.113730065085154131e+01
2.412000035899999943e+02,1.114000744814613775e+01
2.412500035900000057e+02,1.115411349759137138e+01
2.413000035999999966e+02,1.115311143267869731e+01
2.413500036000000080e+02,1.114544013696004043e+01
2.414000035999999909e+02,1.112420506777785434e+01
2.414500036000000023e+02,1.112230557430391187e+01
2.415000036000000136e+02,1.113823626786223109e+01
2.415500035999999966e+02,1.114208184471840823e+01
2.416000036000000080e+02,1.115521561624151303e+01
2.416500035999999909e+02,1.114027171221609613e+01
2.417000036000000023e+02,1.112453272467384302e+01
2.417500036000000136e+02,1.110416453329339781e+01
2.418000035999999966e+02,1.111207565247438822e+01
2.418500036000000080e+02,1.111623819346071684e+01
2.419000035999999909e+02,1.110724023100935121e+01
2.419500036100000102e+02,1.111591206410270516e+01
2.420000036099999932e+02,1.111464191627513465e+01
2.420500036100000045e+02,1.112863187283414135e+01
2.421000036099999875e+02,1.110983475426266587e+01
2.421500036099999988e+02,1.110925658113851000e+01
2.422000036100000102e+02,1.112534155603247221e+01
2.422500036099999932e+02,1.112697296659151647e+01
2.423000036100000045e+02,1.112215893065815386e+01
2.423500036099999875e+02,1.110478471371191311e+01
2.424000036099999988e+02,1.108524139283884935e+01
2.424500036100000102e+02,1.108696903829042490e+01
2.425000036099999932e+02,1.106033259482286013e+01
2.425500036100000045e+02,1.106292329923123141e+01
2.426000036199999954e+02,1.104936945476455357e+01
2.426500036200000068e+02,1.104390850649808442e+01
2.427000036199999897e+02,1.105116583942507624e+01
2.427500036200000011e+02,1.107391699004906904e+01
2.428000036200000125e+02,1.106353202311492012e+01
2.428500036199999954e+02,1.105050976186411127e+01
2.429000036200000068e+02,1.104647247899186624e+01
2.429500036199999897e+02,1.103533443583523699e+01
2.430000036200000011e+02,1.104035621693342151e+01
2.430500036200000125e+02,1.103568958841480274e+01
2.431000036199999954e+02,1.103840478716827000e+01
2.431500036200000068e+02,1.103391688059291909e+01
2.432000036199999897e+02,1.102837115396874701e+01
2.432500036200000011e+02,1.102228926151477495e+01
2.433000036299999920e+02,1.101478905004950093e+01
2.433500036300000033e+02,1.103119557168754383e+01
2.434000036299999863e+02,1.103535276629095563e+01
2.434500036299999977e+02,1.103223506128064280e+01
2.435000036300000090e+02,1.101977569777422516e+01
2.435500036299999920e+02,1.101797778557572549e+01
2.436000036300000033e+02,1.100883394324759124e+01
2.436500036299999863e+02,1.101428878136215239e+01
2.437000036299999977e+02,1.102698491325495134e+01
2.437500036300000090e+02,1.102267496485387710e+01
2.438000036299999920e+02,1.099487071860317577e+01
2.438500036300000033e+02,1.098403130912097758e+01
2.439000036299999863e+02,1.098530374825551448e+01
2.439500036400000056e+02,1.099252518404005308e+01
2.440000036399999885e+02,1.098414663823821158e+01
2.440500036399999999e+02,1.096903470503536759e+01
2.441000036400000113e+02,1.098426043981747036e+01
2.441500036399999942e+02,1.101207690637198588e+01
2.442000036400000056e+02,1.100632419835198128e+01
2.442500036399999885e+02,1.100087317908235995e+01
2.443000036399999999e+02,1.097998409725188473e+01
2.443500036400000113e+02,1.097607741887664012e+01
2.444000036399999942e+02,1.098805408038244380e+01
2.444500036400000056e+02,1.098149865115571622e+01
2.445000036399999885e+02,1.096933944886170487e+01
2.445500036399999999e+02,1.096429704600083710e+01
2.446000036400000113e+02,1.098029113238518839e+01
2.446500036500000022e+02,1.098316366755024731e+01
2.447000036500000135e+02,1.095658450675680839e+01
2.447500036499999965e+02,1.094388837486400945e+01
2.448000036500000078e+02,1.095035597065708188e+01
2.448500036499999908e+02,1.093548538845454488e+01
2.449000036500000022e+02,1.091832349928705526e+01
2.449500036500000135e+02,1.093847936288874756e+01
2.450000036499999965e+02,1.093362408343001491e+01
2.450500036500000078e+02,1.092583058467322488e+01
2.451000036499999908e+02,1.090038256575148345e+01
2.451500036500000022e+02,1.089769180760564105e+01
2.452000036500000135e+02,1.090076368647665284e+01
2.452500036499999965e+02,1.088896956575905861e+01
2.453000036599999873e+02,1.088683483143671182e+01
2.453500036599999987e+02,1.090279302067861167e+01
2.454000036600000101e+02,1.088885347287283345e+01
2.454500036599999930e+02,1.090731071424450960e+01
2.455000036600000044e+02,1.090688300361104979e+01
2.455500036599999873e+02,1.089810042401438928e+01
2.456000036599999987e+02,1.089766889453598964e+01
2.456500036600000101e+02,1.085921923612612439e+01
2.457000036599999930e+02,1.083118356787196213e+01
2.457500036600000044e+02,1.081279201063328443e+01
2.458000036599999873e+02,1.082934364837910657e+01
2.458500036599999987e+02,1.084815451479237147e+01
2.459000036600000101e+02,1.083548511481416554e+01
2.459500036599999930e+02,1.081369936819140243e+01
2.460000036700000123e+02,1.082955597615785948e+01
2.460500036699999953e+02,1.084233383133240558e+01
2.461000036700000067e+02,1.087569755204907018e+01
2.461500036699999896e+02,1.085156245201824277e+01
2.462000036700000010e+02,1.083479466764872612e+01
2.462500036700000123e+02,1.084258663886753915e+01
2.463000036699999953e+02,1.082999437955715294e+01
2.463500036700000067e+02,1.080762129458237553e+01
2.464000036699999896e+02,1.081834690248531494e+01
2.464500036700000010e+02,1.083599454872937429e+01
2.465000036700000123e+02,1.082038616568412159e+01
2.465500036699999953e+02,1.079549875319980323e+01
2.466000036700000067e+02,1.079980717406290047e+01
2.466500036799999975e+02,1.078699342174590292e+01
2.467000036800000089e+02,1.080731578698704887e+01
2.467500036799999918e+02,1.078416365764418750e+01
2.468000036800000032e+02,1.077701936252746684e+01
2.468500036799999862e+02,1.078557663027257441e+01
2.469000036799999975e+02,1.079575308827291380e+01
2.469500036800000089e+02,1.079711717968604923e+01
2.470000036799999918e+02,1.076844452809563002e+01
2.470500036800000032e+02,1.075297285969928751e+01
2.471000036799999862e+02,1.073213953300495582e+01
2.471500036799999975e+02,1.073725831276465925e+01
2.472000036800000089e+02,1.074233890407494663e+01
2.472500036799999918e+02,1.074947403396380530e+01
2.473000036900000111e+02,1.075744014451195518e+01
2.473500036899999941e+02,1.075007512015761080e+01
2.474000036900000055e+02,1.072623559872526577e+01
2.474500036899999884e+02,1.069102508459485179e+01
2.475000036899999998e+02,1.069833588135102431e+01
2.475500036900000111e+02,1.071911803552313636e+01
2.476000036899999941e+02,1.071603240881033337e+01
2.476500036900000055e+02,1.068588033668954651e+01
2.477000036899999884e+02,1.066738490686845253e+01
2.477500036899999998e+02,1.068052326100548832e+01
2.478000036900000111e+02,1.069630196453513626e+01
2.478500036899999941e+02,1.072218533178021893e+01
2.479000036900000055e+02,1.071663578631110525e+01
2.479500036899999884e+02,1.071524572675236797e+01
2.480000037000000077e+02,1.070467440018506977e+01
2.480500036999999907e+02,1.069986265555867000e+01
2.481000037000000020e+02,1.066632250420570571e+01
2.481500037000000134e+02,1.064618649859770905e+01
2.482000036999999963e+02,1.063710146648167587e+01
2.482500037000000077e+02,1.063094701597381508e+01
2.483000036999999907e+02,1.060553947680845432e+01
2.483500037000000020e+02,1.062211631893089248e+01
2.484000037000000134e+02,1.063839834622383940e+01
2.484500036999999963e+02,1.060991969195645446e+01
2.485000037000000077e+02,1.061629181662598498e+01
2.485500036999999907e+02,1.062726412191214997e+01
2.486000037000000020e+02,1.063956233016203434e+01
2.486500037099999929e+02,1.063903456579110696e+01
2.487000037100000043e+02,1.060406769396796633e+01
2.487500037099999872e+02,1.059920554058833808e+01
2.488000037099999986e+02,1.059269211865596816e+01
2.488500037100000100e+02,1.058352841833413827e+01
2.489000037099999929e+02,1.057720135603491762e+01
2.489500037100000043e+02,1.057051379477321262e+01
2.490000037099999872e+02,1.055695460392361618e+01
2.490500037099999986e+02,1.056377887983423136e+01
2.491000037100000100e+02,1.056776804526021252e+01
2.491500037099999929e+02,1.056768632197846181e+01
2.492000037100000043e+02,1.054968505069281193e+01
2.492500037099999872e+02,1.055352146232113064e+01
2.493000037099999986e+02,1.056187251243939151e+01
2.493500037199999895e+02,1.054339923191896133e+01
2.494000037200000008e+02,1.054982329287969733e+01
2.494500037200000122e+02,1.057630392747364567e+01
2.495000037199999952e+02,1.054524831663967710e+01
2.495500037200000065e+02,1.054723182470233844e+01
2.496000037199999895e+02,1.052847518588724185e+01
2.496500037200000008e+02,1.053947193178103525e+01
2.497000037200000122e+02,1.054277294134853982e+01
2.497500037199999952e+02,1.051106354426057443e+01
2.498000037200000065e+02,1.052103760347901051e+01
2.498500037199999895e+02,1.053834460875427759e+01
2.499000037200000008e+02,1.051230466886658910e+01
2.499500037200000122e+02,1.051491370373068079e+01
2.500000037300000031e+02,1.048451187915071259e+01
2.500500037299999860e+02,1.049769758696502286e+01
2.501000037299999974e+02,1.049811002221871270e+01
2.501500037300000088e+02,1.050243295469258875e+01
2.502000037299999917e+02,1.046662211813735688e+01
2.502500037300000031e+02,1.047004151189805476e+01
2.503000037299999860e+02,1.046121768877602598e+01
2.503500037299999974e+02,1.046348379136436257e+01
2.504000037300000088e+02,1.046670766026404920e+01
2.504500037299999917e+02,1.048016985245212851e+01
2.505000037300000031e+02,1.045051575771172381e+01
2.505500037299999860e+02,1.047008428296139826e+01
2.506000037299999974e+02,1.045503727012256157e+01
2.506500037300000088e+02,1.045662667338724994e+01
2.507000037399999997e+02,1.047810691241468284e+01
2.507500037400000110e+02,1.048829100810490722e+01
2.508000037399999940e+02,1.049457529934078082e+01
2.508500037400000053e+02,1.048007361755960076e+01
2.509000037399999883e+02,1.048132772623841902e+01
2.509500037399999997e+02,1.046375263804825018e+01
2.510000037400000110e+02,1.045042868804705449e+01
2.510500037399999940e+02,1.043000474153046397e+01
2.511000037400000053e+02,1.039895218577244584e+01
2.511500037399999883e+02,1.042167584071286335e+01
2.512000037399999997e+02,1.042234490234663014e+01
2.512500037400000110e+02,1.041669606690903471e+01
2.513000037399999940e+02,1.039554653985354271e+01
2.513500037500000133e+02,1.038063547789462504e+01
2.514000037499999962e+02,1.036807758818871150e+01
2.514500037500000076e+02,1.036635605288904394e+01
2.515000037499999905e+02,1.036221413366539856e+01
2.515500037500000019e+02,1.036857251049314144e+01
2.516000037500000133e+02,1.034001900686490139e+01
2.516500037499999962e+02,1.033884356639187985e+01
2.517000037500000076e+02,1.034314664087205848e+01
2.517500037499999905e+02,1.033446258747489210e+01
2.518000037500000019e+02,1.030440293140168961e+01
2.518500037500000133e+02,1.029563562718479730e+01
2.519000037499999962e+02,1.029031979502610916e+01
2.519500037500000076e+02,1.029749158582640689e+01
2.520000037599999985e+02,1.027743272088622994e+01
2.520500037600000098e+02,1.025149207096702320e+01
2.521000037599999928e+02,1.027385522694495457e+01
2.521500037600000041e+02,1.025286074499408784e+01
2.522000037599999871e+02,1.025430655968897398e+01
2.522500037599999985e+02,1.027442805368619183e+01
2.523000037600000098e+02,1.028824234337788468e+01
2.523500037599999928e+02,1.027177472022077787e+01
2.524000037600000041e+02,1.027883270944181682e+01
2.524500037599999871e+02,1.029273177749121437e+01
2.525000037599999985e+02,1.030083536645726028e+01
2.525500037600000098e+02,1.029903058033786678e+01
2.526000037599999928e+02,1.027393847776468050e+01
2.526500037600000041e+02,1.026538884770945614e+01
2.527000037699999950e+02,1.026087344545052282e+01
2.527500037700000064e+02,1.025362222267544077e+01
2.528000037699999893e+02,1.021309816769330325e+01
2.528500037700000007e+02,1.019571860436414390e+01
2.529000037700000121e+02,1.020245046422717294e+01
2.529500037699999950e+02,1.018757529941070494e+01
2.530000037700000064e+02,1.019772960811038232e+01
2.530500037699999893e+02,1.020720416241045925e+01
2.531000037700000007e+02,1.020023782546801705e+01
2.531500037700000121e+02,1.019252146737904674e+01
2.532000037699999950e+02,1.019789534598084835e+01
2.532500037700000064e+02,1.020424455758073101e+01
2.533000037699999893e+02,1.019035159968323789e+01
2.533500037800000086e+02,1.018358918906067778e+01
2.534000037799999916e+02,1.019680086502058991e+01
2.534500037800000030e+02,1.019072202764257362e+01
2.535000037799999859e+02,1.016139253472220183e+01
2.535500037799999973e+02,1.015547943521464980e+01
2.536000037800000086e+02,1.015251066515706135e+01
2.536500037799999916e+02,1.014193781105178438e+01
2.537000037800000030e+02,1.015095715903482265e+01
2.537500037799999859e+02,1.014440325734607207e+01
2.538000037799999973e+02,1.015683588893790201e+01
2.538500037800000086e+02,1.015641428845635019e+01
2.539000037799999916e+02,1.013742011748588823e+01
2.539500037800000030e+02,1.013613774935450351e+01
2.540000037799999859e+02,1.013175142405459717e+01
2.540500037900000052e+02,1.012497450182125824e+01
2.541000037899999882e+02,1.012956322590306790e+01
2.541500037899999995e+02,1.012890332949716310e+01
2.542000037900000109e+02,1.009916903901298291e+01
2.542500037899999938e+02,1.009454136271276958e+01
2.543000037900000052e+02,1.011235627436527018e+01
2.543500037899999882e+02,1.011984732060268577e+01
2.544000037899999995e+02,1.010481100052968273e+01
2.544500037900000109e+02,1.011136490221843331e+01
2.545000037899999938e+02,1.010128620664859866e+01
2.545500037900000052e+02,1.007970820519065924e+01
2.546000037899999882e+02,1.008474220659265974e+01
2.546500037899999995e+02,1.011028264156198908e+01
2.547000037999999904e+02,1.012727726532103567e+01
2.547500038000000018e+02,1.011255638184020711e+01
2.548000038000000131e+02,1.009295654206201220e+01
2.548500037999999961e+02,1.006738326502618364e+01
2.549000038000000075e+02,1.003488794964923869e+01
2.549500037999999904e+02,1.005485745361778172e+01
2.550000038000000018e+02,1.003944535920252612e+01
2.550500038000000131e+02,1.000344816301414674e+01
2.551000037999999961e+02,1.001943995809153343e+01
2.551500038000000075e+02,1.000986229497803492e+01
2.552000037999999904e+02,1.000391406209701906e+01
2.552500038000000018e+02,9.996264915679022423e+00
2.553000038000000131e+02,1.001411037809105409e+01
2.553500038100000040e+02,1.003641625139485960e+01
2.554000038099999870e+02,1.003326723185602809e+01
2.554500038099999983e+02,1.002441438551244346e+01
2.555000038100000097e+02,1.001387437347366571e+01
2.555500038099999927e+02,9.996688043698551240e+00
2.556000038100000040e+02,9.991528020413477762e+00
2.556500038099999870e+02,9.986348139134710422e+00
2.557000038099999983e+02,1.000469692531004462e+01
2.557500038100000097e+02,1.001656054900557713e+01
2.558000038099999927e+02,1.000956213376562509e+01
2.558500038100000040e+02,1.002224375404764523e+01
2.559000038099999870e+02,1.002530952276675258e+01
2.559500038099999983e+02,1.002213224377535283e+01
2.560000038100000097e+02,1.003108132501146521e+01
2.560500038199999722e+02,1.002805985489368190e+01
2.561000038199999835e+02,1.003110194677414846e+01
2.561500038199999949e+02,1.001293188254208033e+01
2.562000038200000063e+02,1.001190461325279379e+01
2.562500038200000176e+02,1.000779629986463704e+01
2.563000038199999722e+02,9.995330826206309638e+00
2.563500038199999835e+02,9.997401403933638520e+00
2.564000038199999949e+02,9.990057765110968546e+00
2.564500038200000063e+02,9.991786938100517546e+00
2.565000038200000176e+02,1.000310293943142703e+01
2.565500038199999722e+02,1.002032593011798234e+01
2.566000038199999835e+02,1.001706310899989028e+01
2.566500038199999949e+02,1.000971412379430170e+01
2.567000038300000142e+02,1.001321371329877152e+01
2.567500038300000256e+02,1.002231096571861713e+01
2.568000038299999801e+02,1.001785742874774066e+01
2.568500038299999915e+02,1.002776809514014467e+01
2.569000038300000028e+02,1.000179383938545108e+01
2.569500038300000142e+02,9.990593167171779143e+00
2.570000038300000256e+02,9.971129278273501484e+00
2.570500038299999801e+02,9.977866484519447354e+00
2.571000038299999915e+02,9.983575657707119078e+00
2.571500038300000028e+02,9.971605106353223391e+00
2.572000038300000142e+02,1.000712800199985786e+01
2.572500038300000256e+02,1.001834089451734400e+01
2.573000038299999801e+02,1.001926199991725674e+01
2.573500038299999915e+02,1.001624434864441504e+01
2.574000038400000108e+02,1.000628632857473299e+01
2.574500038400000221e+02,1.000049161326037073e+01
2.575000038399999767e+02,1.000820033365945605e+01
2.575500038399999880e+02,1.001329467281153285e+01
2.576000038399999994e+02,9.990299116111275524e+00
2.576500038400000108e+02,9.961086479846118280e+00
2.577000038400000221e+02,9.968149815450075835e+00
2.577500038399999767e+02,9.970173803269117840e+00
2.578000038399999880e+02,9.984214168581353022e+00
2.578500038399999994e+02,9.970075277069623709e+00
2.579000038400000108e+02,9.991532603027408754e+00
2.579500038400000221e+02,9.980539675978558734e+00
2.580000038399999767e+02,9.966019663741660040e+00
2.580500038499999960e+02,9.960160791832278093e+00
2.581000038500000073e+02,9.957609039642310478e+00
2.581500038500000187e+02,9.948439229168570819e+00
2.582000038499999732e+02,9.948771468678490493e+00
2.582500038499999846e+02,9.938952454564683237e+00
2.583000038499999960e+02,9.941805895505037682e+00
2.583500038500000073e+02,9.935859190161997034e+00
2.584000038500000187e+02,9.943154711538404911e+00
2.584500038499999732e+02,9.939863630967748165e+00
2.585000038499999846e+02,9.963654271184841704e+00
2.585500038499999960e+02,9.956130382880926888e+00
2.586000038500000073e+02,9.945783604396192246e+00
2.586500038500000187e+02,9.932492496461497566e+00
2.587000038499999732e+02,9.934251456441590022e+00
2.587500038599999925e+02,9.942100710334527136e+00
2.588000038600000039e+02,9.978838762441576193e+00
2.588500038600000153e+02,9.989717124142178051e+00
2.589000038600000266e+02,9.985967782178530427e+00
2.589500038599999812e+02,9.964815200047084431e+00
2.590000038599999925e+02,9.978495830165821090e+00
2.590500038600000039e+02,9.973781847969927838e+00
2.591000038600000153e+02,9.969093833919636438e+00
2.591500038600000266e+02,9.969953837800481722e+00
2.592000038599999812e+02,9.934563837957812282e+00
2.592500038599999925e+02,9.938578207760409455e+00
2.593000038600000039e+02,9.962341352293924146e+00
2.593500038600000153e+02,9.957995506750396686e+00
2.594000038699999777e+02,9.935365031626558263e+00
2.594500038699999891e+02,9.936146367301605054e+00
2.595000038700000005e+02,9.915085437448757588e+00
2.595500038700000118e+02,9.919209026216684322e+00
2.596000038700000232e+02,9.925720156842087860e+00
2.596500038699999777e+02,9.915482597322682778e+00
2.597000038699999891e+02,9.925173298246452447e+00
2.597500038700000005e+02,9.910492894522006324e+00
2.598000038700000118e+02,9.922180851350224984e+00
2.598500038700000232e+02,9.891922615340060787e+00
2.599000038699999777e+02,9.909974295378939146e+00
2.599500038699999891e+02,9.912636794072211543e+00
2.600000038700000005e+02,9.897306422938708437e+00
2.600500038800000198e+02,9.921970051109450850e+00
2.601000038799999743e+02,9.926775685583940856e+00
2.601500038799999857e+02,9.939110554745266057e+00
2.602000038799999970e+02,9.910919077617487360e+00
2.602500038800000084e+02,9.923001903012664826e+00
2.603000038800000198e+02,9.920621998845069456e+00
2.603500038799999743e+02,9.917211770312231778e+00
2.604000038799999857e+02,9.919255616124969421e+00
2.604500038799999970e+02,9.924625675881829423e+00
2.605000038800000084e+02,9.924137627498296865e+00
2.605500038800000198e+02,9.903803041953334940e+00
2.606000038799999743e+02,9.899372418052106326e+00
2.606500038799999857e+02,9.900725816699406323e+00
2.607000038799999970e+02,9.914938030034013750e+00
2.607500038900000163e+02,9.915307694224358315e+00
2.608000038900000277e+02,9.892078424213679000e+00
2.608500038899999822e+02,9.891847002210218065e+00
2.609000038899999936e+02,9.863104083872872963e+00
2.609500038900000050e+02,9.855350301103477761e+00
2.610000038900000163e+02,9.870203316619281964e+00
2.610500038900000277e+02,9.841620026000496679e+00
2.611000038899999822e+02,9.846314913971683680e+00
2.611500038899999936e+02,9.849590719162577557e+00
2.612000038900000050e+02,9.853498925075795611e+00
2.612500038900000163e+02,9.822719034846610242e+00
2.613000038900000277e+02,9.850824206078709011e+00
2.613500038899999822e+02,9.873544805943170743e+00
2.614000039000000015e+02,9.852751959005221494e+00
2.614500039000000129e+02,9.869974949691776800e+00
2.615000039000000243e+02,9.866790796779479678e+00
2.615500038999999788e+02,9.862591594881711998e+00
2.616000038999999902e+02,9.860564551986719550e+00
2.616500039000000015e+02,9.849126347617680466e+00
2.617000039000000129e+02,9.823548487967922682e+00
2.617500039000000243e+02,9.803653833360232994e+00
2.618000038999999788e+02,9.812395933200514619e+00
2.618500038999999902e+02,9.826914417899438092e+00
2.619000039000000015e+02,9.825803134021436236e+00
2.619500039000000129e+02,9.828027229315415170e+00
2.620000039000000243e+02,9.846611256339150131e+00
2.620500038999999788e+02,9.835743587404385480e+00
2.621000039099999981e+02,9.829597538355395514e+00
2.621500039100000095e+02,9.822069831206540869e+00
2.622000039100000208e+02,9.826632587142748676e+00
2.622500039099999753e+02,9.818632870759113729e+00
2.623000039099999867e+02,9.808503766436050597e+00
2.623500039099999981e+02,9.827120635526283010e+00
2.624000039100000095e+02,9.815130989947677520e+00
2.624500039100000208e+02,9.808178400847026523e+00
2.625000039099999753e+02,9.801462580132751512e+00
2.625500039099999867e+02,9.804732275171737399e+00
2.626000039099999981e+02,9.809146859924213757e+00
2.626500039100000095e+02,9.818729105651639699e+00
2.627000039100000208e+02,9.829778551605626191e+00
2.627500039199999833e+02,9.825376950925955200e+00
2.628000039199999947e+02,9.809916739064435731e+00
2.628500039200000060e+02,9.811483229259476246e+00
2.629000039200000174e+02,9.815328806115651616e+00
2.629500039199999719e+02,9.814759034450366570e+00
2.630000039199999833e+02,9.791862767718592764e+00
2.630500039199999947e+02,9.773958495094460019e+00
2.631000039200000060e+02,9.770298514102442766e+00
2.631500039200000174e+02,9.772903730121594634e+00
2.632000039199999719e+02,9.792974051596594620e+00
2.632500039199999833e+02,9.787390136523008266e+00
2.633000039199999947e+02,9.798483881078315250e+00
2.633500039200000060e+02,9.797616239507588531e+00
2.634000039200000174e+02,9.782049099987704111e+00
2.634500039299999798e+02,9.769171954844674488e+00
2.635000039299999912e+02,9.771402924059550799e+00
2.635500039300000026e+02,9.776656127161196252e+00
2.636000039300000140e+02,9.788923784651549553e+00
2.636500039300000253e+02,9.790726279463976667e+00
2.637000039299999798e+02,9.787895751593273630e+00
2.637500039299999912e+02,9.819801437311237891e+00
2.638000039300000026e+02,9.799270563136282419e+00
2.638500039300000140e+02,9.780666678118850044e+00
2.639000039300000253e+02,9.766420095179768168e+00
2.639500039299999798e+02,9.756879856746698110e+00
2.640000039299999912e+02,9.764813125228348767e+00
2.640500039300000026e+02,9.748433335504897101e+00
2.641000039400000219e+02,9.737500746206125157e+00
2.641500039399999764e+02,9.770817877014499331e+00
2.642000039399999878e+02,9.794693295589297577e+00
2.642500039399999991e+02,9.807339018728866264e+00
2.643000039400000105e+02,9.808623678167217363e+00
2.643500039400000219e+02,9.796022253628969167e+00
2.644000039399999764e+02,9.798335709894582024e+00
2.644500039399999878e+02,9.812015576244331072e+00
2.645000039399999991e+02,9.795638841596833402e+00
2.645500039400000105e+02,9.798528943448626904e+00
2.646000039400000219e+02,9.836757872620870202e+00
2.646500039399999764e+02,9.842825253464061674e+00
2.647000039399999878e+02,9.882596232223718857e+00
2.647500039500000071e+02,9.864015260275936114e+00
2.648000039500000184e+02,9.874057294934331708e+00
2.648500039499999730e+02,9.890750229942993244e+00
2.649000039499999843e+02,9.887143712780158467e+00
2.649500039499999957e+02,9.859630462514006766e+00
2.650000039500000071e+02,9.875486306711472650e+00
2.650500039500000184e+02,9.896053841797868955e+00
2.651000039499999730e+02,9.905402374214871131e+00
2.651500039499999843e+02,9.902914014850935587e+00
2.652000039499999957e+02,9.898258079098152251e+00
2.652500039500000071e+02,9.898728560794955555e+00
2.653000039500000184e+02,9.903327977642602420e+00
2.653500039499999730e+02,9.913514364639789633e+00
2.654000039499999843e+02,9.916748162536325850e+00
2.654500039600000036e+02,9.920493685655031868e+00
2.655000039600000150e+02,9.949418381011595258e+00
2.655500039600000264e+02,9.938768386238498564e+00
2.656000039599999809e+02,9.937538718167310492e+00
2.656500039599999923e+02,9.948808893358917160e+00
2.657000039600000036e+02,9.954535633233319913e+00
2.657500039600000150e+02,9.964792286977433022e+00
2.658000039600000264e+02,9.951044445187724463e+00
2.658500039599999809e+02,9.936589353314829509e+00
2.659000039599999923e+02,9.937553229778087527e+00
2.659500039600000036e+02,9.945108432610522797e+00
2.660000039600000150e+02,9.960987953646625925e+00
2.660500039600000264e+02,9.986487145090586992e+00
2.661000039699999888e+02,1.000292574502613796e+01
2.661500039700000002e+02,9.992104665999658408e+00
2.662000039700000116e+02,9.978068883301352443e+00
2.662500039700000229e+02,9.998049843804720282e+00
2.663000039699999775e+02,9.975994486729081956e+00
2.663500039699999888e+02,9.977139376442570651e+00
2.664000039700000002e+02,9.988437811086747331e+00
2.664500039700000116e+02,9.984402819521466910e+00
2.665000039700000229e+02,9.995236118851758889e+00
2.665500039699999775e+02,9.995127663655416939e+00
2.666000039699999888e+02,9.980874206795441239e+00
2.666500039700000002e+02,9.970256290319856163e+00
2.667000039700000116e+02,9.971078869520273003e+00
2.667500039700000229e+02,9.984139319220497910e+00
2.668000039799999854e+02,9.978556931684888553e+00
2.668500039799999968e+02,9.994978728702696102e+00
2.669000039800000081e+02,1.001464425261388769e+01
2.669500039800000195e+02,1.000142493896409590e+01
2.670000039799999740e+02,9.973571811498139539e+00
2.670500039799999854e+02,9.986900344113262662e+00
2.671000039799999968e+02,1.000494133138630737e+01
2.671500039800000081e+02,9.998424090608995840e+00
2.672000039800000195e+02,1.000014333460169702e+01
2.672500039799999740e+02,1.000159678698646459e+01
2.673000039799999854e+02,1.001079180183681672e+01
2.673500039799999968e+02,1.001908709681892873e+01
2.674000039800000081e+02,9.993725383792867234e+00
2.674500039900000274e+02,9.999278748106922521e+00
2.675000039899999820e+02,1.001082158882736195e+01
2.675500039899999933e+02,9.999659868832091902e+00
2.676000039900000047e+02,9.989272610590978374e+00
2.676500039900000161e+02,9.999140505920037114e+00
2.677000039900000274e+02,9.987415124411390011e+00
2.677500039899999820e+02,9.985183391427527866e+00
2.678000039899999933e+02,1.000142417519510651e+01
2.678500039900000047e+02,1.000651469550224171e+01
2.679000039900000161e+02,1.000999519078200173e+01
2.679500039900000274e+02,1.001325419305515219e+01
2.680000039899999820e+02,1.004126465693269843e+01
2.680500039899999933e+02,1.006002511459273663e+01
2.681000040000000126e+02,1.005869310147710927e+01
2.681500040000000240e+02,1.005377824803728792e+01
2.682000039999999785e+02,1.005198415468373163e+01
2.682500039999999899e+02,1.007847166319857379e+01
2.683000040000000013e+02,1.009054150452095122e+01
2.683500040000000126e+02,1.009723135708962261e+01
2.684000040000000240e+02,1.011763620938150510e+01
2.684500039999999785e+02,1.012085625943625189e+01
2.685000039999999899e+02,1.012256328312514064e+01
2.685500040000000013e+02,1.011852600025289561e+01
2.686000040000000126e+02,1.013413514706713592e+01
2.686500040000000240e+02,1.013318501844566910e+01
2.687000039999999785e+02,1.013662045135512102e+01
2.687500039999999899e+02,1.012374101490512501e+01
2.688000040100000092e+02,1.014168042090272159e+01
2.688500040100000206e+02,1.013268933237225156e+01
2.689000040099999751e+02,1.015616300845919540e+01
2.689500040099999865e+02,1.014605758097476773e+01
2.690000040099999978e+02,1.014546107739489322e+01
2.690500040100000092e+02,1.014130999294338764e+01
2.691000040100000206e+02,1.014728954035292219e+01
2.691500040099999751e+02,1.014201877056454570e+01
2.692000040099999865e+02,1.016859105743709257e+01
2.692500040099999978e+02,1.016491961991025228e+01
2.693000040100000092e+02,1.016596369211728046e+01
2.693500040100000206e+02,1.017844214984840789e+01
2.694000040099999751e+02,1.018119630082028060e+01
2.694500040199999944e+02,1.018437205227370335e+01
2.695000040200000058e+02,1.019938698681503375e+01
2.695500040200000171e+02,1.017947552928960064e+01
2.696000040199999717e+02,1.018592937724088188e+01
2.696500040199999830e+02,1.019687495061245741e+01
2.697000040199999944e+02,1.017767990839806735e+01
2.697500040200000058e+02,1.020066782740844147e+01
2.698000040200000171e+02,1.018649685759920054e+01
2.698500040199999717e+02,1.017398021141865883e+01
2.699000040199999830e+02,1.017654571145041587e+01
2.699500040199999944e+02,1.016580559193669941e+01
2.700000040200000058e+02,1.016257637665409419e+01
2.700500040200000171e+02,1.014461864020077897e+01
2.701000040199999717e+02,1.012731927261539333e+01
2.701500040299999910e+02,1.013811209218930465e+01
2.702000040300000023e+02,1.010853284680975150e+01
2.702500040300000137e+02,1.010836176255637042e+01
2.703000040300000251e+02,1.012164217772523145e+01
2.703500040299999796e+02,1.011989696558692309e+01
2.704000040299999910e+02,1.009439930168094257e+01
2.704500040300000023e+02,1.011044837943245334e+01
2.705000040300000137e+02,1.012386856432617677e+01
2.705500040300000251e+02,1.013333242586041472e+01
2.706000040299999796e+02,1.013405724263032681e+01
2.706500040299999910e+02,1.013725819846036380e+01
2.707000040300000023e+02,1.012698779687446304e+01
2.707500040300000137e+02,1.012993976401430807e+01
2.708000040399999762e+02,1.015252135792289856e+01
2.708500040399999875e+02,1.015438571802338075e+01
2.709000040399999989e+02,1.013271682805583040e+01
2.709500040400000103e+02,1.013067832862601136e+01
2.710000040400000216e+02,1.017045388999959776e+01
2.710500040399999762e+02,1.015768825512886409e+01
2.711000040399999875e+02,1.016612790244976949e+01
2.711500040399999989e+02,1.017603704130419651e+01
2.712000040400000103e+02,1.016552146987304361e+01
2.712500040400000216e+02,1.017586595705081365e+01
2.713000040399999762e+02,1.017454692800799165e+01
2.713500040399999875e+02,1.015783107992967693e+01
2.714000040399999989e+02,1.013863374640832404e+01
2.714500040400000103e+02,1.013500584371381663e+01
2.715000040499999727e+02,1.014434521090296037e+01
2.715500040499999841e+02,1.015085863283533030e+01
2.716000040499999955e+02,1.012736509875469260e+01
2.716500040500000068e+02,1.014860398678181852e+01
2.717000040500000182e+02,1.016522971011950638e+01
2.717500040499999727e+02,1.017341349482932777e+01
2.718000040499999841e+02,1.015866664320289736e+01
2.718500040499999955e+02,1.016982301681524881e+01
2.719000040500000068e+02,1.016061119904715504e+01
2.719500040500000182e+02,1.015097778079750768e+01
2.720000040499999727e+02,1.014840387930687804e+01
2.720500040499999841e+02,1.015894847395958855e+01
2.721000040499999955e+02,1.016699936286543959e+01
2.721500040600000148e+02,1.015103582724061937e+01
2.722000040600000261e+02,1.013774701061288752e+01
2.722500040599999807e+02,1.013335228385411035e+01
2.723000040599999920e+02,1.012544345598008455e+01
2.723500040600000034e+02,1.010279999678344431e+01
2.724000040600000148e+02,1.009979303827643804e+01
2.724500040600000261e+02,1.011946390857054823e+01
2.725000040599999807e+02,1.011488129464064478e+01
2.725500040599999920e+02,1.011158945030099865e+01
2.726000040600000034e+02,1.012533729209070898e+01
2.726500040600000148e+02,1.013655171214617212e+01
2.727000040600000261e+02,1.011770571235944338e+01
2.727500040599999807e+02,1.011737805546345470e+01
2.728000040700000000e+02,1.012899192669980764e+01
2.728500040700000113e+02,1.011393880370906295e+01
2.729000040700000227e+02,1.010931418248480185e+01
2.729500040699999772e+02,1.012624770472478453e+01
2.730000040699999886e+02,1.010371728333841368e+01
2.730500040700000000e+02,1.009810510881225731e+01
2.731000040700000113e+02,1.009920188107948036e+01
2.731500040700000227e+02,1.010868483683842811e+01
2.732000040699999772e+02,1.012556489524922831e+01
2.732500040699999886e+02,1.011020244581821537e+01
2.733000040700000000e+02,1.009962119025406757e+01
2.733500040700000113e+02,1.009188955678533084e+01
2.734000040700000227e+02,1.010503096599831707e+01
2.734500040699999772e+02,1.008353621536010536e+01
2.735000040799999965e+02,1.008337964271750131e+01
2.735500040800000079e+02,1.009590621789489262e+01
2.736000040800000193e+02,1.011428631859874550e+01
2.736500040799999738e+02,1.012419469368418667e+01
2.737000040799999852e+02,1.012453991726690816e+01
2.737500040799999965e+02,1.015068831235093505e+01
2.738000040800000079e+02,1.014988864622016784e+01
2.738500040800000193e+02,1.014487908542579397e+01
2.739000040799999738e+02,1.015592853137978047e+01
2.739500040799999852e+02,1.011945779841864379e+01
2.740000040799999965e+02,1.012317200700882935e+01
2.740500040800000079e+02,1.013497911179922539e+01
2.741000040800000193e+02,1.015042252074300144e+01
2.741500040899999817e+02,1.015277874807196135e+01
2.742000040899999931e+02,1.014200273141579167e+01
2.742500040900000045e+02,1.012151997468709830e+01
2.743000040900000158e+02,1.012370511776267712e+01
2.743500040900000272e+02,1.009754679368179708e+01
2.744000040899999817e+02,1.007648586382894962e+01
2.744500040899999931e+02,1.010031469249545921e+01
2.745000040900000045e+02,1.012866579734179595e+01
2.745500040900000158e+02,1.011844885958507589e+01
2.746000040900000272e+02,1.011904230808899818e+01
2.746500040899999817e+02,1.010076378866058988e+01
2.747000040899999931e+02,1.009886887780057485e+01
2.747500040900000045e+02,1.011383798620260421e+01
2.748000040900000158e+02,1.012086771597107493e+01
2.748500040999999783e+02,1.013002225106504817e+01
2.749000040999999896e+02,1.014510897989127791e+01
2.749500041000000010e+02,1.014390604373467752e+01
2.750000041000000124e+02,1.013652879907652249e+01
2.750500041000000238e+02,1.013192098077000480e+01
2.751000040999999783e+02,1.015049507879689017e+01
2.751500040999999896e+02,1.014858336501913350e+01
2.752000041000000010e+02,1.015426733383019098e+01
2.752500041000000124e+02,1.017702841345103160e+01
2.753000041000000238e+02,1.017161863770678210e+01
2.753500040999999783e+02,1.017095874130087552e+01
2.754000040999999896e+02,1.019217853510329519e+01
2.754500041000000010e+02,1.019723621334393115e+01
2.755000041100000203e+02,1.016924484369109294e+01
2.755500041099999748e+02,1.014738653901444110e+01
2.756000041099999862e+02,1.013984050140986426e+01
2.756500041099999976e+02,1.013962893740010252e+01
2.757000041100000090e+02,1.016684660906777538e+01
2.757500041100000203e+02,1.018098855565545691e+01
2.758000041099999748e+02,1.017187908293179888e+01
2.758500041099999862e+02,1.014159029616210006e+01
2.759000041099999976e+02,1.014051185435059566e+01
2.759500041100000090e+02,1.014346076641448846e+01
2.760000041100000203e+02,1.014330572130986141e+01
2.760500041099999748e+02,1.014656090473806849e+01
2.761000041099999862e+02,1.015209822990336974e+01
2.761500041099999976e+02,1.018809542609175089e+01
2.762000041200000169e+02,1.017528014623677457e+01
2.762500041200000283e+02,1.016824888893032686e+01
2.763000041199999828e+02,1.015844820527224002e+01
2.763500041199999941e+02,1.016512965638203703e+01
2.764000041200000055e+02,1.014509905089443009e+01
2.764500041200000169e+02,1.012720699857411155e+01
2.765000041200000283e+02,1.012630116855396700e+01
2.765500041199999828e+02,1.011385708042731224e+01
2.766000041199999941e+02,1.012876203223432192e+01
2.766500041200000055e+02,1.012269541516011984e+01
2.767000041200000169e+02,1.012320408530633919e+01
2.767500041200000283e+02,1.010955018710219200e+01
2.768000041199999828e+02,1.008522567236226308e+01
2.768500041300000021e+02,1.009217367884898664e+01
2.769000041300000134e+02,1.007363089535061995e+01
2.769500041300000248e+02,1.007785148278006027e+01
2.770000041299999793e+02,1.007537305241297076e+01
2.770500041299999907e+02,1.005339025339122472e+01
2.771000041300000021e+02,1.007390126957248455e+01
2.771500041300000134e+02,1.005645754964830729e+01
2.772000041300000248e+02,1.007032301186221623e+01
2.772500041299999793e+02,1.004867627119532969e+01
2.773000041299999907e+02,1.004285558773536380e+01
2.773500041300000021e+02,1.005972113453538697e+01
2.774000041300000134e+02,1.004510947001988797e+01
2.774500041300000248e+02,1.003760238463371657e+01
2.775000041399999873e+02,1.002911843871148889e+01
2.775500041399999986e+02,1.001840734241932829e+01
2.776000041400000100e+02,1.003574031584019899e+01
2.776500041400000214e+02,1.003941098959805167e+01
2.777000041399999759e+02,1.003051308088415539e+01
2.777500041399999873e+02,1.001875943992294182e+01
2.778000041399999986e+02,1.001662546936958442e+01
2.778500041400000100e+02,1.000885030106851481e+01
2.779000041400000214e+02,1.000252094746232956e+01
2.779500041399999759e+02,1.003719071314901434e+01
2.780000041399999873e+02,1.005156637304712142e+01
2.780500041399999986e+02,1.004202995345899296e+01
2.781000041400000100e+02,1.001670490134437053e+01
2.781500041400000214e+02,1.000996234871550605e+01
2.782000041499999838e+02,1.001487032823443002e+01
2.782500041499999952e+02,9.972900458557409920e+00
2.783000041500000066e+02,9.956449638318042972e+00
2.783500041500000179e+02,9.922416855967616911e+00
2.784000041499999725e+02,9.905318359626157587e+00
2.784500041499999838e+02,9.922410745815708921e+00
2.785000041499999952e+02,9.924354537890977213e+00
2.785500041500000066e+02,9.890022358097127153e+00
2.786000041500000179e+02,9.903895458000921082e+00
2.786500041499999725e+02,9.902030334131451283e+00
2.787000041499999838e+02,9.891856931207065884e+00
2.787500041499999952e+02,9.908914947792142769e+00
2.788000041500000066e+02,9.886067562275622223e+00
2.788500041600000259e+02,9.860981569854338602e+00
2.789000041599999804e+02,9.882358700068351709e+00
2.789500041599999918e+02,9.897364469381820129e+00
2.790000041600000031e+02,9.893613599880195508e+00
2.790500041600000145e+02,9.907494337473874424e+00
2.791000041600000259e+02,9.909752038603338420e+00
2.791500041599999804e+02,9.897362941843844908e+00
2.792000041599999918e+02,9.900113273970774230e+00
2.792500041600000031e+02,9.911793593109111455e+00
2.793000041600000145e+02,9.899794018533658146e+00
2.793500041600000259e+02,9.905550545398606133e+00
2.794000041599999804e+02,9.897799817705163150e+00
2.794500041599999918e+02,9.913794667858502052e+00
2.795000041600000031e+02,9.898538382316864670e+00
2.795500041700000224e+02,9.895752153047483901e+00
2.796000041699999770e+02,9.874049657244448497e+00
2.796500041699999883e+02,9.852823753290124387e+00
2.797000041699999997e+02,9.858965983494170970e+00
2.797500041700000111e+02,9.836149148737181491e+00
2.798000041700000224e+02,9.859130193826658228e+00
2.798500041699999770e+02,9.866997778175315759e+00
2.799000041699999883e+02,9.855456464992853327e+00
2.799500041699999997e+02,9.857826440163600878e+00
2.800000041700000111e+02,9.856008669971407343e+00
2.800500041700000224e+02,9.838742908221506767e+00
2.801000041699999770e+02,9.868578016212143922e+00
2.801500041699999883e+02,9.846640279560707754e+00
2.802000041800000076e+02,9.860842563898465585e+00
2.802500041800000190e+02,9.856103377325958093e+00
2.803000041799999735e+02,9.867438472881573830e+00
2.803500041799999849e+02,9.866762537326913218e+00
2.804000041799999963e+02,9.882348771071503890e+00
2.804500041800000076e+02,9.888642991304225305e+00
2.805000041800000190e+02,9.888728533430917622e+00
2.805500041799999735e+02,9.900198052328477161e+00
2.806000041799999849e+02,9.908594164817049688e+00
2.806500041799999963e+02,9.908281019531839817e+00
2.807000041800000076e+02,9.869460169393649451e+00
2.807500041800000190e+02,9.857236046735630808e+00
2.808000041799999735e+02,9.856390554465566112e+00
2.808500041799999849e+02,9.847814956264739905e+00
2.809000041900000042e+02,9.852159274270288591e+00
2.809500041900000156e+02,9.852215029406433899e+00
2.810000041900000269e+02,9.870453832847450926e+00
2.810500041899999815e+02,9.854512446523292724e+00
2.811000041899999928e+02,9.856285918114165767e+00
2.811500041900000042e+02,9.857049687102483304e+00
2.812000041900000156e+02,9.853590577354392366e+00
2.812500041900000269e+02,9.819521897861514859e+00
2.813000041899999815e+02,9.814477203693680707e+00
2.813500041899999928e+02,9.836656291345423853e+00
2.814000041900000042e+02,9.839205752228426860e+00
2.814500041900000156e+02,9.833503452961650737e+00
2.815000041900000269e+02,9.814479495000643539e+00
2.815500041999999894e+02,9.805597625435503062e+00
2.816000042000000008e+02,9.774530558066709673e+00
2.816500042000000121e+02,9.780256534172124816e+00
2.817000042000000235e+02,9.783622464103638450e+00
2.817500041999999780e+02,9.774144854727609300e+00
2.818000041999999894e+02,9.745376732013651733e+00
2.818500042000000008e+02,9.739236029347582146e+00
2.819000042000000121e+02,9.726394781347003970e+00
2.819500042000000235e+02,9.710718422861789989e+00
2.820000041999999780e+02,9.728961045147748621e+00
2.820500041999999894e+02,9.724637348904884959e+00
2.821000042000000008e+02,9.705763853434577371e+00
2.821500042000000121e+02,9.703626064036276588e+00
2.822000042099999746e+02,9.691806738942066346e+00
2.822500042099999860e+02,9.661211680808055036e+00
2.823000042099999973e+02,9.645356600379576761e+00
2.823500042100000087e+02,9.633428056320038735e+00
2.824000042100000201e+02,9.619038648580140460e+00
2.824500042099999746e+02,9.613346278310212156e+00
2.825000042099999860e+02,9.620660130142338673e+00
2.825500042099999973e+02,9.600175845875670078e+00
2.826000042100000087e+02,9.597716509733288603e+00
2.826500042100000201e+02,9.592361725356196800e+00
2.827000042099999746e+02,9.598849942911952482e+00
2.827500042099999860e+02,9.594973051527253105e+00
2.828000042099999973e+02,9.590036048786769740e+00
2.828500042100000087e+02,9.604103146013597936e+00
2.829000042200000280e+02,9.589855035536539063e+00
2.829500042199999825e+02,9.581442120130223117e+00
2.830000042199999939e+02,9.574449815042180845e+00
2.830500042200000053e+02,9.533617961157750287e+00
2.831000042200000166e+02,9.547195482463067151e+00
2.831500042200000280e+02,9.542637309140788560e+00
2.832000042199999825e+02,9.520197776264028633e+00
2.832500042199999939e+02,9.535426566122085390e+00
2.833000042200000053e+02,9.524811704722452532e+00
2.833500042200000166e+02,9.501288383651267822e+00
2.834000042200000280e+02,9.497025025158484013e+00
2.834500042199999825e+02,9.497215203636573122e+00
2.835000042199999939e+02,9.500904971619133832e+00
2.835500042300000132e+02,9.482359896813800759e+00
2.836000042300000246e+02,9.482078829826102506e+00
2.836500042299999791e+02,9.470445100596053933e+00
2.837000042299999905e+02,9.434732026471326805e+00
2.837500042300000018e+02,9.426473392400652074e+00
2.838000042300000132e+02,9.424655622208456762e+00
2.838500042300000246e+02,9.429894313699323405e+00
2.839000042299999791e+02,9.435214728471944312e+00
2.839500042299999905e+02,9.430684050833244569e+00
2.840000042300000018e+02,9.419051085372185383e+00
2.840500042300000132e+02,9.388002348459112412e+00
2.841000042300000246e+02,9.393119600680837067e+00
2.841500042299999791e+02,9.408608071994924771e+00
2.842000042299999905e+02,9.406613871166427998e+00
2.842500042400000098e+02,9.418489715165772935e+00
2.843000042400000211e+02,9.413749001055286669e+00
2.843500042399999757e+02,9.393351022684298002e+00
2.844000042399999870e+02,9.385394841132997712e+00
2.844500042399999984e+02,9.362418378657448415e+00
2.845000042400000098e+02,9.350997740975140360e+00
2.845500042400000211e+02,9.338549834003547545e+00
2.846000042399999757e+02,9.336314282174742019e+00
2.846500042399999870e+02,9.334812712343708796e+00
2.847000042399999984e+02,9.334425481466631425e+00
2.847500042400000098e+02,9.342833050490028768e+00
2.848000042400000211e+02,9.322912427736737229e+00
2.848500042399999757e+02,9.325781907825847483e+00
2.849000042499999950e+02,9.327618772242750822e+00
2.849500042500000063e+02,9.335056354650983934e+00
2.850000042500000177e+02,9.337091799004848980e+00
2.850500042499999722e+02,9.321915709206983536e+00
2.851000042499999836e+02,9.296747229734965146e+00
2.851500042499999950e+02,9.300681403793786828e+00
2.852000042500000063e+02,9.287969232752237403e+00
2.852500042500000177e+02,9.260735521935808734e+00
2.853000042499999722e+02,9.238291406445117815e+00
2.853500042499999836e+02,9.232700617450634084e+00
2.854000042499999950e+02,9.216896709544373678e+00
2.854500042500000063e+02,9.208382976631602546e+00
2.855000042500000177e+02,9.199241425610432898e+00
2.855500042599999801e+02,9.179960077500362914e+00
2.856000042599999915e+02,9.169569000414306004e+00
2.856500042600000029e+02,9.138874652311812952e+00
2.857000042600000143e+02,9.154510531040642718e+00
2.857500042600000256e+02,9.123312095405859523e+00
2.858000042599999801e+02,9.106749001125210796e+00
2.858500042599999915e+02,9.108991426874910147e+00
2.859000042600000029e+02,9.113319705731706577e+00
2.859500042600000143e+02,9.095303922835277888e+00
2.860000042600000256e+02,9.092066306093800065e+00
2.860500042599999801e+02,9.090974116440508013e+00
2.861000042599999915e+02,9.083705326978691375e+00
2.861500042600000029e+02,9.077847982607286426e+00
2.862000042600000143e+02,9.058463525683793094e+00
2.862500042699999767e+02,9.031580384833004516e+00
2.863000042699999881e+02,9.010391141790117686e+00
2.863500042699999995e+02,8.976341556521948206e+00
2.864000042700000108e+02,8.975002669485425244e+00
2.864500042700000222e+02,8.989770906643528292e+00
2.865000042699999767e+02,9.007138249668876995e+00
2.865500042699999881e+02,8.993751670610640403e+00
2.866000042699999995e+02,8.962566219048655469e+00
2.866500042700000108e+02,8.957930905058558935e+00
2.867000042700000222e+02,8.961428203256064151e+00
2.867500042699999767e+02,8.948900100540697622e+00
2.868000042699999881e+02,8.944147929895386540e+00
2.868500042699999995e+02,8.940839282637995211e+00
2.869000042800000188e+02,8.933019815735603331e+00
2.869500042799999733e+02,8.922834956276393115e+00
2.870000042799999846e+02,8.915175117092559276e+00
2.870500042799999960e+02,8.924983438440529326e+00
2.871000042800000074e+02,8.927648992209755718e+00
2.871500042800000188e+02,8.928241676944692173e+00
2.872000042799999733e+02,8.901181341688610971e+00
2.872500042799999846e+02,8.910750603343238652e+00
2.873000042799999960e+02,8.905281253617898685e+00
2.873500042800000074e+02,8.907277745753360065e+00
2.874000042800000188e+02,8.907736007146349166e+00
2.874500042799999733e+02,8.895239982728490702e+00
2.875000042799999846e+02,8.888064373083249592e+00
2.875500042799999960e+02,8.871217156738948617e+00
2.876000042900000153e+02,8.869691910069278151e+00
2.876500042900000267e+02,8.878550102795783161e+00
2.877000042899999812e+02,8.880520626785640914e+00
2.877500042899999926e+02,8.882171895338382583e+00
2.878000042900000039e+02,8.869564360648229950e+00
2.878500042900000153e+02,8.861003274058180779e+00
2.879000042900000267e+02,8.850612960741113255e+00
2.879500042899999812e+02,8.848985369027010606e+00
2.880000042899999926e+02,8.847623568920839787e+00
2.880500042900000039e+02,8.832945456503358272e+00
2.881000042900000153e+02,8.799588609707591047e+00
2.881500042900000267e+02,8.792626855379078066e+00
2.882000042899999812e+02,8.776080564016172758e+00
2.882500043000000005e+02,8.764115359045195675e+00
2.883000043000000119e+02,8.734415438165491707e+00
2.883500043000000232e+02,8.729922185207220409e+00
2.884000042999999778e+02,8.729610567459987536e+00
2.884500042999999891e+02,8.716191910104241103e+00
2.885000043000000005e+02,8.699744144940828150e+00
2.885500043000000119e+02,8.696230807594568901e+00
2.886000043000000232e+02,8.687976756137826939e+00
2.886500042999999778e+02,8.676495780705439032e+00
2.887000042999999891e+02,8.672282830965881928e+00
2.887500043000000005e+02,8.679611194408785479e+00
2.888000043000000119e+02,8.655918316622194908e+00
2.888500043000000232e+02,8.648310413729568324e+00
2.889000042999999778e+02,8.653184023644019618e+00
2.889500043099999971e+02,8.641036277884834860e+00
2.890000043100000084e+02,8.622673743867711238e+00
2.890500043100000198e+02,8.606669728486510351e+00
2.891000043099999743e+02,8.618319496865314733e+00
2.891500043099999857e+02,8.619654565056892537e+00
2.892000043099999971e+02,8.612322382769047380e+00
2.892500043100000084e+02,8.622892181798368583e+00
2.893000043100000198e+02,8.613919423723618962e+00
2.893500043099999743e+02,8.626210758052609506e+00
2.894000043099999857e+02,8.599749217683367419e+00
2.894500043099999971e+02,8.596138881675592813e+00
2.895000043100000084e+02,8.601676970609879902e+00
2.895500043100000198e+02,8.606621611040248254e+00
2.896000043199999823e+02,8.613221338868294552e+00
2.896500043199999936e+02,8.612779116624061260e+00
2.897000043200000050e+02,8.624225722451971166e+00
2.897500043200000164e+02,8.608862509251968831e+00
2.898000043200000277e+02,8.606554399369276354e+00
2.898500043199999823e+02,8.623788846590654700e+00
2.899000043199999936e+02,8.618397401302122063e+00
2.899500043200000050e+02,8.615811279507679998e+00
2.900000043200000164e+02,8.627422859437068325e+00
2.900500043200000277e+02,8.638903834869452680e+00
2.901000043199999823e+02,8.650412305985417660e+00
2.901500043199999936e+02,8.641355533321950944e+00
2.902000043200000050e+02,8.650856055767629726e+00
2.902500043300000243e+02,8.668967309787594999e+00
2.903000043299999788e+02,8.649742480582663262e+00
2.903500043299999902e+02,8.659912064662107056e+00
2.904000043300000016e+02,8.657535215570463905e+00
2.904500043300000129e+02,8.658640389296559547e+00
2.905000043300000243e+02,8.667335135459563134e+00
2.905500043299999788e+02,8.672595976251090022e+00
2.906000043299999902e+02,8.642889181450492231e+00
2.906500043300000016e+02,8.656975372902026677e+00
2.907000043300000129e+02,8.658169907599754467e+00
2.907500043300000243e+02,8.651857356911312635e+00
2.908000043299999788e+02,8.661092851518045421e+00
2.908500043299999902e+02,8.676805107145707296e+00
2.909000043300000016e+02,8.666983037955947822e+00
2.909500043400000209e+02,8.672972514362331964e+00
2.910000043399999754e+02,8.683223057954538859e+00
2.910500043399999868e+02,8.695420448697964488e+00
2.911000043399999981e+02,8.697264950804749262e+00
2.911500043400000095e+02,8.708227327094068215e+00
2.912000043400000209e+02,8.724856105507711845e+00
2.912500043399999754e+02,8.714976753643826513e+00
2.913000043399999868e+02,8.694717781228712639e+00
2.913500043399999981e+02,8.702369982722663266e+00
2.914000043400000095e+02,8.713454562050111818e+00
2.914500043400000209e+02,8.710272700444782856e+00
2.915000043399999754e+02,8.717540726137610108e+00
2.915500043399999868e+02,8.728846798471669999e+00
2.916000043500000061e+02,8.735039437428946840e+00
2.916500043500000174e+02,8.736824365554642924e+00
2.917000043499999720e+02,8.746461602649230116e+00
2.917500043499999833e+02,8.750046734280392258e+00
2.918000043499999947e+02,8.756078981750121670e+00
2.918500043500000061e+02,8.788951599007294391e+00
2.919000043500000174e+02,8.782337359568467505e+00
2.919500043499999720e+02,8.805272578518648530e+00
2.920000043499999833e+02,8.787196457872143540e+00
2.920500043499999947e+02,8.780887726028643314e+00
2.921000043500000061e+02,8.793349380842027330e+00
2.921500043500000174e+02,8.769321208469564866e+00
2.922000043499999720e+02,8.771297842611332385e+00
2.922500043499999833e+02,8.774200164766936538e+00
2.923000043600000026e+02,8.768080847632537811e+00
2.923500043600000140e+02,8.790620434246768866e+00
2.924000043600000254e+02,8.788765239374146887e+00
2.924500043599999799e+02,8.816423605748079595e+00
2.925000043599999913e+02,8.834163668039725081e+00
2.925500043600000026e+02,8.845782121890005456e+00
2.926000043600000140e+02,8.841701304185427546e+00
2.926500043600000254e+02,8.862742376044581150e+00
2.927000043599999799e+02,8.871240069808596473e+00
2.927500043599999913e+02,8.878699037748502221e+00
2.928000043600000026e+02,8.889477345711636502e+00
2.928500043600000140e+02,8.901446369527556968e+00
2.929000043600000254e+02,8.895753235488639277e+00
2.929500043699999878e+02,8.908968730293493010e+00
2.930000043699999992e+02,8.884803843272122137e+00
2.930500043700000106e+02,8.869607895480564608e+00
2.931000043700000219e+02,8.865134500515988947e+00
2.931500043699999765e+02,8.856546682011350313e+00
2.932000043699999878e+02,8.866307649682044101e+00
2.932500043699999992e+02,8.865950205795511962e+00
2.933000043700000106e+02,8.884751143211929048e+00
2.933500043700000219e+02,8.925672358067991752e+00
2.934000043699999765e+02,8.919357516072583536e+00
2.934500043699999878e+02,8.902296444411552656e+00
2.935000043699999992e+02,8.897606139054296648e+00
2.935500043700000106e+02,8.919067283857025075e+00
2.936000043700000219e+02,8.937622287659202414e+00
2.936500043799999844e+02,8.916239047293286646e+00
2.937000043799999958e+02,8.914887939952951257e+00
2.937500043800000071e+02,8.912442351652360983e+00
2.938000043800000185e+02,8.898687635941755047e+00
2.938500043799999730e+02,8.905391236352215856e+00
2.939000043799999844e+02,8.903622347375272028e+00
2.939500043799999958e+02,8.905153704196848707e+00
2.940000043800000071e+02,8.876811764578372177e+00
2.940500043800000185e+02,8.892629420326423784e+00
2.941000043799999730e+02,8.881528038081230036e+00
2.941500043799999844e+02,8.888460769188187172e+00
2.942000043799999958e+02,8.920348888219422179e+00
2.942500043800000071e+02,8.911786274091396010e+00
2.943000043900000264e+02,8.931099700498974059e+00
2.943500043899999810e+02,8.925511202811456712e+00
2.944000043899999923e+02,8.922983127460124564e+00
2.944500043900000037e+02,8.923898886477118708e+00
2.945000043900000151e+02,8.936577451683184847e+00
2.945500043900000264e+02,8.948384556473582663e+00
2.946000043899999810e+02,8.929168892496509358e+00
2.946500043899999923e+02,8.939148298097862266e+00
2.947000043900000037e+02,8.939323201196186730e+00
2.947500043900000151e+02,8.946704264699285147e+00
2.948000043900000264e+02,8.952156047737892308e+00
2.948500043899999810e+02,8.954341190813467577e+00
2.949000043899999923e+02,8.956083347875820166e+00
2.949500044000000116e+02,8.943971499259086855e+00
2.950000044000000230e+02,8.949127703699213399e+00
2.950500043999999775e+02,8.954202184857594560e+00
2.951000043999999889e+02,8.947792635507637371e+00
2.951500044000000003e+02,8.966630997604481124e+00
2.952000044000000116e+02,8.980548396109597320e+00
2.952500044000000230e+02,8.987171037007296803e+00
2.953000043999999775e+02,8.994313040817051075e+00
2.953500043999999889e+02,9.000336123058922055e+00
2.954000044000000003e+02,9.024478860779630907e+00
2.954500044000000116e+02,9.026947362149872589e+00
2.955000044000000230e+02,9.029230267655950826e+00
2.955500043999999775e+02,9.032040937532958225e+00
2.956000043999999889e+02,9.031801114070628245e+00
2.956500044100000082e+02,9.051163421693459554e+00
2.957000044100000196e+02,9.036904618450563476e+00
2.957500044099999741e+02,9.058001445445862387e+00
2.958000044099999855e+02,9.059215838137287591e+00
2.958500044099999968e+02,9.040115503277448283e+00
2.959000044100000082e+02,9.026605193643106873e+00
2.959500044100000196e+02,9.049189842627647806e+00
2.960000044099999741e+02,9.056748864305022906e+00
2.960500044099999855e+02,9.049773362134720500e+00
2.961000044099999968e+02,9.050362991793702960e+00
2.961500044100000082e+02,9.037262062337097390e+00
2.962000044100000196e+02,9.046623578826901380e+00
2.962500044099999741e+02,9.057372863568478039e+00
2.963000044199999934e+02,9.079256372621744120e+00
2.963500044200000048e+02,9.087873214347940376e+00
2.964000044200000161e+02,9.095849253892936304e+00
2.964500044200000275e+02,9.086827614602933423e+00
2.965000044199999820e+02,9.095418488183524275e+00
2.965500044199999934e+02,9.099093744555309726e+00
2.966000044200000048e+02,9.122677403376568961e+00
2.966500044200000161e+02,9.102403155581686889e+00
2.967000044200000275e+02,9.112173288480242661e+00
2.967500044199999820e+02,9.136375600182038426e+00
2.968000044199999934e+02,9.116395403447659973e+00
2.968500044200000048e+02,9.136560432277212485e+00
2.969000044200000161e+02,9.120826791117876198e+00
2.969500044200000275e+02,9.091101665861556214e+00
2.970000044299999900e+02,9.102743032781487997e+00
2.970500044300000013e+02,9.109541340546499555e+00
2.971000044300000127e+02,9.118947155637627588e+00
2.971500044300000241e+02,9.123253285193758444e+00
2.972000044299999786e+02,9.127327228977444307e+00
2.972500044299999900e+02,9.117614378753012616e+00
2.973000044300000013e+02,9.115015272885770514e+00
2.973500044300000127e+02,9.117372263983716252e+00
2.974000044300000241e+02,9.127466998702306711e+00
2.974500044299999786e+02,9.148883844903711093e+00
2.975000044299999900e+02,9.181082817913189587e+00
2.975500044300000013e+02,9.190093764437357038e+00
2.976000044300000127e+02,9.183117498498067022e+00
2.976500044399999751e+02,9.193332144947820694e+00
2.977000044399999865e+02,9.227182386510042633e+00
2.977500044399999979e+02,9.212149121512993588e+00
2.978000044400000093e+02,9.233314687717241398e+00
2.978500044400000206e+02,9.249196500060310910e+00
2.979000044399999751e+02,9.243778322857187035e+00
2.979500044399999865e+02,9.227025050098449199e+00
2.980000044399999979e+02,9.211889440056966194e+00
2.980500044400000093e+02,9.200180861466060733e+00
2.981000044400000206e+02,9.180409937434481193e+00
2.981500044399999751e+02,9.201421986072077175e+00
2.982000044399999865e+02,9.222505828994574273e+00
2.982500044399999979e+02,9.202728031042100909e+00
2.983000044500000172e+02,9.230416948175566461e+00
2.983500044499999717e+02,9.226718014965145542e+00
2.984000044499999831e+02,9.213352057669593975e+00
2.984500044499999944e+02,9.208977952673501832e+00
2.985000044500000058e+02,9.207435903086087947e+00
2.985500044500000172e+02,9.218041599257860597e+00
2.986000044499999717e+02,9.230829383429256296e+00
2.986500044499999831e+02,9.220717845792925971e+00
2.987000044499999944e+02,9.220265694551841307e+00
2.987500044500000058e+02,9.224729160519567372e+00
2.988000044500000172e+02,9.225674706527104973e+00
2.988500044499999717e+02,9.241874246769311796e+00
2.989000044499999831e+02,9.225305806105746242e+00
2.989500044499999944e+02,9.241672611756396094e+00
2.990000044600000138e+02,9.224727632981590375e+00
2.990500044600000251e+02,9.231606136490375647e+00
2.991000044599999796e+02,9.230449026473074525e+00
2.991500044599999910e+02,9.233745453426651650e+00
2.992000044600000024e+02,9.193402411694746590e+00
2.992500044600000138e+02,9.181665573651274670e+00
2.993000044600000251e+02,9.189792075686971984e+00
2.993500044599999796e+02,9.186777479490082499e+00
2.994000044599999910e+02,9.177027968354211751e+00
2.994500044600000024e+02,9.194370870771932047e+00
2.995000044600000138e+02,9.175406486792015315e+00
2.995500044600000251e+02,9.182843305431259040e+00
2.996000044599999796e+02,9.169363546556450473e+00
2.996500044699999989e+02,9.185333192333175134e+00
2.997000044700000103e+02,9.200708625836989896e+00
2.997500044700000217e+02,9.195120128149472549e+00
2.998000044699999762e+02,9.182732558927954258e+00
2.998500044699999876e+02,9.172113878683379795e+00
2.999000044699999989e+02,9.134812928831943069e+00
2.999500044700000103e+02,9.138692111523603501e+00
3.000000044700000217e+02,9.143855953653616808e+00
3.000500044699999762e+02,9.148768515786473543e+00
3.001000044699999876e+02,9.152925710389885339e+00
3.001500044699999989e+02,9.161719746521370666e+00
3.002000044700000103e+02,9.141095692529839667e+00
3.002500044700000217e+02,9.146202251985728893e+00
3.003000044699999762e+02,9.166299305375318340e+00
3.003500044799999955e+02,9.136801019508531851e+00
3.004000044800000069e+02,9.135002343541042791e+00
3.004500044800000182e+02,9.138082623870927179e+00
3.005000044799999728e+02,9.145139849322978520e+00
3.005500044799999841e+02,9.134425697954863921e+00
3.006000044799999955e+02,9.161465411448260099e+00
3.006500044800000069e+02,9.192356048180750250e+00
3.007000044800000182e+02,9.196263490324982470e+00
3.007500044799999728e+02,9.200642177935005606e+00
3.008000044799999841e+02,9.230950058929412450e+00
3.008500044799999955e+02,9.220429904884330341e+00
3.009000044800000069e+02,9.217748311966346364e+00
3.009500044800000182e+02,9.227620789909336096e+00
3.010000044899999807e+02,9.251298392316160246e+00
3.010500044899999921e+02,9.262382971643607021e+00
3.011000044900000034e+02,9.259013222867151782e+00
3.011500044900000148e+02,9.238367783343949924e+00
3.012000044900000262e+02,9.231790204816560319e+00
3.012500044899999807e+02,9.243203968577972773e+00
3.013000044899999921e+02,9.252047649693698972e+00
3.013500044900000034e+02,9.262680077780064636e+00
3.014000044900000148e+02,9.269046856066676554e+00
3.014500044900000262e+02,9.301396291566852881e+00
3.015000044899999807e+02,9.304462060285958458e+00
3.015500044899999921e+02,9.312543499951344117e+00
3.016000044900000034e+02,9.318704060611111117e+00
3.016500044900000148e+02,9.306422655278971945e+00
3.017000044999999773e+02,9.284774387074104851e+00
3.017500044999999886e+02,9.314360506374550042e+00
3.018000045000000000e+02,9.323307296303697811e+00
3.018500045000000114e+02,9.336091261630153681e+00
3.019000045000000227e+02,9.318221358610495386e+00
3.019500044999999773e+02,9.319212730757330476e+00
3.020000044999999886e+02,9.339485451014235551e+00
3.020500045000000000e+02,9.340607427658072837e+00
3.021000045000000114e+02,9.335469553673663157e+00
3.021500045000000227e+02,9.346955875488964338e+00
3.022000044999999773e+02,9.347226249710830714e+00
3.022500044999999886e+02,9.334938734226781776e+00
3.023000045000000000e+02,9.340994658535148432e+00
3.023500045100000193e+02,9.367309555258632514e+00
3.024000045099999738e+02,9.371414049801851220e+00
3.024500045099999852e+02,9.371239146703523204e+00
3.025000045099999966e+02,9.379853697122754852e+00
3.025500045100000079e+02,9.389148001941586941e+00
3.026000045100000193e+02,9.404143078489219931e+00
3.026500045099999738e+02,9.387161438802975155e+00
3.027000045099999852e+02,9.404600576113223198e+00
3.027500045099999966e+02,9.392367288227344346e+00
3.028000045100000079e+02,9.403692454786112265e+00
3.028500045100000193e+02,9.415260499883165934e+00
3.029000045099999738e+02,9.409669710888683980e+00
3.029500045099999852e+02,9.401807472922946829e+00
3.030000045200000045e+02,9.380781676443559647e+00
3.030500045200000159e+02,9.390495290436980724e+00
3.031000045200000272e+02,9.380150039490221303e+00
3.031500045199999818e+02,9.378455236105146753e+00
3.032000045199999931e+02,9.390214987218266529e+00
3.032500045200000045e+02,9.413378573095952717e+00
3.033000045200000159e+02,9.438227797130855024e+00
3.033500045200000272e+02,9.441479161714122270e+00
3.034000045199999818e+02,9.471294411711062011e+00
3.034500045199999931e+02,9.459416276404754242e+00
3.035000045200000045e+02,9.467934591931454591e+00
3.035500045200000159e+02,9.460065480044821840e+00
3.036000045200000272e+02,9.462844071624321174e+00
3.036500045199999818e+02,9.469554545955675806e+00
3.037000045300000011e+02,9.477849077168801983e+00
3.037500045300000124e+02,9.491633579869949600e+00
3.038000045300000238e+02,9.503691200888514601e+00
3.038500045299999783e+02,9.477489341975303461e+00
3.039000045299999897e+02,9.489165842268697304e+00
3.039500045300000011e+02,9.471704555657789015e+00
3.040000045300000124e+02,9.489275061234026865e+00
3.040500045300000238e+02,9.513555277372633512e+00
3.041000045299999783e+02,9.526126151151347088e+00
3.041500045299999897e+02,9.528302128999063925e+00
3.042000045300000011e+02,9.553342295281044727e+00
3.042500045300000124e+02,9.567879110435685064e+00
3.043000045300000238e+02,9.563318645806445417e+00
3.043500045399999863e+02,9.574809550235675815e+00
3.044000045399999976e+02,9.553698211629599868e+00
3.044500045400000090e+02,9.534519972332953230e+00
3.045000045400000204e+02,9.536025361008926282e+00
3.045500045399999749e+02,9.532656376001460430e+00
3.046000045399999863e+02,9.540109997558447574e+00
3.046500045399999976e+02,9.538351801347340952e+00
3.047000045400000090e+02,9.541499293348195465e+00
3.047500045400000204e+02,9.543423227429768119e+00
3.048000045399999749e+02,9.528216586872369831e+00
3.048500045399999863e+02,9.514567271282153627e+00
3.049000045399999976e+02,9.505682346641059155e+00
3.049500045400000090e+02,9.507794931662743920e+00
3.050000045400000204e+02,9.535867260828345238e+00
3.050500045499999828e+02,9.540307049957432284e+00
3.051000045499999942e+02,9.554179386092238602e+00
3.051500045500000056e+02,9.587408683466957626e+00
3.052000045500000169e+02,9.588393181692898892e+00
3.052500045500000283e+02,9.595549697113431975e+00
3.053000045499999828e+02,9.573894554987672834e+00
3.053500045499999942e+02,9.585160147565353839e+00
3.054000045500000056e+02,9.565149400071440766e+00
3.054500045500000169e+02,9.557789722100013208e+00
3.055000045500000283e+02,9.570910509550316192e+00
3.055500045499999828e+02,9.577770682603382824e+00
3.056000045499999942e+02,9.568401528423695623e+00
3.056500045500000056e+02,9.566760952636789384e+00
3.057000045600000249e+02,9.572341812634425295e+00
3.057500045599999794e+02,9.550559884856603787e+00
3.058000045599999908e+02,9.543998345477969991e+00
3.058500045600000021e+02,9.552121792437713310e+00
3.059000045600000135e+02,9.561510804611097925e+00
3.059500045600000249e+02,9.573109400467682661e+00
3.060000045599999794e+02,9.572441866371894648e+00
3.060500045599999908e+02,9.580951016670736564e+00
3.061000045600000021e+02,9.599939077489290540e+00
3.061500045600000135e+02,9.606411255896292190e+00
3.062000045600000249e+02,9.589438781437905845e+00
3.062500045599999794e+02,9.588449700598035363e+00
3.063000045599999908e+02,9.596140854310389656e+00
3.063500045600000021e+02,9.600201814021271929e+00
3.064000045700000214e+02,9.598738432639656537e+00
3.064500045699999760e+02,9.586387524329579080e+00
3.065000045699999873e+02,9.584356662589643250e+00
3.065500045699999987e+02,9.611420816690664282e+00
3.066000045700000101e+02,9.595199127147795437e+00
3.066500045700000214e+02,9.560963182246473124e+00
3.067000045699999760e+02,9.572834443631887069e+00
3.067500045699999873e+02,9.584827144286446554e+00
3.068000045699999987e+02,9.603925187839319477e+00
3.068500045700000101e+02,9.610164416704883195e+00
3.069000045700000214e+02,9.599901652808862096e+00
3.069500045699999760e+02,9.613531874174373826e+00
3.070000045699999873e+02,9.614285714165843544e+00
3.070500045800000066e+02,9.611695009757470487e+00
3.071000045800000180e+02,9.627414903075015573e+00
3.071500045799999725e+02,9.597664573442083125e+00
3.072000045799999839e+02,9.630628842977856152e+00
3.072500045799999953e+02,9.634223139836874950e+00
3.073000045800000066e+02,9.656830701891067292e+00
3.073500045800000180e+02,9.665352836262711023e+00
3.074000045799999725e+02,9.659115134935124303e+00
3.074500045799999839e+02,9.669450456885032352e+00
3.075000045799999953e+02,9.672965321769268598e+00
3.075500045800000066e+02,9.675448334750289092e+00
3.076000045800000180e+02,9.691495121194835249e+00
3.076500045799999725e+02,9.691850273774401003e+00
3.077000045899999918e+02,9.661367489681671472e+00
3.077500045900000032e+02,9.673540439817472247e+00
3.078000045900000146e+02,9.687387571575664325e+00
3.078500045900000259e+02,9.686205257181750738e+00
3.079000045899999805e+02,9.685309356158452232e+00
3.079500045899999918e+02,9.683396878611706171e+00
3.080000045900000032e+02,9.669180846432157139e+00
3.080500045900000146e+02,9.682600267556891183e+00
3.081000045900000259e+02,9.679922493483850587e+00
3.081500045899999805e+02,9.672994344990826221e+00
3.082000045899999918e+02,9.679143449115768405e+00
3.082500045900000032e+02,9.694041527001884262e+00
3.083000045900000146e+02,9.684262228875470058e+00
3.083500045900000259e+02,9.685348308376857673e+00
3.084000045999999884e+02,9.691006309042311528e+00
3.084500045999999998e+02,9.676716191270896772e+00
3.085000046000000111e+02,9.702502559854462305e+00
3.085500046000000225e+02,9.729491864594630002e+00
3.086000045999999770e+02,9.748393619517504050e+00
3.086500045999999884e+02,9.764550388696369154e+00
3.087000045999999998e+02,9.791845964800849345e+00
3.087500046000000111e+02,9.758464677397457265e+00
3.088000046000000225e+02,9.768179818928851788e+00
3.088500045999999770e+02,9.782663934023300811e+00
3.089000045999999884e+02,9.815790886353584099e+00
3.089500045999999998e+02,9.827504047558418776e+00
3.090000046000000111e+02,9.822440259165874821e+00
3.090500046099999736e+02,9.806440062629615539e+00
3.091000046099999850e+02,9.782862513960264295e+00
3.091500046099999963e+02,9.766231444239654280e+00
3.092000046100000077e+02,9.759278091370013897e+00
3.092500046100000191e+02,9.745806733954074375e+00
3.093000046099999736e+02,9.736946249920604757e+00
3.093500046099999850e+02,9.763233650960508214e+00
3.094000046099999963e+02,9.769812757025874816e+00
3.094500046100000077e+02,9.782314127826651884e+00
3.095000046100000191e+02,9.770106808086376660e+00
3.095500046099999736e+02,9.781075294527600050e+00
3.096000046099999850e+02,9.791133368334749676e+00
3.096500046099999963e+02,9.800060300270203584e+00
3.097000046100000077e+02,9.795928310043406029e+00
3.097500046200000270e+02,9.809022365579115998e+00
3.098000046199999815e+02,9.796205558186164453e+00
3.098500046199999929e+02,9.792654032390489149e+00
3.099000046200000043e+02,9.809827378092803585e+00
3.099500046200000156e+02,9.794380914073077093e+00
3.100000046200000270e+02,9.803490386796735123e+00
3.100500046199999815e+02,9.777468013595777663e+00
3.101000046199999929e+02,9.771034787407181454e+00
3.101500046200000043e+02,9.789825795826750721e+00
3.102000046200000156e+02,9.766905852256339671e+00
3.102500046200000270e+02,9.782778499371548975e+00
3.103000046199999815e+02,9.784690213149305649e+00
3.103500046199999929e+02,9.784495452057285547e+00
3.104000046300000122e+02,9.783122959185277523e+00
3.104500046300000236e+02,9.772744102403034816e+00
3.105000046299999781e+02,9.754032525958251654e+00
3.105500046299999894e+02,9.742707359399483735e+00
3.106000046300000008e+02,9.756762236322497728e+00
3.106500046300000122e+02,9.780766731856319396e+00
3.107000046300000236e+02,9.778487645195179212e+00
3.107500046299999781e+02,9.768676268771258719e+00
3.108000046299999894e+02,9.782413417795131849e+00
3.108500046300000008e+02,9.801877306693407732e+00
3.109000046300000122e+02,9.800967657828321578e+00
3.109500046300000236e+02,9.780898863891300365e+00
3.110000046299999781e+02,9.772964831640658545e+00
3.110500046399999974e+02,9.775660172400431946e+00
3.111000046400000087e+02,9.779600456611159842e+00
3.111500046400000201e+02,9.760754456824431102e+00
3.112000046399999746e+02,9.761135577549602260e+00
3.112500046399999860e+02,9.761493021436134399e+00
3.113000046399999974e+02,9.749339929294031037e+00
3.113500046400000087e+02,9.747361003845300687e+00
3.114000046400000201e+02,9.766301710986580176e+00
3.114500046399999746e+02,9.761452541679755512e+00
3.115000046399999860e+02,9.751384538875756292e+00
3.115500046399999974e+02,9.765718191479503929e+00
3.116000046400000087e+02,9.749604957132975258e+00
3.116500046400000201e+02,9.751524308600616919e+00
3.117000046399999746e+02,9.767423687630417461e+00
3.117500046499999939e+02,9.771205107891576702e+00
3.118000046500000053e+02,9.758605974660294891e+00
3.118500046500000167e+02,9.762200271519317241e+00
3.119000046500000281e+02,9.744428894699149524e+00
3.119500046499999826e+02,9.750529117608840224e+00
3.120000046499999939e+02,9.762094107629941675e+00
3.120500046500000053e+02,9.756740087021835706e+00
3.121000046500000167e+02,9.792748739745041675e+00
3.121500046500000281e+02,9.763690384815522094e+00
3.122000046499999826e+02,9.750864412194712116e+00
3.122500046499999939e+02,9.737655027541764596e+00
3.123000046500000053e+02,9.729647673468244662e+00
3.123500046500000167e+02,9.711280556837193600e+00
3.124000046599999791e+02,9.700674860665419175e+00
3.124500046599999905e+02,9.701681508192020686e+00
3.125000046600000019e+02,9.682329893335028359e+00
3.125500046600000132e+02,9.660965747193817066e+00
3.126000046600000246e+02,9.671377446042557224e+00
3.126500046599999791e+02,9.646127243288789899e+00
3.127000046599999905e+02,9.636504517804979741e+00
3.127500046600000019e+02,9.654333177299271540e+00
3.128000046600000132e+02,9.655898139956331505e+00
3.128500046600000246e+02,9.650348594487217824e+00
3.129000046599999791e+02,9.667777039031628661e+00
3.129500046599999905e+02,9.684449352277608725e+00
3.130000046600000019e+02,9.695174960180546364e+00
3.130500046600000132e+02,9.685698114573506601e+00
3.131000046699999757e+02,9.697719074680630769e+00
3.131500046699999871e+02,9.689271025900854539e+00
3.132000046699999984e+02,9.682274901967868885e+00
3.132500046700000098e+02,9.664562335359802248e+00
3.133000046700000212e+02,9.665543778509791295e+00
3.133500046699999757e+02,9.666564173878182231e+00
3.134000046699999871e+02,9.681527935897294768e+00
3.134500046699999984e+02,9.703071567750757964e+00
3.135000046700000098e+02,9.709182483426285870e+00
3.135500046700000212e+02,9.686839185442053690e+00
3.136000046699999757e+02,9.683922351675668949e+00
3.136500046699999871e+02,9.691049843874644409e+00
3.137000046699999984e+02,9.666561882571217623e+00
3.137500046800000177e+02,9.678048204386520581e+00
3.138000046799999723e+02,9.668530879023098379e+00
3.138500046799999836e+02,9.670499875474980911e+00
3.139000046799999950e+02,9.689453566689062214e+00
3.139500046800000064e+02,9.728069726738382883e+00
3.140000046800000177e+02,9.731943563047126489e+00
3.140500046799999723e+02,9.719133629575070543e+00
3.141000046799999836e+02,9.711440948324739253e+00
3.141500046799999950e+02,9.747015016493591588e+00
3.142000046800000064e+02,9.746648407379201018e+00
3.142500046800000177e+02,9.725175806041647775e+00
3.143000046799999723e+02,9.707135582537594232e+00
3.143500046799999836e+02,9.701576108071632731e+00
3.144000046799999950e+02,9.693858986213674811e+00
3.144500046900000143e+02,9.696251110685086161e+00
3.145000046900000257e+02,9.694816752525026615e+00
3.145500046899999802e+02,9.721593729486441404e+00
3.146000046899999916e+02,9.729931795531900462e+00
3.146500046900000029e+02,9.746463575284025183e+00
3.147000046900000143e+02,9.720200614851750132e+00
3.147500046900000257e+02,9.741150034432305205e+00
3.148000046899999802e+02,9.752614970715935527e+00
3.148500046899999916e+02,9.768951989376040146e+00
3.149000046900000029e+02,9.777258740892978750e+00
3.149500046900000143e+02,9.790041942450445234e+00
3.150000046900000257e+02,9.794950685738358587e+00
3.150500046899999802e+02,9.818735979572535300e+00
3.151000046999999995e+02,9.811444277041070805e+00
3.151500047000000109e+02,9.820456751103215254e+00
3.152000047000000222e+02,9.835085982305443508e+00
3.152500046999999768e+02,9.820448349644344432e+00
3.153000046999999881e+02,9.830452959622311582e+00
3.153500046999999995e+02,9.831498559367318535e+00
3.154000047000000109e+02,9.824264903278963956e+00
3.154500047000000222e+02,9.824235116288420500e+00
3.155000046999999768e+02,9.813504162002560705e+00
3.155500046999999881e+02,9.820800447147957968e+00
3.156000046999999995e+02,9.845719937929784393e+00
3.156500047000000109e+02,9.849297431871061548e+00
3.157000047000000222e+02,9.839027794054148401e+00
3.157500047099999847e+02,9.840062701033318149e+00
3.158000047099999961e+02,9.868257997006038451e+00
3.158500047100000074e+02,9.882852094834804646e+00
3.159000047100000188e+02,9.870671507009122436e+00
3.159500047099999733e+02,9.874569783925492672e+00
3.160000047099999847e+02,9.888341302553840251e+00
3.160500047099999961e+02,9.877126118729389503e+00
3.161000047100000074e+02,9.870969376914565885e+00
3.161500047100000188e+02,9.880700557594714439e+00
3.162000047099999733e+02,9.885626103800372988e+00
3.162500047099999847e+02,9.884527803995172945e+00
3.163000047099999961e+02,9.891828671754497648e+00
3.163500047100000074e+02,9.915963771785323289e+00
3.164000047100000188e+02,9.924954096546807492e+00
3.164500047199999813e+02,9.929130385374923762e+00
3.165000047199999926e+02,9.940770988525866159e+00
3.165500047200000040e+02,9.933824509577121376e+00
3.166000047200000154e+02,9.917769321673706173e+00
3.166500047200000267e+02,9.922551279309558936e+00
3.167000047199999813e+02,9.948362852269740486e+00
3.167500047199999926e+02,9.963814662672387357e+00
3.168000047200000040e+02,9.990716897747887515e+00
3.168500047200000154e+02,9.986513113236187067e+00
3.169000047200000267e+02,9.985154368205970243e+00
3.169500047199999813e+02,9.980625218105251051e+00
3.170000047199999926e+02,1.001050767977316269e+01
3.170500047200000040e+02,1.000469616154105701e+01
3.171000047300000233e+02,1.000564170754859283e+01
3.171500047299999778e+02,1.000365132556503767e+01
3.172000047299999892e+02,1.002242705860484229e+01
3.172500047300000006e+02,1.001360094417584712e+01
3.173000047300000119e+02,1.000872962556836043e+01
3.173500047300000233e+02,1.001151432729976598e+01
3.174000047299999778e+02,1.002306098686514524e+01
3.174500047299999892e+02,1.005029622521955091e+01
3.175000047300000006e+02,1.005871677831575006e+01
3.175500047300000119e+02,1.004759171923191730e+01
3.176000047300000233e+02,1.003808890547927568e+01
3.176500047299999778e+02,1.005793467887171211e+01
3.177000047299999892e+02,1.005336428524562109e+01
3.177500047300000006e+02,1.006215984891508342e+01
3.178000047400000199e+02,1.007821350928052340e+01
3.178500047399999744e+02,1.006214533730430460e+01
3.179000047399999858e+02,1.004702729394955263e+01
3.179500047399999971e+02,1.003596562769175371e+01
3.180000047400000085e+02,1.002735107727252384e+01
3.180500047400000199e+02,1.001791929403579218e+01
3.181000047399999744e+02,1.002832793780858189e+01
3.181500047399999858e+02,1.002862657148301295e+01
3.182000047399999971e+02,1.003042066483657102e+01
3.182500047400000085e+02,1.003390421519228504e+01
3.183000047400000199e+02,1.003610234234066390e+01
3.183500047399999744e+02,1.004266311795030830e+01
3.184000047399999858e+02,1.005159157742373566e+01
3.184500047500000051e+02,1.005511637130482150e+01
3.185000047500000164e+02,1.006821195437850847e+01
3.185500047500000278e+02,1.007663403501268284e+01
3.186000047499999823e+02,1.008882913444914387e+01
3.186500047499999937e+02,1.008978231814656468e+01
3.187000047500000051e+02,1.011120374696189828e+01
3.187500047500000164e+02,1.012284893272677166e+01
3.188000047500000278e+02,1.011622781936704918e+01
3.188500047499999823e+02,1.010574585377138312e+01
3.189000047499999937e+02,1.011039033298933987e+01
3.189500047500000051e+02,1.009070265977748804e+01
3.190000047500000164e+02,1.009303291896084254e+01
3.190500047500000278e+02,1.009336439470177282e+01
3.191000047499999823e+02,1.007852970964168549e+01
3.191500047600000016e+02,1.007809436131834602e+01
3.192000047600000130e+02,1.006351935771428785e+01
3.192500047600000244e+02,1.005733817529183582e+01
3.193000047599999789e+02,1.006943551229779210e+01
3.193500047599999903e+02,1.007330094714766666e+01
3.194000047600000016e+02,1.006267844805814882e+01
3.194500047600000130e+02,1.005426935149677803e+01
3.195000047600000244e+02,1.005683790660448729e+01
3.195500047599999789e+02,1.005529356571011057e+01
3.196000047599999903e+02,1.007390814349337838e+01
3.196500047600000016e+02,1.006712358357015624e+01
3.197000047600000130e+02,1.007531347843188207e+01
3.197500047600000244e+02,1.005966537939923811e+01
3.198000047699999868e+02,1.007441604987061012e+01
3.198500047699999982e+02,1.006915291777211507e+01
3.199000047700000096e+02,1.005973259107021001e+01
3.199500047700000209e+02,1.006789804532430921e+01
3.200000047699999755e+02,1.006485442590586565e+01
3.200500047699999868e+02,1.006346513011611599e+01
3.201000047699999982e+02,1.004689287060760883e+01
3.201500047700000096e+02,1.002712423788299390e+01
3.202000047700000209e+02,1.003721209868068875e+01
3.202500047699999755e+02,1.004086749705877502e+01
3.203000047699999868e+02,1.004234309874420283e+01
3.203500047699999982e+02,1.004601759134699535e+01
3.204000047700000096e+02,1.005829976044812568e+01
3.204500047799999720e+02,1.009637593582270831e+01
3.205000047799999834e+02,1.008725958917815291e+01
3.205500047799999948e+02,1.008392879262010133e+01
3.206000047800000061e+02,1.009526999832762151e+01
3.206500047800000175e+02,1.008163977696211333e+01
3.207000047799999720e+02,1.007746272436500767e+01
3.207500047799999834e+02,1.009506683577673236e+01
3.208000047799999948e+02,1.007896811304097895e+01
3.208500047800000061e+02,1.007716179938361023e+01
3.209000047800000175e+02,1.006334980099888021e+01
3.209500047799999720e+02,1.003986084953217173e+01
3.210000047799999834e+02,1.002365978175198613e+01
3.210500047799999948e+02,9.987921503250644761e+00
3.211000047800000061e+02,9.963666491488654131e+00
3.211500047900000254e+02,9.961944956188986566e+00
3.212000047899999799e+02,9.966127355169010826e+00
3.212500047899999913e+02,9.962754551316603369e+00
3.213000047900000027e+02,9.936077628092657932e+00
3.213500047900000141e+02,9.928322317785285733e+00
3.214000047900000254e+02,9.945461293883123943e+00
3.214500047899999799e+02,9.932696422781377876e+00
3.215000047899999913e+02,9.935786632108108307e+00
3.215500047900000027e+02,9.931047445535600815e+00
3.216000047900000141e+02,9.919622225239363544e+00
3.216500047900000254e+02,9.946966682559096995e+00
3.217000047899999799e+02,9.953582449535900878e+00
3.217500047899999913e+02,9.976450456815108225e+00
3.218000048000000106e+02,9.962072505610034767e+00
3.218500048000000220e+02,9.958511814586501032e+00
3.219000047999999765e+02,9.952813334164664738e+00
3.219500047999999879e+02,9.954033837007996155e+00
3.220000047999999992e+02,9.944498181188855312e+00
3.220500048000000106e+02,9.932649069104101613e+00
3.221000048000000220e+02,9.945891295823544809e+00
3.221500047999999765e+02,9.940746547918241305e+00
3.222000047999999879e+02,9.918870676554858434e+00
3.222500047999999992e+02,9.906628987210110537e+00
3.223000048000000106e+02,9.905340508926817833e+00
3.223500048000000220e+02,9.883954977253935681e+00
3.224000047999999765e+02,9.867102414526714327e+00
3.224500047999999879e+02,9.870326283426402725e+00
3.225000048100000072e+02,9.841485602658552878e+00
3.225500048100000186e+02,9.828471742866616623e+00
3.226000048099999731e+02,9.836314122838658136e+00
3.226500048099999844e+02,9.860837217515548758e+00
3.227000048099999958e+02,9.877976957382374579e+00
3.227500048100000072e+02,9.874524721555181017e+00
3.228000048100000186e+02,9.855946040914364659e+00
3.228500048099999731e+02,9.854245891146369729e+00
3.229000048099999844e+02,9.855879593012380369e+00
3.229500048099999958e+02,9.880201816445344676e+00
3.230000048100000072e+02,9.866232481649021224e+00
3.230500048100000186e+02,9.845032545840298965e+00
3.231000048099999731e+02,9.834646815137160658e+00
3.231500048199999924e+02,9.815086691346355252e+00
3.232000048200000037e+02,9.806613438189964782e+00
3.232500048200000151e+02,9.803923443813111760e+00
3.233000048200000265e+02,9.807556692890535999e+00
3.233500048199999810e+02,9.798085957435402449e+00
3.234000048199999924e+02,9.805683167562193603e+00
3.234500048200000037e+02,9.788596127755560872e+00
3.235000048200000151e+02,9.785731230280381610e+00
3.235500048200000265e+02,9.780412343045739476e+00
3.236000048199999810e+02,9.765447053488651719e+00
3.236500048199999924e+02,9.756122961679276173e+00
3.237000048200000037e+02,9.744856605332607558e+00
3.237500048200000151e+02,9.723461908431865197e+00
3.238000048200000265e+02,9.709952362566507844e+00
3.238500048299999889e+02,9.698083392488060284e+00
3.239000048300000003e+02,9.669145713058696856e+00
3.239500048300000117e+02,9.684770135252701806e+00
3.240000048300000230e+02,9.682517780506154637e+00
3.240500048299999776e+02,9.685410173664910971e+00
3.241000048299999889e+02,9.685389551902225946e+00
3.241500048300000003e+02,9.668452974586291049e+00
3.242000048300000117e+02,9.668102404620652734e+00
3.242500048300000230e+02,9.672297023904492974e+00
3.243000048299999776e+02,9.681786853584332775e+00
3.243500048299999889e+02,9.628182490908276492e+00
3.244000048300000003e+02,9.622322855229905159e+00
3.244500048300000117e+02,9.634651614239322370e+00
3.245000048399999741e+02,9.631737071779902237e+00
3.245500048399999855e+02,9.634611134482939931e+00
3.246000048399999969e+02,9.639436626951130904e+00
3.246500048400000082e+02,9.637559282777845127e+00
3.247000048400000196e+02,9.635409273075733694e+00
3.247500048399999741e+02,9.629134910836707917e+00
3.248000048399999855e+02,9.631966202476398564e+00
3.248500048399999969e+02,9.624123058735369440e+00
3.249000048400000082e+02,9.606072142465478692e+00
3.249500048400000196e+02,9.626196691538648764e+00
3.250000048399999741e+02,9.641198642007177355e+00
3.250500048399999855e+02,9.637867845449125781e+00
3.251000048399999969e+02,9.634148290476021614e+00
3.251500048500000162e+02,9.638236745870482736e+00
3.252000048500000275e+02,9.631563696219556547e+00
3.252500048499999821e+02,9.611832488175368283e+00
3.253000048499999934e+02,9.587033672893694458e+00
3.253500048500000048e+02,9.603934353067177909e+00
3.254000048500000162e+02,9.605100628312339239e+00
3.254500048500000275e+02,9.616489951466125063e+00
3.255000048499999821e+02,9.592360961587207413e+00
3.255500048499999934e+02,9.585823099047210860e+00
3.256000048500000048e+02,9.561946152934437393e+00
3.256500048500000162e+02,9.557728620580949297e+00
3.257000048500000275e+02,9.555064594349698126e+00
3.257500048499999821e+02,9.573303397790715152e+00
3.258000048499999934e+02,9.555397597628605411e+00
3.258500048600000127e+02,9.540433835609492874e+00
3.259000048600000241e+02,9.529860981504217676e+00
3.259500048599999786e+02,9.535593831530528419e+00
3.260000048599999900e+02,9.527736176178720484e+00
3.260500048600000014e+02,9.534248070573111633e+00
3.261000048600000127e+02,9.530900471097318416e+00
3.261500048600000241e+02,9.504566480149128083e+00
3.262000048599999786e+02,9.490741497691596251e+00
3.262500048599999900e+02,9.486083270631850084e+00
3.263000048600000014e+02,9.462643200380393083e+00
3.263500048600000127e+02,9.443888089103275263e+00
3.264000048600000241e+02,9.460011252446649976e+00
3.264500048599999786e+02,9.464513670632781484e+00
3.265000048699999979e+02,9.483529990903905471e+00
3.265500048700000093e+02,9.457483940864310767e+00
3.266000048700000207e+02,9.460982766599791205e+00
3.266500048699999752e+02,9.449334525758963821e+00
3.267000048699999866e+02,9.460708573532985000e+00
3.267500048699999979e+02,9.460189210620930211e+00
3.268000048700000093e+02,9.447388442376732698e+00
3.268500048700000207e+02,9.445825007257646178e+00
3.269000048699999752e+02,9.432704983576332580e+00
3.269500048699999866e+02,9.412216880464722379e+00
3.270000048699999979e+02,9.385593421069961195e+00
3.270500048700000093e+02,9.380772511215699438e+00
3.271000048700000207e+02,9.391636361305526037e+00
3.271500048699999752e+02,9.370794633152323527e+00
3.272000048799999945e+02,9.342305286119103158e+00
3.272500048800000059e+02,9.340980910693360784e+00
3.273000048800000172e+02,9.332544318448409371e+00
3.273500048799999718e+02,9.320935029825983875e+00
3.274000048799999831e+02,9.298840720531943660e+00
3.274500048799999945e+02,9.281140374227691225e+00
3.275000048800000059e+02,9.273872348534863974e+00
3.275500048800000172e+02,9.267251235175141488e+00
3.276000048799999718e+02,9.264296212959344246e+00
3.276500048799999831e+02,9.288100601018225433e+00
3.277000048799999945e+02,9.289753397108944100e+00
3.277500048800000059e+02,9.286866350333106368e+00
3.278000048800000172e+02,9.258300626401053890e+00
3.278500048899999797e+02,9.237831617514148164e+00
3.279000048899999911e+02,9.239206401693120796e+00
3.279500048900000024e+02,9.241544298566360283e+00
3.280000048900000138e+02,9.226928051436932066e+00
3.280500048900000252e+02,9.226863894841914160e+00
3.281000048899999797e+02,9.214882650722181268e+00
3.281500048899999911e+02,9.209356018322717219e+00
3.282000048900000024e+02,9.187785654554661008e+00
3.282500048900000138e+02,9.188198089808352620e+00
3.283000048900000252e+02,9.169261201512012960e+00
3.283500048899999797e+02,9.141483687175904649e+00
3.284000048899999911e+02,9.148133059988193594e+00
3.284500048900000024e+02,9.120939065159157977e+00
3.285000049000000217e+02,9.118320865067207848e+00
3.285500048999999763e+02,9.143991904533537607e+00
3.286000048999999876e+02,9.132656808977921870e+00
3.286500048999999990e+02,9.105671323082695778e+00
3.287000049000000104e+02,9.090160702467947829e+00
3.287500049000000217e+02,9.078279512085687841e+00
3.288000048999999763e+02,9.058676617231535388e+00
3.288500048999999876e+02,9.074380471400326442e+00
3.289000048999999990e+02,9.092758280797214709e+00
3.289500049000000104e+02,9.095991314924763316e+00
3.290000049000000217e+02,9.050426384619733255e+00
3.290500048999999763e+02,9.051611754089600836e+00
3.291000048999999876e+02,9.057060482052255779e+00
3.291500048999999990e+02,9.047372072435452495e+00
3.292000049100000183e+02,9.037528617714018608e+00
3.292500049099999728e+02,9.021094600392396856e+00
3.293000049099999842e+02,9.023200311493186021e+00
3.293500049099999956e+02,9.059056974187717159e+00
3.294000049100000069e+02,9.063735823010150128e+00
3.294500049100000183e+02,9.080701423547640871e+00
3.295000049099999728e+02,9.067087241330884950e+00
3.295500049099999842e+02,9.044218470282689992e+00
3.296000049099999956e+02,9.053757181177783053e+00
3.296500049100000069e+02,9.030527147398112575e+00
3.297000049100000183e+02,9.000206282330907470e+00
3.297500049099999728e+02,8.981911723753745136e+00
3.298000049099999842e+02,8.968325037220568063e+00
3.298500049200000035e+02,8.960060292997988896e+00
3.299000049200000149e+02,8.951124195834676556e+00
3.299500049200000262e+02,8.929131467816079137e+00
3.300000049199999808e+02,8.923041937672227419e+00
3.300500049199999921e+02,8.920070876307672592e+00
3.301000049200000035e+02,8.906697281322237814e+00
3.301500049200000149e+02,8.895605828073893662e+00
3.302000049200000262e+02,8.883290053137278264e+00
3.302500049199999808e+02,8.865421677655595190e+00
3.303000049199999921e+02,8.882724864085924210e+00
3.303500049200000035e+02,8.894196674290450133e+00
3.304000049200000149e+02,8.878611204314847072e+00
3.304500049200000262e+02,8.859325273590849648e+00
3.305000049199999808e+02,8.860785599896511044e+00
3.305500049300000001e+02,8.862870689234616961e+00
3.306000049300000114e+02,8.879099252698381406e+00
3.306500049300000228e+02,8.902194099367120472e+00
3.307000049299999773e+02,8.890755131229092001e+00
3.307500049299999887e+02,8.896091585150465164e+00
3.308000049300000001e+02,8.892587413032064347e+00
3.308500049300000114e+02,8.872685120734493225e+00
3.309000049300000228e+02,8.895950287887625763e+00
3.309500049299999773e+02,8.873785711846659652e+00
3.310000049299999887e+02,8.861582210951324257e+00
3.310500049300000001e+02,8.867166889793901774e+00
3.311000049300000114e+02,8.867123354961567117e+00
3.311500049300000228e+02,8.857478480177098490e+00
3.312000049399999853e+02,8.874303547220737443e+00
3.312500049399999966e+02,8.874638841806609335e+00
3.313000049400000080e+02,8.873497007169074635e+00
3.313500049400000194e+02,8.858886870191552632e+00
3.314000049399999739e+02,8.827172126720668643e+00
3.314500049399999853e+02,8.845260467670986060e+00
3.315000049399999966e+02,8.821770752435288188e+00
3.315500049400000080e+02,8.846586370634705432e+00
3.316000049400000194e+02,8.856177781589993359e+00
3.316500049399999739e+02,8.838676778991690242e+00
3.317000049399999853e+02,8.837605211101083214e+00
3.317500049399999966e+02,8.819953746012082263e+00
3.318000049400000080e+02,8.814395035315108373e+00
3.318500049400000194e+02,8.821253680830198007e+00
3.319000049499999818e+02,8.834335516062097327e+00
3.319500049499999932e+02,8.829967521217909621e+00
3.320000049500000046e+02,8.803343298054159050e+00
3.320500049500000159e+02,8.777804390622804931e+00
3.321000049500000273e+02,8.782791802116515001e+00
3.321500049499999818e+02,8.783759497424716400e+00
3.322000049499999932e+02,8.752912395524557354e+00
3.322500049500000046e+02,8.757543126900724673e+00
3.323000049500000159e+02,8.791362053934426157e+00
3.323500049500000273e+02,8.776667138599203000e+00
3.324000049499999818e+02,8.773317247816441622e+00
3.324500049499999932e+02,8.785110604765048237e+00
3.325000049500000046e+02,8.800786199481272831e+00
3.325500049600000239e+02,8.784064241251051897e+00
3.326000049599999784e+02,8.788866056880605626e+00
3.326500049599999898e+02,8.788500975304190277e+00
3.327000049600000011e+02,8.772985008306525501e+00
3.327500049600000125e+02,8.780238522388573941e+00
3.328000049600000239e+02,8.783319566487445940e+00
3.328500049599999784e+02,8.778316115844976508e+00
3.329000049599999898e+02,8.793094281999929152e+00
3.329500049600000011e+02,8.808258915262969779e+00
3.330000049600000125e+02,8.819817031363173854e+00
3.330500049600000239e+02,8.829170146394107022e+00
3.331000049599999784e+02,8.834048338922489307e+00
3.331500049599999898e+02,8.821264373596035213e+00
3.332000049700000091e+02,8.805022062290479568e+00
3.332500049700000204e+02,8.809614605217232608e+00
3.333000049699999749e+02,8.817705973879466086e+00
3.333500049699999863e+02,8.839535255334560304e+00
3.334000049699999977e+02,8.851099481586672368e+00
3.334500049700000091e+02,8.844241599840570345e+00
3.335000049700000204e+02,8.843143300035372079e+00
3.335500049699999749e+02,8.813923789849317458e+00
3.336000049699999863e+02,8.804627193723520762e+00
3.336500049699999977e+02,8.843991847381390770e+00
3.337000049700000091e+02,8.830105763404795027e+00
3.337500049700000204e+02,8.836723821688563518e+00
3.338000049699999749e+02,8.815933266057580653e+00
3.338500049699999863e+02,8.807906053990365081e+00
3.339000049800000056e+02,8.802409972350433875e+00
3.339500049800000170e+02,8.799324345637634437e+00
3.340000049800000284e+02,8.776693870513792461e+00
3.340500049799999829e+02,8.780055217831376879e+00
3.341000049799999942e+02,8.802539049309460850e+00
3.341500049800000056e+02,8.811333085440944402e+00
3.342000049800000170e+02,8.795427596259237646e+00
3.342500049800000284e+02,8.814747896587711296e+00
3.343000049799999829e+02,8.824392007603194088e+00
3.343500049799999942e+02,8.816005060342481769e+00
3.344000049800000056e+02,8.791161182690499842e+00
3.344500049800000170e+02,8.816053941557733253e+00
3.345000049800000284e+02,8.828315488896180341e+00
3.345500049899999908e+02,8.816306749092866824e+00
3.346000049900000022e+02,8.819321345289756309e+00
3.346500049900000135e+02,8.816157814140145987e+00
3.347000049900000249e+02,8.807006334122128521e+00
3.347500049899999794e+02,8.782679528075234998e+00
3.348000049899999908e+02,8.756833585510577223e+00
3.348500049900000022e+02,8.761782044785885404e+00
3.349000049900000135e+02,8.768607084465489976e+00
3.349500049900000249e+02,8.743564626876542789e+00
3.350000049899999794e+02,8.731471872484517505e+00
3.350500049899999908e+02,8.727206986453753146e+00
3.351000049900000022e+02,8.736070525563173206e+00
3.351500049900000135e+02,8.742745866521065778e+00
3.352000049900000249e+02,8.747410967501707546e+00
3.352500049999999874e+02,8.752443441365732824e+00
3.353000049999999987e+02,8.747099349754474673e+00
3.353500050000000101e+02,8.740246050622305418e+00
3.354000050000000215e+02,8.755244946014878238e+00
3.354500049999999760e+02,8.737331508162885285e+00
3.355000049999999874e+02,8.726135418563144341e+00
3.355500049999999987e+02,8.737945578429492599e+00
3.356000050000000101e+02,8.715082153764216244e+00
3.356500050000000215e+02,8.717198557630842615e+00
3.357000049999999760e+02,8.720700438442278823e+00
3.357500049999999874e+02,8.686036782907500253e+00
3.358000049999999987e+02,8.678264669682382859e+00
3.358500050000000101e+02,8.685712181087463790e+00
3.359000050099999726e+02,8.696087219024764892e+00
3.359500050099999839e+02,8.689030757341702937e+00
3.360000050099999953e+02,8.690006854108773382e+00
3.360500050100000067e+02,8.681545057487204176e+00
3.361000050100000180e+02,8.688530488654354400e+00
3.361500050099999726e+02,8.679965583219365399e+00
3.362000050099999839e+02,8.691888017126997212e+00
3.362500050099999953e+02,8.703278867818761810e+00
3.363000050100000067e+02,8.692767879001539910e+00
3.363500050100000180e+02,8.688434253761826653e+00
3.364000050099999726e+02,8.672656314001168099e+00
3.364500050099999839e+02,8.650992770416538136e+00
3.365000050099999953e+02,8.667687996732164279e+00
3.365500050100000067e+02,8.662754812836624296e+00
3.366000050200000260e+02,8.643623163448264535e+00
3.366500050199999805e+02,8.646808843898535102e+00
3.367000050199999919e+02,8.648764856277617596e+00
3.367500050200000032e+02,8.643367300837178746e+00
3.368000050200000146e+02,8.624923043538306189e+00
3.368500050200000260e+02,8.606840048970905599e+00
3.369000050199999805e+02,8.592630126943261004e+00
3.369500050199999919e+02,8.587031700258897615e+00
3.370000050200000032e+02,8.576162503786155966e+00
3.370500050200000146e+02,8.583567244127889850e+00
3.371000050200000260e+02,8.610373244310860485e+00
3.371500050199999805e+02,8.601227874444749233e+00
3.372000050199999919e+02,8.602812695095508388e+00
3.372500050300000112e+02,8.592855438794817502e+00
3.373000050300000225e+02,8.580622150908938650e+00
3.373500050299999771e+02,8.544269802140991743e+00
3.374000050299999884e+02,8.552834707575980744e+00
3.374500050299999998e+02,8.570093595404985720e+00
3.375000050300000112e+02,8.583658132637500771e+00
3.375500050300000225e+02,8.565582011990995781e+00
3.376000050299999771e+02,8.568656182168973956e+00
3.376500050299999884e+02,8.559429852790099602e+00
3.377000050299999998e+02,8.558459866174937147e+00
3.377500050300000112e+02,8.509504565330766823e+00
3.378000050300000225e+02,8.510754855164641697e+00
3.378500050299999771e+02,8.524097899390543631e+00
3.379000050399999964e+02,8.498640715240942001e+00
3.379500050400000077e+02,8.491497947662198342e+00
3.380000050400000191e+02,8.471258069471792496e+00
3.380500050399999736e+02,8.461267971104602381e+00
3.381000050399999850e+02,8.458997285902334795e+00
3.381500050399999964e+02,8.488279425145430324e+00
3.382000050400000077e+02,8.461816357238213016e+00
3.382500050400000191e+02,8.462256288175483476e+00
3.383000050399999736e+02,8.445651950369466476e+00
3.383500050399999850e+02,8.433444630629193028e+00
3.384000050399999964e+02,8.437608699153496872e+00
3.384500050400000077e+02,8.453887671370493351e+00
3.385000050400000191e+02,8.439825920526583758e+00
3.385500050399999736e+02,8.438496198717922780e+00
3.386000050499999929e+02,8.425900120562594964e+00
3.386500050500000043e+02,8.426058220743176008e+00
3.387000050500000157e+02,8.448020398002240583e+00
3.387500050500000270e+02,8.429871719301843314e+00
3.388000050499999816e+02,8.418791722588325754e+00
3.388500050499999929e+02,8.398101220694812241e+00
3.389000050500000043e+02,8.395435666925584073e+00
3.389500050500000157e+02,8.357508426503725829e+00
3.390000050500000270e+02,8.370174771405981318e+00
3.390500050499999816e+02,8.361223398862900780e+00
3.391000050499999929e+02,8.356293270043313015e+00
3.391500050500000043e+02,8.320603108988235519e+00
3.392000050500000157e+02,8.291867828340775404e+00
3.392500050599999781e+02,8.302907345297912300e+00
3.393000050599999895e+02,8.300932238694125331e+00
3.393500050600000009e+02,8.280788595396245455e+00
3.394000050600000122e+02,8.302132119774771724e+00
3.394500050600000236e+02,8.308866270944763599e+00
3.395000050599999781e+02,8.283415960716057569e+00
3.395500050599999895e+02,8.286026523118126264e+00
3.396000050600000009e+02,8.284473780764876949e+00
3.396500050600000122e+02,8.292866074408506094e+00
3.397000050600000236e+02,8.315844828191020000e+00
3.397500050599999781e+02,8.323121255342718072e+00
3.398000050599999895e+02,8.328889238742490875e+00
3.398500050600000009e+02,8.338124733349221884e+00
3.399000050600000122e+02,8.350602427311361708e+00
3.399500050699999747e+02,8.352232310332430743e+00
3.400000050699999861e+02,8.358832801929468204e+00
3.400500050699999974e+02,8.350906407368711371e+00
3.401000050700000088e+02,8.341393664619218384e+00
3.401500050700000202e+02,8.316830090185947100e+00
3.402000050699999747e+02,8.322200913711796488e+00
3.402500050699999861e+02,8.328410355586814973e+00
3.403000050699999974e+02,8.316225185147201771e+00
3.403500050700000088e+02,8.328216358263782482e+00
3.404000050700000202e+02,8.328070478387013864e+00
3.404500050699999747e+02,8.310185299987589147e+00
3.405000050699999861e+02,8.294583027094242667e+00
3.405500050699999974e+02,8.306849920815608357e+00
3.406000050800000167e+02,8.287585375623280015e+00
3.406500050800000281e+02,8.282986722544622538e+00
3.407000050799999826e+02,8.268368184108229713e+00
3.407500050799999940e+02,8.267503597613455213e+00
3.408000050800000054e+02,8.255656013066678511e+00
3.408500050800000167e+02,8.274158316808662761e+00
3.409000050800000281e+02,8.297081315455029582e+00
3.409500050799999826e+02,8.277473074217960303e+00
3.410000050799999940e+02,8.283823049586830578e+00
3.410500050800000054e+02,8.281006269557916966e+00
3.411000050800000167e+02,8.278207819984721993e+00
3.411500050800000281e+02,8.265931761035497871e+00
3.412000050799999826e+02,8.250227906866706817e+00
3.412500050900000019e+02,8.239315939330618122e+00
3.413000050900000133e+02,8.249414492894148410e+00
3.413500050900000247e+02,8.234546965767565396e+00
3.414000050899999792e+02,8.221484988529363491e+00
3.414500050899999906e+02,8.243599919586088731e+00
3.415000050900000019e+02,8.248373475763072449e+00
3.415500050900000133e+02,8.250168332885619904e+00
3.416000050900000247e+02,8.240752588797642275e+00
3.416500050899999792e+02,8.234633271663245324e+00
3.417000050899999906e+02,8.229013459447207524e+00
3.417500050900000019e+02,8.266134923586392347e+00
3.418000050900000133e+02,8.266531319691324597e+00
3.418500050900000247e+02,8.262460430983596282e+00
3.419000050899999792e+02,8.277664016465038799e+00
3.419500050999999985e+02,8.279759798568981921e+00
3.420000051000000099e+02,8.278103183633321649e+00
3.420500051000000212e+02,8.270765654962556113e+00
3.421000050999999758e+02,8.273350249219022956e+00
3.421500050999999871e+02,8.281166661045462618e+00
3.422000050999999985e+02,8.309518529660786967e+00
3.422500051000000099e+02,8.306893455647941238e+00
3.423000051000000212e+02,8.302826385785150975e+00
3.423500050999999758e+02,8.303018855570206469e+00
3.424000050999999871e+02,8.292704155382983444e+00
3.424500050999999985e+02,8.294693773597551001e+00
3.425000051000000099e+02,8.302833259706046576e+00
3.425500051000000212e+02,8.318051356798267904e+00
3.426000051099999837e+02,8.325097889484482039e+00
3.426500051099999951e+02,8.328678438501714965e+00
3.427000051100000064e+02,8.329010678011631086e+00
3.427500051100000178e+02,8.347565681813811977e+00
3.428000051099999723e+02,8.331001823764175640e+00
3.428500051099999837e+02,8.330687914709976383e+00
3.429000051099999951e+02,8.367345007304264115e+00
3.429500051100000064e+02,8.372123909864164659e+00
3.430000051100000178e+02,8.381557984407859152e+00
3.430500051099999723e+02,8.419669293155902068e+00
3.431000051099999837e+02,8.429457756510176480e+00
3.431500051099999951e+02,8.428631358464816259e+00
3.432000051100000064e+02,8.405764114954598298e+00
3.432500051100000178e+02,8.408872654737049146e+00
3.433000051199999803e+02,8.430802753698602103e+00
3.433500051199999916e+02,8.456572319364427770e+00
3.434000051200000030e+02,8.476044609721576251e+00
3.434500051200000144e+02,8.463905265421260538e+00
3.435000051200000257e+02,8.461125146303785982e+00
3.435500051199999803e+02,8.481848490263798723e+00
3.436000051199999916e+02,8.481565131969132310e+00
3.436500051200000030e+02,8.503029331847812955e+00
3.437000051200000144e+02,8.496573192589567114e+00
3.437500051200000257e+02,8.517884638670583541e+00
3.438000051199999803e+02,8.510747981243746096e+00
3.438500051199999916e+02,8.482428954694919199e+00
3.439000051200000030e+02,8.517181971201333468e+00
3.439500051300000223e+02,8.486644195741444463e+00
3.440000051299999768e+02,8.525160302053294004e+00
3.440500051299999882e+02,8.548387280757008710e+00
3.441000051299999996e+02,8.558645462039098817e+00
3.441500051300000109e+02,8.566028053080174232e+00
3.442000051300000223e+02,8.573313645459732513e+00
3.442500051299999768e+02,8.589911873113841523e+00
3.443000051299999882e+02,8.606343599128498667e+00
3.443500051299999996e+02,8.608505829134426079e+00
3.444000051300000109e+02,8.617285353655132596e+00
3.444500051300000223e+02,8.609578160794024271e+00
3.445000051299999768e+02,8.654782592136566421e+00
3.445500051299999882e+02,8.635156020443780278e+00
3.446000051299999996e+02,8.605705088254266499e+00
3.446500051400000189e+02,8.627955970190914314e+00
3.447000051399999734e+02,8.655173641858587175e+00
3.447500051399999847e+02,8.687869064710472600e+00
3.448000051399999961e+02,8.689862501769979986e+00
3.448500051400000075e+02,8.704642959231897237e+00
3.449000051400000189e+02,8.698126482223573319e+00
3.449500051399999734e+02,8.690775205711018359e+00
3.450000051399999847e+02,8.694970588763846209e+00
3.450500051399999961e+02,8.687017462288498137e+00
3.451000051400000075e+02,8.683837128221144397e+00
3.451500051400000189e+02,8.688066880878444920e+00
3.452000051399999734e+02,8.693665307562813638e+00
3.452500051399999847e+02,8.691226593183115412e+00
3.453000051500000041e+02,8.706999186560855364e+00
3.453500051500000154e+02,8.722813023463961812e+00
3.454000051500000268e+02,8.750631781325441949e+00
3.454500051499999813e+02,8.755825410446000490e+00
3.455000051499999927e+02,8.753204155278094589e+00
3.455500051500000041e+02,8.763372975588550773e+00
3.456000051500000154e+02,8.781484229608517822e+00
3.456500051500000268e+02,8.774389579476039813e+00
3.457000051499999813e+02,8.793447907041519684e+00
3.457500051499999927e+02,8.790763259047583489e+00
3.458000051500000041e+02,8.783370739009662032e+00
3.458500051500000154e+02,8.802337414296545148e+00
3.459000051500000268e+02,8.796790923903385462e+00
3.459500051599999892e+02,8.821696666843420687e+00
3.460000051600000006e+02,8.836756663755060970e+00
3.460500051600000120e+02,8.829219027609358506e+00
3.461000051600000234e+02,8.815655254145832842e+00
3.461500051599999779e+02,8.822350453097421052e+00
3.462000051599999892e+02,8.820562469895770974e+00
3.462500051600000006e+02,8.843165449336032324e+00
3.463000051600000120e+02,8.831678363751739980e+00
3.463500051600000234e+02,8.823357100624024341e+00
3.464000051599999779e+02,8.812321402511829049e+00
3.464500051599999892e+02,8.823783283719503601e+00
3.465000051600000006e+02,8.846251076048833539e+00
3.465500051600000120e+02,8.855284935642648847e+00
3.466000051600000234e+02,8.856537516783490105e+00
3.466500051699999858e+02,8.891475365385074880e+00
3.467000051699999972e+02,8.902508772190305564e+00
3.467500051700000085e+02,8.922226996161692014e+00
3.468000051700000199e+02,8.926182555752188108e+00
3.468500051699999744e+02,8.936312423844238850e+00
3.469000051699999858e+02,8.962170586712707276e+00
3.469500051699999972e+02,8.965578523938578570e+00
3.470000051700000085e+02,8.971531339433523655e+00
3.470500051700000199e+02,8.989429501905751962e+00
3.471000051699999744e+02,9.004723975896805399e+00
3.471500051699999858e+02,8.985954353008908768e+00
3.472000051699999972e+02,8.998922386661547534e+00
3.472500051700000085e+02,9.026973330295474440e+00
3.473000051800000278e+02,9.035636761929955796e+00
3.473500051799999824e+02,9.041745386298519094e+00
3.474000051799999937e+02,9.049936808698220148e+00
3.474500051800000051e+02,9.052813162708224226e+00
3.475000051800000165e+02,9.041528475905836970e+00
3.475500051800000278e+02,9.053274479177167322e+00
3.476000051799999824e+02,9.047615714742724080e+00
3.476500051799999937e+02,9.050618090635799362e+00
3.477000051800000051e+02,9.066505249361787477e+00
3.477500051800000165e+02,9.061706488808189519e+00
3.478000051800000278e+02,9.076269272108433483e+00
3.478500051799999824e+02,9.081712653688173376e+00
3.479000051799999937e+02,9.056877941264049880e+00
3.479500051800000051e+02,9.059374702086858022e+00
3.480000051900000244e+02,9.040828863512539115e+00
3.480500051899999789e+02,9.045583325464814806e+00
3.481000051899999903e+02,9.048484883851429572e+00
3.481500051900000017e+02,9.072800997132485890e+00
3.482000051900000130e+02,9.073109559803768320e+00
3.482500051900000244e+02,9.077088796232899881e+00
3.483000051899999789e+02,9.061940202118616838e+00
3.483500051899999903e+02,9.036238611892750683e+00
3.484000051900000017e+02,9.045796417012553547e+00
3.484500051900000130e+02,9.041814125507467992e+00
3.485000051900000244e+02,9.044711865049142929e+00
3.485500051899999789e+02,9.049990272527402624e+00
3.486000051899999903e+02,9.060272894417119360e+00
3.486500052000000096e+02,9.047175783805453619e+00
3.487000052000000210e+02,9.042977345676673551e+00
3.487500051999999755e+02,9.040314083214413543e+00
3.488000051999999869e+02,9.042902496315820216e+00
3.488500051999999982e+02,9.056212698475224698e+00
3.489000052000000096e+02,9.068169501987329184e+00
3.489500052000000210e+02,9.099501597195068570e+00
3.490000051999999755e+02,9.102199993030794190e+00
3.490500051999999869e+02,9.102128198745891297e+00
3.491000051999999982e+02,9.101821927381577026e+00
3.491500052000000096e+02,9.085672032123609299e+00
3.492000052000000210e+02,9.081490396912572649e+00
3.492500051999999755e+02,9.080552488594918259e+00
3.493000051999999869e+02,9.066541910273226534e+00
3.493500052100000062e+02,9.083027100117066155e+00
3.494000052100000175e+02,9.111095610437725867e+00
3.494500052099999721e+02,9.132637714753212066e+00
3.495000052099999834e+02,9.128725689995052406e+00
3.495500052099999948e+02,9.136326718966786942e+00
3.496000052100000062e+02,9.130538113804330891e+00
3.496500052100000175e+02,9.120712225769628034e+00
3.497000052099999721e+02,9.146901100610039137e+00
3.497500052099999834e+02,9.163703254584030233e+00
3.498000052099999948e+02,9.162255148582181263e+00
3.498500052100000062e+02,9.172061942392174316e+00
3.499000052100000175e+02,9.166377973581116834e+00
3.499500052099999721e+02,9.139837765006081582e+00
3.500000052199999914e+02,9.123771884336825622e+00
3.500500052200000027e+02,9.138707386903371699e+00
3.501000052200000141e+02,9.126721560169707814e+00
3.501500052200000255e+02,9.114116316786519789e+00
3.502000052199999800e+02,9.123101295165085389e+00
3.502500052199999914e+02,9.144621250179911343e+00
3.503000052200000027e+02,9.160729901912510798e+00
3.503500052200000141e+02,9.178623481770808112e+00
3.504000052200000255e+02,9.184973457139676611e+00
3.504500052199999800e+02,9.155643964219306596e+00
3.505000052199999914e+02,9.183009043301726848e+00
3.505500052200000027e+02,9.182463712244068432e+00
3.506000052200000141e+02,9.210166377219321632e+00
3.506500052299999766e+02,9.214564159054052794e+00
3.507000052299999879e+02,9.222483679693914027e+00
3.507500052299999993e+02,9.222434034709673156e+00
3.508000052300000107e+02,9.241503818809979620e+00
3.508500052300000220e+02,9.245184421564680122e+00
3.509000052299999766e+02,9.238005756843485017e+00
3.509500052299999879e+02,9.213063352992010735e+00
3.510000052299999993e+02,9.201826019866896189e+00
3.510500052300000107e+02,9.204259387863677588e+00
3.511000052300000220e+02,9.221163123113115034e+00
3.511500052299999766e+02,9.222873201877956006e+00
3.512000052299999879e+02,9.221877247117189924e+00
3.512500052299999993e+02,9.253633234113445738e+00
3.513000052300000107e+02,9.261341190743541674e+00
3.513500052399999731e+02,9.257062556870989667e+00
3.514000052399999845e+02,9.258942956120227663e+00
3.514500052399999959e+02,9.240297063808437628e+00
3.515000052400000072e+02,9.229117013357450716e+00
3.515500052400000186e+02,9.227631482675173302e+00
3.516000052399999731e+02,9.205168272959772580e+00
3.516500052399999845e+02,9.220727011020786179e+00
3.517000052399999959e+02,9.221928419639407792e+00
3.517500052400000072e+02,9.228690830261969680e+00
3.518000052400000186e+02,9.241947568592189910e+00
3.518500052399999731e+02,9.243700418420379705e+00
3.519000052399999845e+02,9.250065669169014626e+00
3.519500052399999959e+02,9.266866295605030501e+00
3.520000052500000152e+02,9.264083885180591338e+00
3.520500052500000265e+02,9.265216554590265829e+00
3.521000052499999811e+02,9.265476999815280834e+00
3.521500052499999924e+02,9.292297511609030281e+00
3.522000052500000038e+02,9.298435159199145872e+00
3.522500052500000152e+02,9.293853309038231814e+00
3.523000052500000265e+02,9.292814583214122237e+00
3.523500052499999811e+02,9.309735121381301326e+00
3.524000052499999924e+02,9.302887932401036508e+00
3.524500052500000038e+02,9.283243030252528172e+00
3.525000052500000152e+02,9.293850253962277819e+00
3.525500052500000265e+02,9.315237313173138745e+00
3.526000052499999811e+02,9.311891241235320749e+00
3.526500052499999924e+02,9.313720467962340877e+00
3.527000052600000117e+02,9.284888952422351238e+00
3.527500052600000231e+02,9.277222239317623576e+00
3.528000052599999776e+02,9.284372644586250445e+00
3.528500052599999890e+02,9.299193581804546582e+00
3.529000052600000004e+02,9.301366504576311200e+00
3.529500052600000117e+02,9.303500475129666825e+00
3.530000052600000231e+02,9.304932541982761762e+00
3.530500052599999776e+02,9.286441694775602329e+00
3.531000052599999890e+02,9.279219495222074343e+00
3.531500052600000004e+02,9.282489954030047841e+00
3.532000052600000117e+02,9.273278136261952298e+00
3.532500052600000231e+02,9.285915457942651940e+00
3.533000052599999776e+02,9.291435216421220389e+00
3.533500052699999969e+02,9.304272645576855183e+00
3.534000052700000083e+02,9.325266363758734300e+00
3.534500052700000197e+02,9.344221582510790824e+00
3.535000052699999742e+02,9.342130383020776918e+00
3.535500052699999856e+02,9.360478405427123505e+00
3.536000052699999969e+02,9.364965548233486814e+00
3.536500052700000083e+02,9.372474924926622819e+00
3.537000052700000197e+02,9.382090012720547989e+00
3.537500052699999742e+02,9.402815647987527115e+00
3.538000052699999856e+02,9.406170885153201766e+00
3.538500052699999969e+02,9.401033774937781473e+00
3.539000052700000083e+02,9.392701819044228628e+00
3.539500052700000197e+02,9.379144919501596789e+00
3.540000052799999821e+02,9.370993213089287011e+00
3.540500052799999935e+02,9.378594242061019770e+00
3.541000052800000049e+02,9.384129275919356417e+00
3.541500052800000162e+02,9.414517352657533422e+00
3.542000052800000276e+02,9.430062342876754045e+00
3.542500052799999821e+02,9.439304711404382431e+00
3.543000052799999935e+02,9.466930235711817687e+00
3.543500052800000049e+02,9.464145533980412139e+00
3.544000052800000162e+02,9.451914537401499672e+00
3.544500052800000276e+02,9.451324907742518988e+00
3.545000052799999821e+02,9.424237076802860713e+00
3.545500052799999935e+02,9.424710613575616236e+00
3.546000052800000049e+02,9.427297499139047687e+00
3.546500052800000162e+02,9.426898047958157889e+00
3.547000052899999787e+02,9.423177729216064336e+00
3.547500052899999901e+02,9.423150997301473097e+00
3.548000052900000014e+02,9.433968257483009268e+00
3.548500052900000128e+02,9.448211785346138925e+00
3.549000052900000242e+02,9.427095100357142599e+00
3.549500052899999787e+02,9.457810070222322452e+00
3.550000052899999901e+02,9.485131614472406270e+00
3.550500052900000014e+02,9.471029383872116014e+00
3.551000052900000128e+02,9.469091701948755713e+00
3.551500052900000242e+02,9.466819489208511129e+00
3.552000052899999787e+02,9.481068363454557613e+00
3.552500052899999901e+02,9.486418565217720200e+00
3.553000052900000014e+02,9.483897363787285428e+00
3.553500053000000207e+02,9.459821837737548478e+00
3.554000052999999753e+02,9.468935129306151666e+00
3.554500052999999866e+02,9.483616296799583623e+00
3.555000052999999980e+02,9.491160043097194077e+00
3.555500053000000094e+02,9.479571376237455382e+00
3.556000053000000207e+02,9.463409260675675228e+00
3.556500052999999753e+02,9.462436218984558778e+00
3.557000052999999866e+02,9.485400461156293872e+00
3.557500052999999980e+02,9.499520258443315157e+00
3.558000053000000094e+02,9.508145501628380458e+00
3.558500053000000207e+02,9.483039651213406529e+00
3.559000052999999753e+02,9.500903444081158611e+00
3.559500052999999866e+02,9.490640680185137512e+00
3.560000052999999980e+02,9.518778693483735509e+00
3.560500053100000173e+02,9.515282159055217903e+00
3.561000053099999718e+02,9.518147056530395389e+00
3.561500053099999832e+02,9.517758298115342797e+00
3.562000053099999946e+02,9.530589617119071377e+00
3.562500053100000059e+02,9.558006632492697108e+00
3.563000053100000173e+02,9.533648511917283130e+00
3.563500053099999718e+02,9.535233332568042286e+00
3.564000053099999832e+02,9.540122217862260001e+00
3.564500053099999946e+02,9.546294235056851818e+00
3.565000053100000059e+02,9.549824375320854486e+00
3.565500053100000173e+02,9.551612358522504564e+00
3.566000053099999718e+02,9.571931668687698291e+00
3.566500053099999832e+02,9.577972317616298525e+00
3.567000053200000025e+02,9.594627827944533394e+00
3.567500053200000139e+02,9.625701769234218830e+00
3.568000053200000252e+02,9.616493770311068445e+00
3.568500053199999797e+02,9.609847452574729942e+00
3.569000053199999911e+02,9.609542708748392670e+00
3.569500053200000025e+02,9.622375555290098248e+00
3.570000053200000139e+02,9.622622252673325605e+00
3.570500053200000252e+02,9.590553120391859920e+00
3.571000053199999797e+02,9.598941595190547460e+00
3.571500053199999911e+02,9.595341188179620673e+00
3.572000053200000025e+02,9.595380904167013725e+00
3.572500053200000139e+02,9.618490262446529826e+00
3.573000053200000252e+02,9.613017857645235864e+00
3.573500053199999797e+02,9.631144387044969335e+00
3.574000053299999990e+02,9.635707142981177142e+00
3.574500053300000104e+02,9.615049483154159304e+00
3.575000053300000218e+02,9.621203933662020091e+00
3.575500053299999763e+02,9.643153126848281076e+00
3.576000053299999877e+02,9.646635149666021647e+00
3.576500053299999990e+02,9.664872425569059899e+00
3.577000053300000104e+02,9.664625728185832543e+00
3.577500053300000218e+02,9.652638373914193437e+00
3.578000053299999763e+02,9.677528841474464016e+00
3.578500053299999877e+02,9.682090833641684213e+00
3.579000053299999990e+02,9.688360613266780774e+00
3.579500053300000104e+02,9.671248369083532026e+00
3.580000053300000218e+02,9.702636983196406106e+00
3.580500053399999842e+02,9.725019997168031338e+00
3.581000053399999956e+02,9.725279678624058732e+00
3.581500053400000070e+02,9.698695935216688824e+00
3.582000053400000184e+02,9.690024102123334870e+00
3.582500053399999729e+02,9.701230120719927186e+00
3.583000053399999842e+02,9.701521880473464421e+00
3.583500053399999956e+02,9.691741054809073219e+00
3.584000053400000070e+02,9.682385648471175443e+00
3.584500053400000184e+02,9.700040168636126836e+00
3.585000053399999729e+02,9.715013859652087191e+00
3.585500053399999842e+02,9.688346865424991350e+00
3.586000053399999956e+02,9.687465476012471655e+00
3.586500053400000070e+02,9.693154027437460130e+00
3.587000053500000263e+02,9.673916977928712413e+00
3.587500053499999808e+02,9.652599421695787996e+00
3.588000053499999922e+02,9.650004134673487499e+00
3.588500053500000035e+02,9.661315553390465993e+00
3.589000053500000149e+02,9.657094965961025679e+00
3.589500053500000263e+02,9.657563156350862599e+00
3.590000053499999808e+02,9.652746065341547776e+00
3.590500053499999922e+02,9.647885439499894744e+00
3.591000053500000035e+02,9.663895565033001844e+00
3.591500053500000149e+02,9.659963682281144770e+00
3.592000053500000263e+02,9.676507682337085470e+00
3.592500053499999808e+02,9.683318974174898841e+00
3.593000053499999922e+02,9.668979975188229048e+00
3.593500053500000035e+02,9.669360332144412595e+00
3.594000053600000228e+02,9.676078444165648662e+00
3.594500053599999774e+02,9.683700858669055833e+00
3.595000053599999887e+02,9.678917373495226073e+00
3.595500053600000001e+02,9.717087492455368292e+00
3.596000053600000115e+02,9.727373933190026634e+00
3.596500053600000228e+02,9.729316961496305538e+00
3.597000053599999774e+02,9.710309806453039982e+00
3.597500053599999887e+02,9.726602526511825886e+00
3.598000053600000001e+02,9.722614888623819951e+00
3.598500053600000115e+02,9.746454410056166751e+00
3.599000053600000228e+02,9.742096344208828640e+00
3.599500053599999774e+02,9.758767893685817540e+00
3.600000053599999887e+02,9.755755588795894440e+00
3.600500053700000080e+02,9.733355771906525788e+00
3.601000053700000194e+02,9.737670302921531018e+00
3.601500053699999739e+02,9.738625777925914662e+00
3.602000053699999853e+02,9.725957905485683952e+00
3.602500053699999967e+02,9.728304967586785423e+00
3.603000053700000080e+02,9.720191449623889923e+00
3.603500053700000194e+02,9.710231902016234429e+00
3.604000053699999739e+02,9.716558200546463908e+00
3.604500053699999853e+02,9.723468018583771411e+00
3.605000053699999967e+02,9.753292433808571360e+00
3.605500053700000080e+02,9.741529627619497589e+00
3.606000053700000194e+02,9.722363608626665155e+00
3.606500053699999739e+02,9.710767304077043249e+00
3.607000053699999853e+02,9.714946647981115291e+00
3.607500053800000046e+02,9.722927270140042211e+00
3.608000053800000160e+02,9.707951287817117247e+00
3.608500053800000273e+02,9.709487991021610753e+00
3.609000053799999819e+02,9.696244236764190561e+00
3.609500053799999932e+02,9.698214760754050090e+00
3.610000053800000046e+02,9.699080874786801587e+00
3.610500053800000160e+02,9.689578061034158196e+00
3.611000053800000273e+02,9.702918813953095523e+00
3.611500053799999819e+02,9.723971342347072166e+00
3.612000053799999932e+02,9.708301094013766175e+00
3.612500053800000046e+02,9.685449125883314636e+00
3.613000053800000160e+02,9.687941304092193562e+00
3.613500053800000273e+02,9.692597239844975121e+00
3.614000053899999898e+02,9.661705839343497360e+00
3.614500053900000012e+02,9.673153972709384263e+00
3.615000053900000125e+02,9.668672176285937780e+00
3.615500053900000239e+02,9.655437587256377796e+00
3.616000053899999784e+02,9.653249389104848532e+00
3.616500053899999898e+02,9.653626690985076308e+00
3.617000053900000012e+02,9.647069734220373505e+00
3.617500053900000125e+02,9.645827082076380066e+00
3.618000053900000239e+02,9.649097540884353563e+00
3.618500053899999784e+02,9.631148205889910940e+00
3.619000053899999898e+02,9.638941704646700970e+00
3.619500053900000012e+02,9.634928862382080794e+00
3.620000053900000125e+02,9.653220365883290910e+00
3.620500053900000239e+02,9.647538688379198035e+00
3.621000053999999864e+02,9.668871519991888874e+00
3.621500053999999977e+02,9.689617777021551248e+00
3.622000054000000091e+02,9.697915363310629644e+00
3.622500054000000205e+02,9.673137169791640844e+00
3.623000053999999750e+02,9.618352784028632030e+00
3.623500053999999864e+02,9.623283676617209181e+00
3.624000053999999977e+02,9.654317901919503342e+00
3.624500054000000091e+02,9.661502676792602884e+00
3.625000054000000205e+02,9.657377560486702706e+00
3.625500053999999750e+02,9.656377786880993241e+00
3.626000053999999864e+02,9.630321807844552495e+00
3.626500053999999977e+02,9.635992792582808164e+00
3.627000054000000091e+02,9.661467543419140824e+00
3.627500054100000284e+02,9.655043482458403048e+00
3.628000054099999829e+02,9.636160821760237027e+00
3.628500054099999943e+02,9.627108631710701303e+00
3.629000054100000057e+02,9.636651925219725356e+00
3.629500054100000170e+02,9.626157739320246876e+00
3.630000054100000284e+02,9.627562310489761188e+00
3.630500054099999829e+02,9.595081506723593279e+00
3.631000054099999943e+02,9.584122949279215931e+00
3.631500054100000057e+02,9.587962415983486864e+00
3.632000054100000170e+02,9.586777810282608669e+00
3.632500054100000284e+02,9.592287639764329299e+00
3.633000054099999829e+02,9.594987563138030140e+00
3.633500054099999943e+02,9.594657614935076850e+00
3.634000054200000136e+02,9.572563305641034859e+00
3.634500054200000250e+02,9.583910621500466576e+00
3.635000054199999795e+02,9.604524746495149756e+00
3.635500054199999909e+02,9.607626412356705004e+00
3.636000054200000022e+02,9.591072483303916485e+00
3.636500054200000136e+02,9.615631475123256777e+00
3.637000054200000250e+02,9.610511167825578127e+00
3.637500054199999795e+02,9.627811299179954929e+00
3.638000054199999909e+02,9.616013359617415546e+00
3.638500054200000022e+02,9.611726324285990941e+00
3.639000054200000136e+02,9.634019213516996416e+00
3.639500054200000250e+02,9.632542848062579210e+00
3.640000054199999795e+02,9.619331172102667082e+00
3.640500054199999909e+02,9.623001082091530378e+00
3.641000054300000102e+02,9.633589975345561385e+00
3.641500054300000215e+02,9.606951240571032002e+00
3.642000054299999761e+02,9.627959470363686378e+00
3.642500054299999874e+02,9.619593144865659085e+00
3.643000054299999988e+02,9.652276347413732083e+00
3.643500054300000102e+02,9.676945321967389546e+00
3.644000054300000215e+02,9.689822467110419169e+00
3.644500054299999761e+02,9.690939861140327238e+00
3.645000054299999874e+02,9.690153179082361845e+00
3.645500054299999988e+02,9.706890412692345649e+00
3.646000054300000102e+02,9.725861670593157982e+00
3.646500054300000215e+02,9.722139824313089207e+00
3.647000054299999761e+02,9.716288590093588695e+00
3.647500054399999954e+02,9.727379279572945237e+00
3.648000054400000067e+02,9.745243072440695542e+00
3.648500054400000181e+02,9.778580061242768906e+00
3.649000054399999726e+02,9.766698870860503590e+00
3.649500054399999840e+02,9.767917846165859785e+00
3.650000054399999954e+02,9.799539409820170022e+00
3.650500054400000067e+02,9.803144399445026025e+00
3.651000054400000181e+02,9.809925904292295940e+00
3.651500054399999726e+02,9.824255738051105524e+00
3.652000054399999840e+02,9.811148698442591964e+00
3.652500054399999954e+02,9.819807547463144104e+00
3.653000054400000067e+02,9.831050226971175476e+00
3.653500054400000181e+02,9.851171720968393331e+00
3.654000054399999726e+02,9.865372477768175941e+00
3.654500054499999919e+02,9.839201933383485255e+00
3.655000054500000033e+02,9.836417231652081483e+00
3.655500054500000147e+02,9.850992235256139651e+00
3.656000054500000260e+02,9.873642568373675488e+00
3.656500054499999806e+02,9.893766353677857950e+00
3.657000054499999919e+02,9.885047166907227734e+00
3.657500054500000033e+02,9.890081932078215843e+00
3.658000054500000147e+02,9.911591194327206367e+00
3.658500054500000260e+02,9.915009060549925479e+00
3.659000054499999806e+02,9.922519964781036705e+00
3.659500054499999919e+02,9.943316630563929337e+00
3.660000054500000033e+02,9.956820830046366311e+00
3.660500054500000147e+02,9.953233407108241337e+00
3.661000054599999771e+02,9.952811042857700130e+00
3.661500054599999885e+02,9.943242544972061836e+00
3.662000054599999999e+02,9.953299091241234464e+00
3.662500054600000112e+02,9.961404971514246753e+00
3.663000054600000226e+02,9.968504204260655754e+00
3.663500054599999771e+02,9.947614358661189371e+00
3.664000054599999885e+02,9.962114512904392427e+00
3.664500054599999999e+02,9.957554812044138615e+00
3.665000054600000112e+02,9.976477188729699463e+00
3.665500054600000226e+02,9.987822213282164796e+00
3.666000054599999771e+02,9.989253516366270347e+00
3.666500054599999885e+02,9.989785099582137562e+00
3.667000054599999999e+02,9.998007836510362623e+00
3.667500054700000192e+02,9.992818790003735074e+00
3.668000054699999737e+02,9.997209697917570637e+00
3.668500054699999851e+02,1.002411804314497523e+01
3.669000054699999964e+02,1.001831645390971914e+01
3.669500054700000078e+02,1.002470843657294530e+01
3.670000054700000192e+02,1.004723351157639932e+01
3.670500054699999737e+02,1.003664461832236832e+01
3.671000054699999851e+02,1.003100036549870211e+01
3.671500054699999964e+02,1.002022282130455899e+01
3.672000054700000078e+02,1.004664846453134608e+01
3.672500054700000192e+02,1.005747947255467523e+01
3.673000054699999737e+02,1.007300002216626922e+01
3.673500054699999851e+02,1.005289838616274700e+01
3.674000054699999964e+02,1.006218123444675605e+01
3.674500054800000157e+02,1.006077895458420457e+01
3.675000054800000271e+02,1.006519124802971277e+01
3.675500054799999816e+02,1.006710525311443583e+01
3.676000054799999930e+02,1.005725797954806211e+01
3.676500054800000044e+02,1.004622915535676064e+01
3.677000054800000157e+02,1.003936287215178957e+01
3.677500054800000271e+02,1.003611532641346216e+01
3.678000054799999816e+02,1.005335206494180689e+01
3.678500054799999930e+02,1.006017863215938490e+01
3.679000054800000044e+02,1.005727707377277014e+01
3.679500054800000157e+02,1.006649805676872411e+01
3.680000054800000271e+02,1.007004194487451798e+01
3.680500054799999816e+02,1.007344988210038927e+01
3.681000054900000009e+02,1.009288780285306331e+01
3.681500054900000123e+02,1.009220652091548232e+01
3.682000054900000237e+02,1.008385165195227984e+01
3.682500054899999782e+02,1.008480025303577143e+01
3.683000054899999895e+02,1.009112960664195668e+01
3.683500054900000009e+02,1.009128465174658551e+01
3.684000054900000123e+02,1.011354699021805637e+01
3.684500054900000237e+02,1.012870474956019962e+01
3.685000054899999782e+02,1.013153069481697521e+01
3.685500054899999895e+02,1.015279631475869060e+01
3.686000054900000009e+02,1.014000623928033029e+01
3.686500054900000123e+02,1.012226006683677859e+01
3.687000054900000237e+02,1.010835106979053322e+01
3.687500054899999782e+02,1.011995959464396933e+01
3.688000054999999975e+02,1.010500270654575061e+01
3.688500055000000089e+02,1.012433369964005969e+01
3.689000055000000202e+02,1.012946851854851715e+01
3.689500054999999747e+02,1.013220892167860043e+01
3.690000054999999861e+02,1.012455901149161441e+01
3.690500054999999975e+02,1.012164217772523145e+01
3.691000055000000089e+02,1.013453536201701510e+01
3.691500055000000202e+02,1.012600940880042977e+01
3.692000054999999747e+02,1.010741698031782221e+01
3.692500054999999861e+02,1.010929814333604604e+01
3.693000054999999975e+02,1.008375465329076448e+01
3.693500055000000089e+02,1.009916216509208908e+01
3.694000055000000202e+02,1.009597113825889814e+01
3.694500055099999827e+02,1.007623152875583905e+01
3.695000055099999940e+02,1.009903232436407450e+01
3.695500055100000054e+02,1.012415497769679362e+01
3.696000055100000168e+02,1.012872155247794304e+01
3.696500055100000282e+02,1.014460412858999838e+01
3.697000055099999827e+02,1.014531290621115822e+01
3.697500055099999940e+02,1.015527169004982788e+01
3.698000055100000054e+02,1.016925171761198676e+01
3.698500055100000168e+02,1.017520682441389646e+01
3.699000055100000282e+02,1.017309576693018691e+01
3.699500055099999827e+02,1.018230071077738685e+01
3.700000055099999940e+02,1.018059674216445210e+01
3.700500055100000054e+02,1.018338908158573908e+01
3.701000055100000168e+02,1.017393056643441795e+01
3.701500055199999792e+02,1.020317451722809743e+01
3.702000055199999906e+02,1.020639456728284422e+01
3.702500055200000020e+02,1.016767224334414621e+01
3.703000055200000133e+02,1.019437818978964572e+01
3.703500055200000247e+02,1.020694218964746725e+01
3.704000055199999792e+02,1.021844531438051362e+01
3.704500055199999906e+02,1.024303562072837437e+01
3.705000055200000020e+02,1.024861037057410229e+01
3.705500055200000133e+02,1.024778397252874207e+01
3.706000055200000247e+02,1.026410036942616522e+01
3.706500055199999792e+02,1.026195876118292283e+01
3.707000055199999906e+02,1.027323351898846227e+01
3.707500055200000020e+02,1.027591052929251525e+01
3.708000055300000213e+02,1.024776640584201459e+01
3.708500055299999758e+02,1.023550485850356573e+01
3.709000055299999872e+02,1.024252618681316740e+01
3.709500055299999985e+02,1.024868751124192201e+01
3.710000055300000099e+02,1.024188614840095646e+01
3.710500055300000213e+02,1.024307686425374442e+01
3.711000055299999758e+02,1.025701412075255625e+01
3.711500055299999872e+02,1.023248186084780720e+01
3.712000055299999985e+02,1.024602501254864961e+01
3.712500055300000099e+02,1.027306930865597323e+01
3.713000055300000213e+02,1.026782908962712959e+01
3.713500055299999758e+02,1.027057025652620048e+01
3.714000055299999872e+02,1.027063135804526617e+01
3.714500055400000065e+02,1.027772218933280435e+01
3.715000055400000178e+02,1.028338706391915380e+01
3.715500055399999724e+02,1.028078566674494354e+01
3.716000055399999837e+02,1.028410577053715791e+01
3.716500055399999951e+02,1.029283794138058994e+01
3.717000055400000065e+02,1.030933076891431455e+01
3.717500055400000178e+02,1.030510483510195385e+01
3.718000055399999724e+02,1.027558745501045578e+01
3.718500055399999837e+02,1.025064275985201512e+01
3.719000055399999951e+02,1.025157150294180930e+01
3.719500055400000065e+02,1.025301579009871666e+01
3.720000055400000178e+02,1.027777870823793904e+01
3.720500055399999724e+02,1.028936737509767774e+01
3.721000055399999837e+02,1.030265771926338481e+01
3.721500055500000030e+02,1.031266920316224933e+01
3.722000055500000144e+02,1.031571205881170528e+01
3.722500055500000258e+02,1.032256841301982853e+01
3.723000055499999803e+02,1.032051387444125368e+01
3.723500055499999917e+02,1.030671867897426708e+01
3.724000055500000030e+02,1.032633226659425496e+01
3.724500055500000144e+02,1.031934912673406934e+01
3.725000055500000258e+02,1.031697456894939258e+01
3.725500055499999803e+02,1.029720593622477764e+01
3.726000055499999917e+02,1.029026785873490191e+01
3.726500055500000030e+02,1.026989584850951687e+01
3.727000055500000144e+02,1.024469987335391963e+01
3.727500055500000258e+02,1.024949023244864321e+01
3.728000055599999882e+02,1.024660929582471347e+01
3.728500055599999996e+02,1.022625408851706830e+01
3.729000055600000110e+02,1.023444321960980652e+01
3.729500055600000223e+02,1.024398116673591197e+01
3.730000055599999769e+02,1.022247801463882766e+01
3.730500055599999882e+02,1.021840025201020197e+01
3.731000055599999996e+02,1.024536282483577843e+01
3.731500055600000110e+02,1.024879367513129758e+01
3.732000055600000223e+02,1.025411867251784770e+01
3.732500055599999769e+02,1.023624495065324602e+01
3.733000055599999882e+02,1.022693766176161212e+01
3.733500055599999996e+02,1.020742260034111837e+01
3.734000055600000110e+02,1.018619440507982787e+01
3.734500055600000223e+02,1.020369540767813099e+01
3.735000055699999848e+02,1.020652058916591542e+01
3.735500055699999962e+02,1.019198835662520253e+01
3.736000055700000075e+02,1.016848871239265684e+01
3.736500055700000189e+02,1.016310643233198441e+01
3.737000055699999734e+02,1.015695809197603161e+01
3.737500055699999848e+02,1.013137030332942778e+01
3.738000055699999962e+02,1.015456596750462204e+01
3.738500055700000075e+02,1.015733844893221338e+01
3.739000055700000189e+02,1.012237997856794358e+01
3.739500055699999734e+02,1.011936461860206826e+01
3.740000055699999848e+02,1.014737584624860389e+01
3.740500055699999962e+02,1.011551445913196012e+01
3.741000055700000075e+02,1.011965255951066389e+01
3.741500055800000268e+02,1.012723449425768862e+01
3.742000055799999814e+02,1.011888115283246492e+01
3.742500055799999927e+02,1.010224931934286730e+01
3.743000055800000041e+02,1.010176432603528518e+01
3.743500055800000155e+02,1.007924688872171615e+01
3.744000055800000268e+02,1.007592678492950000e+01
3.744500055799999814e+02,1.008013515205512967e+01
3.745000055799999927e+02,1.008871304156292226e+01
3.745500055800000041e+02,1.009421828843071189e+01
3.746000055800000155e+02,1.007870232143304534e+01
3.746500055800000268e+02,1.011188884774441910e+01
3.747000055799999814e+02,1.010844654091407513e+01
3.747500055799999927e+02,1.011837248268624379e+01
3.748000055800000041e+02,1.007947525564922309e+01
3.748500055900000234e+02,1.008407161742091773e+01
3.749000055899999779e+02,1.007875578526222782e+01
3.749500055899999893e+02,1.005770936702015739e+01
3.750000055900000007e+02,1.004376370906247118e+01
3.750500055900000120e+02,1.001601674548589571e+01
3.751000055900000234e+02,1.004983185367465381e+01
3.751500055899999779e+02,1.006315885875180172e+01
3.752000055899999893e+02,1.003933614023719834e+01
3.752500055900000007e+02,1.002006930373790716e+01
3.753000055900000120e+02,1.002985242070926120e+01
3.753500055900000234e+02,1.003256532815576563e+01
3.754000055899999779e+02,1.000667737829675197e+01
3.754500055899999893e+02,1.000040607113367841e+01
3.755000056000000086e+02,1.001184274796474050e+01
3.755500056000000200e+02,1.002986693232004001e+01
3.756000055999999745e+02,1.001023959685826270e+01
3.756500055999999859e+02,1.001732737306984866e+01
3.757000055999999972e+02,1.000892438666038231e+01
3.757500056000000086e+02,9.992212357427010971e+00
3.758000056000000200e+02,9.982602616016004404e+00
3.758500055999999745e+02,9.964909907401633404e+00
3.759000055999999859e+02,9.968078784934164105e+00
3.759500055999999972e+02,9.982955477288607327e+00
3.760000056000000086e+02,9.961702841419690202e+00
3.760500056000000200e+02,9.969393995132046271e+00
3.761000055999999745e+02,9.962288652233729280e+00
3.761500056099999938e+02,9.968330064931320678e+00
3.762000056100000052e+02,9.977263870787666633e+00
3.762500056100000165e+02,9.970274620775576579e+00
3.763000056100000279e+02,9.958063482190357973e+00
3.763500056099999824e+02,9.939516116078060293e+00
3.764000056099999938e+02,9.944184272134657832e+00
3.764500056100000052e+02,9.952252727727239900e+00
3.765000056100000165e+02,9.942855314094984465e+00
3.765500056100000279e+02,9.936671840365567832e+00
3.766000056099999824e+02,9.918971494061317173e+00
3.766500056099999938e+02,9.927316434027670056e+00
3.767000056100000052e+02,9.930958848332954503e+00
3.767500056100000165e+02,9.939565761062302940e+00
3.768000056100000279e+02,9.948712658466389414e+00
3.768500056199999904e+02,9.979074003289976957e+00
3.769000056200000017e+02,9.981733446907298912e+00
3.769500056200000131e+02,9.976615430916583094e+00
3.770000056200000245e+02,9.956121981422056066e+00
3.770500056199999790e+02,9.955086310673898709e+00
3.771000056199999904e+02,9.971595941125363183e+00
3.771500056200000017e+02,9.943614500469372786e+00
3.772000056200000131e+02,9.911359008554759598e+00
3.772500056200000245e+02,9.893563191126965251e+00
3.773000056199999790e+02,9.875616147439487236e+00
3.773500056199999904e+02,9.868479490012649791e+00
3.774000056200000017e+02,9.857332281628158555e+00
3.774500056200000131e+02,9.861189315019164070e+00
3.775000056299999756e+02,9.860859366816209004e+00
3.775500056299999869e+02,9.864947822210671902e+00
3.776000056299999983e+02,9.878250386680193174e+00
3.776500056300000097e+02,9.880928160753233769e+00
3.777000056300000210e+02,9.862747403755330211e+00
3.777500056299999756e+02,9.866023208946222312e+00
3.778000056299999869e+02,9.856479915437198258e+00
3.778500056299999983e+02,9.850472872344084863e+00
3.779000056300000097e+02,9.827770602935339994e+00
3.779500056300000210e+02,9.821241905623205426e+00
3.780000056299999756e+02,9.816855580323299080e+00
3.780500056299999869e+02,9.815498362831057477e+00
3.781000056299999983e+02,9.813414801030928558e+00
3.781500056300000097e+02,9.817111442934384868e+00
3.782000056399999721e+02,9.837589617049147250e+00
3.782500056399999835e+02,9.858559658392387348e+00
3.783000056399999949e+02,9.858374826297213289e+00
3.783500056400000062e+02,9.875454228413962809e+00
3.784000056400000176e+02,9.867860837132113261e+00
3.784500056399999721e+02,9.852965814321951399e+00
3.785000056399999835e+02,9.837452902400237065e+00
3.785500056399999949e+02,9.811424419047375167e+00
3.786000056400000062e+02,9.840010000973125059e+00
3.786500056400000176e+02,9.844180943418324503e+00
3.787000056399999721e+02,9.859690036495095455e+00
3.787500056399999835e+02,9.847863073711002002e+00
3.788000056399999949e+02,9.841901856757186096e+00
3.788500056500000142e+02,9.843986182326306178e+00
3.789000056500000255e+02,9.812417318732187255e+00
3.789500056499999801e+02,9.769618759702842326e+00
3.790000056499999914e+02,9.769723396054240894e+00
3.790500056500000028e+02,9.765115577747721431e+00
3.791000056500000142e+02,9.760572679805211038e+00
3.791500056500000255e+02,9.733616217131540793e+00
3.792000056499999801e+02,9.734819917057132344e+00
3.792500056499999914e+02,9.730769650112083724e+00
3.793000056500000028e+02,9.704504398372842289e+00
3.793500056500000142e+02,9.706802579258688723e+00
3.794000056500000255e+02,9.716071679700908348e+00
3.794500056499999801e+02,9.724489177721151734e+00
3.795000056499999914e+02,9.733339732757771756e+00
3.795500056600000107e+02,9.722607250933938516e+00
3.796000056600000221e+02,9.719007607691997563e+00
3.796500056599999766e+02,9.730148705924582586e+00
3.797000056599999880e+02,9.731874060069189980e+00
3.797500056599999994e+02,9.712368163876556437e+00
3.798000056600000107e+02,9.702265027699095157e+00
3.798500056600000221e+02,9.669667367277714476e+00
3.799000056599999766e+02,9.668265087415164771e+00
3.799500056599999880e+02,9.666248737286005976e+00
3.800000056599999994e+02,9.637197256277385549e+00
3.800500056600000107e+02,9.635473429670751599e+00
3.801000056600000221e+02,9.637278215790143321e+00
3.801500056599999766e+02,9.644926598439152343e+00
3.802000056699999959e+02,9.651585136479303273e+00
3.802500056700000073e+02,9.641278837750951070e+00
3.803000056700000187e+02,9.665364292797535839e+00
3.803500056699999732e+02,9.663069166987643399e+00
3.804000056699999845e+02,9.647666237800248012e+00
3.804500056699999959e+02,9.651373572469539752e+00
3.805000056700000073e+02,9.645595660072920907e+00
3.805500056700000187e+02,9.631851637128150401e+00
3.806000056699999732e+02,9.632807112132537597e+00
3.806500056699999845e+02,9.644414873216980766e+00
3.807000056699999959e+02,9.618325288345053181e+00
3.807500056700000073e+02,9.597315531014421808e+00
3.808000056700000187e+02,9.615335896524777937e+00
3.808500056799999811e+02,9.585351089812430558e+00
3.809000056799999925e+02,9.606623583675045097e+00
3.809500056800000038e+02,9.594437649466440732e+00
3.810000056800000152e+02,9.617888412483734939e+00
3.810500056800000266e+02,9.608119807123157941e+00
3.811000056799999811e+02,9.597174997520571793e+00
3.811500056799999925e+02,9.584412417725790334e+00
3.812000056800000038e+02,9.566030789483958685e+00
3.812500056800000152e+02,9.603364581401892863e+00
3.813000056800000266e+02,9.604813451172731220e+00
3.813500056799999811e+02,9.599203567953541238e+00
3.814000056799999925e+02,9.604575919017364072e+00
3.814500056800000038e+02,9.612040233340190198e+00
3.815000056800000152e+02,9.598466530879813163e+00
3.815500056899999777e+02,9.604714161204251255e+00
3.816000056899999890e+02,9.617791413822217805e+00
3.816500056900000004e+02,9.634120794792440989e+00
3.817000056900000118e+02,9.632443558094097469e+00
3.817500056900000232e+02,9.659498546967260069e+00
3.818000056899999777e+02,9.657256121217560718e+00
3.818500056899999890e+02,9.661547739162914539e+00
3.819000056900000004e+02,9.672077822204844466e+00
3.819500056900000118e+02,9.684247717264691246e+00
3.820000056900000232e+02,9.674919806610374096e+00
3.820500056899999777e+02,9.655003766471013549e+00
3.821000056899999890e+02,9.678576732526435578e+00
3.821500056900000004e+02,9.697424259851143091e+00
3.822000057000000197e+02,9.686954514559287688e+00
3.822500056999999742e+02,9.658073354035060731e+00
3.823000056999999856e+02,9.666638259470049732e+00
3.823500056999999970e+02,9.678883003890749848e+00
3.824000057000000083e+02,9.704240134302883902e+00
3.824500057000000197e+02,9.699792707483913645e+00
3.825000056999999742e+02,9.687118724891776722e+00
3.825500056999999856e+02,9.695056575987356595e+00
3.826000056999999970e+02,9.703656614795809432e+00
3.826500057000000083e+02,9.690968884361884861e+00
3.827000057000000197e+02,9.682930215759842696e+00
3.827500056999999742e+02,9.677951969493992834e+00
3.828000056999999856e+02,9.667460074901478961e+00
3.828500056999999970e+02,9.683317446636920067e+00
3.829000057100000163e+02,9.669177027587215534e+00
3.829500057100000276e+02,9.657246192220711123e+00
3.830000057099999822e+02,9.667219487670157818e+00
3.830500057099999935e+02,9.640320307670613431e+00
3.831000057100000049e+02,9.616795459061453499e+00
3.831500057100000163e+02,9.607980037398295536e+00
3.832000057100000276e+02,9.609957435309048890e+00
3.832500057099999822e+02,9.601045778753363180e+00
3.833000057099999935e+02,9.604336095555034092e+00
3.833500057100000049e+02,9.608913363102020710e+00
3.834000057100000163e+02,9.631606467282901818e+00
3.834500057100000276e+02,9.614512553555373486e+00
3.835000057099999822e+02,9.605984309031823543e+00
3.835500057200000015e+02,9.621721005267112048e+00
3.836000057200000128e+02,9.646385397206840295e+00
3.836500057200000242e+02,9.655623183120537689e+00
3.837000057199999787e+02,9.643284495114270882e+00
3.837500057199999901e+02,9.642260280900938341e+00
3.838000057200000015e+02,9.632558123442343856e+00
3.838500057200000128e+02,9.617062014438374717e+00
3.839000057200000242e+02,9.610686070923902591e+00
3.839500057199999787e+02,9.629374734299039673e+00
3.840000057199999901e+02,9.619109679096053966e+00
3.840500057200000015e+02,9.619077600798544125e+00
3.841000057200000128e+02,9.609025637143302490e+00
3.841500057200000242e+02,9.602580190650892078e+00
3.842000057299999867e+02,9.609389954950728452e+00
3.842500057299999980e+02,9.611081703259850784e+00
3.843000057300000094e+02,9.624303308216610731e+00
3.843500057300000208e+02,9.625975198532039201e+00
3.844000057299999753e+02,9.579477706292271577e+00
3.844500057299999867e+02,9.567297882235576978e+00
3.845000057299999980e+02,9.593678463092054187e+00
3.845500057300000094e+02,9.580375898622532915e+00
3.846000057300000208e+02,9.553960184392591870e+00
3.846500057299999753e+02,9.543493494176692238e+00
3.847000057299999867e+02,9.527716318185023070e+00
3.847500057299999980e+02,9.517449735444062142e+00
3.848000057300000094e+02,9.515069067507479161e+00
3.848500057300000208e+02,9.498350164353212222e+00
3.849000057399999832e+02,9.492965592985576961e+00
3.849500057399999946e+02,9.495861041220285514e+00
3.850000057400000060e+02,9.447469401889492246e+00
3.850500057400000173e+02,9.456315374312184829e+00
3.851000057399999719e+02,9.470850661928849945e+00
3.851500057399999832e+02,9.474123412043789827e+00
3.852000057399999946e+02,9.468169832779857131e+00
3.852500057400000060e+02,9.466999738689754196e+00
3.853000057400000173e+02,9.457917761649673238e+00
3.853500057399999719e+02,9.466021350615720920e+00
3.854000057399999832e+02,9.470313732330062351e+00
3.854500057399999946e+02,9.477851368475766591e+00
3.855000057400000060e+02,9.469889076772558312e+00
3.855500057500000253e+02,9.468488324447983828e+00
3.856000057499999798e+02,9.456148108903743577e+00
3.856500057499999912e+02,9.428332406118215658e+00
3.857000057500000025e+02,9.409141946517758370e+00
3.857500057500000139e+02,9.376779526944778453e+00
3.858000057500000253e+02,9.370273742702291742e+00
3.858500057499999798e+02,9.369150238520477458e+00
3.859000057499999912e+02,9.356065348212624144e+00
3.859500057500000025e+02,9.368902777368264267e+00
3.860000057500000139e+02,9.354646265432331020e+00
3.860500057500000253e+02,9.352920911287723627e+00
3.861000057499999798e+02,9.349335015887575651e+00
3.861500057499999912e+02,9.344204779593047405e+00
3.862000057500000025e+02,9.335325965103859147e+00
3.862500057600000218e+02,9.327518718505279693e+00
3.863000057599999764e+02,9.336196661750539860e+00
3.863500057599999877e+02,9.364611159422908671e+00
3.864000057599999991e+02,9.370432606651862173e+00
3.864500057600000105e+02,9.365489493759472595e+00
3.865000057600000218e+02,9.356662615561489815e+00
3.865500057599999764e+02,9.362324435071885276e+00
3.866000057599999877e+02,9.342105178644162677e+00
3.866500057599999991e+02,9.357988518525209187e+00
3.867000057600000105e+02,9.364722669695201063e+00
3.867500057600000218e+02,9.370939749260104534e+00
3.868000057599999764e+02,9.351420105225679791e+00
3.868500057599999877e+02,9.345781198784933963e+00
3.869000057700000070e+02,9.337052846786443538e+00
3.869500057700000184e+02,9.366894828697976294e+00
3.870000057699999729e+02,9.365374164642236821e+00
3.870500057699999843e+02,9.346906994273714631e+00
3.871000057699999957e+02,9.319185998842739238e+00
3.871500057700000070e+02,9.320915171832288237e+00
3.872000057700000184e+02,9.336137851538440557e+00
3.872500057699999729e+02,9.351832540479371403e+00
3.873000057699999843e+02,9.353388337908574712e+00
3.873500057699999957e+02,9.341022917987718444e+00
3.874000057700000070e+02,9.362489409173363697e+00
3.874500057700000184e+02,9.359023425504378935e+00
3.875000057699999729e+02,9.378236798174489408e+00
3.875500057699999843e+02,9.372013608457677947e+00
3.876000057800000036e+02,9.344516397340280278e+00
3.876500057800000150e+02,9.347108629286630332e+00
3.877000057800000263e+02,9.350765555202693591e+00
3.877500057799999809e+02,9.313224018119933945e+00
3.878000057799999922e+02,9.331210014025819177e+00
3.878500057800000036e+02,9.344768441106426238e+00
3.879000057800000150e+02,9.349666491628505938e+00
3.879500057800000263e+02,9.368306273788386207e+00
3.880000057799999809e+02,9.383455631671660413e+00
3.880500057799999922e+02,9.386048627386998078e+00
3.881000057800000036e+02,9.372295439214367363e+00
3.881500057800000150e+02,9.345966794649095633e+00
3.882000057800000263e+02,9.351446837140271029e+00
3.882500057899999888e+02,9.371141384273020236e+00
3.883000057900000002e+02,9.357945747461862140e+00
3.883500057900000115e+02,9.349416739169324586e+00
3.884000057900000229e+02,9.355578063598080973e+00
3.884500057899999774e+02,9.367308027720655517e+00
3.885000057899999888e+02,9.371735596545931912e+00
3.885500057900000002e+02,9.375870641848679909e+00
3.886000057900000115e+02,9.391728013584124568e+00
3.886500057900000229e+02,9.386881899353250347e+00
3.887000057899999774e+02,9.357492832451791642e+00
3.887500057899999888e+02,9.362809428379465615e+00
3.888000057900000002e+02,9.361734805412904592e+00
3.888500057900000115e+02,9.363206588253392582e+00
3.889000057999999740e+02,9.353437982892815583e+00
3.889500057999999854e+02,9.348432240943383320e+00
3.890000057999999967e+02,9.339898650036914773e+00
3.890500058000000081e+02,9.350680013076001273e+00
3.891000058000000195e+02,9.332780323065797745e+00
3.891500057999999740e+02,9.331408593962780884e+00
3.892000057999999854e+02,9.341048122364332684e+00
3.892500057999999967e+02,9.327978507436247568e+00
3.893000058000000081e+02,9.313826631851716442e+00
3.893500058000000195e+02,9.320310266793542908e+00
3.894000057999999740e+02,9.333224836616997422e+00
3.894500057999999854e+02,9.334776815201257349e+00
3.895000057999999967e+02,9.306506669867683712e+00
3.895500058000000081e+02,9.316121757661608882e+00
3.896000058100000274e+02,9.328923289674797559e+00
3.896500058099999819e+02,9.334943316840712768e+00
3.897000058099999933e+02,9.318212957151622788e+00
3.897500058100000047e+02,9.309764144602857172e+00
3.898000058100000160e+02,9.294089313655623741e+00
3.898500058100000274e+02,9.299670173653256100e+00
3.899000058099999819e+02,9.276331684677247225e+00
3.899500058099999933e+02,9.268913196493720363e+00
3.900000058100000047e+02,9.275732889790404556e+00
3.900500058100000160e+02,9.272012571048311003e+00
3.901000058100000274e+02,9.252144648355214329e+00
3.901500058099999819e+02,9.266527182174217003e+00
3.902000058099999933e+02,9.245044651839817718e+00
3.902500058200000126e+02,9.241214350363405217e+00
3.903000058200000240e+02,9.237853766814811962e+00
3.903500058199999785e+02,9.250896649828305840e+00
3.904000058199999899e+02,9.266217855733948738e+00
3.904500058200000012e+02,9.260460565100013142e+00
3.905000058200000126e+02,9.229637903807482502e+00
3.905500058200000240e+02,9.221879538424156308e+00
3.906000058199999785e+02,9.235593774378379806e+00
3.906500058199999899e+02,9.259199582500301062e+00
3.907000058200000012e+02,9.245083604058221383e+00
3.907500058200000126e+02,9.235665568663280922e+00
3.908000058200000240e+02,9.253588171743135860e+00
3.908500058199999785e+02,9.257652950298957961e+00
3.909000058199999899e+02,9.249287388569920054e+00
3.909500058300000092e+02,9.251147929825462413e+00
3.910000058300000205e+02,9.249496661272717191e+00
3.910500058299999750e+02,9.213439891103250901e+00
3.911000058299999864e+02,9.217678045219422245e+00
3.911500058299999978e+02,9.217086888022464564e+00
3.912000058300000092e+02,9.228236387713920408e+00
3.912500058300000205e+02,9.221362466819064352e+00
3.913000058299999750e+02,9.228714507100605147e+00
3.913500058299999864e+02,9.260567492758378094e+00
3.914000058299999978e+02,9.253844034354219872e+00
3.914500058300000092e+02,9.258014213030433481e+00
3.915000058300000205e+02,9.257860695463783429e+00
3.915500058299999750e+02,9.245218791169154571e+00
3.916000058399999944e+02,9.248868079395334618e+00
3.916500058400000057e+02,9.265923804673446895e+00
3.917000058400000171e+02,9.277178704485288918e+00
3.917500058399999716e+02,9.268440423489952451e+00
3.918000058399999830e+02,9.280802788334854725e+00
3.918500058399999944e+02,9.257852294004909055e+00
3.919000058400000057e+02,9.267656796507939276e+00
3.919500058400000171e+02,9.266098707771771359e+00
3.920000058399999716e+02,9.257188578754062647e+00
3.920500058399999830e+02,9.235029349096015139e+00
3.921000058399999944e+02,9.225628880387805708e+00
3.921500058400000057e+02,9.205312625298564200e+00
3.922000058400000171e+02,9.203610947992594049e+00
3.922500058399999716e+02,9.210801833017603357e+00
3.923000058499999909e+02,9.209001629512139075e+00
3.923500058500000023e+02,9.200980527596829717e+00
3.924000058500000137e+02,9.206119929119216394e+00
3.924500058500000250e+02,9.216167310160532367e+00
3.925000058499999795e+02,9.229522574690246728e+00
3.925500058499999909e+02,9.248156246698222560e+00
3.926000058500000023e+02,9.241286908417297496e+00
3.926500058500000137e+02,9.242467695273234085e+00
3.927000058500000250e+02,9.242378334301601939e+00
3.927500058499999795e+02,9.262278335292210230e+00
3.928000058499999909e+02,9.269455472475424784e+00
3.928500058500000023e+02,9.251050167394955892e+00
3.929000058500000137e+02,9.236705058256381662e+00
3.929500058599999761e+02,9.254291602981375320e+00
3.930000058599999875e+02,9.256598949095081963e+00
3.930500058599999988e+02,9.252242410785719073e+00
3.931000058600000102e+02,9.230828619660268686e+00
3.931500058600000216e+02,9.231444981233840608e+00
3.932000058599999761e+02,9.243657647357034435e+00
3.932500058599999875e+02,9.234962901194029072e+00
3.933000058599999988e+02,9.226484301654719999e+00
3.933500058600000102e+02,9.241949096130168684e+00
3.934000058600000216e+02,9.220332906222811431e+00
3.934500058599999761e+02,9.203281763558630146e+00
3.935000058599999875e+02,9.210977499884913655e+00
3.935500058599999988e+02,9.210246572963095346e+00
3.936000058700000181e+02,9.190002875927746118e+00
3.936500058699999727e+02,9.204053934005820281e+00
3.937000058699999840e+02,9.192441590307442567e+00
3.937500058699999954e+02,9.185935806064955855e+00
3.938000058700000068e+02,9.173855271976742998e+00
3.938500058700000181e+02,9.176389457479981360e+00
3.939000058699999727e+02,9.185299586497688296e+00
3.939500058699999840e+02,9.183023554912503883e+00
3.940000058699999954e+02,9.183985140068793740e+00
3.940500058700000068e+02,9.195929723277089352e+00
3.941000058700000181e+02,9.189692021949500855e+00
3.941500058699999727e+02,9.192191074079275381e+00
3.942000058699999840e+02,9.160024179367304953e+00
3.942500058699999954e+02,9.159032043451480476e+00
3.943000058800000147e+02,9.162895950763378039e+00
3.943500058800000261e+02,9.172110823607427577e+00
3.944000058799999806e+02,9.168036879823741714e+00
3.944500058799999920e+02,9.188017840327107777e+00
3.945000058800000033e+02,9.171472312733193633e+00
3.945500058800000147e+02,9.158320210754370194e+00
3.946000058800000261e+02,9.148816633232737416e+00
3.946500058799999806e+02,9.162071844024985978e+00
3.947000058799999920e+02,9.173424506267332745e+00
3.947500058800000033e+02,9.163279362795513805e+00
3.948000058800000147e+02,9.150024152003268796e+00
3.948500058800000261e+02,9.142997477310750298e+00
3.949000058799999806e+02,9.134083529448098204e+00
3.949500058899999999e+02,9.136051762130991349e+00
3.950000058900000113e+02,9.149009866786782297e+00
3.950500058900000226e+02,9.131031508570783828e+00
3.951000058899999772e+02,9.121854060407162734e+00
3.951500058899999885e+02,9.115675169291675317e+00
3.952000058899999999e+02,9.135583571741154429e+00
3.952500058900000113e+02,9.119074705058677566e+00
3.953000058900000226e+02,9.117972586408534141e+00
3.953500058899999772e+02,9.116267090257620609e+00
3.954000058899999885e+02,9.119722381160769942e+00
3.954500058899999999e+02,9.098061128883102811e+00
3.955000058900000113e+02,9.108422418978614488e+00
3.955500058900000226e+02,9.136111336112080039e+00
3.956000058899999772e+02,9.117440239423675763e+00
3.956500058999999965e+02,9.126111308748042106e+00
3.957000059000000078e+02,9.105895871165261113e+00
3.957500059000000192e+02,9.100377640224669662e+00
3.958000058999999737e+02,9.094956407945593568e+00
3.958500058999999851e+02,9.091304828412448913e+00
3.959000058999999965e+02,9.063137028123307459e+00
3.959500059000000078e+02,9.052348027394339525e+00
3.960000059000000192e+02,9.042695514919984134e+00
3.960500058999999737e+02,9.046758002168845181e+00
3.961000058999999851e+02,9.035425961689181662e+00
3.961500058999999965e+02,9.025289983445222930e+00
3.962000059000000078e+02,9.015671840575343765e+00
3.962500059000000192e+02,9.024771384302153976e+00
3.963000059099999817e+02,9.041720181921904853e+00
3.963500059099999930e+02,9.032040173763970614e+00
3.964000059100000044e+02,9.034659137624911907e+00
3.964500059100000158e+02,9.046357787218965996e+00
3.965000059100000271e+02,9.049712260615654813e+00
3.965500059099999817e+02,9.064729486463949826e+00
3.966000059099999930e+02,9.077631835983593689e+00
3.966500059100000044e+02,9.060945774895825977e+00
3.967000059100000158e+02,9.024916500409936759e+00
3.967500059100000271e+02,9.004526923497818913e+00
3.968000059099999817e+02,9.006349276303941664e+00
3.968500059099999930e+02,9.013086482549891088e+00
3.969000059100000044e+02,9.003262122053165228e+00
3.969500059200000237e+02,9.012342571555270965e+00
3.970000059199999782e+02,9.016832769437586492e+00
3.970500059199999896e+02,8.997742363574596780e+00
3.971000059200000010e+02,8.978483164765188818e+00
3.971500059200000123e+02,8.975057660852584718e+00
3.972000059200000237e+02,8.946258223610106697e+00
3.972500059199999782e+02,8.961503052616919263e+00
3.973000059199999896e+02,8.966537054018917985e+00
3.973500059200000010e+02,8.981584066857754678e+00
3.974000059200000123e+02,8.970325348200972826e+00
3.974500059200000237e+02,8.944763527699970851e+00
3.975000059199999782e+02,8.955794643198235150e+00
3.975500059199999896e+02,8.950516235719975455e+00
3.976000059200000010e+02,8.983620274980609111e+00
3.976500059300000203e+02,8.983245264407345942e+00
3.977000059299999748e+02,8.967849972909833767e+00
3.977500059299999862e+02,8.959673825889899135e+00
3.978000059299999975e+02,8.977492556387339562e+00
3.978500059300000089e+02,8.954012006379503674e+00
3.979000059300000203e+02,8.951660361664474763e+00
3.979500059299999748e+02,8.927128101759723933e+00
3.980000059299999862e+02,8.915259131681274596e+00
3.980500059299999975e+02,8.928085868071073961e+00
3.981000059300000089e+02,8.913720900938802316e+00
3.981500059300000203e+02,8.908737308290033852e+00
3.982000059299999748e+02,8.894877192459039961e+00
3.982500059299999862e+02,8.905522604618207438e+00
3.983000059400000055e+02,8.927374799142951289e+00
3.983500059400000168e+02,8.926849326078990288e+00
3.984000059400000282e+02,8.936102387372450551e+00
3.984500059399999827e+02,8.893921717454654541e+00
3.985000059399999941e+02,8.867344847968178456e+00
3.985500059400000055e+02,8.857180610271653265e+00
3.986000059400000168e+02,8.861957221524589201e+00
3.986500059400000282e+02,8.861543258732920592e+00
3.987000059399999827e+02,8.889262726625918987e+00
3.987500059399999941e+02,8.878428663526639397e+00
3.988000059400000055e+02,8.881227876868823756e+00
3.988500059400000168e+02,8.903785030169784065e+00
3.989000059400000282e+02,8.910550495868298171e+00
3.989500059399999827e+02,8.918434119365709734e+00
3.990000059500000020e+02,8.903927854970600464e+00
3.990500059500000134e+02,8.896148104055601635e+00
3.991000059500000248e+02,8.910828507780044205e+00
3.991500059499999793e+02,8.919245242031301757e+00
3.992000059499999907e+02,8.941790938797439026e+00
3.992500059500000020e+02,8.943623984369398983e+00
3.993000059500000134e+02,8.935631905675649023e+00
3.993500059500000248e+02,8.956364414863520196e+00
3.994000059499999793e+02,8.966191066667210663e+00
3.994500059499999907e+02,8.972720527748334618e+00
3.995000059500000020e+02,8.975955089413858445e+00
3.995500059500000134e+02,8.963986065597939756e+00
3.996000059500000248e+02,8.983947168107610182e+00
3.996500059599999872e+02,8.957266426038723139e+00
3.997000059599999986e+02,8.959342350148970624e+00
3.997500059600000100e+02,8.978785617284563259e+00
3.998000059600000213e+02,8.978652721480594678e+00
3.998500059599999759e+02,9.007621715438478560e+00
3.999000059599999872e+02,9.027006936130961279e+00
3.999500059599999986e+02,9.006440928582541972e+00
4.000000059600000100e+02,8.958923040974383412e+00
4.000500059600000213e+02,8.951632102211904751e+00
4.001000059599999759e+02,8.951215848113275086e+00
4.001500059599999872e+02,8.945307331219652269e+00
4.002000059599999986e+02,8.955926775233214343e+00
4.002500059600000100e+02,8.957686498982297962e+00
4.003000059600000213e+02,8.984128945126830246e+00
4.003500059699999838e+02,8.983495780635514905e+00
4.004000059699999952e+02,8.962421102940876239e+00
4.004500059700000065e+02,8.993560728363558354e+00
4.005000059700000179e+02,9.001658207177699822e+00
4.005500059699999724e+02,9.027663777460913863e+00
4.006000059699999838e+02,9.046263843633402857e+00
4.006500059699999952e+02,9.055307632224067760e+00
4.007000059700000065e+02,9.054078727921867298e+00
4.007500059700000179e+02,9.043046084885622449e+00
4.008000059699999724e+02,9.057042915365524749e+00
4.008500059699999838e+02,9.040674582176897900e+00
4.009000059699999952e+02,9.039903175498697152e+00
4.009500059700000065e+02,9.041606380342644300e+00
4.010000059800000258e+02,9.058710986836009837e+00
4.010500059799999804e+02,9.052373995539941376e+00
4.011000059799999917e+02,9.046459368494412345e+00
4.011500059800000031e+02,9.057888407635592998e+00
4.012000059800000145e+02,9.067314080720414893e+00
4.012500059800000258e+02,9.065032702752310101e+00
4.013000059799999804e+02,9.052362539005116560e+00
4.013500059799999917e+02,9.050774663278405185e+00
4.014000059800000031e+02,9.057730307455010177e+00
4.014500059800000145e+02,9.068185541136084993e+00
4.015000059800000258e+02,9.092568102319125600e+00
4.015500059799999804e+02,9.083863427159274195e+00
4.016000059799999917e+02,9.057772314749367837e+00
4.016500059900000110e+02,9.056082093978222503e+00
4.017000059900000224e+02,9.074120789944299048e+00
4.017500059899999769e+02,9.061270376715860664e+00
4.018000059899999883e+02,9.073279880288161792e+00
4.018500059899999997e+02,9.066557949421980567e+00
4.019000059900000110e+02,9.074394983011103477e+00
4.019500059900000224e+02,9.094320188378326009e+00
4.020000059899999769e+02,9.084479788732846117e+00
4.020500059899999883e+02,9.073155385943065809e+00
4.021000059899999997e+02,9.081693559463465348e+00
4.021500059900000110e+02,9.082632995319094960e+00
4.022000059900000224e+02,9.084401884296037011e+00
4.022500059899999769e+02,9.080103392429787590e+00
4.023000059899999883e+02,9.092028881413373398e+00
4.023500060000000076e+02,9.097190432236422097e+00
4.024000060000000190e+02,9.092691832895233972e+00
4.024500059999999735e+02,9.100415064905098106e+00
4.025000059999999849e+02,9.097896918550613776e+00
4.025500059999999962e+02,9.111416393412818948e+00
4.026000060000000076e+02,9.116143359681512237e+00
4.026500060000000190e+02,9.115452912516076367e+00
4.027000059999999735e+02,9.130634348696856861e+00
4.027500059999999849e+02,9.140861215450424737e+00
4.028000059999999962e+02,9.146494011739266128e+00
4.028500060000000076e+02,9.171442525742648400e+00
4.029000060000000190e+02,9.154384509157571514e+00
4.029500059999999735e+02,9.154738897968151434e+00
4.030000060099999928e+02,9.155252914497287620e+00
4.030500060100000042e+02,9.147151616838208099e+00
4.031000060100000155e+02,9.154949698208927344e+00
4.031500060100000269e+02,9.152653044861057907e+00
4.032000060099999814e+02,9.140989528640462325e+00
4.032500060099999928e+02,9.140717626880620728e+00
4.033000060100000042e+02,9.152595762186932049e+00
4.033500060100000155e+02,9.157572480914806690e+00
4.034000060100000269e+02,9.150042482458987436e+00
4.034500060099999814e+02,9.165007772016076970e+00
4.035000060099999928e+02,9.172834876608350285e+00
4.035500060100000042e+02,9.165949499178671189e+00
4.036000060100000155e+02,9.158991563695099813e+00
4.036500060100000269e+02,9.197978915472743822e+00
4.037000060199999893e+02,9.189003102322038430e+00
4.037500060200000007e+02,9.199530130288016139e+00
4.038000060200000121e+02,9.209721099899132568e+00
4.038500060200000235e+02,9.212170507044666223e+00
4.039000060199999780e+02,9.237588738975865965e+00
4.039500060199999893e+02,9.218220321201126666e+00
4.040000060200000007e+02,9.205492874779809043e+00
4.040500060200000121e+02,9.228211947106293778e+00
4.041000060200000235e+02,9.227097608152339703e+00
4.041500060199999780e+02,9.245744264233117349e+00
4.042000060199999893e+02,9.241899451145927813e+00
4.042500060200000007e+02,9.245760303381871381e+00
4.043000060200000121e+02,9.233706501208247985e+00
4.043500060299999745e+02,9.241755862576123803e+00
4.044000060299999859e+02,9.233393355923038115e+00
4.044500060299999973e+02,9.256143742778045080e+00
4.045000060300000086e+02,9.279487578136970782e+00
4.045500060300000200e+02,9.258890256060032797e+00
4.046000060299999745e+02,9.225195823371429071e+00
4.046500060299999859e+02,9.244324417683834838e+00
4.047000060299999973e+02,9.274740753874581856e+00
4.047500060300000086e+02,9.250073306858897837e+00
4.048000060300000200e+02,9.243196330888091339e+00
4.048500060299999745e+02,9.255052316893738862e+00
4.049000060299999859e+02,9.253857018427021686e+00
4.049500060299999973e+02,9.236213191027903946e+00
4.050000060300000086e+02,9.256994581431028379e+00
4.050500060400000280e+02,9.283030702473777040e+00
4.051000060399999825e+02,9.277718689160028731e+00
4.051500060399999938e+02,9.260240599631378799e+00
4.052000060400000052e+02,9.276000972705304548e+00
4.052500060400000166e+02,9.275935288572307869e+00
4.053000060400000280e+02,9.276122411974448312e+00
4.053500060399999825e+02,9.270993703217897064e+00
4.054000060399999938e+02,9.278927735468537108e+00
4.054500060400000052e+02,9.281396236838778790e+00
4.055000060400000166e+02,9.283828841066569026e+00
4.055500060400000280e+02,9.285508369071877155e+00
4.056000060399999825e+02,9.265829097318894370e+00
4.056500060399999938e+02,9.281419913677416034e+00
4.057000060500000131e+02,9.309880237489082333e+00
4.057500060500000245e+02,9.313542509788062418e+00
4.058000060499999790e+02,9.312055451567808007e+00
4.058500060499999904e+02,9.320393517613268841e+00
4.059000060500000018e+02,9.313621177993860911e+00
4.059500060500000131e+02,9.313606666383080324e+00
4.060000060500000245e+02,9.309610627036205344e+00
4.060500060499999790e+02,9.316346305744175993e+00
4.061000060499999904e+02,9.317568336125482631e+00
4.061500060500000018e+02,9.350385962015499430e+00
4.062000060500000131e+02,9.329237198728993263e+00
4.062500060500000245e+02,9.333206506161278782e+00
4.063000060499999790e+02,9.365675089623634264e+00
4.063500060599999983e+02,9.366658060311598533e+00
4.064000060600000097e+02,9.370920655035396507e+00
4.064500060600000211e+02,9.395662187642948027e+00
4.065000060599999756e+02,9.405300188506522829e+00
4.065500060599999870e+02,9.403583999589772091e+00
4.066000060599999983e+02,9.424749565794019901e+00
4.066500060600000097e+02,9.434647248113623874e+00
4.067000060600000211e+02,9.437378486015845169e+00
4.067500060599999756e+02,9.462836433934437963e+00
4.068000060599999870e+02,9.464880279747173830e+00
4.068500060599999983e+02,9.455036061256752333e+00
4.069000060600000097e+02,9.453045679273198942e+00
4.069500060600000211e+02,9.470662774757723668e+00
4.070000060599999756e+02,9.472792162697153628e+00
4.070500060699999949e+02,9.494095207319297458e+00
4.071000060700000063e+02,9.505062929991533238e+00
4.071500060700000176e+02,9.528236444866067245e+00
4.072000060699999722e+02,9.531766585130069913e+00
4.072500060699999835e+02,9.526223913581851832e+00
4.073000060699999949e+02,9.538535869673525625e+00
4.073500060700000063e+02,9.540588116945134090e+00
4.074000060700000176e+02,9.534555105706415290e+00
4.074500060699999722e+02,9.540857727398011079e+00
4.075000060699999835e+02,9.544470354712750293e+00
4.075500060699999949e+02,9.557346736086792305e+00
4.076000060700000063e+02,9.556790712263294907e+00
4.076500060700000176e+02,9.567997494628874833e+00
4.077000060799999801e+02,9.568122752742958426e+00
4.077500060799999915e+02,9.558990366949650763e+00
4.078000060800000028e+02,9.582118055684885505e+00
4.078500060800000142e+02,9.590014663255095329e+00
4.079000060800000256e+02,9.601099242582543880e+00
4.079500060799999801e+02,9.611489555899613180e+00
4.080000060799999915e+02,9.595213638758572472e+00
4.080500060800000028e+02,9.618066370658011621e+00
4.081000060800000142e+02,9.609604574036447744e+00
4.081500060800000256e+02,9.633479992611244214e+00
4.082000060799999801e+02,9.622902555892038023e+00
4.082500060799999915e+02,9.639445028409999949e+00
4.083000060800000028e+02,9.668010752342055980e+00
4.083500060800000142e+02,9.680164608253146952e+00
4.084000060899999767e+02,9.682630054547434639e+00
4.084500060899999880e+02,9.694808351066154017e+00
4.085000060899999994e+02,9.686638314198123823e+00
4.085500060900000108e+02,9.709380299594259967e+00
4.086000060900000221e+02,9.704987100373458020e+00
4.086500060899999767e+02,9.708051341554586600e+00
4.087000060899999880e+02,9.717700798952987995e+00
4.087500060899999994e+02,9.743508553068227940e+00
4.088000060900000108e+02,9.747661928826696354e+00
4.088500060900000221e+02,9.753843111249148379e+00
4.089000060899999767e+02,9.740014309946676718e+00
4.089500060899999880e+02,9.712278039135934904e+00
4.090000060899999994e+02,9.734304372990015608e+00
4.090500061000000187e+02,9.735857115343264923e+00
4.091000060999999732e+02,9.745915952919403935e+00
4.091500060999999846e+02,9.779847917763373033e+00
4.092000060999999960e+02,9.775578449118681235e+00
4.092500061000000073e+02,9.790992834840901438e+00
4.093000061000000187e+02,9.789330109753333176e+00
4.093500060999999732e+02,9.797351975437628369e+00
4.094000060999999846e+02,9.810143578453967450e+00
4.094500060999999960e+02,9.796758526933706079e+00
4.095000061000000073e+02,9.803262783638215794e+00
4.095500061000000187e+02,9.803485804182804131e+00
4.096000060999999732e+02,9.806277379835105279e+00
4.096500060999999846e+02,9.808357886559280203e+00
4.097000061100000039e+02,9.807553637814583780e+00
4.097500061100000153e+02,9.825356329163270175e+00
4.098000061100000266e+02,9.812429539035999682e+00
4.098500061099999812e+02,9.817315369254266955e+00
4.099000061099999925e+02,9.820984515474140863e+00
4.099500061100000039e+02,9.821595530664795959e+00
4.100000061100000153e+02,9.823783728816325223e+00
4.100500061100000266e+02,9.821731481544716758e+00
4.101000061099999812e+02,9.847815720033727516e+00
4.101500061099999925e+02,9.843775382085528491e+00
4.102000061100000039e+02,9.846517312753586992e+00
4.102500061100000153e+02,9.879899363925970235e+00
4.103000061100000266e+02,9.885605482037687963e+00
4.103500061099999812e+02,9.890628026904863646e+00
4.104000061200000005e+02,9.882133388216798764e+00
4.104500061200000118e+02,9.878672750930732605e+00
4.105000061200000232e+02,9.858617704835497264e+00
4.105500061199999777e+02,9.855152484935503665e+00
4.106000061199999891e+02,9.849257715883670272e+00
4.106500061200000005e+02,9.851171720968393331e+00
4.107000061200000118e+02,9.872969687894967095e+00
4.107500061200000232e+02,9.856375279085797914e+00
4.108000061199999777e+02,9.861656741640011603e+00
4.108500061199999891e+02,9.870460706768344750e+00
4.109000061200000005e+02,9.872916987834774005e+00
4.109500061200000118e+02,9.875717728714933585e+00
4.110000061200000232e+02,9.885180062711196314e+00
4.110500061299999857e+02,9.906545736390382828e+00
4.111000061299999970e+02,9.912303027024320201e+00
4.111500061300000084e+02,9.925736195990841892e+00
4.112000061300000198e+02,9.929617669989470485e+00
4.112500061299999743e+02,9.923311993221924254e+00
4.113000061299999857e+02,9.926693198533204310e+00
4.113500061299999970e+02,9.918348258566851428e+00
4.114000061300000084e+02,9.914436233808688215e+00
4.114500061300000198e+02,9.923291371459239230e+00
4.115000061299999743e+02,9.925927902006911552e+00
4.115500061299999857e+02,9.920106454777956273e+00
4.116000061299999970e+02,9.916856617732666024e+00
4.116500061300000084e+02,9.915109114287396608e+00
4.117000061300000198e+02,9.928394875839174460e+00
4.117500061399999822e+02,9.941712715688462154e+00
4.118000061399999936e+02,9.939798710603739096e+00
4.118500061400000050e+02,9.916764201685079883e+00
4.119000061400000163e+02,9.931797466682127151e+00
4.119500061400000277e+02,9.930861085902451535e+00
4.120000061399999822e+02,9.945025181790793312e+00
4.120500061399999936e+02,9.945823320383583521e+00
4.121000061400000050e+02,9.917911382705531409e+00
4.121500061400000163e+02,9.913783975092664846e+00
4.122000061400000277e+02,9.917456176388494526e+00
4.122500061399999822e+02,9.923473148478457517e+00
4.123000061399999936e+02,9.928680525440805482e+00
4.123500061400000050e+02,9.929850619530908418e+00
4.124000061500000243e+02,9.926629041938184628e+00
4.124500061499999788e+02,9.953937602115468408e+00
4.125000061499999902e+02,9.977486127563265583e+00
4.125500061500000015e+02,9.969672007043790529e+00
4.126000061500000129e+02,9.960037061256169721e+00
4.126500061500000243e+02,9.968705075504582069e+00
4.127000061499999788e+02,9.964340899505337745e+00
4.127500061499999902e+02,9.978776897153522896e+00
4.128000061500000015e+02,9.977848154063728714e+00
4.128500061500000129e+02,9.962663662806992448e+00
4.129000061500000243e+02,9.977227973645215187e+00
4.129500061499999788e+02,9.979249670157290808e+00
4.130000061499999902e+02,9.985610338291996513e+00
4.130500061500000015e+02,1.000559282633334135e+01
4.131000061600000208e+02,1.002712423788299567e+01
4.131500061599999754e+02,1.003542793432397850e+01
4.132000061599999867e+02,1.004003269755454220e+01
4.132500061599999981e+02,1.004515529615918723e+01
4.133000061600000095e+02,1.006032069319121369e+01
4.133500061600000208e+02,1.007293281049529732e+01
4.134000061599999754e+02,1.008470172683627730e+01
4.134500061599999867e+02,1.007643010869280253e+01
4.135000061599999981e+02,1.007333608052112872e+01
4.135500061600000095e+02,1.005196429669003422e+01
4.136000061600000208e+02,1.005240575516528168e+01
4.136500061599999754e+02,1.003746566998480994e+01
4.137000061599999867e+02,1.006053378473895599e+01
4.137500061700000060e+02,1.008194452078845416e+01
4.138000061700000174e+02,1.009020391862811472e+01
4.138500061699999719e+02,1.011233412506460816e+01
4.139000061699999833e+02,1.011055836216677051e+01
4.139500061699999947e+02,1.010911483877885075e+01
4.140000061700000060e+02,1.013040871817313437e+01
4.140500061700000174e+02,1.016228538066954457e+01
4.141000061699999719e+02,1.017145137229833907e+01
4.141500061699999833e+02,1.016534503923674393e+01
4.142000061699999947e+02,1.018871178766532104e+01
4.142500061700000060e+02,1.020018741671479034e+01
4.143000061700000174e+02,1.022752576388261581e+01
4.143500061699999719e+02,1.022218549111630104e+01
4.144000061799999912e+02,1.022194719519194628e+01
4.144500061800000026e+02,1.022566522262707522e+01
4.145000061800000140e+02,1.023721799234436247e+01
4.145500061800000253e+02,1.022638469301407227e+01
4.146000061799999798e+02,1.025246282135117504e+01
4.146500061799999912e+02,1.026635654301765399e+01
4.147000061800000026e+02,1.028068332170050958e+01
4.147500061800000140e+02,1.028761376150050033e+01
4.148000061800000253e+02,1.028478094232283269e+01
4.148500061799999798e+02,1.029462134196831080e+01
4.149000061799999912e+02,1.030986006082321715e+01
4.149500061800000026e+02,1.032045888307409420e+01
4.150000061800000140e+02,1.033469630078531765e+01
4.150500061800000253e+02,1.034119139226196893e+01
4.151000061899999878e+02,1.032990823299755512e+01
4.151500061899999992e+02,1.034049865378956312e+01
4.152000061900000105e+02,1.035880390513256444e+01
4.152500061900000219e+02,1.034231260513681683e+01
4.153000061899999764e+02,1.033988840236789919e+01
4.153500061899999878e+02,1.033248213448818653e+01
4.154000061899999992e+02,1.034789957528635895e+01
4.154500061900000105e+02,1.033287089290323735e+01
4.155000061900000219e+02,1.034203306568709202e+01
4.155500061899999764e+02,1.035032530559325359e+01
4.156000061899999878e+02,1.036902924434815532e+01
4.156500061899999992e+02,1.036595431040118775e+01
4.157000061900000105e+02,1.036975024227312581e+01
4.157500061999999730e+02,1.037917362405098309e+01
4.158000061999999843e+02,1.041170407280139365e+01
4.158500061999999957e+02,1.041875977071546977e+01
4.159000062000000071e+02,1.041412140164941746e+01
4.159500062000000185e+02,1.042751179955259744e+01
4.160000061999999730e+02,1.045898060940924346e+01
4.160500061999999843e+02,1.048031496855990774e+01
4.161000061999999957e+02,1.045636928323818715e+01
4.161500062000000071e+02,1.046430026041287320e+01
4.162000062000000185e+02,1.046054786337327158e+01
4.162500061999999730e+02,1.048175620064086466e+01
4.163000061999999843e+02,1.049327001813974647e+01
4.163500061999999957e+02,1.049749595195210716e+01
4.164000062000000071e+02,1.050668867549549290e+01
4.164500062100000264e+02,1.050665583342899545e+01
4.165000062099999809e+02,1.051104215872890002e+01
4.165500062099999923e+02,1.050955433673965977e+01
4.166000062100000036e+02,1.052666963599886074e+01
4.166500062100000150e+02,1.054027312544977946e+01
4.167000062100000264e+02,1.055419128772388504e+01
4.167500062099999809e+02,1.059010217801658449e+01
4.168000062099999923e+02,1.058792314509291543e+01
4.168500062100000036e+02,1.061695171303188978e+01
4.169000062100000150e+02,1.063086605646105376e+01
4.169500062100000264e+02,1.063933167192756457e+01
4.170000062099999809e+02,1.064766591912807847e+01
4.170500062099999923e+02,1.064828533577760616e+01
4.171000062200000116e+02,1.065617583319591155e+01
4.171500062200000229e+02,1.065826092253401747e+01
4.172000062199999775e+02,1.067863369652839189e+01
4.172500062199999888e+02,1.069039726648645505e+01
4.173000062200000002e+02,1.068001000824533975e+01
4.173500062200000116e+02,1.068842063234468931e+01
4.174000062200000229e+02,1.068314986255631105e+01
4.174500062199999775e+02,1.066267627105547788e+01
4.175000062199999888e+02,1.067157265223139895e+01
4.175500062200000002e+02,1.069741630348909034e+01
4.176000062200000116e+02,1.070094720752207884e+01
4.176500062200000229e+02,1.072067536049031489e+01
4.177000062199999775e+02,1.070451706377347456e+01
4.177500062199999888e+02,1.070556037221151691e+01
4.178000062300000081e+02,1.071603393634831036e+01
4.178500062300000195e+02,1.073968022422661228e+01
4.179000062299999740e+02,1.076205941935329768e+01
4.179500062299999854e+02,1.076714230197054789e+01
4.180000062299999968e+02,1.077244056744250678e+01
4.180500062300000081e+02,1.077446073641660540e+01
4.181000062300000195e+02,1.077427666809042073e+01
4.181500062299999740e+02,1.077869583545682453e+01
4.182000062299999854e+02,1.077984836286019465e+01
4.182500062299999968e+02,1.076669167826744022e+01
4.183000062300000081e+02,1.078537194018370471e+01
4.183500062300000195e+02,1.079937793589146722e+01
4.184000062299999740e+02,1.078073204357967718e+01
4.184500062399999933e+02,1.079564692438353646e+01
4.185000062400000047e+02,1.079367716416266632e+01
4.185500062400000161e+02,1.080397124258720787e+01
4.186000062400000274e+02,1.078811845346569420e+01
4.186500062399999820e+02,1.076926787106503625e+01
4.187000062399999933e+02,1.076910060565659499e+01
4.187500062400000047e+02,1.075869807203571327e+01
4.188000062400000161e+02,1.076016985487620126e+01
4.188500062400000274e+02,1.076151637960260210e+01
4.189000062399999820e+02,1.078651453859022702e+01
4.189500062399999933e+02,1.078846825966234313e+01
4.190000062400000047e+02,1.077059453779774145e+01
4.190500062400000161e+02,1.078824600288674418e+01
4.191000062499999785e+02,1.080453184902463093e+01
4.191500062499999899e+02,1.081161427885329829e+01
4.192000062500000013e+02,1.083094527194760737e+01
4.192500062500000126e+02,1.083404464650219801e+01
4.193000062500000240e+02,1.082425694691691298e+01
4.193500062499999785e+02,1.082893044935642735e+01
4.194000062499999899e+02,1.084438836991097865e+01
4.194500062500000013e+02,1.083167390756246107e+01
4.195000062500000126e+02,1.085612215287849835e+01
4.195500062500000240e+02,1.086506054134877353e+01
4.196000062499999785e+02,1.088495061334253222e+01
4.196500062499999899e+02,1.088827529974867758e+01
4.197000062500000013e+02,1.087942550848104517e+01
4.197500062500000126e+02,1.089348573178697777e+01
4.198000062599999751e+02,1.088408526307876834e+01
4.198500062599999865e+02,1.089907117439854112e+01
4.199000062599999978e+02,1.091945387738976336e+01
4.199500062600000092e+02,1.090292057009966165e+01
4.200000062600000206e+02,1.090799657879601803e+01
4.200500062599999751e+02,1.092198424404806012e+01
4.201000062599999865e+02,1.087803774022927250e+01
4.201500062599999978e+02,1.086622299774899325e+01
4.202000062600000092e+02,1.088588470281524323e+01
4.202500062600000206e+02,1.089918192090184945e+01
4.203000062599999751e+02,1.089975398387409733e+01
4.203500062599999865e+02,1.090329176182798321e+01
4.204000062599999978e+02,1.090550058174219750e+01
4.204500062700000171e+02,1.092883677941124176e+01
4.205000062699999717e+02,1.092839990354992530e+01
4.205500062699999830e+02,1.093856948762936732e+01
4.206000062699999944e+02,1.096177889964635277e+01
4.206500062700000058e+02,1.097810140669568213e+01
4.207000062700000171e+02,1.098550691080640540e+01
4.207500062699999717e+02,1.098282608165741259e+01
4.208000062699999830e+02,1.097897592218730445e+01
4.208500062699999944e+02,1.098410386717486809e+01
4.209000062700000058e+02,1.100012086662886723e+01
4.209500062700000171e+02,1.100627913598167140e+01
4.210000062699999717e+02,1.102063264657911645e+01
4.210500062699999830e+02,1.100908293193778142e+01
4.211000062699999944e+02,1.101710174254612618e+01
4.211500062800000137e+02,1.100164153068460671e+01
4.212000062800000251e+02,1.099700392538754556e+01
4.212500062799999796e+02,1.098538547153726341e+01
4.213000062799999910e+02,1.101046000742372044e+01
4.213500062800000023e+02,1.100017509422703910e+01
4.214000062800000137e+02,1.099254045941981950e+01
4.214500062800000251e+02,1.098253661321083996e+01
4.215000062799999796e+02,1.098408400918116889e+01
4.215500062799999910e+02,1.099161171633002709e+01
4.216000062800000023e+02,1.097124352494958188e+01
4.216500062800000137e+02,1.096921648205458588e+01
4.217000062800000251e+02,1.099723687492898172e+01
4.217500062799999796e+02,1.100077083403792599e+01
4.218000062899999989e+02,1.100290327705330817e+01
4.218500062900000103e+02,1.103446450295754211e+01
4.219000062900000216e+02,1.107090163008319372e+01
4.219500062899999762e+02,1.107275376987986171e+01
4.220000062899999875e+02,1.109199387446456164e+01
4.220500062899999989e+02,1.111101401358062901e+01
4.221000062900000103e+02,1.111555080137123142e+01
4.221500062900000216e+02,1.110960791487313593e+01
4.222000062899999762e+02,1.109285998849731492e+01
4.222500062899999875e+02,1.110649173740080187e+01
4.223000062899999989e+02,1.112840961605854062e+01
4.223500062900000103e+02,1.113509183093732879e+01
4.224000062900000216e+02,1.112123553395127473e+01
4.224500062899999762e+02,1.110486490945568683e+01
4.225000062999999955e+02,1.112083531900139910e+01
4.225500063000000068e+02,1.110236662109489991e+01
4.226000063000000182e+02,1.110590287151080879e+01
4.226500062999999727e+02,1.111455713791742994e+01
4.227000062999999841e+02,1.112651470519852559e+01
4.227500062999999955e+02,1.114853187382474786e+01
4.228000063000000068e+02,1.112990583950665524e+01
4.228500063000000182e+02,1.113101254077072610e+01
4.229000062999999727e+02,1.111980117579121696e+01
4.229500062999999841e+02,1.110693166833807233e+01
4.230000062999999955e+02,1.111064282185230567e+01
4.230500063000000068e+02,1.110159903326164077e+01
4.231000063000000182e+02,1.109345420077022659e+01
4.231500063099999807e+02,1.109878683584665637e+01
4.232000063099999920e+02,1.107054189488969520e+01
4.232500063100000034e+02,1.107584932558951252e+01
4.233000063100000148e+02,1.107987515192693451e+01
4.233500063100000261e+02,1.111927112011332675e+01
4.234000063099999807e+02,1.114238887985171189e+01
4.234500063099999920e+02,1.114143493238530347e+01
4.235000063100000034e+02,1.114000744814613775e+01
4.235500063100000148e+02,1.115534087435559663e+01
4.236000063100000261e+02,1.114855555066338511e+01
4.236500063099999807e+02,1.112537974448188649e+01
4.237000063099999920e+02,1.112868457289433621e+01
4.237500063100000034e+02,1.115424333831938419e+01
4.238000063200000227e+02,1.116432279765820645e+01
4.238500063199999772e+02,1.116888937243935587e+01
4.239000063199999886e+02,1.118600008908462762e+01
4.239500063200000000e+02,1.117043294956474497e+01
4.240000063200000113e+02,1.120503015719754103e+01
4.240500063200000227e+02,1.119993505427647662e+01
4.241000063199999772e+02,1.119160691722786360e+01
4.241500063199999886e+02,1.117992507055155293e+01
4.242000063200000000e+02,1.117878934606592445e+01
4.242500063200000113e+02,1.118582060337237216e+01
4.243000063200000227e+02,1.117709607021882512e+01
4.243500063199999772e+02,1.117505298817507509e+01
4.244000063199999886e+02,1.121579089847394251e+01
4.244500063200000000e+02,1.120322613484713337e+01
4.245000063300000193e+02,1.120879782961690907e+01
4.245500063299999738e+02,1.121156954727551280e+01
4.246000063299999852e+02,1.121456352170971726e+01
4.246500063299999965e+02,1.121822808531566196e+01
4.247000063300000079e+02,1.121956009843128932e+01
4.247500063300000193e+02,1.122083406510380144e+01
4.248000063299999738e+02,1.119213544536778038e+01
4.248500063299999852e+02,1.121609869737623377e+01
4.249000063299999965e+02,1.122452765193130553e+01
4.249500063300000079e+02,1.124047132956242478e+01
4.250000063300000193e+02,1.123978317370395175e+01
4.250500063299999738e+02,1.125641500719354759e+01
4.251000063299999852e+02,1.124825489932236700e+01
4.251500063400000045e+02,1.124594526190169574e+01
4.252000063400000158e+02,1.125969692253634946e+01
4.252500063400000272e+02,1.125827478468010057e+01
4.253000063399999817e+02,1.126234796469479704e+01
4.253500063399999931e+02,1.127251067485334701e+01
4.254000063400000045e+02,1.128132533274751559e+01
4.254500063400000158e+02,1.131100921447846552e+01
4.255000063400000272e+02,1.130568650839888356e+01
4.255500063399999817e+02,1.129959163187211146e+01
4.256000063399999931e+02,1.129924793582736697e+01
4.256500063400000045e+02,1.130483337843893388e+01
4.257000063400000158e+02,1.131439423863468896e+01
4.257500063400000272e+02,1.131463864471094816e+01
4.258000063399999817e+02,1.127559935664210222e+01
4.258500063500000010e+02,1.125695117302334758e+01
4.259000063500000124e+02,1.126026974927758495e+01
4.259500063500000238e+02,1.125775007538512718e+01
4.260000063499999783e+02,1.125718259502680674e+01
4.260500063499999897e+02,1.126081660787322214e+01
4.261000063500000010e+02,1.123549461083455014e+01
4.261500063500000124e+02,1.124354931858534457e+01
4.262000063500000238e+02,1.121033453282140435e+01
4.262500063499999783e+02,1.119607572957851005e+01
4.263000063499999897e+02,1.119255704584933042e+01
4.263500063500000010e+02,1.116863198229029308e+01
4.264000063500000124e+02,1.116886187675577702e+01
4.264500063500000238e+02,1.116248898831725889e+01
4.265000063599999862e+02,1.119885737623395983e+01
4.265500063599999976e+02,1.121172993876306023e+01
4.266000063600000090e+02,1.120003052540001498e+01
4.266500063600000203e+02,1.120046205487841462e+01
4.267000063599999748e+02,1.119693496969036595e+01
4.267500063599999862e+02,1.119504082259933853e+01
4.268000063599999976e+02,1.118796450292257916e+01
4.268500063600000090e+02,1.115641320601519482e+01
4.269000063600000203e+02,1.114554095446649917e+01
4.269500063599999748e+02,1.112089489298248601e+01
4.270000063599999862e+02,1.112615420623603946e+01
4.270500063599999976e+02,1.111180375071454840e+01
4.271000063600000090e+02,1.110898849822361001e+01
4.271500063700000283e+02,1.111467399457264449e+01
4.272000063699999828e+02,1.112444565500917548e+01
4.272500063699999941e+02,1.111888465300523698e+01
4.273000063700000055e+02,1.116718845890237333e+01
4.273500063700000169e+02,1.114204365626899218e+01
4.274000063700000283e+02,1.115433346306000573e+01
4.274500063699999828e+02,1.115682411373090943e+01
4.275000063699999941e+02,1.115189245737334467e+01
4.275500063700000055e+02,1.114487800298463682e+01
4.276000063700000169e+02,1.113588996953012256e+01
4.276500063700000283e+02,1.113342757831178531e+01
4.277000063699999828e+02,1.115604506936282547e+01
4.277500063699999941e+02,1.116576402973916338e+01
4.278000063700000055e+02,1.116088507344179170e+01
4.278500063800000248e+02,1.116243476071908702e+01
4.279000063799999793e+02,1.115624594060675356e+01
4.279500063799999907e+02,1.115627343629033064e+01
4.280000063800000021e+02,1.112908173276825963e+01
4.280500063800000135e+02,1.113047561117193851e+01
4.281000063800000248e+02,1.114874725667945299e+01
4.281500063799999793e+02,1.114100263913791800e+01
4.282000063799999907e+02,1.113978213629458658e+01
4.282500063800000021e+02,1.113924138785085738e+01
4.283000063800000135e+02,1.112410272273342038e+01
4.283500063800000248e+02,1.111257057477881816e+01
4.284000063799999793e+02,1.111477404831011384e+01
4.284500063799999907e+02,1.111886326747356435e+01
4.285000063900000100e+02,1.109600595296019421e+01
4.285500063900000214e+02,1.110003101552862503e+01
4.286000063899999759e+02,1.109292796393727443e+01
4.286500063899999873e+02,1.112078109140322901e+01
4.287000063899999986e+02,1.109387885632772885e+01
4.287500063900000100e+02,1.108095741258337874e+01
4.288000063900000214e+02,1.107997291435743747e+01
4.288500063899999759e+02,1.108219777342040580e+01
4.289000063899999873e+02,1.107760064787972354e+01
4.289500063899999986e+02,1.108193121804348280e+01
4.290000063900000100e+02,1.109944291340761957e+01
4.290500063900000214e+02,1.108956890792665462e+01
4.291000063899999759e+02,1.108586080948837704e+01
4.291500063899999873e+02,1.108419044671092379e+01
4.292000064000000066e+02,1.105090081158613025e+01
4.292500064000000179e+02,1.105069459395928355e+01
4.293000063999999725e+02,1.103342348582646437e+01
4.293500063999999838e+02,1.102450419158089723e+01
4.294000063999999952e+02,1.098783105983785724e+01
4.294500064000000066e+02,1.099561997598071272e+01
4.295000064000000179e+02,1.100179657578923731e+01
4.295500063999999725e+02,1.099070817761684538e+01
4.296000063999999838e+02,1.099244727960324575e+01
4.296500063999999952e+02,1.098671442957693678e+01
4.297000064000000066e+02,1.098640128429172513e+01
4.297500064000000179e+02,1.097844739404738945e+01
4.298000063999999725e+02,1.095647223271552484e+01
4.298500064099999918e+02,1.096309105476828272e+01
4.299000064100000031e+02,1.096480953499199451e+01
4.299500064100000145e+02,1.095889872679140886e+01
4.300000064100000259e+02,1.094138626765828448e+01
4.300500064099999804e+02,1.092965630353570639e+01
4.301000064099999918e+02,1.092541051172965005e+01
4.301500064100000031e+02,1.093921105357955703e+01
4.302000064100000145e+02,1.091629416508509642e+01
4.302500064100000259e+02,1.088655605575597640e+01
4.303000064099999804e+02,1.087764974558320752e+01
4.303500064099999918e+02,1.088767803239981369e+01
4.304000064100000031e+02,1.089379353068927081e+01
4.304500064100000145e+02,1.088802783859646084e+01
4.305000064100000259e+02,1.089771701198225529e+01
4.305500064199999883e+02,1.088374996849289822e+01
4.306000064199999997e+02,1.087566776505852495e+01
4.306500064200000111e+02,1.089282354407410836e+01
4.307000064200000224e+02,1.091004500722268489e+01
4.307500064199999770e+02,1.091001292892517505e+01
4.308000064199999883e+02,1.089121122773976857e+01
4.308500064199999997e+02,1.085030987087740328e+01
4.309000064200000111e+02,1.085288911875094975e+01
4.309500064200000224e+02,1.086529349089021323e+01
4.310000064199999770e+02,1.085578303944768486e+01
4.310500064199999883e+02,1.086522933429519178e+01
4.311000064199999997e+02,1.087280745019727668e+01
4.311500064200000111e+02,1.086317708702358331e+01
4.312000064299999735e+02,1.085203522502201068e+01
4.312500064299999849e+02,1.085299222756437310e+01
4.313000064299999963e+02,1.084845238469781492e+01
4.313500064300000076e+02,1.085158307378092779e+01
4.314000064300000190e+02,1.084556533792197541e+01
4.314500064299999735e+02,1.085040534200094342e+01
4.315000064299999849e+02,1.087414022708189165e+01
4.315500064299999963e+02,1.089164428475614521e+01
4.316000064300000076e+02,1.088248745835520914e+01
4.316500064300000190e+02,1.085765580100703787e+01
4.317000064299999735e+02,1.085576929160589366e+01
4.317500064299999849e+02,1.084117901262207084e+01
4.318000064299999963e+02,1.087982495966193497e+01
4.318500064400000156e+02,1.086681721002190315e+01
4.319000064400000269e+02,1.088220944644346311e+01
4.319500064399999815e+02,1.088296710527987088e+01
4.320000064399999928e+02,1.089118678713214194e+01
4.320500064400000042e+02,1.089818520237209398e+01
4.321000064400000156e+02,1.086827906386554154e+01
4.321500064400000269e+02,1.087842344356837287e+01
4.322000064399999815e+02,1.085840505838457837e+01
4.322500064399999928e+02,1.085740986739279990e+01
4.323000064400000042e+02,1.085967826128810465e+01
4.323500064400000156e+02,1.085649105329985531e+01
4.324000064400000269e+02,1.085139824168575373e+01
4.324500064399999815e+02,1.085453809599672859e+01
4.325000064399999928e+02,1.086445869138597864e+01
4.325500064500000121e+02,1.088279907610244202e+01
4.326000064500000235e+02,1.090253104791561789e+01
4.326500064499999780e+02,1.089712356347833300e+01
4.327000064499999894e+02,1.090615207668923325e+01
4.327500064500000008e+02,1.090475819828555260e+01
4.328000064500000121e+02,1.090481853603562890e+01
4.328500064500000235e+02,1.089282583538107119e+01
4.329000064499999780e+02,1.089653393381935231e+01
4.329500064499999894e+02,1.091971890522871114e+01
4.330000064500000008e+02,1.092772320422627530e+01
4.330500064500000121e+02,1.092399524779429854e+01
4.331000064500000235e+02,1.092750171121966396e+01
4.331500064499999780e+02,1.091503394625437195e+01
4.332000064599999973e+02,1.092813182063502531e+01
4.332500064600000087e+02,1.094954255668452170e+01
4.333000064600000201e+02,1.097240980019474144e+01
4.333500064599999746e+02,1.097276877161925057e+01
4.334000064599999860e+02,1.097949757640632562e+01
4.334500064599999973e+02,1.096486529012814337e+01
4.335000064600000087e+02,1.096801736474293065e+01
4.335500064600000201e+02,1.097604304927216745e+01
4.336000064599999746e+02,1.096575355346155689e+01
4.336500064599999860e+02,1.094121365586692463e+01
4.337000064599999973e+02,1.095291077792300172e+01
4.337500064600000087e+02,1.093714734977312375e+01
4.338000064600000201e+02,1.092053155543228016e+01
4.338500064599999746e+02,1.093409456512681821e+01
4.339000064699999939e+02,1.095253194850479694e+01
4.339500064700000053e+02,1.094721993519105041e+01
4.340000064700000166e+02,1.095052781867945235e+01
4.340500064700000280e+02,1.095633933691155804e+01
4.341000064699999825e+02,1.093561141033761608e+01
4.341500064699999939e+02,1.091233325911168173e+01
4.342000064700000053e+02,1.091499193896001607e+01
4.342500064700000166e+02,1.090800421648589946e+01
4.343000064700000280e+02,1.090976775907992469e+01
4.343500064699999825e+02,1.088411046745538258e+01
4.344000064699999939e+02,1.087795219810258196e+01
4.344500064700000053e+02,1.087483831193721073e+01
4.345000064700000166e+02,1.090168784695251603e+01
4.345500064799999791e+02,1.090416704108859491e+01
4.346000064799999905e+02,1.090738403606738771e+01
4.346500064800000018e+02,1.092270295066606600e+01
4.347000064800000132e+02,1.091104019821446158e+01
4.347500064800000246e+02,1.091580382539459748e+01
4.348000064799999791e+02,1.091391960730041788e+01
4.348500064799999905e+02,1.090672108458552891e+01
4.349000064800000018e+02,1.090183678190523864e+01
4.349500064800000132e+02,1.089680889065514613e+01
4.350000064800000246e+02,1.087529199071627239e+01
4.350500064799999791e+02,1.086386982549598734e+01
4.351000064799999905e+02,1.086112942236590584e+01
4.351500064800000018e+02,1.085091172084019817e+01
4.352000064800000132e+02,1.085117751244813178e+01
4.352500064899999757e+02,1.083400340297682796e+01
4.353000064899999870e+02,1.080864550879570807e+01
4.353500064899999984e+02,1.081608538251090756e+01
4.354000064900000098e+02,1.083638254337543749e+01
4.354500064900000211e+02,1.081256058862982350e+01
4.355000064899999757e+02,1.081745405653797221e+01
4.355500064899999870e+02,1.080039985879783693e+01
4.356000064899999984e+02,1.080149739483404758e+01
4.356500064900000098e+02,1.081425004563197945e+01
4.357000064900000211e+02,1.078734704678749345e+01
4.357500064899999757e+02,1.078173716356830347e+01
4.358000064899999870e+02,1.079428512427736919e+01
4.358500064899999984e+02,1.076908609404581618e+01
4.359000065000000177e+02,1.076049522046522533e+01
4.359500064999999722e+02,1.074717432553998009e+01
4.360000064999999836e+02,1.072808315590800454e+01
4.360500064999999950e+02,1.074734464602437889e+01
4.361000065000000063e+02,1.071940826773869659e+01
4.361500065000000177e+02,1.072851010277247319e+01
4.362000064999999722e+02,1.076240006032208640e+01
4.362500064999999836e+02,1.078317534057330285e+01
4.363000064999999950e+02,1.077684751450509637e+01
4.363500065000000063e+02,1.076446452789750730e+01
4.364000065000000177e+02,1.078493200924643425e+01
4.364500064999999722e+02,1.078521078492716967e+01
4.365000064999999836e+02,1.076767006634147528e+01
4.365500065100000029e+02,1.077990488176532935e+01
4.366000065100000143e+02,1.076048529146837573e+01
4.366500065100000256e+02,1.074230606200844740e+01
4.367000065099999802e+02,1.073525571047729166e+01
4.367500065099999915e+02,1.070616604101925162e+01
4.368000065100000029e+02,1.070607209743369026e+01
4.368500065100000143e+02,1.070688551140624689e+01
4.369000065100000256e+02,1.069452620163729684e+01
4.369500065099999802e+02,1.069183697102943320e+01
4.370000065099999915e+02,1.068100138039217484e+01
4.370500065100000029e+02,1.068038501881860292e+01
4.371000065100000143e+02,1.067001456349523103e+01
4.371500065100000256e+02,1.064440386177897757e+01
4.372000065099999802e+02,1.063354841314802357e+01
4.372500065199999995e+02,1.063728629857684815e+01
4.373000065200000108e+02,1.064755899146971707e+01
4.373500065200000222e+02,1.061954547251621506e+01
4.374000065199999767e+02,1.060613368908136422e+01
4.374500065199999881e+02,1.063546089069476963e+01
4.375000065199999995e+02,1.063588707379025067e+01
4.375500065200000108e+02,1.066049647436282299e+01
4.376000065200000222e+02,1.064341554470809292e+01
4.376500065199999767e+02,1.061851056553704531e+01
4.377000065199999881e+02,1.063540360802064733e+01
4.377500065199999995e+02,1.063019088467538253e+01
4.378000065200000108e+02,1.062647973116114741e+01
4.378500065200000222e+02,1.061298164183061665e+01
4.379000065299999847e+02,1.060784911422912558e+01
4.379500065299999960e+02,1.059786741732080628e+01
4.380000065300000074e+02,1.058750536345630522e+01
4.380500065300000188e+02,1.057322364714376128e+01
4.381000065299999733e+02,1.053019061103500498e+01
4.381500065299999847e+02,1.052323191178244244e+01
4.382000065299999960e+02,1.051986750938890580e+01
4.382500065300000074e+02,1.054055419243748126e+01
4.383000065300000188e+02,1.055393389757482048e+01
4.383500065299999733e+02,1.054490767567088838e+01
4.384000065299999847e+02,1.052456086982211758e+01
4.384500065299999960e+02,1.051980411656287551e+01
4.385000065300000074e+02,1.051195791774589416e+01
4.385500065300000188e+02,1.049728362417335426e+01
4.386000065399999812e+02,1.048068463275025586e+01
4.386500065399999926e+02,1.051730888327804436e+01
4.387000065400000040e+02,1.052616478469758299e+01
4.387500065400000153e+02,1.048522447561681403e+01
4.388000065400000267e+02,1.046980856235661861e+01
4.388500065399999812e+02,1.045456984350171048e+01
4.389000065399999926e+02,1.048091452721573802e+01
4.389500065400000040e+02,1.048082287493713949e+01
4.390000065400000153e+02,1.048000105950571026e+01
4.390500065400000267e+02,1.045655640664032582e+01
4.391000065399999812e+02,1.045479973796719619e+01
4.391500065399999926e+02,1.047013698302159312e+01
4.392000065400000040e+02,1.047654576860256270e+01
4.392500065500000233e+02,1.046978641305595481e+01
4.393000065499999778e+02,1.047718580701477542e+01
4.393500065499999891e+02,1.048936868614742046e+01
4.394000065500000005e+02,1.049016147835729562e+01
4.394500065500000119e+02,1.049186468320124277e+01
4.395000065500000233e+02,1.050851713845352364e+01
4.395500065499999778e+02,1.048592332424112250e+01
4.396000065499999891e+02,1.048062658630714239e+01
4.396500065500000005e+02,1.048570946892439437e+01
4.397000065500000119e+02,1.048425448900164980e+01
4.397500065500000233e+02,1.047597905201323165e+01
4.398000065499999778e+02,1.046153465290617568e+01
4.398500065499999891e+02,1.050763804034797033e+01
4.399000065600000084e+02,1.049995757940145324e+01
4.399500065600000198e+02,1.049461119648323226e+01
4.400000065599999743e+02,1.048652746551088200e+01
4.400500065599999857e+02,1.045360214819351441e+01
4.401000065599999971e+02,1.045413831402331084e+01
4.401500065600000084e+02,1.046861784650383065e+01
4.402000065600000198e+02,1.045201809131174286e+01
4.402500065599999743e+02,1.046249929313842131e+01
4.403000065599999857e+02,1.044626538329173826e+01
4.403500065599999971e+02,1.043833746119300443e+01
4.404000065600000084e+02,1.046366633215257025e+01
4.404500065600000198e+02,1.047062885025007084e+01
4.405000065599999743e+02,1.047688640957135320e+01
4.405500065599999857e+02,1.047672830939077215e+01
4.406000065700000050e+02,1.048452486322351263e+01
4.406500065700000164e+02,1.048245199418922091e+01
4.407000065700000278e+02,1.048455617775203486e+01
4.407500065699999823e+02,1.048328908500041656e+01
4.408000065699999936e+02,1.048835974731385434e+01
4.408500065700000050e+02,1.045393667901039514e+01
4.409000065700000164e+02,1.048306988330076983e+01
4.409500065700000278e+02,1.046761196274621675e+01
4.410000065699999823e+02,1.048779455826249851e+01
4.410500065699999936e+02,1.049429423235307901e+01
4.411000065700000050e+02,1.050012178973394050e+01
4.411500065700000164e+02,1.050655883476747832e+01
4.412000065700000278e+02,1.052522458507296399e+01
4.412500065799999902e+02,1.052392770533080046e+01
4.413000065800000016e+02,1.050865767194737188e+01
4.413500065800000129e+02,1.050947108591993207e+01
4.414000065800000243e+02,1.049491364900260493e+01
4.414500065799999788e+02,1.047733932458142547e+01
4.415000065799999902e+02,1.048572168922820680e+01
4.415500065800000016e+02,1.045322790138923885e+01
4.416000065800000129e+02,1.044452246246039806e+01
4.416500065800000243e+02,1.046840628249406535e+01
4.417000065799999788e+02,1.046847731300998063e+01
4.417500065799999902e+02,1.045952823177386648e+01
4.418000065800000016e+02,1.045649072250732914e+01
4.418500065800000129e+02,1.044277572278411448e+01
4.419000065800000243e+02,1.041649137682016502e+01
4.419500065899999868e+02,1.044019341983461580e+01
4.420000065899999981e+02,1.045832147677232626e+01
4.420500065900000095e+02,1.046121463370007199e+01
4.421000065900000209e+02,1.044639904286469267e+01
4.421500065899999754e+02,1.045579263765200828e+01
4.422000065899999868e+02,1.044994216720149716e+01
4.422500065899999981e+02,1.046342039853833228e+01
4.423000065900000095e+02,1.043565739581299923e+01
4.423500065900000209e+02,1.042624547056996498e+01
4.424000065899999754e+02,1.042012615343556803e+01
4.424500065899999868e+02,1.042743313134679894e+01
4.425000065899999981e+02,1.042240524009670644e+01
4.425500065900000095e+02,1.041594680953149421e+01
4.426000065999999720e+02,1.043673049124158503e+01
4.426500065999999833e+02,1.042337828178782289e+01
4.427000065999999947e+02,1.043535417952463717e+01
4.427500066000000061e+02,1.045689475630214815e+01
4.428000066000000174e+02,1.044412071997254188e+01
4.428500065999999720e+02,1.045369838308604038e+01
4.429000065999999833e+02,1.044273218795178160e+01
4.429500065999999947e+02,1.046108479297205740e+01
4.430000066000000061e+02,1.048743176799305132e+01
4.430500066000000174e+02,1.047152169619741358e+01
4.431000065999999720e+02,1.046206470858406767e+01
4.431500065999999833e+02,1.047051886751575189e+01
4.432000065999999947e+02,1.048590117494046048e+01
4.432500066000000061e+02,1.050237338071150006e+01
4.433000066100000254e+02,1.051884024009961927e+01
4.433500066099999799e+02,1.052144774742573574e+01
4.434000066099999913e+02,1.050495644742998813e+01
4.434500066100000026e+02,1.052999814124994771e+01
4.435000066100000140e+02,1.052827507841230315e+01
4.435500066100000254e+02,1.050159662765038071e+01
4.436000066099999799e+02,1.048888216530186313e+01
4.436500066099999913e+02,1.051037386086412440e+01
4.437000066100000026e+02,1.051520699102219503e+01
4.437500066100000140e+02,1.050085042534879420e+01
4.438000066100000254e+02,1.051106812687450365e+01
4.438500066099999799e+02,1.053649628780254943e+01
4.439000066099999913e+02,1.053698815503102715e+01
4.439500066200000106e+02,1.053307765781084271e+01
4.440000066200000219e+02,1.052584782056742974e+01
4.440500066199999765e+02,1.053855311768808711e+01
4.441000066199999878e+02,1.052675517812555128e+01
4.441500066199999992e+02,1.056959727198723087e+01
4.442000066200000106e+02,1.056137147998305359e+01
4.442500066200000219e+02,1.055476182315815770e+01
4.443000066199999765e+02,1.055623589730561029e+01
4.443500066199999878e+02,1.057309838902967769e+01
4.444000066199999992e+02,1.058245532290555246e+01
4.444500066200000106e+02,1.057967978640200712e+01
4.445000066200000219e+02,1.059320613518510612e+01
4.445500066199999765e+02,1.061452598272499515e+01
4.446000066299999958e+02,1.060804540285912267e+01
4.446500066300000071e+02,1.062041235031795594e+01
4.447000066300000185e+02,1.059970046289276802e+01
4.447500066299999730e+02,1.061940035640843583e+01
4.448000066299999844e+02,1.062552960253968060e+01
4.448500066299999958e+02,1.064979759837447304e+01
4.449000066300000071e+02,1.064122047263567161e+01
4.449500066300000185e+02,1.066708703696301086e+01
4.450000066299999730e+02,1.070351423509181465e+01
4.450500066299999844e+02,1.071125885263335142e+01
4.451000066299999958e+02,1.070748354252410017e+01
4.451500066300000071e+02,1.068668764051019693e+01
4.452000066300000185e+02,1.068257168943215518e+01
4.452500066299999730e+02,1.066442224696277208e+01
4.453000066399999923e+02,1.067189801782042125e+01
4.453500066400000037e+02,1.068595365851242462e+01
4.454000066400000151e+02,1.069498369926129833e+01
4.454500066400000264e+02,1.069028575621415911e+01
4.455000066399999810e+02,1.071563219386045596e+01
4.455500066399999923e+02,1.070092658575939737e+01
4.456000066400000037e+02,1.068388842716801435e+01
4.456500066400000151e+02,1.067860620084481127e+01
4.457000066400000264e+02,1.068232270074196499e+01
4.457500066399999810e+02,1.068256557928024897e+01
4.458000066399999923e+02,1.068354320358529463e+01
4.458500066400000037e+02,1.068119155887026572e+01
4.459000066400000151e+02,1.064920491363953836e+01
4.459500066499999775e+02,1.065360345924325891e+01
4.460000066499999889e+02,1.067464223979544435e+01
4.460500066500000003e+02,1.068596587881623705e+01
4.461000066500000116e+02,1.067968769773226967e+01
4.461500066500000230e+02,1.068880939075974190e+01
4.462000066499999775e+02,1.070303535193614053e+01
4.462500066499999889e+02,1.071317285771807448e+01
4.463000066500000003e+02,1.071610573063321326e+01
4.463500066500000116e+02,1.071328665929733326e+01
4.464000066500000230e+02,1.070995891781523568e+01
4.464500066499999775e+02,1.072935941388748127e+01
4.465000066499999889e+02,1.072389464677607407e+01
4.465500066500000003e+02,1.072416578476692450e+01
4.466000066500000116e+02,1.071625466558593409e+01
4.466500066599999741e+02,1.070488443665685452e+01
4.467000066599999855e+02,1.070308117807543979e+01
4.467500066599999968e+02,1.068927299853565138e+01
4.468000066600000082e+02,1.068804562177142436e+01
4.468500066600000196e+02,1.070537935896128623e+01
4.469000066599999741e+02,1.069898584876008307e+01
4.469500066599999855e+02,1.073056082250610643e+01
4.470000066599999968e+02,1.073101908389909731e+01
4.470500066600000082e+02,1.074268565519564156e+01
4.471000066600000196e+02,1.074763105939499575e+01
4.471500066599999741e+02,1.077508091683511715e+01
4.472000066599999855e+02,1.077776938367399495e+01
4.472500066599999968e+02,1.076888522280188987e+01
4.473000066700000161e+02,1.077361982676046814e+01
4.473500066700000275e+02,1.078406818652064736e+01
4.474000066699999820e+02,1.078223514094868563e+01
4.474500066699999934e+02,1.076398182589689156e+01
4.475000066700000048e+02,1.075607758063679853e+01
4.475500066700000161e+02,1.074783727702184066e+01
4.476000066700000275e+02,1.076819706694341505e+01
4.476500066699999820e+02,1.075125896208950316e+01
4.477000066699999934e+02,1.074498001723654816e+01
4.477500066700000048e+02,1.075467453700525766e+01
4.478000066700000161e+02,1.075819092942746913e+01
4.478500066700000275e+02,1.077705144082497490e+01
4.479000066699999820e+02,1.076069227286421004e+01
4.479500066699999934e+02,1.074701393405243621e+01
4.480000066800000127e+02,1.076560177992111456e+01
4.480500066800000241e+02,1.074359148521578433e+01
4.481000066799999786e+02,1.074855292856389610e+01
4.481500066799999900e+02,1.075285829435103935e+01
4.482000066800000013e+02,1.073937700793825023e+01
4.482500066800000127e+02,1.072146204254828206e+01
4.483000066800000241e+02,1.069817854493943088e+01
4.483500066799999786e+02,1.067291688565083696e+01
4.484000066799999900e+02,1.068095784555984196e+01
4.484500066800000013e+02,1.067397012308572535e+01
4.485000066800000127e+02,1.064976628384595081e+01
4.485500066800000241e+02,1.065229512296627234e+01
4.486000066799999786e+02,1.061665460689543572e+01
4.486500066899999979e+02,1.059036949716249687e+01
4.487000066900000093e+02,1.061118220209414176e+01
4.487500066900000206e+02,1.061773686755187995e+01
4.488000066899999752e+02,1.063724199997552589e+01
4.488500066899999865e+02,1.064095238972077162e+01
4.489000066899999979e+02,1.064507903356464880e+01
4.489500066900000093e+02,1.063389898311366188e+01
4.490000066900000206e+02,1.064178795299399027e+01
4.490500066899999752e+02,1.064224392308001654e+01
4.491000066899999865e+02,1.066962427754220144e+01
4.491500066899999979e+02,1.067564354093912904e+01
4.492000066900000093e+02,1.067076305710378215e+01
4.492500066900000206e+02,1.066957004994403135e+01
4.493000066999999831e+02,1.066188118753864167e+01
4.493500066999999945e+02,1.065016649879582999e+01
4.494000067000000058e+02,1.064722446065283279e+01
4.494500067000000172e+02,1.063571980838181119e+01
4.495000066999999717e+02,1.063257842653286289e+01
4.495500066999999831e+02,1.063921939788628102e+01
4.496000066999999945e+02,1.059246833434239221e+01
4.496500067000000058e+02,1.059866020953068144e+01
4.497000067000000172e+02,1.059499106331080220e+01
4.497500066999999717e+02,1.058302433080184812e+01
4.498000066999999831e+02,1.056767486544363699e+01
4.498500066999999945e+02,1.056501389428833981e+01
4.499000067000000058e+02,1.057324656021341269e+01
4.499500067000000172e+02,1.056810028477013041e+01
4.500000067099999796e+02,1.055579520259934867e+01
4.500500067099999910e+02,1.054717606956619136e+01
4.501000067100000024e+02,1.053717604220215343e+01
4.501500067100000138e+02,1.051876997335269337e+01
4.502000067100000251e+02,1.051645498954910352e+01
4.502500067099999796e+02,1.052685599563201002e+01
4.503000067099999910e+02,1.051368174435252456e+01
4.503500067100000024e+02,1.049760822599338894e+01
4.504000067100000138e+02,1.049491975915451114e+01
4.504500067100000251e+02,1.051172955081838545e+01
4.505000067099999796e+02,1.053392391384989857e+01
4.505500067099999910e+02,1.054814681995034142e+01
4.506000067100000024e+02,1.052886547184027144e+01
4.506500067200000217e+02,1.051253914594600225e+01
4.507000067199999762e+02,1.052610673825446952e+01
4.507500067199999876e+02,1.053310897233936494e+01
4.508000067199999989e+02,1.051203964102764310e+01
4.508500067200000103e+02,1.051793670138644288e+01
4.509000067200000217e+02,1.051146375921045184e+01
4.509500067199999762e+02,1.051256435032261649e+01
4.510000067199999876e+02,1.050039598280074671e+01
4.510500067199999989e+02,1.049941683095772404e+01
4.511000067200000103e+02,1.050735239074633931e+01
4.511500067200000217e+02,1.049938933527414520e+01
4.512000067199999762e+02,1.049823833540875029e+01
4.512500067199999876e+02,1.048563156448758704e+01
4.513000067199999989e+02,1.045612564093091379e+01
4.513500067300000183e+02,1.047003769305311316e+01
4.514000067299999728e+02,1.044817480576253210e+01
4.514500067299999841e+02,1.043145437507028994e+01
4.515000067299999955e+02,1.042706270338746322e+01
4.515500067300000069e+02,1.042609348054129015e+01
4.516000067300000183e+02,1.042112821834824032e+01
4.516500067299999728e+02,1.042635774461125031e+01
4.517000067299999841e+02,1.041109229384175094e+01
4.517500067299999955e+02,1.041822589619263617e+01
4.518000067300000069e+02,1.039897433507310964e+01
4.518500067300000183e+02,1.041115874174373523e+01
4.519000067299999728e+02,1.041000774187834033e+01
4.519500067299999841e+02,1.038755598869776620e+01
4.520000067400000034e+02,1.036846634660376587e+01
4.520500067400000148e+02,1.035959440603547321e+01
4.521000067400000262e+02,1.035165502740191457e+01
4.521500067399999807e+02,1.033112033438201394e+01
4.522000067399999921e+02,1.035036654911862364e+01
4.522500067400000034e+02,1.037153517039882367e+01
4.523000067400000148e+02,1.037578096220488000e+01
4.523500067400000262e+02,1.037157259507925211e+01
4.524000067399999807e+02,1.038177349368721814e+01
4.524500067399999921e+02,1.036875123243640751e+01
4.525000067400000034e+02,1.036115554984759157e+01
4.525500067400000148e+02,1.035411436354429426e+01
4.526000067400000262e+02,1.034271434762467301e+01
4.526500067499999886e+02,1.033000981427300324e+01
4.527000067500000000e+02,1.032020149292503319e+01
4.527500067500000114e+02,1.031511097261789800e+01
4.528000067500000227e+02,1.031600076348928852e+01
4.528500067499999773e+02,1.029402101954349291e+01
4.529000067499999886e+02,1.029662623556264478e+01
4.529500067500000000e+02,1.029493906986745166e+01
4.530000067500000114e+02,1.028477254086396009e+01
4.530500067500000227e+02,1.027384682548608019e+01
4.531000067499999773e+02,1.028730519882922145e+01
4.531500067499999886e+02,1.028594187118507364e+01
4.532000067500000000e+02,1.028045953738693186e+01
4.532500067500000114e+02,1.026552785366532916e+01
4.533000067500000227e+02,1.027094450333047604e+01
4.533500067599999852e+02,1.027937422165453540e+01
4.534000067599999966e+02,1.025505276199055871e+01
4.534500067600000079e+02,1.026193737565125019e+01
4.535000067600000193e+02,1.024880971428005516e+01
4.535500067599999738e+02,1.025140347376437866e+01
4.536000067599999852e+02,1.025607162982097442e+01
4.536500067599999966e+02,1.022811539354159827e+01
4.537000067600000079e+02,1.023364966363094553e+01
4.537500067600000193e+02,1.022816732983280197e+01
4.538000067599999738e+02,1.021067320115539623e+01
4.538500067599999852e+02,1.024288897708261814e+01
4.539000067599999966e+02,1.024511612745255107e+01
4.539500067600000079e+02,1.024127284190333853e+01
4.540000067700000272e+02,1.023406515396058936e+01
4.540500067699999818e+02,1.024076646306408556e+01
4.541000067699999931e+02,1.026674224635675436e+01
4.541500067700000045e+02,1.024358858947591777e+01
4.542000067700000159e+02,1.023717216620506321e+01
4.542500067700000272e+02,1.022275602655057547e+01
4.543000067699999818e+02,1.021994688421154507e+01
4.543500067699999931e+02,1.023576301242161790e+01
4.544000067700000045e+02,1.023271633792722035e+01
4.544500067700000159e+02,1.024197780067955676e+01
4.545000067700000272e+02,1.027706305669588538e+01
4.545500067699999818e+02,1.027667735335678501e+01
4.546000067699999931e+02,1.026126449517254358e+01
4.546500067700000045e+02,1.026236050367077901e+01
4.547000067800000238e+02,1.025883494602070733e+01
4.547500067799999783e+02,1.027307694634585822e+01
4.548000067799999897e+02,1.028024873714615595e+01
4.548500067800000011e+02,1.028875483236904742e+01
4.549000067800000124e+02,1.030186874589845303e+01
4.549500067800000238e+02,1.028568982741892945e+01
4.550000067799999783e+02,1.028852875674850331e+01
4.550500067799999897e+02,1.026474651799028237e+01
4.551000067800000011e+02,1.026898849095139532e+01
4.551500067800000124e+02,1.025924203489147857e+01
4.552000067800000238e+02,1.026695381036651966e+01
4.552500067799999783e+02,1.026004933871213076e+01
4.553000067799999897e+02,1.027079480460876582e+01
4.553500067900000090e+02,1.027192136386653232e+01
4.554000067900000204e+02,1.028004404705728803e+01
4.554500067899999749e+02,1.029328551000774539e+01
4.555000067899999863e+02,1.031947514861714232e+01
4.555500067899999976e+02,1.032169389752820443e+01
4.556000067900000090e+02,1.033076518180244818e+01
4.556500067900000204e+02,1.034576713227097677e+01
4.557000067899999749e+02,1.034193453948759966e+01
4.557500067899999863e+02,1.033219190227262452e+01
4.558000067899999976e+02,1.033789496530839003e+01
4.558500067900000090e+02,1.034233551820646646e+01
4.559000067900000204e+02,1.034444122930725563e+01
4.559500067899999749e+02,1.033227133424741062e+01
4.560000067899999863e+02,1.035048722461877624e+01
4.560500068000000056e+02,1.036680362151619939e+01
4.561000068000000169e+02,1.037522875722632598e+01
4.561500068000000283e+02,1.039354241002819812e+01
4.562000067999999828e+02,1.038005272215653818e+01
4.562500067999999942e+02,1.037478118859917231e+01
4.563000068000000056e+02,1.038400828174703427e+01
4.563500068000000169e+02,1.036959672470647575e+01
4.564000068000000283e+02,1.036895592252527720e+01
4.564500067999999828e+02,1.036158020540509739e+01
4.565000067999999942e+02,1.034361865010684056e+01
4.565500068000000056e+02,1.035248218921626062e+01
4.566000068000000169e+02,1.035734205128892427e+01
4.566500068000000283e+02,1.036461847844062234e+01
4.567000068099999908e+02,1.036626058176550380e+01
4.567500068100000021e+02,1.037200488832663758e+01
4.568000068100000135e+02,1.037502483090644567e+01
4.568500068100000249e+02,1.037857177408818998e+01
4.569000068099999794e+02,1.037758956716921510e+01
4.569500068099999908e+02,1.039600021863260260e+01
4.570000068100000021e+02,1.038653482956038587e+01
4.570500068100000135e+02,1.037379898168019743e+01
4.571000068100000249e+02,1.039157417734530497e+01
4.571500068099999794e+02,1.037821203889469324e+01
4.572000068099999908e+02,1.037682197933595596e+01
4.572500068100000021e+02,1.038504624380215624e+01
4.573000068100000135e+02,1.037464829279520551e+01
4.573500068199999760e+02,1.037119223812306856e+01
4.574000068199999873e+02,1.039625760878166538e+01
4.574500068199999987e+02,1.040511580150816862e+01
4.575000068200000101e+02,1.042091894564544141e+01
4.575500068200000214e+02,1.043581549599358027e+01
4.576000068199999760e+02,1.044029729241702675e+01
4.576500068199999873e+02,1.044352879900659659e+01
4.577000068199999987e+02,1.044045692013558657e+01
4.577500068200000101e+02,1.044981232647348435e+01
4.578000068200000214e+02,1.044352574393064437e+01
4.578500068199999760e+02,1.041783331893264020e+01
4.579000068199999873e+02,1.042973360353960999e+01
4.579500068199999987e+02,1.043050959283173995e+01
4.580000068200000101e+02,1.045382898758304435e+01
4.580500068299999725e+02,1.047911355994128613e+01
4.581000068299999839e+02,1.048171495711549461e+01
4.581500068299999953e+02,1.048444084863479908e+01
4.582000068300000066e+02,1.048161643091600226e+01
4.582500068300000180e+02,1.046962449403043216e+01
4.583000068299999725e+02,1.048664890478002576e+01
4.583500068299999839e+02,1.052697132474924580e+01
4.584000068299999953e+02,1.052067710451652260e+01
4.584500068300000066e+02,1.050251849681927929e+01
4.585000068300000180e+02,1.051084587009890292e+01
4.585500068299999725e+02,1.053872954832439035e+01
4.586000068299999839e+02,1.053318305793123066e+01
4.586500068299999953e+02,1.049542231914882429e+01
4.587000068400000146e+02,1.048905172201727076e+01
4.587500068400000259e+02,1.049638390430511592e+01
4.588000068399999805e+02,1.049934732797978754e+01
4.588500068399999918e+02,1.050059685404467480e+01
4.589000068400000032e+02,1.050273464344297381e+01
4.589500068400000146e+02,1.049847128495018644e+01
4.590000068400000259e+02,1.050854998052002109e+01
4.590500068399999805e+02,1.055575166776701579e+01
4.591000068399999918e+02,1.053712181460398156e+01
4.591500068400000032e+02,1.054699505631595891e+01
4.592000068400000146e+02,1.052987593821181633e+01
4.592500068400000259e+02,1.052803372741199617e+01
4.593000068399999805e+02,1.056112401883084040e+01
4.593500068399999918e+02,1.057285169164645211e+01
4.594000068500000111e+02,1.056068179658660533e+01
4.594500068500000225e+02,1.055010206856043453e+01
4.595000068499999770e+02,1.055297689503245984e+01
4.595500068499999884e+02,1.055446318948372486e+01
4.596000068499999998e+02,1.055601440429899895e+01
4.596500068500000111e+02,1.055380329307782006e+01
4.597000068500000225e+02,1.056473664614557961e+01
4.597500068499999770e+02,1.059671183484148393e+01
4.598000068499999884e+02,1.059368730964774663e+01
4.598500068499999998e+02,1.060150601278115090e+01
4.599000068500000111e+02,1.059073381496992283e+01
4.599500068500000225e+02,1.058948123382908157e+01
4.600000068499999770e+02,1.060484368326009630e+01
4.600500068599999963e+02,1.059529962598208286e+01
4.601000068600000077e+02,1.059703185404758763e+01
4.601500068600000191e+02,1.060758255885220080e+01
4.602000068599999736e+02,1.061536460107416602e+01
4.602500068599999850e+02,1.063692809092132663e+01
4.603000068599999963e+02,1.065006797259633942e+01
4.603500068600000077e+02,1.064022069902996215e+01
4.604000068600000191e+02,1.065220194314969682e+01
4.604500068599999736e+02,1.069516853135647239e+01
4.605000068599999850e+02,1.071415811971300514e+01
4.605500068599999963e+02,1.071019186735667361e+01
4.606000068600000077e+02,1.072782500198995237e+01
4.606500068600000191e+02,1.071918219211815426e+01
4.607000068599999736e+02,1.070045228521765068e+01
4.607500068699999929e+02,1.071659988916865558e+01
4.608000068700000043e+02,1.072316371985425398e+01
4.608500068700000156e+02,1.072528852517974940e+01
4.609000068700000270e+02,1.072863154204161518e+01
4.609500068699999815e+02,1.073176834127663426e+01
4.610000068699999929e+02,1.073748591592317858e+01
4.610500068700000043e+02,1.074842996175677712e+01
4.611000068700000156e+02,1.074998652295496626e+01
4.611500068700000270e+02,1.074082511394010098e+01
4.612000068699999815e+02,1.073281699609759343e+01
4.612500068699999929e+02,1.072896072647558263e+01
4.613000068700000043e+02,1.072827180684811843e+01
4.613500068700000156e+02,1.074538023218642557e+01
4.614000068799999781e+02,1.074386644205158170e+01
4.614500068799999895e+02,1.074790372492382673e+01
4.615000068800000008e+02,1.076852548760839134e+01
4.615500068800000122e+02,1.077258644731927362e+01
4.616000068800000236e+02,1.077280641278790974e+01
4.616500068799999781e+02,1.077216866568266340e+01
4.617000068799999895e+02,1.076755702853120411e+01
4.617500068800000008e+02,1.076215718178380243e+01
4.618000068800000122e+02,1.075933429160298083e+01
4.618500068800000236e+02,1.078027225464870931e+01
4.619000068799999781e+02,1.077183871747971189e+01
4.619500068799999895e+02,1.076480135002135619e+01
4.620000068800000008e+02,1.076928925659670711e+01
4.620500068900000201e+02,1.078303786215540683e+01
4.621000068899999746e+02,1.077299429995903601e+01
4.621500068899999860e+02,1.077618303548526058e+01
4.622000068899999974e+02,1.077845372068752816e+01
4.622500068900000088e+02,1.078939012883124171e+01
4.623000068900000201e+02,1.078828495510514784e+01
4.623500068899999746e+02,1.081988207815183145e+01
4.624000068899999860e+02,1.081165246730271257e+01
4.624500068899999974e+02,1.081512456112360354e+01
4.625000068900000088e+02,1.080821550685528720e+01
4.625500068900000201e+02,1.080718900133498828e+01
4.626000068899999746e+02,1.080801005299742812e+01
4.626500068899999860e+02,1.079883642367875041e+01
4.627000068899999974e+02,1.079222829439182796e+01
4.627500069000000167e+02,1.079798100241183434e+01
4.628000069000000281e+02,1.078419802724866194e+01
4.628500068999999826e+02,1.078371838032399843e+01
4.629000068999999939e+02,1.079015695289551147e+01
4.629500069000000053e+02,1.079935273151485120e+01
4.630000069000000167e+02,1.083206342974650305e+01
4.630500069000000281e+02,1.081597387223861340e+01
4.631000068999999826e+02,1.082561721948510680e+01
4.631500068999999939e+02,1.079811848082973214e+01
4.632000069000000053e+02,1.080136297149210378e+01
4.632500069000000167e+02,1.078916787205564098e+01
4.633000069000000281e+02,1.078956808700551839e+01
4.633500068999999826e+02,1.077676502745435805e+01
4.634000069100000019e+02,1.077063654509210089e+01
4.634500069100000132e+02,1.078217785827456332e+01
4.635000069100000246e+02,1.078302487808260501e+01
4.635500069099999791e+02,1.078569425069677479e+01
4.636000069099999905e+02,1.079400023844472400e+01
4.636500069100000019e+02,1.081468768526228708e+01
4.637000069100000132e+02,1.082487865487340351e+01
4.637500069100000246e+02,1.080697285471129376e+01
4.638000069099999791e+02,1.079030588784823408e+01
4.638500069099999905e+02,1.081219932589834798e+01
4.639000069100000019e+02,1.080864550879570807e+01
4.639500069100000132e+02,1.081086425770677018e+01
4.640000069100000246e+02,1.080120716261848735e+01
4.640500069099999791e+02,1.080703701130631345e+01
4.641000069199999984e+02,1.081655739174568787e+01
4.641500069200000098e+02,1.080451275479992290e+01
4.642000069200000212e+02,1.080723253616732116e+01
4.642500069199999757e+02,1.080841866940617990e+01
4.643000069199999871e+02,1.078612348886820982e+01
4.643500069199999984e+02,1.078520467477526346e+01
4.644000069200000098e+02,1.076721256871747379e+01
4.644500069200000212e+02,1.077331126408918571e+01
4.645000069199999757e+02,1.075246648086003276e+01
4.645500069199999871e+02,1.073894395092187537e+01
4.646000069199999984e+02,1.072231670004620874e+01
4.646500069200000098e+02,1.071373881053841792e+01
4.647000069200000212e+02,1.071816790690166954e+01
4.647500069299999836e+02,1.073786550911037274e+01
4.648000069299999950e+02,1.072692833719766980e+01
4.648500069300000064e+02,1.070769281522689909e+01
4.649000069300000177e+02,1.070844741898735464e+01
4.649500069299999723e+02,1.073123523052278827e+01
4.650000069299999836e+02,1.071154373846599483e+01
4.650500069299999950e+02,1.070981074663150068e+01
4.651000069300000064e+02,1.071953658092873596e+01
4.651500069300000177e+02,1.071633333379173081e+01
4.652000069299999723e+02,1.071004598747990322e+01
4.652500069299999836e+02,1.070109996131974306e+01
4.653000069299999950e+02,1.069379603848446614e+01
4.653500069300000064e+02,1.071142306296583868e+01
4.654000069400000257e+02,1.071513803532501541e+01
4.654500069399999802e+02,1.072441553722610408e+01
4.655000069399999916e+02,1.074215712705572479e+01
4.655500069400000029e+02,1.073243663914141344e+01
4.656000069400000143e+02,1.072613707252577342e+01
4.656500069400000257e+02,1.073587894597175918e+01
4.657000069399999802e+02,1.072191343002037556e+01
4.657500069399999916e+02,1.070199204349809818e+01
4.658000069400000029e+02,1.068397473306369427e+01
4.658500069400000143e+02,1.067161618706373183e+01
4.659000069400000257e+02,1.064779270478014084e+01
4.659500069399999802e+02,1.064852821431589014e+01
4.660000069399999916e+02,1.065248224636840924e+01
4.660500069400000029e+02,1.067956931353907990e+01
4.661000069500000222e+02,1.069907673726969044e+01
4.661500069499999768e+02,1.069063250733485582e+01
4.662000069499999881e+02,1.066395863918686437e+01
4.662500069499999995e+02,1.066354620393317276e+01
4.663000069500000109e+02,1.067543961461924873e+01
4.663500069500000222e+02,1.066320556296438227e+01
4.664000069499999768e+02,1.068545415359406547e+01
4.664500069499999881e+02,1.070114044107612372e+01
4.665000069499999995e+02,1.070787000963218816e+01
4.665500069500000109e+02,1.071154373846599483e+01
4.666000069500000222e+02,1.069171782306725582e+01
4.666500069499999768e+02,1.070345236980376136e+01
4.667000069499999881e+02,1.070328510439532010e+01
4.667500069600000074e+02,1.069385714000353182e+01
4.668000069600000188e+02,1.068741474858707541e+01
4.668500069599999733e+02,1.067780729848303345e+01
4.669000069599999847e+02,1.068923404631724772e+01
4.669500069599999961e+02,1.070922417204847399e+01
4.670000069600000074e+02,1.073394050027940771e+01
4.670500069600000188e+02,1.071947013302674989e+01
4.671000069599999733e+02,1.069990542662201705e+01
4.671500069599999847e+02,1.069553437670187535e+01
4.672000069599999961e+02,1.069443378558971247e+01
4.672500069600000074e+02,1.069227919327366827e+01
4.673000069600000188e+02,1.070173618088701417e+01
4.673500069599999733e+02,1.070606751481975927e+01
4.674000069599999847e+02,1.069492794412515302e+01
4.674500069700000040e+02,1.067655318980421519e+01
4.675000069700000154e+02,1.067202327593450661e+01
4.675500069700000267e+02,1.066029636688788251e+01
4.676000069699999813e+02,1.065043152663477599e+01
4.676500069699999926e+02,1.064604749264183603e+01
4.677000069700000040e+02,1.062235843370018884e+01
4.677500069700000154e+02,1.060704868432936721e+01
4.678000069700000267e+02,1.062727939729191640e+01
4.678500069699999813e+02,1.067855120947765357e+01
4.679000069699999926e+02,1.068934173774459850e+01
4.679500069700000040e+02,1.066224626911505702e+01
4.680000069700000154e+02,1.066102500250273621e+01
4.680500069700000267e+02,1.067719857459934296e+01
4.681000069799999892e+02,1.067817390759742402e+01
4.681500069800000006e+02,1.070632566873780966e+01
4.682000069800000119e+02,1.071237853797022588e+01
4.682500069800000233e+02,1.071703141864705344e+01
4.683000069799999778e+02,1.071607059725974942e+01
4.683500069799999892e+02,1.070827938980992577e+01
4.684000069800000006e+02,1.073767380309430308e+01
4.684500069800000119e+02,1.073321262843354340e+01
4.685000069800000233e+02,1.074560859911393251e+01
4.685500069799999778e+02,1.073775552637605202e+01
4.686000069799999892e+02,1.075052116124678747e+01
4.686500069800000006e+02,1.073802055421500157e+01
4.687000069800000119e+02,1.072426278342844164e+01
4.687500069800000233e+02,1.072901342653577395e+01
4.688000069899999858e+02,1.074951069487524435e+01
4.688500069899999971e+02,1.074690318754912965e+01
4.689000069900000085e+02,1.074947785280874868e+01
4.689500069900000199e+02,1.076146978969431700e+01
4.690000069899999744e+02,1.076863928918765012e+01
4.690500069899999858e+02,1.077159431140344914e+01
4.691000069899999971e+02,1.077190516538169440e+01
4.691500069900000085e+02,1.079851411316568033e+01
4.692000069900000199e+02,1.081896173652090987e+01
4.692500069899999744e+02,1.081878606965359602e+01
4.693000069899999858e+02,1.081754112620263975e+01
4.693500069899999971e+02,1.082081616762454424e+01
4.694000069900000085e+02,1.082959492837626314e+01
4.694500070000000278e+02,1.081490994203788603e+01
4.695000069999999823e+02,1.080537734129469918e+01
4.695500069999999937e+02,1.080948259960690550e+01
4.696000070000000051e+02,1.081242616528787792e+01
4.696500070000000164e+02,1.083390411300834977e+01
4.697000070000000278e+02,1.086258974867156724e+01
4.697500069999999823e+02,1.085557834935881516e+01
4.698000069999999937e+02,1.083529035372214366e+01
4.698500070000000051e+02,1.084103389651428984e+01
4.699000070000000164e+02,1.082578372112456044e+01
4.699500070000000278e+02,1.080697285471129376e+01
4.700000069999999823e+02,1.080435159954338964e+01
4.700500069999999937e+02,1.080662457605262183e+01
4.701000070100000130e+02,1.079556138225684592e+01
4.701500070100000244e+02,1.082624274628653716e+01
4.702000070099999789e+02,1.082401101330267501e+01
4.702500070099999903e+02,1.080508099892723095e+01
4.703000070100000016e+02,1.080583025630477145e+01
4.703500070100000130e+02,1.078784502416787561e+01
4.704000070100000244e+02,1.079296227638960204e+01
4.704500070099999789e+02,1.080151878036572022e+01
4.705000070099999903e+02,1.081034947740864283e+01
4.705500070100000016e+02,1.081105825502980089e+01
4.706000070100000130e+02,1.079415451978036522e+01
4.706500070100000244e+02,1.081969495474969456e+01
4.707000070099999789e+02,1.082057176154828326e+01
4.707500070099999903e+02,1.079965365649624864e+01
4.708000070200000096e+02,1.080404150933413199e+01
4.708500070200000209e+02,1.082316628480159615e+01
4.709000070199999755e+02,1.081090473746315084e+01
4.709500070199999868e+02,1.081994852605381574e+01
4.710000070199999982e+02,1.084646658532819075e+01
4.710500070200000096e+02,1.086811714484002067e+01
4.711000070200000209e+02,1.087311066648563873e+01
4.711500070199999755e+02,1.085846157728971306e+01
4.712000070199999868e+02,1.086693024783217609e+01
4.712500070199999982e+02,1.087478713941499464e+01
4.713000070200000096e+02,1.088763678887444364e+01
4.713500070200000209e+02,1.088461608252564972e+01
4.714000070199999755e+02,1.090986323020346482e+01
4.714500070299999948e+02,1.089826768942283231e+01
4.715000070300000061e+02,1.092414876536095036e+01
4.715500070300000175e+02,1.091059186581831852e+01
4.716000070299999720e+02,1.094212254096302139e+01
4.716500070299999834e+02,1.092697318307974719e+01
4.717000070299999948e+02,1.094402356197494086e+01
4.717500070300000061e+02,1.094341331055327693e+01
4.718000070300000175e+02,1.094745899488439278e+01
4.718500070299999720e+02,1.094314904648331854e+01
4.719000070299999834e+02,1.094883607037033002e+01
4.719500070299999948e+02,1.094615218614538144e+01
4.720000070300000061e+02,1.093765220107439973e+01
4.720500070300000175e+02,1.095082110597096658e+01
4.721000070299999720e+02,1.093661347525029015e+01
4.721500070399999913e+02,1.094195145670963853e+01
4.722000070400000027e+02,1.094195069294064915e+01
4.722500070400000141e+02,1.095581539138557225e+01
4.723000070400000254e+02,1.097070965042674828e+01
4.723500070399999800e+02,1.095155203289278489e+01
4.724000070399999913e+02,1.094736810637478364e+01
4.724500070400000027e+02,1.095502183540670949e+01
4.725000070400000141e+02,1.095593377557876202e+01
4.725500070400000254e+02,1.095093719885718997e+01
4.726000070399999800e+02,1.095693202164649094e+01
4.726500070399999913e+02,1.097094565504413666e+01
4.727000070400000027e+02,1.098334620833845499e+01
4.727500070400000141e+02,1.096703439405496461e+01
4.728000070499999765e+02,1.097090441151876838e+01
4.728500070499999879e+02,1.096825489689829602e+01
4.729000070499999993e+02,1.097592161000302369e+01
4.729500070500000106e+02,1.096871239452229929e+01
4.730000070500000220e+02,1.100387708251341223e+01
4.730500070499999765e+02,1.103599204093417718e+01
4.731000070499999879e+02,1.102745539495175464e+01
4.731500070499999993e+02,1.104087099723154708e+01
4.732000070500000106e+02,1.103636628773845096e+01
4.732500070500000220e+02,1.103380460655163553e+01
4.733000070499999765e+02,1.104613107425408813e+01
4.733500070499999879e+02,1.104540472994619904e+01
4.734000070499999993e+02,1.106019817148091633e+01
4.734500070500000106e+02,1.104138730506764965e+01
4.735000070599999731e+02,1.104387337312462236e+01
4.735500070599999844e+02,1.104953213755906560e+01
4.736000070599999958e+02,1.108952384555634474e+01
4.736500070600000072e+02,1.110656658676165698e+01
4.737000070600000186e+02,1.111515898788022483e+01
4.737500070599999731e+02,1.111543012587107704e+01
4.738000070599999844e+02,1.110805517251988661e+01
4.738500070599999958e+02,1.110855009482431655e+01
4.739000070600000072e+02,1.110979885712021442e+01
4.739500070600000186e+02,1.111712798433210736e+01
4.740000070599999731e+02,1.112052293748517684e+01
4.740500070599999844e+02,1.112743962944337994e+01
4.741000070599999958e+02,1.110264463300664595e+01
4.741500070700000151e+02,1.110604493254263581e+01
4.742000070700000265e+02,1.111665368379036245e+01
4.742500070699999810e+02,1.112880983100841981e+01
4.743000070699999924e+02,1.111209092785415464e+01
4.743500070700000038e+02,1.113065127803925236e+01
4.744000070700000151e+02,1.112690957376548617e+01
4.744500070700000265e+02,1.114508956699440034e+01
4.745000070699999810e+02,1.113408594717971489e+01
4.745500070699999924e+02,1.115718003007946457e+01
4.746000070700000038e+02,1.115359260714133782e+01
4.746500070700000151e+02,1.115506133490587182e+01
4.747000070700000265e+02,1.113400116882201196e+01
4.747500070699999810e+02,1.114291282537769945e+01
4.748000070800000003e+02,1.116031453800751727e+01
4.748500070800000117e+02,1.116399666830019477e+01
4.749000070800000231e+02,1.116539054670387365e+01
4.749500070799999776e+02,1.115246528411458193e+01
4.750000070799999889e+02,1.115326342270737392e+01
4.750500070800000003e+02,1.113437236055033352e+01
4.751000070800000117e+02,1.114825615321996466e+01
4.751500070800000231e+02,1.113435097501866089e+01
4.752000070799999776e+02,1.114105228412215709e+01
4.752500070799999889e+02,1.115062689215970160e+01
4.753000070800000003e+02,1.116677296857272772e+01
4.753500070800000117e+02,1.117878552722098284e+01
4.754000070800000231e+02,1.120098829171136501e+01
4.754500070799999776e+02,1.120104786569245370e+01
4.755000070899999969e+02,1.120768272689396561e+01
4.755500070900000082e+02,1.121520279635293704e+01
4.756000070900000196e+02,1.121519515866305383e+01
4.756500070899999741e+02,1.121046666485638177e+01
4.757000070899999855e+02,1.120178566653516938e+01
4.757500070899999969e+02,1.119038794192250919e+01
4.758000070900000082e+02,1.118647362585738314e+01
4.758500070900000196e+02,1.121736884520380606e+01
4.759000070899999741e+02,1.122612545665486294e+01
4.759500070899999855e+02,1.123259457998590882e+01
4.760000070899999969e+02,1.121019552686552956e+01
4.760500070900000082e+02,1.120631863548083196e+01
4.761000070900000196e+02,1.122069658668590364e+01
4.761500070999999821e+02,1.121885743096203569e+01
4.762000070999999934e+02,1.123571915891711548e+01
4.762500071000000048e+02,1.123851837225929984e+01
4.763000071000000162e+02,1.124766908850832792e+01
4.763500071000000275e+02,1.122700073591547465e+01
4.764000070999999821e+02,1.121925000822203167e+01
4.764500070999999934e+02,1.122118616260741497e+01
4.765000071000000048e+02,1.124075316031911420e+01
4.765500071000000162e+02,1.124217911702030470e+01
4.766000071000000275e+02,1.125205006742531566e+01
4.766500070999999821e+02,1.125782950735991150e+01
4.767000070999999934e+02,1.124538007285034169e+01
4.767500071000000048e+02,1.122250137280529714e+01
4.768000071000000162e+02,1.121734593213415465e+01
4.768500071099999786e+02,1.121667457919342503e+01
4.769000071099999900e+02,1.120662185176919223e+01
4.769500071100000014e+02,1.122325674033474385e+01
4.770000071100000127e+02,1.123908203377267689e+01
4.770500071100000241e+02,1.123397623808577706e+01
4.771000071099999786e+02,1.123010163800804229e+01
4.771500071099999900e+02,1.123132595969631531e+01
4.772000071100000014e+02,1.123398998592756470e+01
4.772500071100000127e+02,1.123780501202421078e+01
4.773000071100000241e+02,1.123489199710276942e+01
4.773500071099999786e+02,1.120663712714896043e+01
4.774000071099999900e+02,1.119040016222632339e+01
4.774500071100000014e+02,1.119626819936356554e+01
4.775000071200000207e+02,1.122050335313185876e+01
4.775500071199999752e+02,1.122962962877326198e+01
4.776000071199999866e+02,1.122916678476634189e+01
4.776500071199999979e+02,1.122502715684966290e+01
4.777000071200000093e+02,1.122409077606998551e+01
4.777500071200000207e+02,1.124001459570741268e+01
4.778000071199999752e+02,1.122338581729376905e+01
4.778500071199999866e+02,1.122265870921689235e+01
4.779000071199999979e+02,1.121807685905597651e+01
4.779500071200000093e+02,1.122768660046698308e+01
4.780000071200000207e+02,1.123728717665013122e+01
4.780500071199999752e+02,1.123444290093763875e+01
4.781000071199999866e+02,1.122742539147297869e+01
4.781500071199999979e+02,1.125038123218584296e+01
4.782000071300000172e+02,1.124532966409711143e+01
4.782500071299999718e+02,1.125856959950959180e+01
4.783000071299999831e+02,1.124892472472512139e+01
4.783500071299999945e+02,1.124711688352977568e+01
4.784000071300000059e+02,1.126248926195763644e+01
4.784500071300000172e+02,1.124746745349541222e+01
4.785000071299999718e+02,1.126124431850667840e+01
4.785500071299999831e+02,1.127019492728076955e+01
4.786000071299999945e+02,1.127383123143414778e+01
4.786500071300000059e+02,1.126970382382128122e+01
4.787000071300000172e+02,1.127321639739854930e+01
4.787500071299999718e+02,1.124641345229153444e+01
4.788000071299999831e+02,1.125142835946882514e+01
4.788500071400000024e+02,1.125553209024305445e+01
4.789000071400000138e+02,1.124972515462487799e+01
4.789500071400000252e+02,1.125099530245245028e+01
4.790000071399999797e+02,1.127706808440663622e+01
4.790500071399999911e+02,1.126832445702837937e+01
4.791000071400000024e+02,1.128543440990466351e+01
4.791500071400000138e+02,1.130289569651557180e+01
4.792000071400000252e+02,1.130027444134766768e+01
4.792500071399999797e+02,1.129660835020374421e+01
4.793000071399999911e+02,1.129621959178869162e+01
4.793500071400000024e+02,1.130046309228778156e+01
4.794000071400000138e+02,1.130526338037935474e+01
4.794500071400000252e+02,1.129636776297242484e+01
4.795000071499999876e+02,1.128849712354781509e+01
4.795500071499999990e+02,1.129968557545767460e+01
4.796000071500000104e+02,1.131255050029689002e+01
4.796500071500000217e+02,1.133702318622055394e+01
4.797000071499999763e+02,1.133239321861337245e+01
4.797500071499999876e+02,1.134774039266461898e+01
4.798000071499999990e+02,1.133789541040520987e+01
4.798500071500000104e+02,1.132711939374904375e+01
4.799000071500000217e+02,1.130748518436636907e+01
4.799500071499999763e+02,1.130148577896313888e+01
4.800000071499999876e+02,1.130368696118746819e+01
4.800500071499999990e+02,1.128585066400329495e+01
4.801000071500000104e+02,1.128906384013714614e+01
4.801500071500000217e+02,1.127164685212756012e+01
4.802000071599999842e+02,1.127403057514009888e+01
4.802500071599999956e+02,1.124566801375893732e+01
4.803000071600000069e+02,1.123609493325936803e+01
4.803500071600000183e+02,1.124432378033949753e+01
4.804000071599999728e+02,1.126127792434216346e+01
4.804500071599999842e+02,1.124373109560456285e+01
4.805000071599999956e+02,1.124659370177277751e+01
4.805500071600000069e+02,1.125641882603848920e+01
4.806000071600000183e+02,1.126850776158557643e+01
4.806500071599999728e+02,1.127889196475073774e+01
4.807000071599999842e+02,1.128652430825099096e+01
4.807500071599999956e+02,1.129565516650632517e+01
4.808000071600000069e+02,1.128031333883799547e+01
4.808500071700000262e+02,1.129569641003169345e+01
4.809000071699999808e+02,1.130914943699191433e+01
4.809500071699999921e+02,1.129160413579229072e+01
4.810000071700000035e+02,1.127943424073244216e+01
4.810500071700000149e+02,1.129140861093128123e+01
4.811000071700000262e+02,1.127277112007836202e+01
4.811500071699999808e+02,1.126404735069380258e+01
4.812000071699999921e+02,1.129784107335088805e+01
4.812500071700000035e+02,1.132704759946413908e+01
4.813000071700000149e+02,1.134583555280775791e+01
4.813500071700000262e+02,1.132076254445927610e+01
4.814000071699999808e+02,1.130601645660183507e+01
4.814500071699999921e+02,1.132184327757774689e+01
4.815000071700000035e+02,1.131556586026276712e+01
4.815500071800000228e+02,1.131936331967268039e+01
4.816000071799999773e+02,1.133553078161738092e+01
4.816500071799999887e+02,1.135392463016302500e+01
4.817000071800000001e+02,1.133558348167757579e+01
4.817500071800000114e+02,1.135243680817378298e+01
4.818000071800000228e+02,1.136568056243120495e+01
4.818500071799999773e+02,1.136272248513945016e+01
4.819000071799999887e+02,1.134306154384218779e+01
4.819500071800000001e+02,1.135033109707299204e+01
4.820000071800000114e+02,1.135978808468633616e+01
4.820500071800000228e+02,1.136691939573025500e+01
4.821000071799999773e+02,1.135650464180556085e+01
4.821500071799999887e+02,1.136007297051897957e+01
4.822000071900000080e+02,1.134811387569990693e+01
4.822500071900000194e+02,1.135343199916555967e+01
4.823000071899999739e+02,1.135859125868164377e+01
4.823500071899999853e+02,1.135062591190248149e+01
4.824000071899999966e+02,1.133602264884585686e+01
4.824500071900000080e+02,1.133988731992674381e+01
4.825000071900000194e+02,1.134169286981512492e+01
4.825500071899999739e+02,1.132678639047013647e+01
4.826000071899999853e+02,1.132153471490646623e+01
4.826500071899999966e+02,1.131749666826523359e+01
4.827000071900000080e+02,1.129861477133605163e+01
4.827500071900000194e+02,1.129480432785333832e+01
4.828000071899999739e+02,1.131275289907879511e+01
4.828500071999999932e+02,1.133517868411376561e+01
4.829000072000000046e+02,1.133398109434008383e+01
4.829500072000000159e+02,1.135951694669548218e+01
4.830000072000000273e+02,1.135487781386044581e+01
4.830500071999999818e+02,1.134394751586863492e+01
4.831000071999999932e+02,1.131924417171050301e+01
4.831500072000000046e+02,1.132955199797683221e+01
4.832000072000000159e+02,1.133018516246814755e+01
4.832500072000000273e+02,1.133833152249753873e+01
4.833000071999999818e+02,1.135270794616463519e+01
4.833500071999999932e+02,1.134283775952861184e+01
4.834000072000000046e+02,1.133910522048270586e+01
4.834500072000000159e+02,1.133357171416234621e+01
4.835000072000000273e+02,1.133622963024168939e+01
4.835500072099999898e+02,1.135701025687582799e+01
4.836000072100000011e+02,1.134839876153254856e+01
4.836500072100000125e+02,1.134289198712678193e+01
4.837000072100000239e+02,1.136056025513352452e+01
4.837500072099999784e+02,1.137364056282744507e+01
4.838000072099999898e+02,1.139968355779108755e+01
4.838500072100000011e+02,1.139883959305899630e+01
4.839000072100000125e+02,1.136071148139321174e+01
4.839500072100000239e+02,1.134907775216316317e+01
4.840000072099999784e+02,1.133742110986346674e+01
4.840500072099999898e+02,1.134619757930821748e+01
4.841000072100000011e+02,1.133578282538352333e+01
4.841500072100000125e+02,1.134688191632175069e+01
4.842000072199999750e+02,1.134339454712109507e+01
4.842500072199999863e+02,1.134545290454460975e+01
4.843000072199999977e+02,1.137472511479085746e+01
4.843500072200000091e+02,1.137552172584567245e+01
4.844000072200000204e+02,1.135725008033815797e+01
4.844500072199999750e+02,1.137842481177026599e+01
4.845000072199999863e+02,1.138302575615588808e+01
4.845500072199999977e+02,1.136940011740430911e+01
4.846000072200000091e+02,1.135965137003742775e+01
4.846500072200000204e+02,1.134402465653645642e+01
4.847000072199999750e+02,1.134745397929400035e+01
4.847500072199999863e+02,1.135108493706445998e+01
4.848000072199999977e+02,1.136243683553782091e+01
4.848500072200000091e+02,1.136576839586485832e+01
4.849000072300000284e+02,1.136341140476691436e+01
4.849500072299999829e+02,1.136714241627484334e+01
4.850000072299999943e+02,1.135928934353696462e+01
4.850500072300000056e+02,1.134971549926840773e+01
4.851000072300000170e+02,1.134527189129437730e+01
4.851500072300000284e+02,1.136516349082611299e+01
4.852000072299999829e+02,1.137816818539019081e+01
4.852500072299999943e+02,1.140115610440056493e+01
4.853000072300000056e+02,1.140511471906701146e+01
4.853500072300000170e+02,1.142198102963602224e+01
4.854000072300000284e+02,1.143455037587675882e+01
4.854500072299999829e+02,1.141678587297748848e+01
4.855000072299999943e+02,1.143499336188998328e+01
4.855500072400000136e+02,1.144005333143758385e+01
4.856000072400000249e+02,1.143958743235471154e+01
4.856500072399999794e+02,1.142560893233052965e+01
4.857000072399999908e+02,1.143174581615165764e+01
4.857500072400000022e+02,1.142992651842148710e+01
4.858000072400000136e+02,1.142421276261988616e+01
4.858500072400000249e+02,1.142989978650689586e+01
4.859000072399999794e+02,1.141280205393442593e+01
4.859500072399999908e+02,1.140571198641587713e+01
4.860000072400000022e+02,1.140798649046308455e+01
4.860500072400000136e+02,1.143383548810369454e+01
4.861000072400000249e+02,1.143415245223384780e+01
4.861500072399999794e+02,1.143191079025313606e+01
4.862000072399999908e+02,1.143225219499091239e+01
4.862500072500000101e+02,1.145963942337399288e+01
4.863000072500000215e+02,1.146567472591967629e+01
4.863500072499999760e+02,1.145665003155371764e+01
4.864000072499999874e+02,1.145602526852127667e+01
4.864500072499999987e+02,1.146095921618580427e+01
4.865000072500000101e+02,1.146606653941068288e+01
4.865500072500000215e+02,1.146888790205352748e+01
4.866000072499999760e+02,1.146189406942750466e+01
4.866500072499999874e+02,1.145939654483570713e+01
4.867000072499999987e+02,1.145836240162552677e+01
4.867500072500000101e+02,1.144727705852909061e+01
4.868000072500000215e+02,1.147450695050057590e+01
4.868500072499999760e+02,1.151372496051269145e+01
4.869000072599999953e+02,1.148793171800822854e+01
4.869500072600000067e+02,1.147911858765203696e+01
4.870000072600000181e+02,1.147868934948060193e+01
4.870500072599999726e+02,1.145912006046193632e+01
4.871000072599999839e+02,1.146657291824993763e+01
4.871500072599999953e+02,1.146421516338300073e+01
4.872000072600000067e+02,1.147042613279599799e+01
4.872500072600000181e+02,1.147930265597822164e+01
4.873000072599999726e+02,1.149706334003255037e+01
4.873500072599999839e+02,1.148708087935524524e+01
4.874000072599999953e+02,1.150352406190472720e+01
4.874500072600000067e+02,1.150745212581164090e+01
4.875000072600000181e+02,1.149639504216777297e+01
4.875500072699999805e+02,1.149744598829569675e+01
4.876000072699999919e+02,1.151155127397193922e+01
4.876500072700000032e+02,1.154425280697573264e+01
4.877000072700000146e+02,1.153821139427814124e+01
4.877500072700000260e+02,1.150333159211966993e+01
4.878000072699999805e+02,1.150783706538175366e+01
4.878500072699999919e+02,1.153467208878628192e+01
4.879000072700000032e+02,1.155256643241356329e+01
4.879500072700000146e+02,1.154213029295719828e+01
4.880000072700000260e+02,1.156732321303684508e+01
4.880500072699999805e+02,1.156152697018450404e+01
4.881000072699999919e+02,1.158245958684731391e+01
4.881500072700000032e+02,1.159428884093837198e+01
4.882000072700000146e+02,1.161223664839483938e+01
4.882500072799999771e+02,1.160313557713005039e+01
4.883000072799999884e+02,1.156197224750469310e+01
4.883500072799999998e+02,1.156201272726107376e+01
4.884000072800000112e+02,1.158828103407626919e+01
4.884500072800000225e+02,1.158809085559817831e+01
4.885000072799999771e+02,1.160742643130641660e+01
4.885500072799999884e+02,1.161383139804244635e+01
4.886000072799999998e+02,1.160862172977313378e+01
4.886500072800000112e+02,1.160579502074737057e+01
4.887000072800000225e+02,1.159706284990394032e+01
4.887500072799999771e+02,1.158883400282381082e+01
4.888000072799999884e+02,1.157882328269393568e+01
4.888500072799999998e+02,1.157040349336672591e+01
4.889000072900000191e+02,1.159254744764500877e+01
4.889500072899999736e+02,1.160108332985844193e+01
4.890000072899999850e+02,1.160220148765733938e+01
4.890500072899999964e+02,1.162398647051111134e+01
4.891000072900000077e+02,1.160731950364805165e+01
4.891500072900000191e+02,1.161298972461731971e+01
4.892000072899999736e+02,1.162700106670800082e+01
4.892500072899999850e+02,1.162053041583897617e+01
4.893000072899999964e+02,1.163932142425854543e+01
4.893500072900000077e+02,1.164934360092324539e+01
4.894000072900000191e+02,1.165798106441212667e+01
4.894500072899999736e+02,1.167758090419032158e+01
4.895000072899999850e+02,1.167669798723982844e+01
4.895500072899999964e+02,1.168573261060263313e+01
4.896000073000000157e+02,1.169131881698318409e+01
4.896500073000000270e+02,1.170081628435291066e+01
4.897000072999999816e+02,1.170681568975614262e+01
4.897500072999999929e+02,1.169916959841409820e+01
4.898000073000000043e+02,1.170494216442779845e+01
4.898500073000000157e+02,1.170446633634807831e+01
4.899000073000000270e+02,1.169978214114273030e+01
4.899500072999999816e+02,1.169814232912481167e+01
4.900000072999999929e+02,1.171087130308410629e+01
4.900500073000000043e+02,1.171234003084864028e+01
4.901000073000000157e+02,1.172201927523758513e+01
4.901500073000000270e+02,1.172297245893500595e+01
4.902000072999999816e+02,1.172743897997868423e+01
4.902500073100000009e+02,1.175114407806908723e+01
4.903000073100000122e+02,1.176909646813948385e+01
4.903500073100000236e+02,1.175791947276444915e+01
4.904000073099999781e+02,1.176426486551938844e+01
4.904500073099999895e+02,1.177048423639125474e+01
4.905000073100000009e+02,1.178486829774823619e+01
4.905500073100000122e+02,1.180090439142694514e+01
4.906000073100000236e+02,1.177417629568078183e+01
4.906500073099999781e+02,1.176914000297181850e+01
4.907000073099999895e+02,1.175396544071193183e+01
4.907500073100000009e+02,1.176616741406928845e+01
4.908000073100000122e+02,1.176764607083067027e+01
4.908500073100000236e+02,1.176634842731951736e+01
4.909000073099999781e+02,1.178727187875447058e+01
4.909500073199999974e+02,1.180763472375199719e+01
4.910000073200000088e+02,1.181599952171204748e+01
4.910500073200000202e+02,1.179204085231752330e+01
4.911000073199999747e+02,1.183147424518434221e+01
4.911500073199999861e+02,1.186033860279082930e+01
4.912000073199999974e+02,1.185236409078381037e+01
4.912500073200000088e+02,1.184878583307354205e+01
4.913000073200000202e+02,1.186841240476632997e+01
4.913500073199999747e+02,1.187496172384115134e+01
4.914000073199999861e+02,1.186974823672689716e+01
4.914500073199999974e+02,1.185883397788384386e+01
4.915000073200000088e+02,1.184793193934460298e+01
4.915500073200000202e+02,1.185638686204527659e+01
4.916000073299999826e+02,1.185561927421201744e+01
4.916500073299999940e+02,1.185414290875759846e+01
4.917000073300000054e+02,1.187111385567800959e+01
4.917500073300000167e+02,1.188394975729566738e+01
4.918000073300000281e+02,1.186248479364800090e+01
4.918500073299999826e+02,1.185673666824192374e+01
4.919000073299999940e+02,1.188494647582542285e+01
4.919500073300000054e+02,1.188752114108504010e+01
4.920000073300000167e+02,1.189736994218939081e+01
4.920500073300000281e+02,1.188874088015938391e+01
4.921000073299999826e+02,1.188651143848248459e+01
4.921500073299999940e+02,1.186713538301786386e+01
4.922000073300000054e+02,1.186851933242469492e+01
4.922500073400000247e+02,1.188963448987571425e+01
4.923000073399999792e+02,1.192052665414618318e+01
4.923500073399999906e+02,1.194059926692814777e+01
4.924000073400000019e+02,1.194573103076065301e+01
4.924500073400000133e+02,1.194633593579939834e+01
4.925000073400000247e+02,1.198700357935133987e+01
4.925500073399999792e+02,1.199897336693624794e+01
4.926000073399999906e+02,1.198367125525531129e+01
4.926500073400000019e+02,1.199503155518754127e+01
4.927000073400000133e+02,1.202979908330473258e+01
4.927500073400000247e+02,1.204230274541247425e+01
4.928000073399999792e+02,1.204470556264971925e+01
4.928500073399999906e+02,1.205795924590398904e+01
4.929000073400000019e+02,1.207953724736192846e+01
4.929500073500000212e+02,1.209051489903101206e+01
4.930000073499999758e+02,1.205792334876153937e+01
4.930500073499999871e+02,1.209136879275994936e+01
4.931000073499999985e+02,1.209391290726003731e+01
4.931500073500000099e+02,1.208516164219189726e+01
4.932000073500000212e+02,1.210540304792028010e+01
4.932500073499999758e+02,1.212251681964150407e+01
4.933000073499999871e+02,1.214084345651617802e+01
4.933500073499999985e+02,1.213444383616306865e+01
4.934000073500000099e+02,1.214764711066410818e+01
4.934500073500000212e+02,1.215981700572395496e+01
4.935000073499999758e+02,1.217215416619224477e+01
4.935500073499999871e+02,1.219015314617092827e+01
4.936000073600000064e+02,1.218979111967046691e+01
4.936500073600000178e+02,1.217594475168126245e+01
4.937000073599999723e+02,1.216633119142531427e+01
4.937500073599999837e+02,1.217217249664796341e+01
4.938000073599999951e+02,1.217284690466464880e+01
4.938500073600000064e+02,1.215775788453145267e+01
4.939000073600000178e+02,1.216682000357783622e+01
4.939500073599999723e+02,1.219070229607353006e+01
4.940000073599999837e+02,1.222074285792202275e+01
4.940500073599999951e+02,1.221922754024920010e+01
4.941000073600000064e+02,1.223532320790899774e+01
4.941500073600000178e+02,1.225916654818628793e+01
4.942000073599999723e+02,1.225030377284585192e+01
4.942500073599999837e+02,1.227613214872377867e+01
4.943000073700000030e+02,1.228800646518514839e+01
4.943500073700000144e+02,1.228814547114102140e+01
4.944000073700000257e+02,1.227780556657718236e+01
4.944500073699999803e+02,1.228223008032650476e+01
4.945000073699999916e+02,1.230857858288547213e+01
4.945500073700000030e+02,1.231610476249635155e+01
4.946000073700000144e+02,1.234731770974191356e+01
4.946500073700000257e+02,1.237127561536744835e+01
4.947000073699999803e+02,1.238981381625188405e+01
4.947500073699999916e+02,1.237558403623054559e+01
4.948000073700000030e+02,1.236121754156029695e+01
4.948500073700000144e+02,1.235653640143090115e+01
4.949000073700000257e+02,1.234245632013127292e+01
4.949500073799999882e+02,1.233739329550771835e+01
4.950000073799999996e+02,1.237012079665711184e+01
4.950500073800000109e+02,1.239710551878335032e+01
4.951000073800000223e+02,1.240936782989078324e+01
4.951500073799999768e+02,1.243228395461625269e+01
4.952000073799999882e+02,1.244850182531418348e+01
4.952500073799999996e+02,1.243646711736526811e+01
4.953000073800000109e+02,1.244025693908529639e+01
4.953500073800000223e+02,1.247411863718234315e+01
4.954000073799999768e+02,1.248454637517983734e+01
4.954500073799999882e+02,1.249891668869502759e+01
4.955000073799999996e+02,1.250379488122340987e+01
4.955500073800000109e+02,1.251230403152225534e+01
4.956000073899999734e+02,1.252459918469618394e+01
4.956500073899999848e+02,1.251142798849265425e+01
4.957000073899999961e+02,1.251205962544599082e+01
4.957500073900000075e+02,1.251367957947021381e+01
4.958000073900000189e+02,1.253589532803339601e+01
4.958500073899999734e+02,1.254446634362029300e+01
4.959000073899999848e+02,1.254121574280601337e+01
4.959500073899999961e+02,1.254494675431394413e+01
4.960000073900000075e+02,1.254854792509386030e+01
4.960500073900000189e+02,1.255476882350370360e+01
4.961000073899999734e+02,1.255027022416251370e+01
4.961500073899999848e+02,1.255766350796942632e+01
4.962000073899999961e+02,1.258967841265272014e+01
4.962500073900000075e+02,1.258972576632999640e+01
4.963000074000000268e+02,1.260591766888232179e+01
4.963500073999999813e+02,1.260766746363455759e+01
4.964000073999999927e+02,1.261385781128486805e+01
4.964500074000000041e+02,1.261524176069170089e+01
4.965000074000000154e+02,1.261838085123368280e+01
4.965500074000000268e+02,1.261832509609753572e+01
4.966000073999999813e+02,1.262735513684641120e+01
4.966500073999999927e+02,1.263396326613333187e+01
4.967000074000000041e+02,1.263658146622528378e+01
4.967500074000000154e+02,1.263977172928948356e+01
4.968000074000000268e+02,1.262166658542142628e+01
4.968500073999999813e+02,1.261774004905248603e+01
4.969000073999999927e+02,1.261091042675895224e+01
4.969500074100000120e+02,1.262593987291105790e+01
4.970000074100000234e+02,1.264748121345756005e+01
4.970500074099999779e+02,1.261707022364973163e+01
4.971000074099999892e+02,1.264425199817495304e+01
4.971500074100000006e+02,1.265830916640493342e+01
4.972000074100000120e+02,1.265207757522925114e+01
4.972500074100000234e+02,1.267575365009809829e+01
4.973000074099999779e+02,1.267773944946772424e+01
4.973500074099999892e+02,1.268079910803492183e+01
4.974000074100000006e+02,1.266991387241342437e+01
4.974500074100000120e+02,1.265645244399433444e+01
4.975000074100000234e+02,1.267582849945895518e+01
4.975500074099999779e+02,1.269896840849800235e+01
4.976000074099999892e+02,1.265886137138348744e+01
4.976500074200000086e+02,1.267158499895986523e+01
4.977000074200000199e+02,1.269370985901343651e+01
4.977500074199999744e+02,1.268379461000710506e+01
4.978000074199999858e+02,1.268749888960044103e+01
4.978500074199999972e+02,1.270437742047326424e+01
4.979000074200000086e+02,1.269631736633955299e+01
4.979500074200000199e+02,1.268842457761428300e+01
4.980000074199999744e+02,1.270905092291277860e+01
4.980500074199999858e+02,1.271720950324598398e+01
4.981000074199999972e+02,1.271890430663105853e+01
4.981500074200000086e+02,1.272063577092757392e+01
4.982000074200000199e+02,1.271619827310545148e+01
4.982500074199999744e+02,1.272926254165061621e+01
4.983000074299999937e+02,1.274124836838428187e+01
4.983500074300000051e+02,1.275955132842031681e+01
4.984000074300000165e+02,1.277270572170610308e+01
4.984500074300000279e+02,1.280613207147980859e+01
4.985000074299999824e+02,1.280562874771650606e+01
4.985500074299999937e+02,1.279947811605358865e+01
4.986000074300000051e+02,1.280888469491370429e+01
4.986500074300000165e+02,1.281517280499451950e+01
4.987000074300000279e+02,1.284042071644132399e+01
4.987500074299999824e+02,1.287965934821612279e+01
4.988000074299999937e+02,1.286915905216473810e+01
4.988500074300000051e+02,1.285655304501256069e+01
4.989000074300000165e+02,1.286146255206946343e+01
4.989500074300000279e+02,1.287293970865690795e+01
4.990000074399999903e+02,1.286298016104925068e+01
4.990500074400000017e+02,1.285535851031483112e+01
4.991000074400000130e+02,1.284609704756249471e+01
4.991500074400000244e+02,1.284557233826752309e+01
4.992000074399999789e+02,1.286026648983375864e+01
4.992500074399999903e+02,1.286659507967095628e+01
4.993000074400000017e+02,1.288089512643921886e+01
4.993500074400000130e+02,1.289228826843794806e+01
4.994000074400000244e+02,1.287577863798648359e+01
4.994500074399999789e+02,1.287460854389638065e+01
4.995000074399999903e+02,1.285721065011150266e+01
4.995500074400000017e+02,1.285455655287709753e+01
4.996000074400000130e+02,1.288023370249533706e+01
4.996500074499999755e+02,1.288174291001625171e+01
4.997000074499999869e+02,1.287735887602330997e+01
4.997500074499999982e+02,1.286644003456632568e+01
4.998000074500000096e+02,1.286571980041034458e+01
4.998500074500000210e+02,1.284793543951737682e+01
4.999000074499999755e+02,1.284990901858318857e+01
4.999500074499999869e+02,1.286750778361199465e+01
5.000000074499999982e+02,1.286366373429379273e+01
5.000500074500000096e+02,1.285310080918536713e+01
5.001000074500000210e+02,1.284867094905312612e+01
5.001500074499999755e+02,1.285570984404945705e+01
5.002000074499999869e+02,1.284918725688922869e+01
5.002500074499999982e+02,1.287949972049756298e+01
5.003000074600000175e+02,1.287054987549246299e+01
5.003500074599999721e+02,1.289148249215527287e+01
5.004000074599999834e+02,1.288865272805355922e+01
5.004500074599999948e+02,1.287861527600909106e+01
5.005000074600000062e+02,1.287190021906380721e+01
5.005500074600000175e+02,1.289042390833746410e+01
5.006000074599999721e+02,1.288169784764594006e+01
5.006500074599999834e+02,1.288107919476540353e+01
5.007000074599999948e+02,1.287653858812985774e+01
5.007500074600000062e+02,1.286680129729780120e+01
5.008000074600000175e+02,1.286547386679610661e+01
5.008500074599999721e+02,1.284310078182132919e+01
5.009000074599999834e+02,1.283762379440610601e+01
5.009500074599999948e+02,1.281936895181633673e+01
5.010000074700000141e+02,1.284006709139973168e+01
5.010500074700000255e+02,1.282112943933440619e+01
5.011000074699999800e+02,1.283704562128195015e+01
5.011500074699999914e+02,1.283025495120682002e+01
5.012000074700000027e+02,1.282953089820589554e+01
5.012500074700000141e+02,1.282893363085703164e+01
5.013000074700000255e+02,1.284773227696648412e+01
5.013500074699999800e+02,1.284899096825923159e+01
5.014000074699999914e+02,1.284012895668778675e+01
5.014500074700000027e+02,1.284523398860569898e+01
5.015000074700000141e+02,1.285816459757790930e+01
5.015500074700000255e+02,1.290604451168653100e+01
5.016000074699999800e+02,1.291960446630511505e+01
5.016500074799999993e+02,1.290188197070020237e+01
5.017000074800000107e+02,1.289949672014968840e+01
5.017500074800000220e+02,1.290706567082391132e+01
5.018000074799999766e+02,1.287399370986078395e+01
5.018500074799999879e+02,1.286944775684231956e+01
5.019000074799999993e+02,1.284813401945433853e+01
5.019500074800000107e+02,1.285496135044090593e+01
5.020000074800000220e+02,1.285142433625601122e+01
5.020500074799999766e+02,1.282171754145540987e+01
5.021000074799999879e+02,1.282751302053876330e+01
5.021500074799999993e+02,1.281701577956332905e+01
5.022000074800000107e+02,1.282658809629390895e+01
5.022500074800000220e+02,1.282228502181372853e+01
5.023000074799999766e+02,1.280176254909764566e+01
5.023500074899999959e+02,1.281751757578865281e+01
5.024000074900000072e+02,1.281842646088474957e+01
5.024500074900000186e+02,1.279808118257395755e+01
5.025000074899999731e+02,1.280216887419942928e+01
5.025500074899999845e+02,1.280297999686502131e+01
5.026000074899999959e+02,1.279920163167981606e+01
5.026500074900000072e+02,1.280173276210710043e+01
5.027000074900000186e+02,1.281597170735629909e+01
5.027500074899999731e+02,1.282394545559433219e+01
5.028000074899999845e+02,1.281185346497129274e+01
5.028500074899999959e+02,1.281633602516372683e+01
5.029000074900000072e+02,1.283012434670981783e+01
5.029500074900000186e+02,1.282395003820826318e+01
5.030000074999999811e+02,1.283863960716056773e+01
5.030500074999999924e+02,1.284875572741082905e+01
5.031000075000000038e+02,1.284985020837108927e+01
5.031500075000000152e+02,1.284250733331740690e+01
5.032000075000000265e+02,1.285266240578607189e+01
5.032500074999999811e+02,1.286562356551781683e+01
5.033000074999999924e+02,1.286059414672974732e+01
5.033500075000000038e+02,1.283231559993730109e+01
5.034000075000000152e+02,1.283238815799118981e+01
5.034500075000000265e+02,1.283816148777387944e+01
5.035000074999999811e+02,1.284491015055465191e+01
5.035500074999999924e+02,1.283694174869953741e+01
5.036000075000000038e+02,1.285834179198319838e+01
5.036500075000000152e+02,1.286172528860144482e+01
5.037000075099999776e+02,1.281892443826513528e+01
5.037500075099999890e+02,1.281146776163219236e+01
5.038000075100000004e+02,1.281307014896968255e+01
5.038500075100000117e+02,1.281776809201681999e+01
5.039000075100000231e+02,1.280731896848765317e+01
5.039500075099999776e+02,1.280388124427123664e+01
5.040000075099999890e+02,1.280053288102645226e+01
5.040500075100000004e+02,1.283054060080845105e+01
5.041000075100000117e+02,1.283379731177463512e+01
5.041500075100000231e+02,1.282575940694158412e+01
5.042000075099999776e+02,1.282538057752337934e+01
5.042500075099999890e+02,1.279806514342520174e+01
5.043000075100000004e+02,1.281024191240594234e+01
5.043500075200000197e+02,1.281793153858032142e+01
5.044000075199999742e+02,1.281603815525828338e+01
5.044500075199999856e+02,1.280243313826938945e+01
5.045000075199999969e+02,1.279849132652068278e+01
5.045500075200000083e+02,1.282340547091959237e+01
5.046000075200000197e+02,1.279762062987400029e+01
5.046500075199999742e+02,1.279785128810847183e+01
5.047000075199999856e+02,1.279820720445702698e+01
5.047500075199999969e+02,1.278569590465940387e+01
5.048000075200000083e+02,1.278871813854617301e+01
5.048500075200000197e+02,1.278599835717877653e+01
5.049000075199999742e+02,1.278870057185944376e+01
5.049500075199999856e+02,1.280740909322827292e+01
5.050000075300000049e+02,1.280596098722642395e+01
5.050500075300000162e+02,1.278579290332091922e+01
5.051000075300000276e+02,1.279981188310148355e+01
5.051500075299999821e+02,1.280882053831868461e+01
5.052000075299999935e+02,1.282395309328421362e+01
5.052500075300000049e+02,1.282045961393165179e+01
5.053000075300000162e+02,1.282635820182842501e+01
5.053500075300000276e+02,1.283253480163694782e+01
5.054000075299999821e+02,1.282206811142104819e+01
5.054500075299999935e+02,1.280822708981476232e+01
5.055000075300000049e+02,1.279395912134400781e+01
5.055500075300000162e+02,1.278808955666878866e+01
5.056000075300000276e+02,1.277636723023609733e+01
5.056500075299999821e+02,1.277871123726124125e+01
5.057000075400000014e+02,1.278013184757951315e+01
5.057500075400000128e+02,1.277112701120725191e+01
5.058000075400000242e+02,1.279368263697023878e+01
5.058500075399999787e+02,1.280589148424848744e+01
5.059000075399999901e+02,1.278851955860921130e+01
5.059500075400000014e+02,1.277170060171747679e+01
5.060000075400000128e+02,1.276917405390412341e+01
5.060500075400000242e+02,1.277213747757879680e+01
5.061000075399999787e+02,1.276241393458852791e+01
5.061500075399999901e+02,1.278551412764018380e+01
5.062000075400000014e+02,1.281260501365579785e+01
5.062500075400000128e+02,1.280773675012426160e+01
5.063000075400000242e+02,1.278876625599243866e+01
5.063500075499999866e+02,1.276504435498429224e+01
5.064000075499999980e+02,1.276300585555447320e+01
5.064500075500000094e+02,1.276211682845207207e+01
5.065000075500000207e+02,1.272920525897649568e+01
5.065500075499999753e+02,1.276277137847506005e+01
5.066000075499999866e+02,1.276091083721951946e+01
5.066500075499999980e+02,1.274751738424038905e+01
5.067000075500000094e+02,1.275724169099964378e+01
5.067500075500000207e+02,1.274392614245731892e+01
5.068000075499999753e+02,1.273234816836341921e+01
5.068500075499999866e+02,1.272105813517811512e+01
5.069000075499999980e+02,1.270568575675025436e+01
5.069500075500000094e+02,1.269481808781548793e+01
5.070000075500000207e+02,1.267994826938193675e+01
5.070500075599999832e+02,1.269766312729696800e+01
5.071000075599999946e+02,1.268316068174680034e+01
5.071500075600000059e+02,1.269791593483209979e+01
5.072000075600000173e+02,1.269084801661421302e+01
5.072500075599999718e+02,1.267663274820365160e+01
5.073000075599999832e+02,1.267313010362322956e+01
5.073500075599999946e+02,1.267908062781121004e+01
5.074000075600000059e+02,1.268078230511717841e+01
5.074500075600000173e+02,1.266677249056447607e+01
5.075000075599999718e+02,1.264807160688552834e+01
5.075500075599999832e+02,1.263877959337366086e+01
5.076000075599999946e+02,1.265416190079837122e+01
5.076500075600000059e+02,1.265932192408344115e+01
5.077000075700000252e+02,1.266694662989381115e+01
5.077500075699999798e+02,1.263616062951272134e+01
5.078000075699999911e+02,1.262095398895532483e+01
5.078500075700000025e+02,1.262026736063482879e+01
5.079000075700000139e+02,1.262415265347839721e+01
5.079500075700000252e+02,1.263072183054691422e+01
5.080000075699999798e+02,1.262626294719311737e+01
5.080500075699999911e+02,1.262228065568803004e+01
5.081000075700000025e+02,1.262767591982150428e+01
5.081500075700000139e+02,1.261119225751564166e+01
5.082000075700000252e+02,1.258722824173819888e+01
5.082500075699999798e+02,1.256638269474005654e+01
5.083000075699999911e+02,1.257387374097747212e+01
5.083500075800000104e+02,1.255734654383927484e+01
5.084000075800000218e+02,1.257550515153651816e+01
5.084500075799999763e+02,1.256944082576927713e+01
5.085000075799999877e+02,1.254320841609653492e+01
5.085500075799999991e+02,1.252986231679467899e+01
5.086000075800000104e+02,1.252841344702383886e+01
5.086500075800000218e+02,1.251628708679632673e+01
5.087000075799999763e+02,1.250007914509524731e+01
5.087500075799999877e+02,1.253632838504977265e+01
5.088000075799999991e+02,1.254503229644063467e+01
5.088500075800000104e+02,1.253261646776654992e+01
5.089000075800000218e+02,1.251855166184668811e+01
5.089500075799999763e+02,1.251617557652403256e+01
5.090000075799999877e+02,1.251404236973966100e+01
5.090500075900000070e+02,1.250518799585810115e+01
5.091000075900000184e+02,1.250180144416390249e+01
5.091500075899999729e+02,1.247905334861586191e+01
5.092000075899999842e+02,1.245395666342874463e+01
5.092500075899999956e+02,1.246569961162412277e+01
5.093000075900000070e+02,1.245166841153974602e+01
5.093500075900000184e+02,1.244053036838311499e+01
5.094000075899999729e+02,1.242543752940497725e+01
5.094500075899999842e+02,1.243821691211750213e+01
5.095000075899999956e+02,1.242333792845609430e+01
5.095500075900000070e+02,1.241571704149066413e+01
5.096000075900000184e+02,1.242338757344033517e+01
5.096500075899999729e+02,1.241031108459135268e+01
5.097000075999999922e+02,1.239828095925636831e+01
5.097500076000000035e+02,1.238412984744082834e+01
5.098000076000000149e+02,1.239289409658176844e+01
5.098500076000000263e+02,1.240115884080434938e+01
5.099000075999999808e+02,1.242878360134279703e+01
5.099500075999999922e+02,1.240474015359056992e+01
5.100000076000000035e+02,1.240739119574901750e+01
5.100500076000000149e+02,1.238930514610566647e+01
5.101000076000000263e+02,1.240685350238124052e+01
5.101500075999999808e+02,1.241441328782760678e+01
5.102000075999999922e+02,1.240029883692350410e+01
5.102500076000000035e+02,1.237996196007157934e+01
5.103000076000000149e+02,1.235907135070312712e+01
5.103500076000000263e+02,1.237844587862977086e+01
5.104000076099999887e+02,1.239562991709792072e+01
5.104500076100000001e+02,1.240201197076429906e+01
5.105000076100000115e+02,1.240108933782641287e+01
5.105500076100000229e+02,1.238661438795982406e+01
5.106000076099999774e+02,1.239212956382446329e+01
5.106500076099999887e+02,1.237208521049506338e+01
5.107000076100000001e+02,1.235641572593074855e+01
5.107500076100000115e+02,1.233910795688648854e+01
5.108000076100000229e+02,1.232991523334310457e+01
5.108500076099999774e+02,1.233706487484274028e+01
5.109000076099999887e+02,1.235508218527714419e+01
5.109500076100000001e+02,1.236921496663696729e+01
5.110000076100000115e+02,1.236190111480484255e+01
5.110500076199999739e+02,1.236465755708367809e+01
5.111000076199999853e+02,1.235560002065122553e+01
5.111500076199999967e+02,1.236236013996681926e+01
5.112000076200000080e+02,1.236196221632390646e+01
5.112500076200000194e+02,1.235977325440338959e+01
5.113000076199999739e+02,1.236462929763111163e+01
5.113500076199999853e+02,1.234992368953005126e+01
5.114000076199999967e+02,1.234205152256746452e+01
5.114500076200000080e+02,1.233809825428393481e+01
5.115000076200000194e+02,1.232434430234231648e+01
5.115500076199999739e+02,1.233540902367607117e+01
5.116000076199999853e+02,1.231801265742916662e+01
5.116500076199999967e+02,1.231451612300065079e+01
5.117000076200000080e+02,1.230722594800716330e+01
5.117500076300000273e+02,1.230412810099054788e+01
5.118000076299999819e+02,1.231030470079906891e+01
5.118500076299999932e+02,1.228523321998856765e+01
5.119000076300000046e+02,1.228357889635987199e+01
5.119500076300000160e+02,1.228588471493560164e+01
5.120000076300000273e+02,1.229373014998359714e+01
5.120500076299999819e+02,1.232082714615111740e+01
5.121000076300000501e+02,1.231205678685826932e+01
5.121500076300000046e+02,1.230725573499770675e+01
5.122000076299999591e+02,1.229538141853633881e+01
5.122500076300000273e+02,1.230949968828538310e+01
5.123000076299999819e+02,1.230464288128867345e+01
5.123500076300000501e+02,1.233071413570488417e+01
5.124000076400000125e+02,1.233403653080406315e+01
5.124500076399999671e+02,1.231556630535958696e+01
5.125000076400000353e+02,1.230814552586909727e+01
5.125500076399999898e+02,1.229607721208469506e+01
5.126000076399999443e+02,1.229612456576197310e+01
5.126500076400000125e+02,1.227712046579466332e+01
5.127000076399999671e+02,1.226234306340869828e+01
5.127500076400000353e+02,1.226534391176379657e+01
5.128000076399999898e+02,1.226738546626956960e+01
5.128500076399999443e+02,1.225220250255081034e+01
5.129000076400000125e+02,1.225564404561217025e+01
5.129500076399999671e+02,1.224334125474835488e+01
5.130000076400000353e+02,1.222596474649514775e+01
5.130500076499999977e+02,1.222092616247921804e+01
5.131000076499999523e+02,1.222321212306125204e+01
5.131500076500000205e+02,1.222045186193747490e+01
5.132000076499999750e+02,1.222827896652974999e+01
5.132500076500000432e+02,1.220444020886639258e+01
5.133000076499999977e+02,1.219396740849858496e+01
5.133500076499999523e+02,1.218055868013968635e+01
5.134000076500000205e+02,1.215332267801629484e+01
5.134500076499999750e+02,1.213226174816344560e+01
5.135000076500000432e+02,1.212892713276045242e+01
5.135500076499999977e+02,1.210061650767049635e+01
5.136000076499999523e+02,1.209686258309291773e+01
5.136500076500000205e+02,1.211934488703302293e+01
5.137000076499999750e+02,1.213310265781958286e+01
5.137500076600000511e+02,1.214903182383992863e+01
5.138000076600000057e+02,1.213376560930144166e+01
5.138500076599999602e+02,1.211882552412096636e+01
5.139000076600000284e+02,1.211096175861725399e+01
5.139500076599999829e+02,1.211048898561348608e+01
5.140000076600000511e+02,1.209159486838049169e+01
5.140500076600000057e+02,1.207990843909025180e+01
5.141000076599999602e+02,1.207118543347467821e+01
5.141500076600000284e+02,1.205010617316611210e+01
5.142000076599999829e+02,1.205421066770932725e+01
5.142500076600000511e+02,1.205567175778397981e+01
5.143000076600000057e+02,1.204160618809512862e+01
5.143500076599999602e+02,1.204460780021921451e+01
5.144000076700000363e+02,1.204172533605730600e+01
5.144500076699999909e+02,1.201640715786357738e+01
5.145000076699999454e+02,1.201334368045143819e+01
5.145500076700000136e+02,1.204009850811219096e+01
5.146000076699999681e+02,1.200928195697156653e+01
5.146500076700000363e+02,1.200204371826928273e+01
5.147000076699999909e+02,1.196930781566101665e+01
5.147500076699999454e+02,1.197635587588520778e+01
5.148000076700000136e+02,1.198002502210508347e+01
5.148500076699999681e+02,1.197168924736659079e+01
5.149000076700000363e+02,1.195125231677719846e+01
5.149500076699999909e+02,1.194310748428578073e+01
5.150000076699999454e+02,1.193769847231051884e+01
5.150500076700000136e+02,1.195696378127183301e+01
5.151000076799999761e+02,1.196168692869558825e+01
5.151500076800000443e+02,1.197213757976273207e+01
5.152000076799999988e+02,1.195530334749123114e+01
5.152500076799999533e+02,1.195031822730448390e+01
5.153000076800000215e+02,1.192694384118602358e+01
5.153500076799999761e+02,1.194226886593660986e+01
5.154000076800000443e+02,1.195586319015966836e+01
5.154500076799999988e+02,1.195394078361607448e+01
5.155000076799999533e+02,1.194569666115617679e+01
5.155500076800000215e+02,1.192835834135238748e+01
5.156000076799999761e+02,1.191967352418623172e+01
5.156500076800000443e+02,1.192444478905625083e+01
5.157000076799999988e+02,1.192430196425543443e+01
5.157500076899999613e+02,1.192661083790711629e+01
5.158000076900000295e+02,1.192177465267309344e+01
5.158500076899999840e+02,1.193062062509578425e+01
5.159000076900000522e+02,1.191594938659919656e+01
5.159500076900000067e+02,1.191947341671129479e+01
5.160000076899999613e+02,1.190226264632855191e+01
5.160500076900000295e+02,1.189133922225763840e+01
5.161000076899999840e+02,1.190479530429381150e+01
5.161500076900000522e+02,1.190052659941810731e+01
5.162000076900000067e+02,1.188606539739330792e+01
5.162500076899999613e+02,1.187702160880264124e+01
5.163000076900000295e+02,1.190150498749214236e+01
5.163500076899999840e+02,1.190611967971955387e+01
5.164000076900000522e+02,1.191333347781421104e+01
5.164500077000000147e+02,1.192148747553348720e+01
5.165000076999999692e+02,1.191561485578231583e+01
5.165500077000000374e+02,1.189688876772675208e+01
5.166000076999999919e+02,1.190227028401843334e+01
5.166500076999999465e+02,1.189074119113978512e+01
5.167000077000000147e+02,1.187130708923205447e+01
5.167500076999999692e+02,1.185966572231212091e+01
5.168000077000000374e+02,1.183737512438808182e+01
5.168500076999999919e+02,1.181084789988584838e+01
5.169000076999999465e+02,1.181993140446390633e+01
5.169500077000000147e+02,1.180857263206964980e+01
5.170000076999999692e+02,1.178476748024177745e+01
5.170500077000000374e+02,1.174898719444607842e+01
5.171000077099999999e+02,1.171745040914947111e+01
5.171500077099999544e+02,1.170422040273384034e+01
5.172000077100000226e+02,1.171324356956181845e+01
5.172500077099999771e+02,1.171574567676754697e+01
5.173000077100000453e+02,1.173213081287391724e+01
5.173500077099999999e+02,1.170522781402943124e+01
5.174000077099999544e+02,1.168942925250608766e+01
5.174500077100000226e+02,1.169780474323197339e+01
5.175000077099999771e+02,1.168249346632317831e+01
5.175500077100000453e+02,1.168919324788869929e+01
5.176000077099999999e+02,1.168162735229042681e+01
5.176500077099999544e+02,1.168275849416212608e+01
5.177000077100000226e+02,1.166974692567715266e+01
5.177500077199999851e+02,1.164948031557215380e+01
5.178000077200000533e+02,1.163249485704096742e+01
5.178500077200000078e+02,1.163972774936033083e+01
5.179000077199999623e+02,1.163072825937098820e+01
5.179500077200000305e+02,1.162299738967124085e+01
5.180000077199999851e+02,1.159788313779739255e+01
5.180500077200000533e+02,1.159346015158604892e+01
5.181000077200000078e+02,1.160775790704734689e+01
5.181500077199999623e+02,1.159819322800665020e+01
5.182000077200000305e+02,1.158203263998284527e+01
5.182500077199999851e+02,1.157961378359684446e+01
5.183000077200000533e+02,1.157826420379448606e+01
5.183500077200000078e+02,1.157506248419546147e+01
5.184000077199999623e+02,1.154547712866400389e+01
5.184500077300000385e+02,1.153869562381673397e+01
5.185000077299999930e+02,1.154509524416984512e+01
5.185500077299999475e+02,1.153190571751059679e+01
5.186000077300000157e+02,1.151325371504690054e+01
5.186500077299999703e+02,1.150069353403402239e+01
5.187000077300000385e+02,1.153037817953395994e+01
5.187500077299999930e+02,1.155006814405277815e+01
5.188000077299999475e+02,1.158183482381486940e+01
5.188500077300000157e+02,1.155881864535193060e+01
5.189000077299999703e+02,1.156658235711817539e+01
5.189500077300000385e+02,1.155597055079449476e+01
5.190000077299999930e+02,1.154951364776726130e+01
5.190500077299999475e+02,1.153566346093311701e+01
5.191000077400000237e+02,1.151813038003730405e+01
5.191500077399999782e+02,1.152545263332830139e+01
5.192000077400000464e+02,1.150886738974699419e+01
5.192500077400000009e+02,1.151937837856421609e+01
5.193000077399999554e+02,1.151172388576329908e+01
5.193500077400000237e+02,1.150848474148384781e+01
5.194000077399999782e+02,1.151545031465730062e+01
5.194500077400000464e+02,1.149863975922443693e+01
5.195000077400000009e+02,1.149028259895426984e+01
5.195500077399999554e+02,1.146331697105274117e+01
5.196000077400000237e+02,1.145684402887675013e+01
5.196500077399999782e+02,1.147137244257252320e+01
5.197000077400000464e+02,1.145219038443093318e+01
5.197500077400000009e+02,1.145357662514473063e+01
5.198000077499999634e+02,1.146642398329721502e+01
5.198500077500000316e+02,1.145728854242795158e+01
5.199000077499999861e+02,1.145364230927772553e+01
5.199500077500000543e+02,1.143216818040219884e+01
5.200000077500000089e+02,1.141475501123755265e+01
5.200500077499999634e+02,1.141901378711641080e+01
5.201000077500000316e+02,1.138905112970472366e+01
5.201500077499999861e+02,1.137096202498541686e+01
5.202000077500000543e+02,1.136852712945066202e+01
5.202500077500000089e+02,1.134528411159819150e+01
5.203000077499999634e+02,1.136216340624000232e+01
5.203500077500000316e+02,1.135629460533377255e+01
5.204000077499999861e+02,1.135239480087942532e+01
5.204500077599999486e+02,1.133299277726920096e+01
5.205000077600000168e+02,1.132128343490930789e+01
5.205500077599999713e+02,1.131932818629921833e+01
5.206000077600000395e+02,1.132753030146475659e+01
5.206500077599999941e+02,1.131469287230912002e+01
5.207000077599999486e+02,1.130663892832731499e+01
5.207500077600000168e+02,1.129190276946672178e+01
5.208000077599999713e+02,1.128957862043527172e+01
5.208500077600000395e+02,1.131558189941152293e+01
5.209000077599999941e+02,1.130537565442063830e+01
5.209500077599999486e+02,1.131606460141213866e+01
5.210000077600000168e+02,1.131187380097324180e+01
5.210500077599999713e+02,1.129193179268827762e+01
5.211000077600000395e+02,1.129769213839816722e+01
5.211500077700000020e+02,1.126633942142774281e+01
5.212000077699999565e+02,1.124411985401961722e+01
5.212500077700000247e+02,1.121129382667073138e+01
5.213000077699999792e+02,1.121078897536945362e+01
5.213500077700000475e+02,1.123311165159100256e+01
5.214000077700000020e+02,1.122028338766322442e+01
5.214500077699999565e+02,1.122737498271974843e+01
5.215000077700000247e+02,1.123435353996600483e+01
5.215500077699999792e+02,1.123736431731795093e+01
5.216000077700000475e+02,1.122521275271382457e+01
5.216500077700000020e+02,1.121938748663992769e+01
5.217000077699999565e+02,1.120543342722337066e+01
5.217500077700000247e+02,1.119700829151324406e+01
5.218000077799999872e+02,1.119503394867844470e+01
5.218500077800000554e+02,1.120213852780777053e+01
5.219000077800000099e+02,1.118691890317757220e+01
5.219500077799999644e+02,1.115755198557677552e+01
5.220000077800000327e+02,1.113488484954149449e+01
5.220500077799999872e+02,1.112900230079347530e+01
5.221000077800000554e+02,1.112044732435533412e+01
5.221500077800000099e+02,1.112724486835135806e+01
5.222000077799999644e+02,1.112148452264146847e+01
5.222500077800000327e+02,1.113641238751812956e+01
5.223000077799999872e+02,1.115434491959483054e+01
5.223500077800000554e+02,1.112878004401787457e+01
5.224000077800000099e+02,1.113667436028112157e+01
5.224500077899999724e+02,1.116110198383447383e+01
5.225000077900000406e+02,1.115781013949482592e+01
5.225500077899999951e+02,1.114201845189237794e+01
5.226000077899999496e+02,1.115288077444422754e+01
5.226500077900000178e+02,1.114543479057712183e+01
5.227000077899999724e+02,1.115862126216041794e+01
5.227500077900000406e+02,1.114490015228529884e+01
5.228000077899999951e+02,1.113966757094633842e+01
5.228500077899999496e+02,1.114073226491605162e+01
5.229000077900000178e+02,1.112294790402308564e+01
5.229500077899999724e+02,1.112775888488049425e+01
5.230000077900000406e+02,1.113927728499330705e+01
5.230500077899999951e+02,1.116823864126130950e+01
5.231000077899999496e+02,1.116666604091436632e+01
5.231500078000000258e+02,1.118199412074090304e+01
5.232000077999999803e+02,1.117334596448618811e+01
5.232500078000000485e+02,1.116418990185423965e+01
5.233000078000000030e+02,1.118029702604886211e+01
5.233500077999999576e+02,1.118760476772908063e+01
5.234000078000000258e+02,1.117469096167461551e+01
5.234500077999999803e+02,1.116670422936378237e+01
5.235000078000000485e+02,1.116998003455467270e+01
5.235500078000000030e+02,1.118587024835661303e+01
5.236000077999999576e+02,1.119120135589506759e+01
5.236500078000000258e+02,1.120438018978848227e+01
5.237000077999999803e+02,1.121465211891236180e+01
5.237500078000000485e+02,1.121140228186707155e+01
5.238000078100000110e+02,1.121007332382739996e+01
5.238500078099999655e+02,1.120935308967141530e+01
5.239000078100000337e+02,1.122010619325793535e+01
5.239500078099999882e+02,1.121787751535002542e+01
5.240000078100000565e+02,1.122587341288871876e+01
5.240500078100000110e+02,1.121051936491657663e+01
5.241000078099999655e+02,1.120290076925811107e+01
5.241500078100000337e+02,1.121983811034303535e+01
5.242000078099999882e+02,1.122796766745468489e+01
5.242500078100000565e+02,1.120784846476442986e+01
5.243000078100000110e+02,1.120556250418239763e+01
5.243500078099999655e+02,1.119477350345342792e+01
5.244000078100000337e+02,1.119197429011124534e+01
5.244500078099999882e+02,1.118538983766296369e+01
5.245000078199999507e+02,1.122315974167322494e+01
5.245500078200000189e+02,1.123632177264889975e+01
5.246000078199999734e+02,1.121740550611524512e+01
5.246500078200000416e+02,1.122521809909674140e+01
5.247000078199999962e+02,1.121678608946571920e+01
5.247500078199999507e+02,1.122462617813079788e+01
5.248000078200000189e+02,1.121194761292472997e+01
5.248500078199999734e+02,1.121671582271879331e+01
5.249000078200000416e+02,1.124492715784026942e+01
5.249500078199999962e+02,1.127571468575933800e+01
5.250000078199999507e+02,1.129404055886502256e+01
5.250500078200000189e+02,1.129523280225578574e+01
5.251000078199999734e+02,1.125969157615342908e+01
5.251500078300000496e+02,1.127070359742698713e+01
5.252000078300000041e+02,1.127962747428648527e+01
5.252500078299999586e+02,1.128428264627027922e+01
5.253000078300000268e+02,1.129044320693004622e+01
5.253500078299999814e+02,1.128987649034071694e+01
5.254000078300000496e+02,1.128481728456210220e+01
5.254500078300000041e+02,1.126995510381843779e+01
5.255000078299999586e+02,1.126982679062840198e+01
5.255500078300000268e+02,1.125436887007384712e+01
5.256000078299999814e+02,1.122285194277093545e+01
5.256500078300000496e+02,1.121891700494312616e+01
5.257000078300000041e+02,1.123814107037907029e+01
5.257500078299999586e+02,1.124931042806422177e+01
5.258000078400000348e+02,1.125180413381107769e+01
5.258500078399999893e+02,1.125301776273351351e+01
5.259000078399999438e+02,1.125459418192540006e+01
5.259500078400000120e+02,1.123748728412506992e+01
5.260000078399999666e+02,1.122919809929486412e+01
5.260500078400000348e+02,1.121270298045417668e+01
5.261000078399999893e+02,1.120982662644417260e+01
5.261500078399999438e+02,1.121378829618657491e+01
5.262000078400000120e+02,1.121674102709540932e+01
5.262500078399999666e+02,1.123553890943587419e+01
5.263000078400000348e+02,1.122042544869505143e+01
5.263500078399999893e+02,1.123086617076534921e+01
5.264000078399999438e+02,1.122542202541662348e+01
5.264500078400000120e+02,1.125130997527563537e+01
5.265000078499999745e+02,1.124811665713548159e+01
5.265500078500000427e+02,1.126278407678712767e+01
5.266000078499999972e+02,1.128557876224345513e+01
5.266500078499999518e+02,1.128765774142965306e+01
5.267000078500000200e+02,1.131366407548185649e+01
5.267500078499999745e+02,1.129557878960749306e+01
5.268000078500000427e+02,1.129832988550341177e+01
5.268500078499999972e+02,1.130853078411137602e+01
5.269000078499999518e+02,1.131882715384288218e+01
5.269500078500000200e+02,1.133429805847023708e+01
5.270000078499999745e+02,1.131440034878659517e+01
5.270500078500000427e+02,1.130859188563044349e+01
5.271000078499999972e+02,1.130996819734738956e+01
5.271500078599999597e+02,1.131145220049168998e+01
5.272000078600000279e+02,1.130973983041988440e+01
5.272500078599999824e+02,1.134117427067205774e+01
5.273000078600000506e+02,1.135642750113774113e+01
5.273500078600000052e+02,1.135793594488966640e+01
5.274000078599999597e+02,1.134924807264755842e+01
5.274500078600000279e+02,1.135598146004856268e+01
5.275000078599999824e+02,1.135747997480364369e+01
5.275500078600000506e+02,1.135894717503019713e+01
5.276000078600000052e+02,1.135461889617340603e+01
5.276500078599999597e+02,1.135548959282008497e+01
5.277000078600000279e+02,1.134470059209111703e+01
5.277500078599999824e+02,1.132430261372012836e+01
5.278000078600000506e+02,1.131961230836287058e+01
5.278500078700000131e+02,1.130540467764219414e+01
5.279000078699999676e+02,1.131311950819318568e+01
5.279500078700000358e+02,1.131903795408365632e+01
5.280000078699999904e+02,1.133168978737513299e+01
5.280500078699999449e+02,1.134899602888141246e+01
5.281000078700000131e+02,1.136823155085218318e+01
5.281500078699999676e+02,1.136979269466430331e+01
5.282000078700000358e+02,1.137851417274189814e+01
5.282500078699999904e+02,1.136917786062870839e+01
5.283000078699999449e+02,1.136450894080312501e+01
5.283500078700000131e+02,1.137900985881531746e+01
5.284000078699999676e+02,1.138495580038936517e+01
5.284500078700000358e+02,1.138757552801929585e+01
5.285000078799999983e+02,1.137811090271606673e+01
5.285500078799999528e+02,1.138706380279712249e+01
5.286000078800000210e+02,1.139683775454061809e+01
5.286500078799999756e+02,1.142280208129846208e+01
5.287000078800000438e+02,1.142402793052471210e+01
5.287500078799999983e+02,1.140372924212220518e+01
5.288000078799999528e+02,1.139077648384933106e+01
5.288500078800000210e+02,1.140524455979502605e+01
5.289000078799999756e+02,1.142788267260874946e+01
5.289500078800000438e+02,1.140960186187337655e+01
5.290000078799999983e+02,1.141423412078752087e+01
5.290500078799999528e+02,1.142896646080317247e+01
5.291000078800000210e+02,1.141802699758350492e+01
5.291500078799999756e+02,1.140524685110199243e+01
5.292000078900000517e+02,1.139314875032704499e+01
5.292500078900000062e+02,1.138379487152712422e+01
5.293000078899999608e+02,1.137749912375642403e+01
5.293500078900000290e+02,1.137544993156076956e+01
5.294000078899999835e+02,1.135966359034124018e+01
5.294500078900000517e+02,1.135232988051541980e+01
5.295000078900000062e+02,1.138726009142711959e+01
5.295500078899999608e+02,1.138060689976988726e+01
5.296000078900000290e+02,1.134314173958596150e+01
5.296500078899999835e+02,1.135930996529964965e+01
5.297000078900000517e+02,1.136673379986609156e+01
5.297500078900000062e+02,1.134735010671158939e+01
5.298000078899999608e+02,1.135555909579802325e+01
5.298500079000000369e+02,1.135192279164464502e+01
5.299000078999999914e+02,1.134754028518968028e+01
5.299500078999999459e+02,1.135990417757256132e+01
5.300000079000000142e+02,1.136550336802591410e+01
5.300500078999999687e+02,1.134303710323456116e+01
5.301000079000000369e+02,1.134270791880059726e+01
5.301500078999999914e+02,1.134195637011609215e+01
5.302000078999999459e+02,1.131236032181879914e+01
5.302500079000000142e+02,1.129908678057083371e+01
5.303000078999999687e+02,1.131373739730473638e+01
5.303500079000000369e+02,1.132004612914823483e+01
5.304000078999999914e+02,1.130239313652125865e+01
5.304500078999999459e+02,1.128445143921669747e+01
5.305000079100000221e+02,1.127840926275012023e+01
5.305500079099999766e+02,1.127960456121683741e+01
5.306000079100000448e+02,1.128158119535860315e+01
5.306500079099999994e+02,1.127054320593944148e+01
5.307000079099999539e+02,1.127519608661626904e+01
5.307500079100000221e+02,1.129780746751540299e+01
5.308000079099999766e+02,1.129385343546288567e+01
5.308500079100000448e+02,1.129693295202377890e+01
5.309000079099999994e+02,1.128295521576858462e+01
5.309500079099999539e+02,1.128843678579773879e+01
5.310000079100000221e+02,1.127208296421988898e+01
5.310500079099999766e+02,1.128296514476543422e+01
5.311000079100000448e+02,1.127482489488794748e+01
5.311500079099999994e+02,1.125877199829149511e+01
5.312000079199999618e+02,1.124998330854293016e+01
5.312500079200000300e+02,1.122355613777816252e+01
5.313000079199999846e+02,1.121317728099591982e+01
5.313500079200000528e+02,1.120521575306170092e+01
5.314000079200000073e+02,1.122023832529291454e+01
5.314500079199999618e+02,1.121818302294535030e+01
5.315000079200000300e+02,1.122091731592352737e+01
5.315500079199999846e+02,1.123413281072838110e+01
5.316000079200000528e+02,1.123246244795093141e+01
5.316500079200000073e+02,1.125311094255008904e+01
5.317000079199999618e+02,1.124493785060610485e+01
5.317500079200000300e+02,1.122388914105706981e+01
5.318000079199999846e+02,1.123636454371224325e+01
5.318500079299999470e+02,1.122270682666315444e+01
5.319000079300000152e+02,1.120357823235074868e+01
5.319500079299999697e+02,1.119992818035558102e+01
5.320000079300000380e+02,1.120503932242539946e+01
5.320500079299999925e+02,1.121268388622946865e+01
5.321000079299999470e+02,1.122821207353094586e+01
5.321500079300000152e+02,1.121946004469381819e+01
5.322000079299999697e+02,1.120019931834643323e+01
5.322500079300000380e+02,1.120152980392408182e+01
5.323000079299999925e+02,1.118602834853719408e+01
5.323500079299999470e+02,1.120554570126465421e+01
5.324000079300000152e+02,1.121123119761368869e+01
5.324500079299999697e+02,1.117199103830091289e+01
5.325000079300000380e+02,1.114254468872532833e+01
5.325500079400000004e+02,1.118067050908415005e+01
5.326000079399999549e+02,1.120672496058261558e+01
5.326500079400000232e+02,1.119612002817983232e+01
5.327000079399999777e+02,1.117759099252325505e+01
5.327500079400000459e+02,1.118475667317164834e+01
5.328000079400000004e+02,1.119458408874432465e+01
5.328500079399999549e+02,1.119267543004252019e+01
5.329000079400000232e+02,1.118665616664559259e+01
5.329500079399999777e+02,1.118549905662829147e+01
5.330000079400000459e+02,1.117341775877108923e+01
5.330500079400000004e+02,1.117467186744990570e+01
5.331000079399999549e+02,1.117529663048235022e+01
5.331500079400000232e+02,1.116135020875567641e+01
5.332000079499999856e+02,1.116180083245878407e+01
5.332500079500000538e+02,1.115884428270500806e+01
5.333000079500000083e+02,1.117100806761294862e+01
5.333500079499999629e+02,1.113470307252227443e+01
5.334000079500000311e+02,1.112262788481698017e+01
5.334500079499999856e+02,1.110642987211274679e+01
5.335000079500000538e+02,1.110392547360005366e+01
5.335500079500000083e+02,1.110786804911774794e+01
5.336000079499999629e+02,1.107311732391830184e+01
5.336500079500000311e+02,1.108436687734722881e+01
5.337000079499999856e+02,1.106221910422400256e+01
5.337500079500000538e+02,1.104238478736639273e+01
5.338000079500000083e+02,1.103730419605610713e+01
5.338500079499999629e+02,1.104121622081426679e+01
5.339000079600000390e+02,1.105383368450126724e+01
5.339500079599999935e+02,1.107756475073727209e+01
5.340000079599999481e+02,1.109071227010216631e+01
5.340500079600000163e+02,1.108059309477595100e+01
5.341000079599999708e+02,1.106008055105671595e+01
5.341500079600000390e+02,1.106632741761216110e+01
5.342000079599999935e+02,1.103619214840911589e+01
5.342500079599999481e+02,1.103010720087919339e+01
5.343000079600000163e+02,1.100696729184014444e+01
5.343500079599999708e+02,1.100678322351395977e+01
5.344000079600000390e+02,1.100045005106283291e+01
5.344500079599999935e+02,1.101524578390451481e+01
5.345000079599999481e+02,1.100561847580677544e+01
5.345500079700000242e+02,1.102056925375308616e+01
5.346000079699999787e+02,1.102039282311678470e+01
5.346500079700000470e+02,1.102814202327225246e+01
5.347000079700000015e+02,1.102374271389954430e+01
5.347500079699999560e+02,1.100278412909113079e+01
5.348000079700000242e+02,1.099915546262763577e+01
5.348500079699999787e+02,1.097664948184889155e+01
5.349000079700000470e+02,1.097059203000254612e+01
5.349500079700000015e+02,1.094843738295842783e+01
5.350000079699999560e+02,1.094547548682173321e+01
5.350500079700000242e+02,1.095365621645560061e+01
5.351000079699999787e+02,1.094782025761586652e+01
5.351500079700000470e+02,1.094046363472039474e+01
5.352000079800000094e+02,1.092883907071820815e+01
5.352500079799999639e+02,1.092205756587094001e+01
5.353000079800000321e+02,1.091398911027835616e+01
5.353500079799999867e+02,1.091441529337383542e+01
5.354000079800000549e+02,1.090804087739733852e+01
5.354500079800000094e+02,1.091449854419356313e+01
5.355000079799999639e+02,1.090710373284867352e+01
5.355500079800000321e+02,1.088965008392764844e+01
5.356000079799999867e+02,1.089663857017075088e+01
5.356500079800000549e+02,1.088061393302686852e+01
5.357000079800000094e+02,1.086376748045155338e+01
5.357500079799999639e+02,1.089501174222563584e+01
5.358000079800000321e+02,1.089059410239720904e+01
5.358500079799999867e+02,1.090320240085634929e+01
5.359000079899999491e+02,1.090025196125447948e+01
5.359500079900000173e+02,1.088881681196139617e+01
5.360000079899999719e+02,1.089420672971194826e+01
5.360500079900000401e+02,1.086112865859691645e+01
5.361000079899999946e+02,1.084970496583865618e+01
5.361500079899999491e+02,1.085649869098973852e+01
5.362000079900000173e+02,1.084367577344487898e+01
5.362500079899999719e+02,1.083611904307447027e+01
5.363000079900000401e+02,1.081874253482126136e+01
5.363500079899999946e+02,1.082091622136201536e+01
5.364000079899999491e+02,1.081247504650313118e+01
5.364500079900000173e+02,1.077167374337823347e+01
5.365000079899999719e+02,1.074848418935494720e+01
5.365500080000000480e+02,1.072886143650709911e+01
5.366000080000000025e+02,1.071373193661752232e+01
5.366500079999999571e+02,1.069986571063462399e+01
5.367000080000000253e+02,1.067105558062630699e+01
5.367500079999999798e+02,1.065029710329283219e+01
5.368000080000000480e+02,1.065359658532236331e+01
5.368500080000000025e+02,1.065699382978240095e+01
5.369000079999999571e+02,1.062034131980204243e+01
5.369500080000000253e+02,1.059458091936407698e+01
5.370000079999999798e+02,1.060217660195289291e+01
5.370500080000000480e+02,1.059864035153698403e+01
5.371000080000000025e+02,1.058313965991908567e+01
5.371500079999999571e+02,1.057056496729542872e+01
5.372000080000000253e+02,1.052837284084280611e+01
5.372500080099999877e+02,1.050937943364133353e+01
5.373000080100000559e+02,1.049347318069063917e+01
5.373500080100000105e+02,1.048928008894477593e+01
5.374000080099999650e+02,1.048132237985550042e+01
5.374500080100000332e+02,1.046753864092333863e+01
5.375000080099999877e+02,1.047607605067474879e+01
5.375500080100000559e+02,1.046861326388989966e+01
5.376000080100000105e+02,1.045631887448495867e+01
5.376500080099999650e+02,1.046644492373206781e+01
5.377000080100000332e+02,1.044321412618340972e+01
5.377500080099999877e+02,1.043395877358298129e+01
5.378000080100000559e+02,1.042717268612178216e+01
5.378500080100000105e+02,1.045037064160394280e+01
5.379000080199999729e+02,1.045150865739653590e+01
5.379500080200000411e+02,1.043247095159373927e+01
5.380000080199999957e+02,1.042281843911938566e+01
5.380500080199999502e+02,1.042242051547647286e+01
5.381000080200000184e+02,1.043389614452594039e+01
5.381500080199999729e+02,1.040866961861080853e+01
5.382000080200000411e+02,1.042350812251583569e+01
5.382500080199999957e+02,1.041900417679172897e+01
5.383000080199999502e+02,1.043092202808543156e+01
5.383500080200000184e+02,1.042102205445886298e+01
5.384000080199999729e+02,1.042363108932295646e+01
5.384500080200000411e+02,1.043920510276373292e+01
5.385000080199999957e+02,1.042022009702112939e+01
5.385500080299999581e+02,1.042771572587247597e+01
5.386000080300000263e+02,1.043779900405623984e+01
5.386500080299999809e+02,1.042687710752330332e+01
5.387000080300000491e+02,1.041213483851080568e+01
5.387500080300000036e+02,1.044213262929595309e+01
5.388000080299999581e+02,1.043769436770483949e+01
5.388500080300000263e+02,1.042032015075860052e+01
5.389000080299999809e+02,1.040694884708013035e+01
5.389500080300000491e+02,1.040096700836362942e+01
5.390000080300000036e+02,1.039594828234139712e+01
5.390500080299999581e+02,1.039155279181363056e+01
5.391000080300000263e+02,1.040715964732090448e+01
5.391500080299999809e+02,1.037862371037939724e+01
5.392000080300000491e+02,1.035422358250962560e+01
5.392500080400000115e+02,1.032046652076397919e+01
5.393000080399999661e+02,1.031472450550980824e+01
5.393500080400000343e+02,1.030166940219250193e+01
5.394000080399999888e+02,1.030557302549179255e+01
5.394500080399999433e+02,1.029258055123152715e+01
5.395000080400000115e+02,1.025695225546450295e+01
5.395500080399999661e+02,1.022573014299108252e+01
5.396000080400000343e+02,1.020086793488338017e+01
5.396500080399999888e+02,1.019636704423522389e+01
5.397000080399999433e+02,1.018322181617729782e+01
5.397500080400000115e+02,1.019394513277327263e+01
5.398000080399999661e+02,1.021049753428808238e+01
5.398500080400000343e+02,1.019912654159001697e+01
5.399000080499999967e+02,1.018998040795491633e+01
5.399500080499999513e+02,1.019147434009606457e+01
5.400000080500000195e+02,1.019193794787197405e+01
5.400500080499999740e+02,1.018280785338562922e+01
5.401000080500000422e+02,1.017784488249954222e+01
5.401500080499999967e+02,1.019296139831632075e+01
5.402000080499999513e+02,1.017648613746932895e+01
5.402500080500000195e+02,1.016635550560828705e+01
5.403000080499999740e+02,1.018392753872250367e+01
5.403500080500000422e+02,1.016661900590925605e+01
5.404000080499999967e+02,1.017657549844096110e+01
5.404500080499999513e+02,1.017531222453428441e+01
5.405000080500000195e+02,1.020852701029822462e+01
5.405500080499999740e+02,1.019592864083593220e+01
5.406000080600000501e+02,1.017627075461462205e+01
5.406500080600000047e+02,1.018449654661880110e+01
5.407000080599999592e+02,1.016014224488832696e+01
5.407500080600000274e+02,1.012609724223408492e+01
5.408000080599999819e+02,1.010423588248148086e+01
5.408500080600000501e+02,1.009919577092757415e+01
5.409000080600000047e+02,1.009849615853427451e+01
5.409500080599999592e+02,1.009039867972013660e+01
5.410000080600000274e+02,1.006824861528994575e+01
5.410500080599999819e+02,1.006439081812995795e+01
5.411000080600000501e+02,1.007095312127757936e+01
5.411500080600000047e+02,1.006972574451335234e+01
5.412000080599999592e+02,1.005009840905157681e+01
5.412500080700000353e+02,1.000998526178515391e+01
5.413000080699999899e+02,9.988857120261334543e+00
5.413500080699999444e+02,1.002124016159699593e+01
5.414000080700000126e+02,1.002653689953097782e+01
5.414500080699999671e+02,1.000233076898423867e+01
5.415000080700000353e+02,1.001528581856407563e+01
5.415500080699999899e+02,1.000913671443913344e+01
5.416000080699999444e+02,1.000404008398009381e+01
5.416500080700000126e+02,9.998282029577167052e+00
5.417000080699999671e+02,1.001039311442491453e+01
5.417500080700000353e+02,1.001868535433107432e+01
5.418000080699999899e+02,1.003537676180176064e+01
5.418500080699999444e+02,1.002858609172663051e+01
5.419000080700000126e+02,1.001659033599612236e+01
5.419500080799999751e+02,1.002701120007272273e+01
5.420000080800000433e+02,1.001585940907430228e+01
5.420500080799999978e+02,1.000545382037746833e+01
5.421000080799999523e+02,1.002282574601674270e+01
5.421500080800000205e+02,1.002432578830979715e+01
5.422000080799999751e+02,1.002123710652104371e+01
5.422500080800000433e+02,1.001107057751755391e+01
5.423000080799999978e+02,1.003849981319499030e+01
5.423500080799999523e+02,1.002676679399645998e+01
5.424000080800000205e+02,1.003821187228639467e+01
5.424500080799999751e+02,1.003533780958335697e+01
5.425000080800000433e+02,1.003597937553354313e+01
5.425500080799999978e+02,1.003013501523493822e+01
5.426000080899999602e+02,1.002209176401897039e+01
5.426500080900000285e+02,1.001992953401304476e+01
5.427000080899999830e+02,1.001126151976463241e+01
5.427500080900000512e+02,1.000181904376206532e+01
5.428000080900000057e+02,1.002472676702866572e+01
5.428500080899999602e+02,1.000707988455359398e+01
5.429000080900000285e+02,1.002071316099505971e+01
5.429500080899999830e+02,1.002423795487614200e+01
5.430000080900000512e+02,1.001239648048127151e+01
5.430500080900000057e+02,1.003320918541291640e+01
5.431000080899999602e+02,1.000963163674356160e+01
5.431500080900000285e+02,1.001496198051302855e+01
5.432000080899999830e+02,1.000671098413223881e+01
5.432500080999999454e+02,1.002373921372677223e+01
5.433000081000000137e+02,1.002098582652388714e+01
5.433500080999999682e+02,1.003905965586342752e+01
5.434000081000000364e+02,1.002788495179535744e+01
5.434500080999999909e+02,1.002290441422254119e+01
5.435000080999999454e+02,1.003633300057513367e+01
5.435500081000000137e+02,1.004582283025497702e+01
5.436000080999999682e+02,1.003735263217453699e+01
5.436500081000000364e+02,1.004498955828872298e+01
5.437000080999999909e+02,1.003354295246080952e+01
5.437500080999999454e+02,1.004436708656324129e+01
5.438000081000000137e+02,1.004137463966701738e+01
5.438500080999999682e+02,1.006230420125387326e+01
5.439000081000000364e+02,1.007896582173401612e+01
5.439500081099999989e+02,1.008760404899188501e+01
5.440000081099999534e+02,1.009266096346353336e+01
5.440500081100000216e+02,1.008197736285494983e+01
5.441000081099999761e+02,1.007782627840344425e+01
5.441500081100000443e+02,1.008839531366378139e+01
5.442000081099999989e+02,1.010221189466243885e+01
5.442500081099999534e+02,1.010408389245280425e+01
5.443000081100000216e+02,1.009354388041402650e+01
5.443500081099999761e+02,1.007826697310970410e+01
5.444000081100000443e+02,1.007920946404128948e+01
5.444500081099999989e+02,1.008041469150485270e+01
5.445000081099999534e+02,1.009620790664527767e+01
5.445500081100000216e+02,1.011502870205539040e+01
5.446000081199999840e+02,1.013481948408066735e+01
5.446500081200000523e+02,1.014960299661853682e+01
5.447000081200000068e+02,1.015212801689391320e+01
5.447500081199999613e+02,1.015536486986640163e+01
5.448000081200000295e+02,1.015338899949362528e+01
5.448500081199999840e+02,1.013380825394013662e+01
5.449000081200000523e+02,1.011403121975664909e+01
5.449500081200000068e+02,1.012316284178096915e+01
5.450000081199999613e+02,1.010777136912840035e+01
5.450500081200000295e+02,1.010997255135273143e+01
5.451000081199999840e+02,1.010621939054414042e+01
5.451500081200000523e+02,1.011831672755009848e+01
5.452000081200000068e+02,1.013210352155821248e+01
5.452500081199999613e+02,1.013271377297987641e+01
5.453000081300000375e+02,1.013947312852648430e+01
5.453500081299999920e+02,1.015389843340883402e+01
5.454000081299999465e+02,1.014697868637467870e+01
5.454500081300000147e+02,1.013450099241253888e+01
5.455000081299999692e+02,1.012693967942819917e+01
5.455500081300000375e+02,1.013237007693513370e+01
5.456000081299999920e+02,1.010996567743183583e+01
5.456500081299999465e+02,1.012792952403705904e+01
5.457000081300000147e+02,1.014642724516511407e+01
5.457500081299999692e+02,1.012234026258055231e+01
5.458000081300000375e+02,1.011256478329907971e+01
5.458500081299999920e+02,1.011959222176058759e+01
5.459000081299999465e+02,1.011633780210136813e+01
5.459500081400000226e+02,1.011800281849589744e+01
5.460000081399999772e+02,1.012266639193856399e+01
5.460500081400000454e+02,1.012445590267819107e+01
5.461000081399999999e+02,1.012133896143686940e+01
5.461500081399999544e+02,1.012955711575116347e+01
5.462000081400000226e+02,1.015524037552130743e+01
5.462500081399999772e+02,1.014923867881110908e+01
5.463000081400000454e+02,1.016526789856892243e+01
5.463500081399999999e+02,1.015290935256896176e+01
5.464000081399999544e+02,1.015590332700316445e+01
5.464500081400000226e+02,1.014256333785321829e+01
5.465000081399999772e+02,1.014451476761836624e+01
5.465500081400000454e+02,1.014483478682447171e+01
5.466000081399999999e+02,1.015215169373255044e+01
5.466500081499999624e+02,1.014432840798521873e+01
5.467000081500000306e+02,1.012979770298248283e+01
5.467500081499999851e+02,1.011901710371238394e+01
5.468000081500000533e+02,1.010915990114916063e+01
5.468500081500000078e+02,1.011075999717968443e+01
5.469000081499999624e+02,1.010542583456527765e+01
5.469500081500000306e+02,1.011262053843522679e+01
5.470000081499999851e+02,1.012975493191913579e+01
5.470500081500000533e+02,1.014109919270261351e+01
5.471000081500000078e+02,1.012970299562793208e+01
5.471500081499999624e+02,1.012849853193335470e+01
5.472000081500000306e+02,1.012516849914429251e+01
5.472500081499999851e+02,1.009846789908170805e+01
5.473000081599999476e+02,1.010892389653177226e+01
5.473500081600000158e+02,1.011385402535135825e+01
5.474000081599999703e+02,1.010754376596988280e+01
5.474500081600000385e+02,1.010803486942936935e+01
5.475000081599999930e+02,1.011802114895161964e+01
5.475500081599999476e+02,1.010358362376545749e+01
5.476000081600000158e+02,1.010335678437592577e+01
5.476500081599999703e+02,1.010072407267319861e+01
5.477000081600000385e+02,1.008703351355761058e+01
5.477500081599999930e+02,1.008826852801172080e+01
5.478000081599999476e+02,1.010801883028061532e+01
5.478500081600000158e+02,1.009233254279855529e+01
5.479000081599999703e+02,1.010118691668011515e+01
5.479500081700000464e+02,1.008563658007797770e+01
5.480000081700000010e+02,1.008233557051047136e+01
5.480500081699999555e+02,1.008461847601655137e+01
5.481000081700000237e+02,1.010078670173023951e+01
5.481500081699999782e+02,1.008602992110696128e+01
5.482000081700000464e+02,1.006619636801833906e+01
5.482500081700000010e+02,1.005344982737231163e+01
5.483000081699999555e+02,1.007408075528473823e+01
5.483500081700000237e+02,1.006540739465340728e+01
5.484000081699999782e+02,1.007212168782970352e+01
5.484500081700000464e+02,1.007593365885039560e+01
5.485000081700000010e+02,1.008463604270328418e+01
5.485500081699999555e+02,1.008506528087471743e+01
5.486000081700000237e+02,1.008259296065953414e+01
5.486500081799999862e+02,1.008624606773065580e+01
5.487000081800000544e+02,1.008773618102686243e+01
5.487500081800000089e+02,1.009920722746239896e+01
5.488000081799999634e+02,1.010181549855750305e+01
5.488500081800000316e+02,1.010473156855489840e+01
5.489000081799999862e+02,1.012166509079487930e+01
5.489500081800000544e+02,1.011906598492763543e+01
5.490000081800000089e+02,1.012565578375883923e+01
5.490500081799999634e+02,1.013459722730506840e+01
5.491000081800000316e+02,1.016590106306023777e+01
5.491500081799999862e+02,1.016429943949173698e+01
5.492000081800000544e+02,1.015744232151462434e+01
5.492500081800000089e+02,1.014164757883622414e+01
5.493000081899999714e+02,1.017356013847508400e+01
5.493500081900000396e+02,1.017274672450252737e+01
5.494000081899999941e+02,1.016915319141249263e+01
5.494500081899999486e+02,1.015515788847056911e+01
5.495000081900000168e+02,1.016683744383991517e+01
5.495500081899999714e+02,1.018781283156607209e+01
5.496000081900000396e+02,1.020400778919435147e+01
5.496500081899999941e+02,1.019972762778382247e+01
5.497000081899999486e+02,1.017131465764943066e+01
5.497500081900000168e+02,1.017803735228459949e+01
5.498000081899999714e+02,1.020999039167984179e+01
5.498500081900000396e+02,1.021240161037595762e+01
5.499000081899999941e+02,1.020462720584387739e+01
5.499500081899999486e+02,1.022929694416652424e+01
5.500000082000000248e+02,1.022038834268679253e+01
5.500500081999999793e+02,1.020385427162769965e+01
5.501000082000000475e+02,1.023527190896212957e+01
5.501500082000000020e+02,1.024621900987168210e+01
5.502000081999999566e+02,1.024191975423644330e+01
5.502500082000000248e+02,1.024521007103811421e+01
5.503000081999999793e+02,1.023020124664869179e+01
5.503500082000000475e+02,1.023469220829999671e+01
5.504000082000000020e+02,1.022911058453337496e+01
5.504500081999999566e+02,1.022939241529006438e+01
5.505000082000000248e+02,1.026026013895290667e+01
5.505500081999999793e+02,1.026936273775567088e+01
5.506000082000000475e+02,1.025291344505428270e+01
5.506500082100000100e+02,1.024117889831777539e+01
5.507000082099999645e+02,1.022725691719872998e+01
5.507500082100000327e+02,1.024714393411653468e+01
5.508000082099999872e+02,1.027173653177136181e+01
5.508500082100000554e+02,1.028734567858560034e+01
5.509000082100000100e+02,1.028126225859365306e+01
5.509500082099999645e+02,1.027422259982833275e+01
5.510000082100000327e+02,1.027467169599346519e+01
5.510500082099999872e+02,1.026173192179339466e+01
5.511000082100000554e+02,1.026988821081963188e+01
5.511500082100000100e+02,1.027007304291480771e+01
5.512000082099999645e+02,1.027070926248207350e+01
5.512500082100000327e+02,1.026180753492323561e+01
5.513000082199999952e+02,1.025725394421488978e+01
5.513500082199999497e+02,1.025091160653590272e+01
5.514000082200000179e+02,1.022699647197371320e+01
5.514500082199999724e+02,1.023693921666362705e+01
5.515000082200000406e+02,1.024325940504195209e+01
5.515500082199999952e+02,1.025245671119926882e+01
5.516000082199999497e+02,1.024055337151634504e+01
5.516500082200000179e+02,1.024200453259414623e+01
5.517000082199999724e+02,1.024933976995794715e+01
5.517500082200000406e+02,1.024683842652120624e+01
5.518000082199999952e+02,1.025985610515808588e+01
5.518500082199999497e+02,1.024863404741274131e+01
5.519000082200000179e+02,1.022662604401437925e+01
5.519500082199999724e+02,1.021927553127081367e+01
5.520000082300000486e+02,1.023437906301478684e+01
5.520500082300000031e+02,1.023439586593253203e+01
5.521000082299999576e+02,1.020993769161964515e+01
5.521500082300000258e+02,1.021110549440278348e+01
5.522000082299999804e+02,1.019115813973490070e+01
5.522500082300000486e+02,1.018676570428308992e+01
5.523000082300000031e+02,1.017833293088307833e+01
5.523500082299999576e+02,1.016970310508408204e+01
5.524000082300000258e+02,1.014892247844994699e+01
5.524500082299999804e+02,1.013016049325193357e+01
5.525000082300000486e+02,1.013931350080792626e+01
5.525500082300000031e+02,1.015685803823856226e+01
5.526000082299999576e+02,1.016210513118830328e+01
5.526500082400000338e+02,1.014499059569808814e+01
5.527000082399999883e+02,1.015741329829306849e+01
5.527500082400000565e+02,1.014912869607679369e+01
5.528000082400000110e+02,1.012132292228811359e+01
5.528500082399999656e+02,1.012209738404226655e+01
5.529000082400000338e+02,1.011904001678203358e+01
5.529500082399999883e+02,1.010777213289738796e+01
5.530000082400000565e+02,1.007693114114913868e+01
5.530500082400000110e+02,1.008757426200133978e+01
5.531000082399999656e+02,1.009403345633553784e+01
5.531500082400000338e+02,1.007964710367159356e+01
5.532000082399999883e+02,1.007594817046117441e+01
5.532500082400000565e+02,1.009279156796053378e+01
5.533000082400000110e+02,1.007215758497215496e+01
5.533500082499999735e+02,1.007500338822262620e+01
5.534000082500000417e+02,1.008308177281205786e+01
5.534500082499999962e+02,1.010053007535016434e+01
5.535000082499999507e+02,1.011143746027232204e+01
5.535500082500000190e+02,1.008864735742992558e+01
5.536000082499999735e+02,1.007097603434722899e+01
5.536500082500000417e+02,1.005891077563878078e+01
5.537000082499999962e+02,1.004804616177996834e+01
5.537500082499999507e+02,1.002820649853943991e+01
5.538000082500000190e+02,1.004444804607600439e+01
5.538500082499999735e+02,1.005616578989476828e+01
5.539000082500000417e+02,1.006185281378177976e+01
5.539500082499999962e+02,1.004841277089435891e+01
5.540000082599999587e+02,1.003960269561411955e+01
5.540500082600000269e+02,1.005837460980898257e+01
5.541000082599999814e+02,1.005944617769959137e+01
5.541500082600000496e+02,1.003627724543898658e+01
5.542000082600000042e+02,1.001687827690471622e+01
5.542500082599999587e+02,1.000897403164462318e+01
5.543000082600000269e+02,1.002012353133607725e+01
5.543500082599999814e+02,1.003811181854892709e+01
5.544000082600000496e+02,1.003048787650754292e+01
5.544500082600000042e+02,1.001339472654900220e+01
5.545000082599999587e+02,1.000083607307410105e+01
5.545500082600000269e+02,1.001473208604754639e+01
5.546000082599999814e+02,9.988109390421771039e+00
5.546500082600000496e+02,9.964361521268022770e+00
5.547000082700000121e+02,9.966703236986203862e+00
5.547500082699999666e+02,9.984053777093807369e+00
5.548000082700000348e+02,9.977114935834944021e+00
5.548500082699999894e+02,9.978205597950262629e+00
5.549000082699999439e+02,9.984635005293915455e+00
5.549500082700000121e+02,9.989946254838674378e+00
5.550000082699999666e+02,9.991010948808387582e+00
5.550500082700000348e+02,1.000141348242927108e+01
5.551000082699999894e+02,9.985039802857723856e+00
5.551500082699999439e+02,9.981195753539521931e+00
5.552000082700000121e+02,9.975569831171576141e+00
5.552500082699999666e+02,9.966297675653406074e+00
5.553000082700000348e+02,9.962056466461280735e+00
5.553500082799999973e+02,9.947578461518737925e+00
5.554000082799999518e+02,9.929629126524295302e+00
5.554500082800000200e+02,9.903793876725476508e+00
5.555000082799999745e+02,9.904879956226862348e+00
5.555500082800000428e+02,9.905910280592102879e+00
5.556000082799999973e+02,9.898488737332625576e+00
5.556500082799999518e+02,9.909062355206888384e+00
5.557000082800000200e+02,9.934832684641701661e+00
5.557500082799999745e+02,9.938947108181764634e+00
5.558000082800000428e+02,9.931492722855789879e+00
5.558500082799999973e+02,9.933698487694048396e+00
5.559000082799999518e+02,9.923950504096154646e+00
5.559500082800000200e+02,9.907258332856482497e+00
5.560000082899999825e+02,9.901257399915275315e+00
5.560500082900000507e+02,9.911782900343274250e+00
5.561000082900000052e+02,9.912073896327823874e+00
5.561500082899999597e+02,9.928485764348783604e+00
5.562000082900000280e+02,9.924162068105919943e+00
5.562500082899999825e+02,9.949155644479615646e+00
5.563000082900000507e+02,9.941357563108896400e+00
5.563500082900000052e+02,9.945424632971684886e+00
5.564000082899999597e+02,9.957682361465188592e+00
5.564500082900000280e+02,9.938625561437683942e+00
5.565000082899999825e+02,9.917534080825303633e+00
5.565500082900000507e+02,9.912681856442523198e+00
5.566000082900000052e+02,9.900489812082014396e+00
5.566500082899999597e+02,9.911450660833356352e+00
5.567000083000000359e+02,9.898735434715851156e+00
5.567500082999999904e+02,9.896590771396656550e+00
5.568000082999999449e+02,9.915516966927157227e+00
5.568500083000000132e+02,9.923623610969155351e+00
5.569000082999999677e+02,9.923641177655888157e+00
5.569500083000000359e+02,9.924644770106535674e+00
5.570000082999999904e+02,9.937638008135790457e+00
5.570500082999999449e+02,9.941941846384958481e+00
5.571000083000000132e+02,9.940348624275328504e+00
5.571500082999999677e+02,9.948013046073093335e+00
5.572000083000000359e+02,9.937621968987034649e+00
5.572500082999999904e+02,9.934605845252171719e+00
5.573000082999999449e+02,9.934266731821358221e+00
5.573500083100000211e+02,9.909340367118636195e+00
5.574000083099999756e+02,9.913048465556915545e+00
5.574500083100000438e+02,9.911769152501484825e+00
5.575000083099999983e+02,9.918474280449920855e+00
5.575500083099999529e+02,9.918545310965834361e+00
5.576000083100000211e+02,9.934822755644852066e+00
5.576500083099999756e+02,9.967953526820078736e+00
5.577000083100000438e+02,9.930880180127157786e+00
5.577500083099999983e+02,9.930715969794670528e+00
5.578000083099999529e+02,9.945203903734061157e+00
5.578500083100000211e+02,9.942956895370432591e+00
5.579000083099999756e+02,9.949163282169497080e+00
5.579500083100000438e+02,9.945151967442855678e+00
5.580000083099999983e+02,9.934715064217501279e+00
5.580500083199999608e+02,9.936590880852808283e+00
5.581000083200000290e+02,9.922748331708545422e+00
5.581500083199999835e+02,9.914778402315452155e+00
5.582000083200000518e+02,9.905047221635305377e+00
5.582500083200000063e+02,9.888859901696907428e+00
5.583000083199999608e+02,9.883816735067050274e+00
5.583500083200000290e+02,9.878874385943648306e+00
5.584000083199999835e+02,9.885281643986642663e+00
5.584500083200000518e+02,9.883479149174213774e+00
5.585000083200000063e+02,9.883033871854024710e+00
5.585500083199999608e+02,9.870014665679168075e+00
5.586000083200000290e+02,9.882834528148071840e+00
5.586500083199999835e+02,9.880705140208645432e+00
5.587000083299999460e+02,9.883113303828809038e+00
5.587500083300000142e+02,9.874148183443940852e+00
5.588000083299999687e+02,9.861224448392624353e+00
5.588500083300000369e+02,9.852687802410203588e+00
5.589000083299999915e+02,9.850307898242606441e+00
5.589500083299999460e+02,9.853227787084945177e+00
5.590000083300000142e+02,9.834873654526692377e+00
5.590500083299999687e+02,9.839744973134179062e+00
5.591000083300000369e+02,9.857031356646762887e+00
5.591500083299999915e+02,9.870892236246744389e+00
5.592000083299999460e+02,9.865353383543467913e+00
5.592500083300000142e+02,9.864635440694449642e+00
5.593000083299999687e+02,9.848246485743137768e+00
5.593500083300000369e+02,9.827591117223086314e+00
5.594000083399999994e+02,9.850078003777124280e+00
5.594500083399999539e+02,9.876175226338935076e+00
5.595000083400000221e+02,9.881845447308201358e+00
5.595500083399999767e+02,9.886770993513859906e+00
5.596000083400000449e+02,9.897593600078316456e+00
5.596500083399999994e+02,9.901766070061492897e+00
5.597000083399999539e+02,9.885384752800066011e+00
5.597500083400000221e+02,9.873544805943170743e+00
5.598000083399999767e+02,9.883369166439894826e+00
5.598500083400000449e+02,9.887807428031006651e+00
5.599000083399999994e+02,9.873405799987297726e+00
5.599500083399999539e+02,9.883174405347874725e+00
5.600000083400000221e+02,9.893446334471754255e+00
5.600500083499999846e+02,9.882276213017613387e+00
5.601000083500000528e+02,9.870959447917718066e+00
5.601500083500000073e+02,9.868900326725214001e+00
5.602000083499999619e+02,9.836487498399007379e+00
5.602500083500000301e+02,9.810765286410457975e+00
5.603000083499999846e+02,9.781229575863241266e+00
5.603500083500000528e+02,9.790396331261023377e+00
5.604000083500000073e+02,9.774585549433869147e+00
5.604500083499999619e+02,9.762415654374022367e+00
5.605000083500000301e+02,9.772721953102374570e+00
5.605500083499999846e+02,9.788289092622257215e+00
5.606000083500000528e+02,9.769719577209299288e+00
5.606500083500000073e+02,9.765023925469124677e+00
5.607000083599999698e+02,9.765279788080212242e+00
5.607500083600000380e+02,9.776254384673341846e+00
5.608000083599999925e+02,9.767409939788628037e+00
5.608500083599999471e+02,9.747584024389889024e+00
5.609000083600000153e+02,9.731185904210716942e+00
5.609500083599999698e+02,9.732381202677434118e+00
5.610000083600000380e+02,9.731192014362623155e+00
5.610500083599999925e+02,9.713445078150083845e+00
5.611000083599999471e+02,9.753090035026668048e+00
5.611500083600000153e+02,9.747675676668485778e+00
5.612000083599999698e+02,9.751554095591162152e+00
5.612500083600000380e+02,9.747853634842764237e+00
5.613000083599999925e+02,9.722941781750821022e+00
5.613500083599999471e+02,9.737228844446283560e+00
5.614000083700000232e+02,9.741069074919543880e+00
5.614500083699999777e+02,9.725885347431795225e+00
5.615000083700000459e+02,9.722416308686858244e+00
5.615500083700000005e+02,9.718755563925853380e+00
5.616000083699999550e+02,9.729660657541048252e+00
5.616500083700000232e+02,9.739029047951747842e+00
5.617000083699999777e+02,9.732049726936503831e+00
5.617500083700000459e+02,9.730502330966174895e+00
5.618000083700000005e+02,9.720868148947539922e+00
5.618500083699999550e+02,9.716659781821910258e+00
5.619000083700000232e+02,9.717340299990501862e+00
5.619500083699999777e+02,9.672523863294022917e+00
5.620000083700000459e+02,9.677921418734459991e+00
5.620500083800000084e+02,9.674435577071779591e+00
5.621000083799999629e+02,9.663606096586427441e+00
5.621500083800000311e+02,9.674757887584849669e+00
5.622000083799999857e+02,9.671431673640729088e+00
5.622500083800000539e+02,9.666261721358809567e+00
5.623000083800000084e+02,9.637537133477184881e+00
5.623500083799999629e+02,9.656965889001998704e+00
5.624000083800000311e+02,9.653021022177341592e+00
5.624500083799999857e+02,9.646875736897339237e+00
5.625000083800000539e+02,9.623958084633891019e+00
5.625500083800000084e+02,9.609311286744931735e+00
5.626000083799999629e+02,9.589061479557676293e+00
5.626500083800000311e+02,9.583980124478401308e+00
5.627000083799999857e+02,9.587766127353489765e+00
5.627500083899999481e+02,9.607466784638145185e+00
5.628000083900000163e+02,9.602457987612760704e+00
5.628500083899999709e+02,9.596072115101440758e+00
5.629000083900000391e+02,9.603473800367222424e+00
5.629500083899999936e+02,9.592949827477198710e+00
5.630000083899999481e+02,9.587014578668986431e+00
5.630500083900000163e+02,9.560807373372854912e+00
5.631000083899999709e+02,9.558467185192654370e+00
5.631500083900000391e+02,9.575123459289875072e+00
5.632000083899999936e+02,9.530941714622686689e+00
5.632500083899999481e+02,9.519054414088516936e+00
5.633000083900000163e+02,9.546550097667937607e+00
5.633500083899999709e+02,9.548596998556629245e+00
5.634000084000000470e+02,9.548154776312394176e+00
5.634500084000000015e+02,9.540696572141474263e+00
5.635000083999999561e+02,9.511361732838185645e+00
5.635500084000000243e+02,9.509776148418438879e+00
5.636000083999999788e+02,9.521076110600592557e+00
5.636500084000000470e+02,9.512678470574044809e+00
5.637000084000000015e+02,9.501306714106988238e+00
5.637500083999999561e+02,9.499874647253895077e+00
5.638000084000000243e+02,9.499662319475142169e+00
5.638500083999999788e+02,9.494703931202986169e+00
5.639000084000000470e+02,9.495668571435230021e+00
5.639500084000000015e+02,9.479211641043958636e+00
5.640000083999999561e+02,9.452640117940401154e+00
5.640500084000000243e+02,9.450598563434628119e+00
5.641000084099999867e+02,9.445230031215746891e+00
5.641500084100000549e+02,9.416083842852572161e+00
5.642000084100000095e+02,9.431013235267210248e+00
5.642500084099999640e+02,9.406890355540198811e+00
5.643000084100000322e+02,9.388586631735176269e+00
5.643500084099999867e+02,9.373147041636341825e+00
5.644000084100000549e+02,9.374699783989589363e+00
5.644500084100000095e+02,9.365999691443667174e+00
5.645000084099999640e+02,9.361446100735321352e+00
5.645500084100000322e+02,9.351167297690547997e+00
5.646000084099999867e+02,9.354897545429489369e+00
5.646500084100000549e+02,9.338443670114170203e+00
5.647000084100000095e+02,9.341804253662767010e+00
5.647500084199999719e+02,9.332816983977236802e+00
5.648000084200000401e+02,9.364876951030840502e+00
5.648500084199999947e+02,9.362148004435585591e+00
5.649000084199999492e+02,9.390423496152077831e+00
5.649500084200000174e+02,9.411752508919825289e+00
5.650000084199999719e+02,9.387587621898456192e+00
5.650500084200000401e+02,9.403971994235838849e+00
5.651000084199999947e+02,9.397243189448762024e+00
5.651500084199999492e+02,9.375030495961532040e+00
5.652000084200000174e+02,9.368502562418385082e+00
5.652500084199999719e+02,9.364687536321740779e+00
5.653000084200000401e+02,9.376496168650112040e+00
5.653500084199999947e+02,9.368185598288231830e+00
5.654000084299999571e+02,9.379623802657272691e+00
5.654500084300000253e+02,9.364804392976951775e+00
5.655000084299999799e+02,9.390934457605261798e+00
5.655500084300000481e+02,9.376331194548635395e+00
5.656000084300000026e+02,9.357538658591089131e+00
5.656500084299999571e+02,9.343724368899396282e+00
5.657000084300000253e+02,9.346217310877262818e+00
5.657500084299999799e+02,9.347989254930158864e+00
5.658000084300000481e+02,9.328544460256589232e+00
5.658500084300000026e+02,9.322709265185846306e+00
5.659000084299999571e+02,9.341260450143085592e+00
5.659500084300000253e+02,9.337899866594487008e+00
5.660000084299999799e+02,9.323521915389417103e+00
5.660500084300000481e+02,9.326011802291331421e+00
5.661000084400000105e+02,9.323737298244122229e+00
5.661500084399999650e+02,9.306449387193561407e+00
5.662000084400000333e+02,9.301467322082768163e+00
5.662500084399999878e+02,9.305826151699093884e+00
5.663000084400000560e+02,9.297225349121653437e+00
5.663500084400000105e+02,9.278784910667718933e+00
5.664000084399999650e+02,9.274140431449763966e+00
5.664500084400000333e+02,9.256953337905660106e+00
5.665000084399999878e+02,9.264655184383851605e+00
5.665500084400000560e+02,9.275070702077535145e+00
5.666000084400000105e+02,9.263459885917136205e+00
5.666500084399999650e+02,9.261079981749539058e+00
5.667000084400000333e+02,9.246817359661701374e+00
5.667500084499999957e+02,9.258721463113614547e+00
5.668000084499999502e+02,9.265260853191588097e+00
5.668500084500000185e+02,9.243020664020777488e+00
5.669000084499999730e+02,9.245961938394787083e+00
5.669500084500000412e+02,9.252576941602603355e+00
5.670000084499999957e+02,9.257530747260828363e+00
5.670500084499999502e+02,9.265921513366480511e+00
5.671000084500000185e+02,9.249798350023104021e+00
5.671500084499999730e+02,9.250378050685236886e+00
5.672000084500000412e+02,9.259963351488618599e+00
5.672500084499999957e+02,9.284411596804654110e+00
5.673000084499999502e+02,9.307006174786044639e+00
5.673500084500000185e+02,9.301965299463150316e+00
5.674000084499999730e+02,9.292273834770391261e+00
5.674500084600000491e+02,9.306122494066562112e+00
5.675000084600000037e+02,9.305727625499599753e+00
5.675500084599999582e+02,9.309852741805501708e+00
5.676000084600000264e+02,9.289799987017232752e+00
5.676500084599999809e+02,9.296417281532013632e+00
5.677000084600000491e+02,9.288259464967795864e+00
5.677500084600000037e+02,9.285842136119773826e+00
5.678000084599999582e+02,9.289334851703348050e+00
5.678500084600000264e+02,9.274924058431777141e+00
5.679000084599999809e+02,9.249980890811311696e+00
5.679500084600000491e+02,9.228187506498667148e+00
5.680000084600000037e+02,9.212881575972788895e+00
5.680500084599999582e+02,9.227678072583460178e+00
5.681000084700000343e+02,9.220764435701211070e+00
5.681500084699999888e+02,9.221076053448445720e+00
5.682000084699999434e+02,9.243058852470193543e+00
5.682500084700000116e+02,9.234892634447104953e+00
5.683000084699999661e+02,9.245278365150243260e+00
5.683500084700000343e+02,9.253374316426405954e+00
5.684000084699999888e+02,9.239080379810047816e+00
5.684500084699999434e+02,9.259855660061267812e+00
5.685000084700000116e+02,9.259700614956638987e+00
5.685500084699999661e+02,9.240888984774384696e+00
5.686000084700000343e+02,9.215932833081117437e+00
5.686500084699999888e+02,9.217142643158611648e+00
5.687000084699999434e+02,9.205818240368831340e+00
5.687500084800000195e+02,9.221963553012869852e+00
5.688000084799999740e+02,9.211107340612928240e+00
5.688500084800000423e+02,9.201898577920786693e+00
5.689000084799999968e+02,9.196648429895095234e+00
5.689500084799999513e+02,9.204280773395350224e+00
5.690000084800000195e+02,9.188645658435506292e+00
5.690500084799999740e+02,9.206783644370064579e+00
5.691000084800000423e+02,9.202669220829999830e+00
5.691500084799999968e+02,9.181651062040497635e+00
5.692000084799999513e+02,9.199766898674395676e+00
5.692500084800000195e+02,9.211160040673123106e+00
5.693000084799999740e+02,9.198288241913012087e+00
5.693500084800000423e+02,9.209378931392366852e+00
5.694000084799999968e+02,9.220843867675997174e+00
5.694500084899999592e+02,9.228735892632281335e+00
5.695000084900000275e+02,9.233598046011907812e+00
5.695500084899999820e+02,9.233782878107080094e+00
5.696000084900000502e+02,9.237019731079568530e+00
5.696500084900000047e+02,9.243625569059524594e+00
5.697000084899999592e+02,9.242428743054830420e+00
5.697500084900000275e+02,9.232477596906045747e+00
5.698000084899999820e+02,9.229155201806864994e+00
5.698500084900000502e+02,9.217067793797756536e+00
5.699000084900000047e+02,9.213722485628927927e+00
5.699500084899999592e+02,9.220690350109345346e+00
5.700000084900000275e+02,9.233675950448715142e+00
5.700500084899999820e+02,9.247129741177923634e+00
5.701000084999999444e+02,9.262660983555354832e+00
5.701500085000000126e+02,9.231315140505827799e+00
5.702000084999999672e+02,9.230935547318631862e+00
5.702500085000000354e+02,9.228574737375744519e+00
5.703000084999999899e+02,9.232967936596544689e+00
5.703500084999999444e+02,9.240020579434666814e+00
5.704000085000000126e+02,9.259052938854546611e+00
5.704500084999999672e+02,9.257133587386904949e+00
5.705000085000000354e+02,9.251697843497048268e+00
5.705500084999999899e+02,9.272421951226050396e+00
5.706000084999999444e+02,9.283046741622532849e+00
5.706500085000000126e+02,9.269073587981266016e+00
5.707000084999999672e+02,9.244096050756327898e+00
5.707500085000000354e+02,9.242003323728338771e+00
5.708000085099999978e+02,9.247642230169084598e+00
5.708500085099999524e+02,9.217628400235181374e+00
5.709000085100000206e+02,9.216030595511622181e+00
5.709500085099999751e+02,9.224686389456220326e+00
5.710000085100000433e+02,9.225273727808236401e+00
5.710500085099999978e+02,9.223924911774869173e+00
5.711000085099999524e+02,9.205038432231761547e+00
5.711500085100000206e+02,9.181182871650658939e+00
5.712000085099999751e+02,9.188146153517145365e+00
5.712500085100000433e+02,9.195104089000716741e+00
5.713000085099999978e+02,9.201491489050015460e+00
5.713500085099999524e+02,9.205928986872137898e+00
5.714000085100000206e+02,9.205022393083005738e+00
5.714500085199999830e+02,9.206529309296955788e+00
5.715000085200000512e+02,9.236488147863699538e+00
5.715500085200000058e+02,9.227235850339225109e+00
5.716000085199999603e+02,9.223556011353512218e+00
5.716500085200000285e+02,9.211863471911360790e+00
5.717000085199999830e+02,9.221975773316682279e+00
5.717500085200000512e+02,9.213277208308738864e+00
5.718000085200000058e+02,9.215428745548829070e+00
5.718500085199999603e+02,9.214040977297054624e+00
5.719000085200000285e+02,9.224953708602132707e+00
5.719500085199999830e+02,9.219136080218119034e+00
5.720000085200000512e+02,9.207077695430568198e+00
5.720500085200000058e+02,9.210652898064880745e+00
5.721000085199999603e+02,9.223600309954834486e+00
5.721500085300000364e+02,9.216662996233948135e+00
5.722000085299999910e+02,9.215051443668599518e+00
5.722500085299999455e+02,9.196915749041005839e+00
5.723000085300000137e+02,9.226960129734441907e+00
5.723500085299999682e+02,9.225466961362281282e+00
5.724000085300000364e+02,9.228553351844070107e+00
5.724500085299999910e+02,9.221793232528474604e+00
5.725000085299999455e+02,9.246346877964898070e+00
5.725500085300000137e+02,9.257765988109230904e+00
5.726000085299999682e+02,9.277109201507352410e+00
5.726500085300000364e+02,9.280298700802566358e+00
5.727000085299999910e+02,9.278242634686016288e+00
5.727500085299999455e+02,9.265406733068354939e+00
5.728000085400000216e+02,9.244196104493799027e+00
5.728500085399999762e+02,9.252564721298789152e+00
5.729000085400000444e+02,9.254248068149040662e+00
5.729500085399999989e+02,9.265312025713804189e+00
5.730000085399999534e+02,9.280595043170032810e+00
5.730500085400000216e+02,9.287863068862860061e+00
5.731000085399999762e+02,9.303443192455542743e+00
5.731500085400000444e+02,9.284863748045736997e+00
5.732000085399999989e+02,9.289511282339647735e+00
5.732500085399999534e+02,9.279614363789034925e+00
5.733000085400000216e+02,9.284208434253761411e+00
5.733500085399999762e+02,9.278602369879513034e+00
5.734000085400000444e+02,9.267785873466964475e+00
5.734500085500000068e+02,9.296842700858505282e+00
5.735000085499999614e+02,9.320566129404628697e+00
5.735500085500000296e+02,9.327411790846916517e+00
5.736000085499999841e+02,9.326273011285334036e+00
5.736500085500000523e+02,9.325771978828997888e+00
5.737000085500000068e+02,9.291186227731028424e+00
5.737500085499999614e+02,9.308148009423577562e+00
5.738000085500000296e+02,9.299999358087220003e+00
5.738500085499999841e+02,9.306916813814410716e+00
5.739000085500000523e+02,9.331501010010367025e+00
5.739500085500000068e+02,9.341340645886855754e+00
5.740000085499999614e+02,9.323120172901562697e+00
5.740500085500000296e+02,9.321758372795391878e+00
5.741000085499999841e+02,9.314148178595797134e+00
5.741500085599999466e+02,9.296816732712901654e+00
5.742000085600000148e+02,9.317766152293458504e+00
5.742500085599999693e+02,9.329134089915569916e+00
5.743000085600000375e+02,9.376360981539180628e+00
5.743500085599999920e+02,9.367271366809216460e+00
5.744000085599999466e+02,9.356400642798496037e+00
5.744500085600000148e+02,9.337186506359401506e+00
5.745000085599999693e+02,9.346491503944069024e+00
5.745500085600000375e+02,9.359399963615619100e+00
5.746000085599999920e+02,9.352403839682633446e+00
5.746500085599999466e+02,9.338136634980866546e+00
5.747000085600000148e+02,9.341286418288687443e+00
5.747500085599999693e+02,9.321108405386333118e+00
5.748000085700000454e+02,9.336346360472251860e+00
5.748500085700000000e+02,9.345417644746495611e+00
5.749000085699999545e+02,9.345962975804152251e+00
5.749500085700000227e+02,9.336114938468790925e+00
5.750000085699999772e+02,9.323156833812999977e+00
5.750500085700000454e+02,9.326340986725295323e+00
5.751000085700000000e+02,9.324663750026950026e+00
5.751500085699999545e+02,9.324180284257346685e+00
5.752000085700000227e+02,9.348723236927931168e+00
5.752500085699999772e+02,9.349202883852594681e+00
5.753000085700000454e+02,9.344515633571292668e+00
5.753500085700000000e+02,9.328693395209311845e+00
5.754000085699999545e+02,9.347685274872809202e+00
5.754500085700000227e+02,9.354879978742758340e+00
5.755000085799999852e+02,9.366619871862182478e+00
5.755500085800000534e+02,9.375739273582690103e+00
5.756000085800000079e+02,9.376220448045328837e+00
5.756500085799999624e+02,9.372124354960984505e+00
5.757000085800000306e+02,9.365884362326431400e+00
5.757500085799999852e+02,9.346021786016253330e+00
5.758000085800000534e+02,9.346291396469130319e+00
5.758500085800000079e+02,9.343974121358574081e+00
5.759000085799999624e+02,9.332504602461014542e+00
5.759500085800000306e+02,9.359590905862699373e+00
5.760000085799999852e+02,9.371718029859199106e+00
5.760500085800000534e+02,9.382070918495839962e+00
5.761000085800000079e+02,9.392535317404774986e+00
5.761500085899999704e+02,9.407686202826024413e+00
5.762000085900000386e+02,9.405709568684260447e+00
5.762500085899999931e+02,9.420740542374343107e+00
5.763000085899999476e+02,9.432619441449642039e+00
5.763500085900000158e+02,9.440063897778768975e+00
5.764000085899999704e+02,9.449010687707916745e+00
5.764500085900000386e+02,9.475341623580156636e+00
5.765000085899999931e+02,9.447436559822994795e+00
5.765500085899999476e+02,9.447583967237742186e+00
5.766000085900000158e+02,9.462938015209884313e+00
5.766500085899999704e+02,9.501173054534033824e+00
5.767000085900000386e+02,9.499850206646268447e+00
5.767500085899999931e+02,9.506908959636296785e+00
5.768000085899999476e+02,9.511981149487713338e+00
5.768500086000000238e+02,9.520449820030172816e+00
5.769000085999999783e+02,9.523520935132195220e+00
5.769500086000000465e+02,9.533653858300201733e+00
5.770000086000000010e+02,9.526178851211540177e+00
5.770500085999999555e+02,9.529458475247373883e+00
5.771000086000000238e+02,9.520954671331450569e+00
5.771500085999999783e+02,9.511978858180745178e+00
5.772000086000000465e+02,9.511727578183590381e+00
5.772500086000000010e+02,9.511338055999548402e+00
5.773000085999999555e+02,9.553760840686642553e+00
5.773500086000000238e+02,9.577766863758441218e+00
5.774000085999999783e+02,9.577375050267434631e+00
5.774500086000000465e+02,9.587701970758471859e+00
5.775000086100000090e+02,9.586439460620784558e+00
5.775500086099999635e+02,9.586351627187125857e+00
5.776000086100000317e+02,9.597902869366436107e+00
5.776500086099999862e+02,9.576486786934021112e+00
5.777000086100000544e+02,9.602932288154505613e+00
5.777500086100000090e+02,9.615271739929760031e+00
5.778000086099999635e+02,9.620775459259574447e+00
5.778500086100000317e+02,9.629230381960248053e+00
5.779000086099999862e+02,9.649091430732447350e+00
5.779500086100000544e+02,9.655800377525826761e+00
5.780000086100000090e+02,9.646761171549092850e+00
5.780500086099999635e+02,9.650114117407804670e+00
5.781000086100000317e+02,9.649839924340998465e+00
5.781500086199999942e+02,9.647996949772190689e+00
5.782000086199999487e+02,9.649362568723299560e+00
5.782500086200000169e+02,9.647329415676400899e+00
5.783000086199999714e+02,9.655361210357543911e+00
5.783500086200000396e+02,9.670172218578992229e+00
5.784000086199999942e+02,9.696361857188390942e+00
5.784500086199999487e+02,9.702944018329709763e+00
5.785000086200000169e+02,9.717376197132953308e+00
5.785500086199999714e+02,9.731608268461256372e+00
5.786000086200000396e+02,9.724429603740063044e+00
5.786500086199999942e+02,9.721206498609364033e+00
5.787000086199999487e+02,9.743964523154252433e+00
5.787500086200000169e+02,9.747933066817548564e+00
5.788000086199999714e+02,9.774736775693556368e+00
5.788500086300000476e+02,9.781318173065884025e+00
5.789000086300000021e+02,9.792531065583371941e+00
5.789500086299999566e+02,9.801571799098081073e+00
5.790000086300000248e+02,9.802925961514368680e+00
5.790500086299999793e+02,9.797181654953234897e+00
5.791000086300000476e+02,9.791852838721746721e+00
5.791500086300000021e+02,9.794215176202609285e+00
5.792000086299999566e+02,9.803590440534204475e+00
5.792500086300000248e+02,9.779472907190109865e+00
5.793000086299999793e+02,9.801598531012674087e+00
5.793500086300000476e+02,9.810787435711116444e+00
5.794000086300000021e+02,9.820628599125585723e+00
5.794500086299999566e+02,9.819280546861206105e+00
5.795000086400000328e+02,9.809227055667985695e+00
5.795500086399999873e+02,9.820068756457148496e+00
5.796000086400000555e+02,9.825367785698093215e+00
5.796500086400000100e+02,9.803646195670351560e+00
5.797000086399999645e+02,9.819916002659487830e+00
5.797500086400000328e+02,9.825829865936027474e+00
5.798000086399999873e+02,9.837333754438059685e+00
5.798500086400000555e+02,9.836867855355189150e+00
5.799000086400000100e+02,9.840970058591439695e+00
5.799500086399999645e+02,9.864785139416161641e+00
5.800000086400000328e+02,9.868272508616817262e+00
5.800500086399999873e+02,9.868228210015494994e+00
5.801000086400000555e+02,9.885975146228034305e+00
5.801500086400000100e+02,9.898921794348998660e+00
5.802000086499999725e+02,9.895820128487443412e+00
5.802500086500000407e+02,9.868776596149107405e+00
5.803000086499999952e+02,9.874176442896509087e+00
5.803500086499999497e+02,9.880502741426740343e+00
5.804000086500000180e+02,9.870571453271651308e+00
5.804500086499999725e+02,9.874394117058178821e+00
5.805000086500000407e+02,9.877256723226391699e+00
5.805500086499999952e+02,9.897426334669875203e+00
5.806000086499999497e+02,9.920641856838765094e+00
5.806500086500000180e+02,9.885827738813288690e+00
5.807000086499999725e+02,9.886720584760633201e+00
5.807500086500000407e+02,9.888674305832747535e+00
5.808000086499999952e+02,9.878087703885681137e+00
5.808500086599999577e+02,9.900411907645207066e+00
5.809000086600000259e+02,9.908665195332963194e+00
5.809500086599999804e+02,9.896925302213537279e+00
5.810000086600000486e+02,9.927230128131990128e+00
5.810500086600000031e+02,9.951524092112386199e+00
5.811000086599999577e+02,9.952441378667353789e+00
5.811500086600000259e+02,9.933755770368172477e+00
5.812000086599999804e+02,9.945864563908955347e+00
5.812500086600000486e+02,9.938817267453751825e+00
5.813000086600000031e+02,9.953962042723095038e+00
5.813500086599999577e+02,9.933409783016465155e+00
5.814000086600000259e+02,9.916864255422549235e+00
5.814500086599999804e+02,9.913929854969433464e+00
5.815000086700000566e+02,9.892534394299701717e+00
5.815500086700000111e+02,9.890971722949604583e+00
5.816000086699999656e+02,9.900568480287812889e+00
5.816500086700000338e+02,9.892354144818460426e+00
5.817000086699999883e+02,9.897757046641816103e+00
5.817500086700000566e+02,9.925568930582398863e+00
5.818000086700000111e+02,9.934754016435904944e+00
5.818500086699999656e+02,9.940939781472284409e+00
5.819000086700000338e+02,9.951688302444873457e+00
5.819500086699999883e+02,9.937292020784083135e+00
5.820000086700000566e+02,9.953282288323492821e+00
5.820500086700000111e+02,9.927715885208561630e+00
5.821000086699999656e+02,9.939668106106736900e+00
5.821500086700000338e+02,9.956516086220029038e+00
5.822000086799999963e+02,9.965224580224820272e+00
5.822500086799999508e+02,9.984849624379632971e+00
5.823000086800000190e+02,9.999330684398129776e+00
5.823500086799999735e+02,9.992724846418171936e+00
5.824000086800000417e+02,9.979901928873314176e+00
5.824500086799999963e+02,9.994334871445543556e+00
5.825000086799999508e+02,9.971271339305328496e+00
5.825500086800000190e+02,9.959484856277617482e+00
5.826000086799999735e+02,9.949242714144281408e+00
5.826500086800000417e+02,9.963291480915390963e+00
5.827000086799999963e+02,9.963808552520481143e+00
5.827500086799999508e+02,9.953099747535283370e+00
5.828000086800000190e+02,9.948979977612301795e+00
5.828500086899999815e+02,9.954148402356244318e+00
5.829000086900000497e+02,9.966130410244966598e+00
5.829500086900000042e+02,9.976607029457714049e+00
5.830000086899999587e+02,9.970874943200390916e+00
5.830500086900000269e+02,9.968789090093297389e+00
5.831000086899999815e+02,9.982918816377166493e+00
5.831500086900000497e+02,9.962794267303994644e+00
5.832000086900000042e+02,9.955081728059967716e+00
5.832500086899999587e+02,9.963398408573754139e+00
5.833000086900000269e+02,9.967324944942692611e+00
5.833500086899999815e+02,9.961387404827513947e+00
5.834000086900000497e+02,9.954107158830876045e+00
5.834500086900000042e+02,9.943961251590069494e+00
5.835000086899999587e+02,9.945180990664411524e+00
5.835500087000000349e+02,9.950583128718777814e+00
5.836000086999999894e+02,9.963302173681224616e+00
5.836500086999999439e+02,9.975155868379911084e+00
5.837000087000000121e+02,9.973289216972462512e+00
5.837500086999999667e+02,9.954839613290671352e+00
5.838000087000000349e+02,9.958834888868556945e+00
5.838500086999999894e+02,9.941764651979667633e+00
5.839000086999999439e+02,9.926242574830096643e+00
5.839500087000000121e+02,9.915612438050699140e+00
5.840000086999999667e+02,9.893015568762342227e+00
5.840500087000000349e+02,9.868704038095215125e+00
5.841000086999999894e+02,9.894773764973448849e+00
5.841500086999999439e+02,9.881013702879924310e+00
5.842000087100000201e+02,9.905151857986703945e+00
5.842500087099999746e+02,9.901012993839014342e+00
5.843000087100000428e+02,9.882037917093258628e+00
5.843500087099999973e+02,9.870856339104292942e+00
5.844000087099999519e+02,9.867714957255344643e+00
5.844500087100000201e+02,9.870858630411259327e+00
5.845000087099999746e+02,9.880149116385149810e+00
5.845500087100000428e+02,9.878699482845322066e+00
5.846000087099999973e+02,9.860510324388547687e+00
5.846500087099999519e+02,9.878377172332253764e+00
5.847000087100000201e+02,9.890117065451677902e+00
5.847500087099999746e+02,9.877381981340475292e+00
5.848000087100000428e+02,9.889501467647095367e+00
5.848500087099999973e+02,9.890650176205523891e+00
5.849000087199999598e+02,9.867750854397796090e+00
5.849500087200000280e+02,9.869036277605133023e+00
5.850000087199999825e+02,9.878898826551274936e+00
5.850500087200000507e+02,9.899585509599846844e+00
5.851000087200000053e+02,9.883505881088803235e+00
5.851500087199999598e+02,9.877010789612153729e+00
5.852000087200000280e+02,9.882919306505776547e+00
5.852500087199999825e+02,9.868803328063696867e+00
5.853000087200000507e+02,9.832328012488629199e+00
5.853500087200000053e+02,9.805783985068652342e+00
5.854000087199999598e+02,9.820031331776721828e+00
5.854500087200000280e+02,9.849863384691406765e+00
5.855000087199999825e+02,9.865245692116115350e+00
5.855500087299999450e+02,9.853236188543814222e+00
5.856000087300000132e+02,9.844394798735054408e+00
5.856500087299999677e+02,9.865516066337979950e+00
5.857000087300000359e+02,9.895869773471684283e+00
5.857500087299999905e+02,9.897418696979991992e+00
5.858000087299999450e+02,9.922014349710773118e+00
5.858500087300000132e+02,9.933950531460194355e+00
5.859000087299999677e+02,9.942476484676779691e+00
5.859500087300000359e+02,9.942092308875656315e+00
5.860000087299999905e+02,9.938826432681612033e+00
5.860500087299999450e+02,9.930420391196193464e+00
5.861000087300000132e+02,9.942629238474443909e+00
5.861500087299999677e+02,9.947013272467383871e+00
5.862000087400000439e+02,9.936104360007249170e+00
5.862500087399999984e+02,9.952166421831559973e+00
5.863000087399999529e+02,9.976500865568336707e+00
5.863500087400000211e+02,9.964905324787704188e+00
5.864000087399999757e+02,9.941462963229282579e+00
5.864500087400000439e+02,9.934594388717345126e+00
5.865000087399999984e+02,9.945319996620284542e+00
5.865500087399999529e+02,9.964746460838133757e+00
5.866000087400000211e+02,9.977238666411052392e+00
5.866500087399999757e+02,9.971366046659879245e+00
5.867000087400000439e+02,9.976906426901132718e+00
5.867500087399999984e+02,9.985943341570903797e+00
5.868000087399999529e+02,9.976259514568027953e+00
5.868500087400000211e+02,9.968786798786332781e+00
5.869000087499999836e+02,9.976713957116077225e+00
5.869500087500000518e+02,9.999255835037272888e+00
5.870000087500000063e+02,9.998233148361917344e+00
5.870500087499999609e+02,9.992100083385727416e+00
5.871000087500000291e+02,1.000050536110215837e+01
5.871500087499999836e+02,1.001657353307837717e+01
5.872000087500000518e+02,1.000926655516714803e+01
5.872500087500000063e+02,9.994844305360752301e+00
5.873000087499999609e+02,9.978046734000692197e+00
5.873500087500000291e+02,9.967150805613357534e+00
5.874000087499999836e+02,9.948941025393898130e+00
5.874500087500000518e+02,9.938124528981349570e+00
5.875000087500000063e+02,9.959932424904771153e+00
5.875500087599999688e+02,9.964255357378645428e+00
5.876000087600000370e+02,9.966002097054929010e+00
5.876500087599999915e+02,9.985055078237488502e+00
5.877000087599999461e+02,9.990363272706293429e+00
5.877500087600000143e+02,1.000018916074099629e+01
5.878000087599999688e+02,1.001164187672081418e+01
5.878500087600000370e+02,1.000576925696964281e+01
5.879000087599999915e+02,9.996065571973071329e+00
5.879500087599999461e+02,9.994391390350680027e+00
5.880000087600000143e+02,1.000726700795573088e+01
5.880500087599999688e+02,1.003364682504322225e+01
5.881000087600000370e+02,1.000066498882071819e+01
5.881500087599999915e+02,9.998506577659734162e+00
5.882000087599999461e+02,1.001458391486381316e+01
5.882500087700000222e+02,1.000810791761186813e+01
5.883000087699999767e+02,1.002465039012983361e+01
5.883500087700000449e+02,1.003638340932836215e+01
5.884000087699999995e+02,1.004553488934638139e+01
5.884500087699999540e+02,1.006293660197620099e+01
5.885000087700000222e+02,1.003952173610135823e+01
5.885500087699999767e+02,1.005498729434579630e+01
5.886000087700000449e+02,1.004812559375475267e+01
5.886500087699999995e+02,1.005654538308196244e+01
5.887000087699999540e+02,1.006055898911557023e+01
5.887500087700000222e+02,1.003264323259257296e+01
5.888000087699999767e+02,1.001354900788464164e+01
5.888500087700000449e+02,1.001734799483253191e+01
5.889000087800000074e+02,1.002382170077750878e+01
5.889500087799999619e+02,1.001787957804840090e+01
5.890000087800000301e+02,1.001632912700211797e+01
5.890500087799999847e+02,1.001461752069929823e+01
5.891000087800000529e+02,1.000739073853183925e+01
5.891500087800000074e+02,9.998950327441946229e+00
5.892000087799999619e+02,9.998456932675491515e+00
5.892500087800000301e+02,1.000531634195957231e+01
5.893000087799999847e+02,1.001783222437112464e+01
5.893500087800000529e+02,1.001566770305823439e+01
5.894000087800000074e+02,1.001640244882499609e+01
5.894500087799999619e+02,1.003785366463087492e+01
5.895000087800000301e+02,1.003832338255868883e+01
5.895500087799999847e+02,1.000544312761163113e+01
5.896000087899999471e+02,1.000730901525009031e+01
5.896500087900000153e+02,1.003380798029975907e+01
5.897000087899999698e+02,1.000827212794435894e+01
5.897500087900000381e+02,1.001410350417016026e+01
5.898000087899999926e+02,1.001819730594753999e+01
5.898500087899999471e+02,1.002772608784578701e+01
5.899000087900000153e+02,1.002155101557524119e+01
5.899500087899999698e+02,1.000197027002175076e+01
5.900000087900000381e+02,9.986280927463740298e+00
5.900500087899999926e+02,9.984910725898696882e+00
5.901000087899999471e+02,9.984369977454969458e+00
5.901500087900000153e+02,1.001884269074266953e+01
5.902000087899999698e+02,1.002111490348291234e+01
5.902500088000000460e+02,1.002549893747585408e+01
5.903000088000000005e+02,1.001965915979118016e+01
5.903500087999999550e+02,9.991418801448149978e+00
5.904000088000000233e+02,1.000309377420356682e+01
5.904500087999999778e+02,1.000613815739100154e+01
5.905000088000000460e+02,9.989748438670698505e+00
5.905500088000000005e+02,9.981269075362401821e+00
5.906000087999999550e+02,1.001188781033505215e+01
5.906500088000000233e+02,1.000772221427276953e+01
5.907000087999999778e+02,9.994349383056324143e+00
5.907500088000000460e+02,9.997438828614065187e+00
5.908000088000000005e+02,1.002543401711184679e+01
5.908500087999999550e+02,1.003694783461072859e+01
5.909000088100000312e+02,1.003714946962364429e+01
5.909500088099999857e+02,1.003469700740215842e+01
5.910000088100000539e+02,1.002932312880035859e+01
5.910500088100000085e+02,1.002946366229420860e+01
5.911000088099999630e+02,1.006742527232054130e+01
5.911500088100000312e+02,1.009156571873428554e+01
5.912000088099999857e+02,1.008548764512525509e+01
5.912500088100000539e+02,1.007612765617342809e+01
5.913000088100000085e+02,1.009091193248028517e+01
5.913500088099999630e+02,1.009944934223169533e+01
5.914000088100000312e+02,1.010372415725930750e+01
5.914500088099999857e+02,1.007508663904235213e+01
5.915000088100000539e+02,1.008205068467782795e+01
5.915500088100000085e+02,1.009921715645924856e+01
5.916000088199999709e+02,1.010173683035170455e+01
5.916500088200000391e+02,1.010668605339600390e+01
5.917000088199999936e+02,1.008402273620566447e+01
5.917500088199999482e+02,1.008096918779037310e+01
5.918000088200000164e+02,1.007316576003673347e+01
5.918500088199999709e+02,1.007293433803327432e+01
5.919000088200000391e+02,1.007750320412138834e+01
5.919500088199999936e+02,1.007530278566604487e+01
5.920000088199999482e+02,1.008868554587933986e+01
5.920500088200000164e+02,1.008712287452924272e+01
5.921000088199999709e+02,1.009769114602058870e+01
5.921500088200000391e+02,1.012755909607772509e+01
5.922000088199999936e+02,1.012667159651329918e+01
5.922500088299999561e+02,1.011525172259997873e+01
5.923000088300000243e+02,1.012714055067212549e+01
5.923500088299999788e+02,1.012976791599193760e+01
5.924000088300000471e+02,1.013569781841723305e+01
5.924500088300000016e+02,1.012302383582509613e+01
5.925000088299999561e+02,1.012754916708087549e+01
5.925500088300000243e+02,1.013151007305429019e+01
5.926000088299999788e+02,1.012620187858548526e+01
5.926500088300000471e+02,1.013530676869521585e+01
5.927000088300000016e+02,1.013391747290546441e+01
5.927500088299999561e+02,1.014099226504424855e+01
5.928000088300000243e+02,1.014440249357708446e+01
5.928500088299999788e+02,1.016608895023136405e+01
5.929000088300000471e+02,1.017954732357450354e+01
5.929500088400000095e+02,1.017391223597869931e+01
5.930000088399999640e+02,1.015636387970312171e+01
5.930500088400000323e+02,1.017145824621923467e+01
5.931000088399999868e+02,1.017955496126438675e+01
5.931500088400000550e+02,1.017594004264268115e+01
5.932000088400000095e+02,1.019498385859738399e+01
5.932500088399999640e+02,1.017752104444849870e+01
5.933000088400000323e+02,1.018610351657021873e+01
5.933500088399999868e+02,1.019279795175282111e+01
5.934000088400000550e+02,1.017901955920357615e+01
5.934500088400000095e+02,1.017512510113214752e+01
5.935000088399999640e+02,1.016476228349865707e+01
5.935500088400000323e+02,1.018009189086317434e+01
5.936000088499999947e+02,1.017484021529950411e+01
5.936500088499999492e+02,1.017341273106033839e+01
5.937000088500000174e+02,1.019428959258700296e+01
5.937500088499999720e+02,1.019963139289129295e+01
5.938000088500000402e+02,1.020662522551731577e+01
5.938500088499999947e+02,1.019182872890664449e+01
5.939000088499999492e+02,1.019794957357902021e+01
5.939500088500000174e+02,1.018355329191822634e+01
5.940000088499999720e+02,1.018453549883720299e+01
5.940500088500000402e+02,1.018735380640409360e+01
5.941000088499999947e+02,1.019724614234077897e+01
5.941500088499999492e+02,1.020878821929223079e+01
5.942000088500000174e+02,1.020148887907088131e+01
5.942500088599999799e+02,1.021069305914909364e+01
5.943000088600000481e+02,1.020892722524810203e+01
5.943500088600000026e+02,1.022970250549932025e+01
5.944000088599999572e+02,1.023530551479761463e+01
5.944500088600000254e+02,1.023891814211235562e+01
5.945000088599999799e+02,1.024573325279511060e+01
5.945500088600000481e+02,1.026578524381439195e+01
5.946000088600000026e+02,1.026430735082199952e+01
5.946500088599999572e+02,1.027585935677029738e+01
5.947000088600000254e+02,1.024834305142819169e+01
5.947500088599999799e+02,1.023615329837464749e+01
5.948000088600000481e+02,1.025557288867160288e+01
5.948500088600000026e+02,1.025180063363830385e+01
5.949000088599999572e+02,1.026172733917946545e+01
5.949500088700000333e+02,1.026769161120923179e+01
5.950000088699999878e+02,1.025187395546118196e+01
5.950500088700000560e+02,1.026918325204341720e+01
5.951000088700000106e+02,1.027079862345370564e+01
5.951500088699999651e+02,1.025838737739355189e+01
5.952000088700000333e+02,1.028846154507753319e+01
5.952500088699999878e+02,1.027685454776207408e+01
5.953000088700000560e+02,1.025756708950010143e+01
5.953500088700000106e+02,1.027142873286906877e+01
5.954000088699999651e+02,1.028372694111895314e+01
5.954500088700000333e+02,1.028581814060896527e+01
5.955000088699999878e+02,1.030535382379214582e+01
5.955500088700000560e+02,1.030932542253139594e+01
5.956000088800000185e+02,1.032326267903020778e+01
5.956500088799999730e+02,1.033326728900817493e+01
5.957000088800000412e+02,1.035895818646820388e+01
5.957500088799999958e+02,1.039347825343317844e+01
5.958000088799999503e+02,1.036574503769839062e+01
5.958500088800000185e+02,1.037859315961986439e+01
5.959000088799999730e+02,1.041336297904401675e+01
5.959500088800000412e+02,1.041437420918455103e+01
5.960000088799999958e+02,1.038715500997889940e+01
5.960500088799999503e+02,1.038295198923619012e+01
5.961000088800000185e+02,1.038445432283621095e+01
5.961500088799999730e+02,1.039372876966134562e+01
5.962000088800000412e+02,1.039052323121737942e+01
5.962500088799999958e+02,1.038920267463657865e+01
5.963000088899999582e+02,1.037968840434911044e+01
5.963500088900000264e+02,1.037211257975399192e+01
5.964000088899999810e+02,1.037346903347724236e+01
5.964500088900000492e+02,1.035725803670020895e+01
5.965000088900000037e+02,1.038823574309736841e+01
5.965500088899999582e+02,1.042869946032942963e+01
5.966000088900000264e+02,1.044258859938197936e+01
5.966500088899999810e+02,1.042936088427331143e+01
5.967000088900000492e+02,1.041948535125436948e+01
5.967500088900000037e+02,1.041732846763136244e+01
5.968000088899999582e+02,1.043375484726310098e+01
5.968500088900000264e+02,1.043426351740932034e+01
5.969000088899999810e+02,1.042510821854635950e+01
5.969500088999999434e+02,1.042524798827122368e+01
5.970000089000000116e+02,1.044072882189542639e+01
5.970500088999999662e+02,1.045571167813924518e+01
5.971000089000000344e+02,1.042213792095079583e+01
5.971500088999999889e+02,1.043347378027540096e+01
5.972000088999999434e+02,1.044471493224545178e+01
5.972500089000000116e+02,1.044303082162621443e+01
5.973000088999999662e+02,1.045462941748279917e+01
5.973500089000000344e+02,1.046070367224688624e+01
5.974000088999999889e+02,1.043078684097450015e+01
5.974500088999999434e+02,1.042690536697587156e+01
5.975000089000000116e+02,1.043259926478377686e+01
5.975500088999999662e+02,1.042941129302653991e+01
5.976000089000000344e+02,1.040934249908951692e+01
5.976500089099999968e+02,1.040642108270920296e+01
5.977000089099999514e+02,1.041014827537219034e+01
5.977500089100000196e+02,1.041718182398560444e+01
5.978000089099999741e+02,1.041256331291324955e+01
5.978500089100000423e+02,1.039899724814275928e+01
5.979000089099999968e+02,1.042628365901938281e+01
5.979500089099999514e+02,1.043577501623719961e+01
5.980000089100000196e+02,1.042654028539945799e+01
5.980500089099999741e+02,1.040191637321610685e+01
5.981000089100000423e+02,1.040484313597933763e+01
5.981500089099999968e+02,1.041410536250066166e+01
5.982000089099999514e+02,1.043170641883643412e+01
5.982500089100000196e+02,1.042444984967842991e+01
5.983000089199999820e+02,1.041932343222884505e+01
5.983500089200000502e+02,1.043062568571796511e+01
5.984000089200000048e+02,1.045115655989292058e+01
5.984500089199999593e+02,1.044118479198145089e+01
5.985000089200000275e+02,1.045554899534473314e+01
5.985500089199999820e+02,1.045896838910542925e+01
5.986000089200000502e+02,1.044453315522623527e+01
5.986500089200000048e+02,1.045172633155820741e+01
5.987000089199999593e+02,1.047383133361808483e+01
5.987500089200000275e+02,1.044461335097000720e+01
5.988000089199999820e+02,1.044543669393941165e+01
5.988500089200000502e+02,1.044601944967749851e+01
5.989000089200000048e+02,1.046637618452312068e+01
5.989500089299999672e+02,1.045158274298840340e+01
5.990000089300000354e+02,1.045735989161603285e+01
5.990500089299999900e+02,1.045645253405791308e+01
5.991000089299999445e+02,1.046876678145655326e+01
5.991500089300000127e+02,1.049735541845825537e+01
5.992000089299999672e+02,1.046804043714866239e+01
5.992500089300000354e+02,1.047946412990692266e+01
5.993000089299999900e+02,1.046492120460037611e+01
5.993500089299999445e+02,1.043990318761905556e+01
5.994000089300000127e+02,1.043326374380361266e+01
5.994500089299999672e+02,1.043304301456598893e+01
5.995000089300000354e+02,1.045981464514448511e+01
5.995500089299999900e+02,1.045686878815654630e+01
5.996000089299999445e+02,1.045611647570305358e+01
5.996500089400000206e+02,1.044081436402211871e+01
5.997000089399999752e+02,1.043933265218478113e+01
5.997500089400000434e+02,1.044395269079511301e+01
5.998000089399999979e+02,1.041664413061782746e+01
5.998500089399999524e+02,1.041313308457853637e+01
5.999000089400000206e+02,1.042803880015453544e+01
5.999500089399999752e+02,1.043526787362895902e+01
