  5.000000E-01 -1.800000E+02     1  1.469843E-01  8.810167E+01  4.869024E-03  1.469036E-01
  5.000000E-01 -1.800000E+02     2  1.832480E-06 -9.212866E+01 -6.806486E-08 -1.831215E-06
  5.000000E-01 -1.800000E+02     3  5.573417E-05  1.785435E+02 -5.571617E-05  1.416597E-06
  5.000000E-01 -1.800000E+02     4  4.023261E-07 -9.212848E+01 -1.494255E-08 -4.020485E-07
  5.000000E-01 -1.800000E+02     5  3.225421E-02 -9.190137E+01 -1.070161E-03 -3.223645E-02
  5.000000E-01 -1.800000E+02     6  3.979631E-14  9.000000E+01  3.979006E-14  7.051990E-16
  5.000000E-01 -1.500000E+02     1  1.546278E-01  8.744463E+01  6.894065E-03  1.544740E-01
  5.000000E-01 -1.500000E+02     2  1.041370E-01 -9.063584E+01 -1.155636E-03 -1.041306E-01
  5.000000E-01 -1.500000E+02     3  6.319392E-06  1.781839E+02 -6.316217E-06  2.002691E-07
  5.000000E-01 -1.500000E+02     4  2.287259E-02 -9.063657E+01 -2.541181E-04 -2.287118E-02
  5.000000E-01 -1.500000E+02     5  3.392413E-02 -9.255656E+01 -1.513205E-03 -3.389036E-02
  5.000000E-01 -1.500000E+02     6  4.120798E-10  8.432107E+00  4.076253E-10  6.042629E-11
  5.000000E-01 -1.200000E+02     1  1.041376E-01 -9.063589E+01 -1.155725E-03 -1.041312E-01
  5.000000E-01 -1.200000E+02     2  1.546292E-01  8.744463E+01  6.894134E-03  1.544755E-01
  5.000000E-01 -1.200000E+02     3  5.665471E-06  1.783557E+02 -5.663138E-06  1.625657E-07
  5.000000E-01 -1.200000E+02     4  3.393940E-02  8.744398E+01  1.513569E-03  3.390564E-02
  5.000000E-01 -1.200000E+02     5  2.286558E-02  8.936207E+01  2.545789E-04  2.286417E-02
  5.000000E-01 -1.200000E+02     6  5.981788E-09  8.472552E-01  5.981134E-09  8.845182E-11
  5.000000E-01 -9.000000E+01     1  9.162472E-07  8.787132E+01  3.403299E-08  9.156150E-07
  5.000000E-01 -9.000000E+01     2  1.469835E-01  8.810172E+01  4.868868E-03  1.469028E-01
  5.000000E-01 -9.000000E+01     3  5.487570E-05  1.785783E+02 -5.485881E-05  1.361485E-06
  5.000000E-01 -9.000000E+01     4  3.226375E-02  8.810039E+01  1.069491E-03  3.224602E-02
  5.000000E-01 -9.000000E+01     5  2.011778E-07 -9.212782E+01 -7.469495E-09 -2.010391E-07
  5.000000E-01 -9.000000E+01     6  1.751523E-14  9.000000E+01  1.750431E-14  6.182479E-16
  5.000000E-01 -6.000000E+01     1  1.041368E-01  8.936413E+01  1.155699E-03  1.041304E-01
  5.000000E-01 -6.000000E+01     2  1.546291E-01  8.744463E+01  6.894130E-03  1.544753E-01
  5.000000E-01 -6.000000E+01     3  5.665137E-06  1.783557E+02 -5.662804E-06  1.625585E-07
  5.000000E-01 -6.000000E+01     4  3.393930E-02  8.744397E+01  1.513568E-03  3.390554E-02
  5.000000E-01 -6.000000E+01     5  2.286543E-02 -9.063792E+01 -2.545734E-04 -2.286401E-02
  5.000000E-01 -6.000000E+01     6  5.981875E-09 -1.791527E+02 -5.981221E-09 -8.845356E-11
  5.000000E-01 -3.000000E+01     1  1.546276E-01 -9.255537E+01 -6.894057E-03 -1.544738E-01
  5.000000E-01 -3.000000E+01     2  1.041365E-01 -9.063583E+01 -1.155617E-03 -1.041301E-01
  5.000000E-01 -3.000000E+01     3  6.319202E-06  1.781839E+02 -6.316028E-06  2.002656E-07
  5.000000E-01 -3.000000E+01     4  2.287257E-02 -9.063657E+01 -2.541138E-04 -2.287116E-02
  5.000000E-01 -3.000000E+01     5  3.392407E-02  8.744344E+01  1.513203E-03  3.389031E-02
  5.000000E-01 -3.000000E+01     6  4.120875E-10 -1.715680E+02 -4.076331E-10 -6.042666E-11
  5.000000E-01  0.000000E+00     1  1.469843E-01 -9.189834E+01 -4.869024E-03 -1.469036E-01
  5.000000E-01  0.000000E+00     2  0.000000E+00  9.000000E+01  0.000000E+00  0.000000E+00
  5.000000E-01  0.000000E+00     3  5.573417E-05  1.785435E+02 -5.571617E-05  1.416597E-06
  5.000000E-01  0.000000E+00     4  0.000000E+00  9.000000E+01  0.000000E+00  0.000000E+00
  5.000000E-01  0.000000E+00     5  3.225421E-02  8.809863E+01  1.070161E-03  3.223645E-02
  5.000000E-01  0.000000E+00     6  0.000000E+00  9.000000E+01  0.000000E+00  0.000000E+00
  5.000000E-01  3.000000E+01     1  1.546276E-01 -9.255537E+01 -6.894057E-03 -1.544738E-01
  5.000000E-01  3.000000E+01     2  1.041365E-01  8.936417E+01  1.155617E-03  1.041301E-01
  5.000000E-01  3.000000E+01     3  6.319202E-06  1.781839E+02 -6.316028E-06  2.002656E-07
  5.000000E-01  3.000000E+01     4  2.287257E-02  8.936343E+01  2.541138E-04  2.287116E-02
  5.000000E-01  3.000000E+01     5  3.392407E-02  8.744344E+01  1.513203E-03  3.389031E-02
  5.000000E-01  3.000000E+01     6  4.120875E-10  8.431998E+00  4.076331E-10  6.042666E-11
  5.000000E-01  6.000000E+01     1  1.041368E-01  8.936413E+01  1.155699E-03  1.041304E-01
  5.000000E-01  6.000000E+01     2  1.546291E-01 -9.255537E+01 -6.894130E-03 -1.544753E-01
  5.000000E-01  6.000000E+01     3  5.665137E-06  1.783557E+02 -5.662804E-06  1.625585E-07
  5.000000E-01  6.000000E+01     4  3.393930E-02 -9.255603E+01 -1.513568E-03 -3.390554E-02
  5.000000E-01  6.000000E+01     5  2.286543E-02 -9.063792E+01 -2.545734E-04 -2.286401E-02
  5.000000E-01  6.000000E+01     6  5.981875E-09  8.472596E-01  5.981221E-09  8.845356E-11
  5.000000E-01  9.000000E+01     1  9.162472E-07  8.787132E+01  3.403299E-08  9.156150E-07
  5.000000E-01  9.000000E+01     2  1.469835E-01 -9.189828E+01 -4.868868E-03 -1.469028E-01
  5.000000E-01  9.000000E+01     3  5.487570E-05  1.785783E+02 -5.485881E-05  1.361485E-06
  5.000000E-01  9.000000E+01     4  3.226375E-02 -9.189961E+01 -1.069491E-03 -3.224602E-02
  5.000000E-01  9.000000E+01     5  2.011778E-07 -9.212782E+01 -7.469495E-09 -2.010391E-07
  5.000000E-01  9.000000E+01     6  1.751523E-14 -9.000000E+01 -1.750431E-14 -6.182479E-16
  5.000000E-01  1.200000E+02     1  1.041376E-01 -9.063589E+01 -1.155725E-03 -1.041312E-01
  5.000000E-01  1.200000E+02     2  1.546292E-01 -9.255537E+01 -6.894134E-03 -1.544755E-01
  5.000000E-01  1.200000E+02     3  5.665471E-06  1.783557E+02 -5.663138E-06  1.625657E-07
  5.000000E-01  1.200000E+02     4  3.393940E-02 -9.255602E+01 -1.513569E-03 -3.390564E-02
  5.000000E-01  1.200000E+02     5  2.286558E-02  8.936207E+01  2.545789E-04  2.286417E-02
  5.000000E-01  1.200000E+02     6  5.981788E-09 -1.791528E+02 -5.981134E-09 -8.845182E-11
  5.000000E-01  1.500000E+02     1  1.546278E-01  8.744463E+01  6.894065E-03  1.544740E-01
  5.000000E-01  1.500000E+02     2  1.041370E-01  8.936416E+01  1.155636E-03  1.041306E-01
  5.000000E-01  1.500000E+02     3  6.319392E-06  1.781839E+02 -6.316217E-06  2.002691E-07
  5.000000E-01  1.500000E+02     4  2.287259E-02  8.936343E+01  2.541181E-04  2.287118E-02
  5.000000E-01  1.500000E+02     5  3.392413E-02 -9.255656E+01 -1.513205E-03 -3.389036E-02
  5.000000E-01  1.500000E+02     6  4.120798E-10 -1.715679E+02 -4.076253E-10 -6.042629E-11
  5.000000E-01  1.800000E+02     1  1.469843E-01  8.810167E+01  4.869024E-03  1.469036E-01
  5.000000E-01  1.800000E+02     2  1.832480E-06  8.787134E+01  6.806486E-08  1.831215E-06
  5.000000E-01  1.800000E+02     3  5.573417E-05  1.785435E+02 -5.571617E-05  1.416597E-06
  5.000000E-01  1.800000E+02     4  4.023261E-07  8.787153E+01  1.494255E-08  4.020485E-07
  5.000000E-01  1.800000E+02     5  3.225421E-02 -9.190137E+01 -1.070161E-03 -3.223645E-02
  5.000000E-01  1.800000E+02     6  3.979631E-14 -9.000000E+01 -3.979006E-14 -7.051990E-16
  1.000000E+00 -1.800000E+02     1  1.388167E+00 -1.365146E+02 -1.007184E+00 -9.552949E-01
  1.000000E+00 -1.800000E+02     2  1.162028E-08  1.353327E+02 -8.264359E-09  8.168924E-09
  1.000000E+00 -1.800000E+02     3  6.431521E-05  2.499561E+01  5.829146E-05  2.717631E-05
  1.000000E+00 -1.800000E+02     4  3.006353E-09  1.375715E+02 -2.219047E-09  2.028296E-09
  1.000000E+00 -1.800000E+02     5  3.838105E-01  4.348526E+01  2.784743E-01  2.641261E-01
  1.000000E+00 -1.800000E+02     6  4.729942E-14 -9.000000E+01  3.766302E-14 -2.861350E-14
  1.000000E+00 -1.500000E+02     1  1.333075E+00 -1.357582E+02 -9.550177E-01 -9.300705E-01
  1.000000E+00 -1.500000E+02     2  7.028955E-01 -1.364777E+02 -5.096739E-01 -4.840399E-01
  1.000000E+00 -1.500000E+02     3  6.840235E-05  2.346338E+01  6.274649E-05  2.723528E-05
  1.000000E+00 -1.500000E+02     4  1.943917E-01 -1.364353E+02 -1.408556E-01 -1.339695E-01
  1.000000E+00 -1.500000E+02     5  3.685729E-01  4.425350E+01  2.639938E-01  2.572028E-01
  1.000000E+00 -1.500000E+02     6  5.927086E-08 -1.041900E+02 -1.452951E-08 -5.746241E-08
  1.000000E+00 -1.200000E+02     1  7.029001E-01 -1.364765E+02 -5.096670E-01 -4.840537E-01
  1.000000E+00 -1.200000E+02     2  1.333057E+00 -1.357579E+02 -9.549996E-01 -9.300621E-01
  1.000000E+00 -1.200000E+02     3  6.906639E-05  2.353144E+01  6.332291E-05  2.757491E-05
  1.000000E+00 -1.200000E+02     4  3.685767E-01 -1.357450E+02 -2.639897E-01 -2.572125E-01
  1.000000E+00 -1.200000E+02     5  1.943928E-01  4.356738E+01  1.408501E-01  1.339769E-01
  1.000000E+00 -1.200000E+02     6  6.711760E-08  1.476047E+02 -5.667220E-08  3.595878E-08
  1.000000E+00 -9.000000E+01     1  5.805803E-09 -4.459182E+01  4.134465E-09 -4.075972E-09
  1.000000E+00 -9.000000E+01     2  1.388155E+00 -1.365143E+02 -1.007170E+00 -9.552917E-01
  1.000000E+00 -9.000000E+01     3  6.627147E-05  2.336000E+01  6.083930E-05  2.627711E-05
  1.000000E+00 -9.000000E+01     4  3.838060E-01 -1.365153E+02 -2.784733E-01 -2.641205E-01
  1.000000E+00 -9.000000E+01     5  1.499909E-09  1.376555E+02 -1.108595E-09  1.010320E-09
  1.000000E+00 -9.000000E+01     6  3.294939E-14 -9.000000E+01  2.630288E-14 -1.984491E-14
  1.000000E+00 -6.000000E+01     1  7.028991E-01  4.352353E+01  5.096663E-01  4.840531E-01
  1.000000E+00 -6.000000E+01     2  1.333059E+00 -1.357579E+02 -9.550016E-01 -9.300634E-01
  1.000000E+00 -6.000000E+01     3  6.906640E-05  2.353137E+01  6.332295E-05  2.757483E-05
  1.000000E+00 -6.000000E+01     4  3.685777E-01 -1.357450E+02 -2.639905E-01 -2.572131E-01
  1.000000E+00 -6.000000E+01     5  1.943931E-01 -1.364326E+02 -1.408503E-01 -1.339772E-01
  1.000000E+00 -6.000000E+01     6  6.711764E-08 -3.239535E+01  5.667222E-08 -3.595883E-08
  1.000000E+00 -3.000000E+01     1  1.333075E+00  4.424179E+01  9.550179E-01  9.300705E-01
  1.000000E+00 -3.000000E+01     2  7.028953E-01 -1.364777E+02 -5.096737E-01 -4.840398E-01
  1.000000E+00 -3.000000E+01     3  6.840216E-05  2.346332E+01  6.274634E-05  2.723513E-05
  1.000000E+00 -3.000000E+01     4  1.943921E-01 -1.364353E+02 -1.408558E-01 -1.339700E-01
  1.000000E+00 -3.000000E+01     5  3.685728E-01 -1.357465E+02 -2.639937E-01 -2.572027E-01
  1.000000E+00 -3.000000E+01     6  5.927087E-08  7.581010E+01  1.452946E-08  5.746244E-08
  1.000000E+00  0.000000E+00     1  1.388167E+00  4.348543E+01  1.007184E+00  9.552949E-01
  1.000000E+00  0.000000E+00     2  0.000000E+00  9.000000E+01  0.000000E+00  0.000000E+00
  1.000000E+00  0.000000E+00     3  6.431521E-05  2.499561E+01  5.829146E-05  2.717631E-05
  1.000000E+00  0.000000E+00     4  0.000000E+00  9.000000E+01  0.000000E+00  0.000000E+00
  1.000000E+00  0.000000E+00     5  3.838105E-01 -1.365147E+02 -2.784743E-01 -2.641261E-01
  1.000000E+00  0.000000E+00     6  0.000000E+00  9.000000E+01  0.000000E+00  0.000000E+00
  1.000000E+00  3.000000E+01     1  1.333075E+00  4.424179E+01  9.550179E-01  9.300705E-01
  1.000000E+00  3.000000E+01     2  7.028953E-01  4.352232E+01  5.096737E-01  4.840398E-01
  1.000000E+00  3.000000E+01     3  6.840216E-05  2.346332E+01  6.274634E-05  2.723513E-05
  1.000000E+00  3.000000E+01     4  1.943921E-01  4.356474E+01  1.408558E-01  1.339700E-01
  1.000000E+00  3.000000E+01     5  3.685728E-01 -1.357465E+02 -2.639937E-01 -2.572027E-01
  1.000000E+00  3.000000E+01     6  5.927087E-08 -1.041899E+02 -1.452946E-08 -5.746244E-08
  1.000000E+00  6.000000E+01     1  7.028991E-01  4.352353E+01  5.096663E-01  4.840531E-01
  1.000000E+00  6.000000E+01     2  1.333059E+00  4.424206E+01  9.550016E-01  9.300634E-01
  1.000000E+00  6.000000E+01     3  6.906640E-05  2.353137E+01  6.332295E-05  2.757483E-05
  1.000000E+00  6.000000E+01     4  3.685777E-01  4.425500E+01  2.639905E-01  2.572131E-01
  1.000000E+00  6.000000E+01     5  1.943931E-01 -1.364326E+02 -1.408503E-01 -1.339772E-01
  1.000000E+00  6.000000E+01     6  6.711764E-08  1.476046E+02 -5.667222E-08  3.595883E-08
  1.000000E+00  9.000000E+01     1  5.805803E-09 -4.459182E+01  4.134465E-09 -4.075972E-09
  1.000000E+00  9.000000E+01     2  1.388155E+00  4.348571E+01  1.007170E+00  9.552917E-01
  1.000000E+00  9.000000E+01     3  6.627147E-05  2.336000E+01  6.083930E-05  2.627711E-05
  1.000000E+00  9.000000E+01     4  3.838060E-01  4.348476E+01  2.784733E-01  2.641205E-01
  1.000000E+00  9.000000E+01     5  1.499909E-09  1.376555E+02 -1.108595E-09  1.010320E-09
  1.000000E+00  9.000000E+01     6  3.294939E-14  9.000000E+01 -2.630288E-14  1.984491E-14
  1.000000E+00  1.200000E+02     1  7.029001E-01 -1.364765E+02 -5.096670E-01 -4.840537E-01
  1.000000E+00  1.200000E+02     2  1.333057E+00  4.424208E+01  9.549996E-01  9.300621E-01
  1.000000E+00  1.200000E+02     3  6.906639E-05  2.353144E+01  6.332291E-05  2.757491E-05
  1.000000E+00  1.200000E+02     4  3.685767E-01  4.425502E+01  2.639897E-01  2.572125E-01
  1.000000E+00  1.200000E+02     5  1.943928E-01  4.356738E+01  1.408501E-01  1.339769E-01
  1.000000E+00  1.200000E+02     6  6.711760E-08 -3.239532E+01  5.667220E-08 -3.595878E-08
  1.000000E+00  1.500000E+02     1  1.333075E+00 -1.357582E+02 -9.550177E-01 -9.300705E-01
  1.000000E+00  1.500000E+02     2  7.028955E-01  4.352232E+01  5.096739E-01  4.840399E-01
  1.000000E+00  1.500000E+02     3  6.840235E-05  2.346338E+01  6.274649E-05  2.723528E-05
  1.000000E+00  1.500000E+02     4  1.943917E-01  4.356467E+01  1.408556E-01  1.339695E-01
  1.000000E+00  1.500000E+02     5  3.685729E-01  4.425350E+01  2.639938E-01  2.572028E-01
  1.000000E+00  1.500000E+02     6  5.927086E-08  7.581004E+01  1.452951E-08  5.746241E-08
  1.000000E+00  1.800000E+02     1  1.388167E+00 -1.365146E+02 -1.007184E+00 -9.552949E-01
  1.000000E+00  1.800000E+02     2  1.162028E-08 -4.466727E+01  8.264359E-09 -8.168924E-09
  1.000000E+00  1.800000E+02     3  6.431521E-05  2.499561E+01  5.829146E-05  2.717631E-05
  1.000000E+00  1.800000E+02     4  3.006353E-09 -4.242854E+01  2.219047E-09 -2.028296E-09
  1.000000E+00  1.800000E+02     5  3.838105E-01  4.348526E+01  2.784743E-01  2.641261E-01
  1.000000E+00  1.800000E+02     6  4.729942E-14  9.000000E+01 -3.766302E-14  2.861350E-14
  1.500000E+00 -1.800000E+02     1  4.730556E+00 -6.704021E+01  1.845319E+00 -4.355796E+00
  1.500000E+00 -1.800000E+02     2  4.127341E-07  1.129682E+02 -1.610569E-07  3.800133E-07
  1.500000E+00 -1.800000E+02     3  3.293218E-05  1.264139E+02 -1.954903E-05  2.650215E-05
  1.500000E+00 -1.800000E+02     4  2.312217E-07  1.129849E+02 -9.028942E-08  2.128645E-07
  1.500000E+00 -1.800000E+02     5  2.651375E+00  1.129608E+02 -1.034306E+00  2.441311E+00
  1.500000E+00 -1.800000E+02     6  2.045599E-13  9.000000E+01 -1.925121E-13  6.916542E-14
  1.500000E+00 -1.500000E+02     1  4.096407E+00 -6.704104E+01  1.597893E+00 -3.771909E+00
  1.500000E+00 -1.500000E+02     2  2.364634E+00 -6.704250E+01  9.223211E-01 -2.177341E+00
  1.500000E+00 -1.500000E+02     3  2.369622E-05  1.054196E+02 -6.300470E-06  2.284327E-05
  1.500000E+00 -1.500000E+02     4  1.325440E+00 -6.704635E+01  5.169036E-01 -1.220493E+00
  1.500000E+00 -1.500000E+02     5  2.295929E+00  1.129585E+02 -8.955598E-01  2.114064E+00
  1.500000E+00 -1.500000E+02     6  1.051250E-07 -1.668595E+02 -1.023724E-07 -2.389906E-08
  1.500000E+00 -1.200000E+02     1  2.364641E+00 -6.704276E+01  9.223141E-01 -2.177352E+00
  1.500000E+00 -1.200000E+02     2  4.096411E+00 -6.704117E+01  1.597885E+00 -3.771915E+00
  1.500000E+00 -1.200000E+02     3  2.308678E-05  1.020819E+02 -4.832288E-06  2.257540E-05
  1.500000E+00 -1.200000E+02     4  2.295947E+00 -6.704111E+01  8.955813E-01 -2.114073E+00
  1.500000E+00 -1.200000E+02     5  1.325447E+00  1.129536E+02 -5.169044E-01  1.220499E+00
  1.500000E+00 -1.200000E+02     6  2.003909E-07 -3.247744E+01  1.690504E-07 -1.076034E-07
  1.500000E+00 -9.000000E+01     1  2.063613E-07 -6.703195E+01  8.052581E-08 -1.900015E-07
  1.500000E+00 -9.000000E+01     2  4.730536E+00 -6.704053E+01  1.845287E+00 -4.355788E+00
  1.500000E+00 -9.000000E+01     3  3.077909E-05  1.234860E+02 -1.698184E-05  2.567040E-05
  1.500000E+00 -9.000000E+01     4  2.651366E+00 -6.703965E+01  1.034282E+00 -2.441312E+00
  1.500000E+00 -9.000000E+01     5  1.156055E-07  1.129853E+02 -4.514325E-08  1.064270E-07
  1.500000E+00 -9.000000E+01     6  7.783329E-14  9.000000E+01 -7.558809E-14  1.855968E-14
  1.500000E+00 -6.000000E+01     1  2.364639E+00  1.129572E+02 -9.223132E-01  2.177351E+00
  1.500000E+00 -6.000000E+01     2  4.096407E+00 -6.704118E+01  1.597884E+00 -3.771912E+00
  1.500000E+00 -6.000000E+01     3  2.308726E-05  1.020792E+02 -4.831331E-06  2.257609E-05
  1.500000E+00 -6.000000E+01     4  2.295948E+00 -6.704110E+01  8.955818E-01 -2.114074E+00
  1.500000E+00 -6.000000E+01     5  1.325446E+00 -6.704639E+01  5.169051E-01 -1.220499E+00
  1.500000E+00 -6.000000E+01     6  2.003908E-07  1.475225E+02 -1.690502E-07  1.076035E-07
  1.500000E+00 -3.000000E+01     1  4.096405E+00  1.129590E+02 -1.597891E+00  3.771906E+00
  1.500000E+00 -3.000000E+01     2  2.364633E+00 -6.704252E+01  9.223205E-01 -2.177341E+00
  1.500000E+00 -3.000000E+01     3  2.369674E-05  1.054211E+02 -6.301223E-06  2.284360E-05
  1.500000E+00 -3.000000E+01     4  1.325443E+00 -6.704631E+01  5.169055E-01 -1.220495E+00
  1.500000E+00 -3.000000E+01     5  2.295929E+00 -6.704153E+01  8.955590E-01 -2.114063E+00
  1.500000E+00 -3.000000E+01     6  1.051250E-07  1.314050E+01  1.023723E-07  2.389907E-08
  1.500000E+00  0.000000E+00     1  4.730556E+00  1.129598E+02 -1.845319E+00  4.355796E+00
  1.500000E+00  0.000000E+00     2  0.000000E+00  9.000000E+01  0.000000E+00  0.000000E+00
  1.500000E+00  0.000000E+00     3  3.293218E-05  1.264139E+02 -1.954903E-05  2.650215E-05
  1.500000E+00  0.000000E+00     4  0.000000E+00  9.000000E+01  0.000000E+00  0.000000E+00
  1.500000E+00  0.000000E+00     5  2.651375E+00 -6.703918E+01  1.034306E+00 -2.441311E+00
  1.500000E+00  0.000000E+00     6  0.000000E+00  9.000000E+01  0.000000E+00  0.000000E+00
  1.500000E+00  3.000000E+01     1  4.096405E+00  1.129590E+02 -1.597891E+00  3.771906E+00
  1.500000E+00  3.000000E+01     2  2.364633E+00  1.129575E+02 -9.223205E-01  2.177341E+00
  1.500000E+00  3.000000E+01     3  2.369674E-05  1.054211E+02 -6.301223E-06  2.284360E-05
  1.500000E+00  3.000000E+01     4  1.325443E+00  1.129537E+02 -5.169055E-01  1.220495E+00
  1.500000E+00  3.000000E+01     5  2.295929E+00 -6.704153E+01  8.955590E-01 -2.114063E+00
  1.500000E+00  3.000000E+01     6  1.051250E-07 -1.668595E+02 -1.023723E-07 -2.389907E-08
  1.500000E+00  6.000000E+01     1  2.364639E+00  1.129572E+02 -9.223132E-01  2.177351E+00
  1.500000E+00  6.000000E+01     2  4.096407E+00  1.129588E+02 -1.597884E+00  3.771912E+00
  1.500000E+00  6.000000E+01     3  2.308726E-05  1.020792E+02 -4.831331E-06  2.257609E-05
  1.500000E+00  6.000000E+01     4  2.295948E+00  1.129589E+02 -8.955818E-01  2.114074E+00
  1.500000E+00  6.000000E+01     5  1.325446E+00 -6.704639E+01  5.169051E-01 -1.220499E+00
  1.500000E+00  6.000000E+01     6  2.003908E-07 -3.247748E+01  1.690502E-07 -1.076035E-07
  1.500000E+00  9.000000E+01     1  2.063613E-07 -6.703195E+01  8.052581E-08 -1.900015E-07
  1.500000E+00  9.000000E+01     2  4.730536E+00  1.129595E+02 -1.845287E+00  4.355788E+00
  1.500000E+00  9.000000E+01     3  3.077909E-05  1.234860E+02 -1.698184E-05  2.567040E-05
  1.500000E+00  9.000000E+01     4  2.651366E+00  1.129604E+02 -1.034282E+00  2.441312E+00
  1.500000E+00  9.000000E+01     5  1.156055E-07  1.129853E+02 -4.514325E-08  1.064270E-07
  1.500000E+00  9.000000E+01     6  7.783329E-14 -9.000000E+01  7.558809E-14 -1.855968E-14
  1.500000E+00  1.200000E+02     1  2.364641E+00 -6.704276E+01  9.223141E-01 -2.177352E+00
  1.500000E+00  1.200000E+02     2  4.096411E+00  1.129588E+02 -1.597885E+00  3.771915E+00
  1.500000E+00  1.200000E+02     3  2.308678E-05  1.020819E+02 -4.832288E-06  2.257540E-05
  1.500000E+00  1.200000E+02     4  2.295947E+00  1.129589E+02 -8.955813E-01  2.114073E+00
  1.500000E+00  1.200000E+02     5  1.325447E+00  1.129536E+02 -5.169044E-01  1.220499E+00
  1.500000E+00  1.200000E+02     6  2.003909E-07  1.475226E+02 -1.690504E-07  1.076034E-07
  1.500000E+00  1.500000E+02     1  4.096407E+00 -6.704104E+01  1.597893E+00 -3.771909E+00
  1.500000E+00  1.500000E+02     2  2.364634E+00  1.129575E+02 -9.223211E-01  2.177341E+00
  1.500000E+00  1.500000E+02     3  2.369622E-05  1.054196E+02 -6.300470E-06  2.284327E-05
  1.500000E+00  1.500000E+02     4  1.325440E+00  1.129537E+02 -5.169036E-01  1.220493E+00
  1.500000E+00  1.500000E+02     5  2.295929E+00  1.129585E+02 -8.955598E-01  2.114064E+00
  1.500000E+00  1.500000E+02     6  1.051250E-07  1.314048E+01  1.023724E-07  2.389906E-08
  1.500000E+00  1.800000E+02     1  4.730556E+00 -6.704021E+01  1.845319E+00 -4.355796E+00
  1.500000E+00  1.800000E+02     2  4.127341E-07 -6.703185E+01  1.610569E-07 -3.800133E-07
  1.500000E+00  1.800000E+02     3  3.293218E-05  1.264139E+02 -1.954903E-05  2.650215E-05
  1.500000E+00  1.800000E+02     4  2.312217E-07 -6.701510E+01  9.028942E-08 -2.128645E-07
  1.500000E+00  1.800000E+02     5  2.651375E+00  1.129608E+02 -1.034306E+00  2.441311E+00
  1.500000E+00  1.800000E+02     6  2.045599E-13 -9.000000E+01  1.925121E-13 -6.916542E-14
  2.000000E+00 -1.800000E+02     1  1.112925E+01  7.344254E+01  3.171580E+00  1.066777E+01
  2.000000E+00 -1.800000E+02     2  9.729373E-07 -1.065568E+02 -2.772534E-07 -9.325972E-07
  2.000000E+00 -1.800000E+02     3  4.128341E-06 -1.111255E+02 -1.487902E-06 -3.850889E-06
  2.000000E+00 -1.800000E+02     4  9.668635E-07 -1.065566E+02 -2.755199E-07 -9.267760E-07
  2.000000E+00 -1.800000E+02     5  1.105945E+01 -1.065575E+02 -3.151697E+00 -1.060086E+01
  2.000000E+00 -1.800000E+02     6  5.642167E-14 -9.000000E+01  2.869050E-14 -4.858251E-14
  2.000000E+00 -1.500000E+02     1  9.638253E+00  7.344254E+01  2.746680E+00  9.238597E+00
  2.000000E+00 -1.500000E+02     2  5.564644E+00  7.344279E+01  1.585771E+00  5.333910E+00
  2.000000E+00 -1.500000E+02     3  4.268572E-06 -1.100633E+02 -1.464370E-06 -4.009529E-06
  2.000000E+00 -1.500000E+02     4  5.529780E+00  7.344274E+01  1.575840E+00  5.300490E+00
  2.000000E+00 -1.500000E+02     5  9.577831E+00 -1.065576E+02 -2.729477E+00 -9.180676E+00
  2.000000E+00 -1.500000E+02     6  2.851557E-07  1.310446E+02 -1.872465E-07  2.150640E-07
  2.000000E+00 -1.200000E+02     1  5.564615E+00  7.344250E+01  1.585790E+00  5.333874E+00
  2.000000E+00 -1.200000E+02     2  9.638239E+00  7.344244E+01  2.746691E+00  9.238579E+00
  2.000000E+00 -1.200000E+02     3  4.531940E-06 -1.227730E+02 -2.453197E-06 -3.810552E-06
  2.000000E+00 -1.200000E+02     4  9.577832E+00  7.344244E+01  2.729475E+00  9.180677E+00
  2.000000E+00 -1.200000E+02     5  5.529742E+00 -1.065576E+02 -1.575861E+00 -5.300444E+00
  2.000000E+00 -1.200000E+02     6  2.468969E-07  4.349177E+01  1.791171E-07  1.699269E-07
  2.000000E+00 -9.000000E+01     1  4.864763E-07  7.344276E+01  1.386327E-07  4.663048E-07
  2.000000E+00 -9.000000E+01     2  1.112916E+01  7.344247E+01  3.171566E+00  1.066768E+01
  2.000000E+00 -9.000000E+01     3  4.277806E-06 -9.700237E+01 -5.215084E-07 -4.245898E-06
  2.000000E+00 -9.000000E+01     4  1.105945E+01  7.344252E+01  3.151690E+00  1.060086E+01
  2.000000E+00 -9.000000E+01     5  4.834291E-07 -1.065572E+02 -1.377639E-07 -4.633841E-07
  2.000000E+00 -9.000000E+01     6  1.865910E-14  9.000000E+01  1.027551E-14  1.557484E-14
  2.000000E+00 -6.000000E+01     1  5.564611E+00 -1.065575E+02 -1.585785E+00 -5.333871E+00
  2.000000E+00 -6.000000E+01     2  9.638239E+00  7.344244E+01  2.746691E+00  9.238579E+00
  2.000000E+00 -6.000000E+01     3  4.532931E-06 -1.227980E+02 -2.455390E-06 -3.810318E-06
  2.000000E+00 -6.000000E+01     4  9.577834E+00  7.344244E+01  2.729476E+00  9.180679E+00
  2.000000E+00 -6.000000E+01     5  5.529737E+00  7.344241E+01  1.575860E+00  5.300440E+00
  2.000000E+00 -6.000000E+01     6  2.468967E-07 -1.365083E+02 -1.791172E-07 -1.699265E-07
  2.000000E+00 -3.000000E+01     1  9.638251E+00 -1.065575E+02 -2.746678E+00 -9.238595E+00
  2.000000E+00 -3.000000E+01     2  5.564644E+00  7.344278E+01  1.585772E+00  5.333909E+00
  2.000000E+00 -3.000000E+01     3  4.267061E-06 -1.100846E+02 -1.465338E-06 -4.007567E-06
  2.000000E+00 -3.000000E+01     4  5.529777E+00  7.344277E+01  1.575837E+00  5.300488E+00
  2.000000E+00 -3.000000E+01     5  9.577840E+00  7.344246E+01  2.729475E+00  9.180685E+00
  2.000000E+00 -3.000000E+01     6  2.851556E-07 -4.895532E+01  1.872467E-07 -2.150637E-07
  2.000000E+00  0.000000E+00     1  1.112925E+01 -1.065575E+02 -3.171580E+00 -1.066777E+01
  2.000000E+00  0.000000E+00     2  0.000000E+00  9.000000E+01  0.000000E+00  0.000000E+00
  2.000000E+00  0.000000E+00     3  4.128341E-06 -1.111255E+02 -1.487902E-06 -3.850889E-06
  2.000000E+00  0.000000E+00     4  0.000000E+00  9.000000E+01  0.000000E+00  0.000000E+00
  2.000000E+00  0.000000E+00     5  1.105945E+01  7.344247E+01  3.151697E+00  1.060086E+01
  2.000000E+00  0.000000E+00     6  0.000000E+00  9.000000E+01  0.000000E+00  0.000000E+00
  2.000000E+00  3.000000E+01     1  9.638251E+00 -1.065575E+02 -2.746678E+00 -9.238595E+00
  2.000000E+00  3.000000E+01     2  5.564644E+00 -1.065572E+02 -1.585772E+00 -5.333909E+00
  2.000000E+00  3.000000E+01     3  4.267061E-06 -1.100846E+02 -1.465338E-06 -4.007567E-06
  2.000000E+00  3.000000E+01     4  5.529777E+00 -1.065572E+02 -1.575837E+00 -5.300488E+00
  2.000000E+00  3.000000E+01     5  9.577840E+00  7.344246E+01  2.729475E+00  9.180685E+00
  2.000000E+00  3.000000E+01     6  2.851556E-07  1.310447E+02 -1.872467E-07  2.150637E-07
  2.000000E+00  6.000000E+01     1  5.564611E+00 -1.065575E+02 -1.585785E+00 -5.333871E+00
  2.000000E+00  6.000000E+01     2  9.638239E+00 -1.065576E+02 -2.746691E+00 -9.238579E+00
  2.000000E+00  6.000000E+01     3  4.532931E-06 -1.227980E+02 -2.455390E-06 -3.810318E-06
  2.000000E+00  6.000000E+01     4  9.577834E+00 -1.065576E+02 -2.729476E+00 -9.180679E+00
  2.000000E+00  6.000000E+01     5  5.529737E+00  7.344241E+01  1.575860E+00  5.300440E+00
  2.000000E+00  6.000000E+01     6  2.468967E-07  4.349169E+01  1.791172E-07  1.699265E-07
  2.000000E+00  9.000000E+01     1  4.864763E-07  7.344276E+01  1.386327E-07  4.663048E-07
  2.000000E+00  9.000000E+01     2  1.112916E+01 -1.065575E+02 -3.171566E+00 -1.066768E+01
  2.000000E+00  9.000000E+01     3  4.277806E-06 -9.700237E+01 -5.215084E-07 -4.245898E-06
  2.000000E+00  9.000000E+01     4  1.105945E+01 -1.065575E+02 -3.151690E+00 -1.060086E+01
  2.000000E+00  9.000000E+01     5  4.834291E-07 -1.065572E+02 -1.377639E-07 -4.633841E-07
  2.000000E+00  9.000000E+01     6  1.865910E-14 -9.000000E+01 -1.027551E-14 -1.557484E-14
  2.000000E+00  1.200000E+02     1  5.564615E+00  7.344250E+01  1.585790E+00  5.333874E+00
  2.000000E+00  1.200000E+02     2  9.638239E+00 -1.065576E+02 -2.746691E+00 -9.238579E+00
  2.000000E+00  1.200000E+02     3  4.531940E-06 -1.227730E+02 -2.453197E-06 -3.810552E-06
  2.000000E+00  1.200000E+02     4  9.577832E+00 -1.065576E+02 -2.729475E+00 -9.180677E+00
  2.000000E+00  1.200000E+02     5  5.529742E+00 -1.065576E+02 -1.575861E+00 -5.300444E+00
  2.000000E+00  1.200000E+02     6  2.468969E-07 -1.365082E+02 -1.791171E-07 -1.699269E-07
  2.000000E+00  1.500000E+02     1  9.638253E+00  7.344254E+01  2.746680E+00  9.238597E+00
  2.000000E+00  1.500000E+02     2  5.564644E+00 -1.065572E+02 -1.585771E+00 -5.333910E+00
  2.000000E+00  1.500000E+02     3  4.268572E-06 -1.100633E+02 -1.464370E-06 -4.009529E-06
  2.000000E+00  1.500000E+02     4  5.529780E+00 -1.065573E+02 -1.575840E+00 -5.300490E+00
  2.000000E+00  1.500000E+02     5  9.577831E+00 -1.065576E+02 -2.729477E+00 -9.180676E+00
  2.000000E+00  1.500000E+02     6  2.851557E-07 -4.895538E+01  1.872465E-07 -2.150640E-07
  2.000000E+00  1.800000E+02     1  1.112925E+01  7.344254E+01  3.171580E+00  1.066777E+01
  2.000000E+00  1.800000E+02     2  9.729373E-07  7.344323E+01  2.772534E-07  9.325972E-07
  2.000000E+00  1.800000E+02     3  4.128341E-06 -1.111255E+02 -1.487902E-06 -3.850889E-06
  2.000000E+00  1.800000E+02     4  9.668635E-07  7.344339E+01  2.755199E-07  9.267760E-07
  2.000000E+00  1.800000E+02     5  1.105945E+01 -1.065575E+02 -3.151697E+00 -1.060086E+01
  2.000000E+00  1.800000E+02     6  5.642167E-14  9.000000E+01 -2.869050E-14  4.858251E-14
  2.500000E+00 -1.800000E+02     1  2.173602E+01 -2.438287E+01  1.979732E+01 -8.973326E+00
  2.500000E+00 -1.800000E+02     2  1.900215E-06  1.556171E+02 -1.730730E-06  7.844705E-07
  2.500000E+00 -1.800000E+02     3  7.553902E-06 -3.181717E+01  6.418813E-06 -3.982496E-06
  2.500000E+00 -1.800000E+02     4  2.950163E-06  1.556173E+02 -2.687033E-06  1.217913E-06
  2.500000E+00 -1.800000E+02     5  3.374623E+01  1.556172E+02 -3.073632E+01  1.393150E+01
  2.500000E+00 -1.800000E+02     6  3.026690E-14 -9.000000E+01 -1.880269E-15 -3.020844E-14
  2.500000E+00 -1.500000E+02     1  1.882381E+01 -2.438288E+01  1.714486E+01 -7.771077E+00
  2.500000E+00 -1.500000E+02     2  1.086792E+01 -2.438276E+01  9.898589E+00 -4.486607E+00
  2.500000E+00 -1.500000E+02     3  6.736035E-06 -3.376474E+01  5.599845E-06 -3.743781E-06
  2.500000E+00 -1.500000E+02     4  1.687290E+01 -2.438283E+01  1.536796E+01 -6.965666E+00
  2.500000E+00 -1.500000E+02     5  2.922490E+01  1.556172E+02 -2.661826E+01  1.206496E+01
  2.500000E+00 -1.500000E+02     6  2.136323E-07  2.681489E+01  1.906602E-07  9.637156E-08
  2.500000E+00 -1.200000E+02     1  1.086798E+01 -2.438332E+01  9.898594E+00 -4.486727E+00
  2.500000E+00 -1.200000E+02     2  1.882380E+01 -2.438309E+01  1.714482E+01 -7.771138E+00
  2.500000E+00 -1.200000E+02     3  6.391197E-06 -3.614071E+01  5.161345E-06 -3.769338E-06
  2.500000E+00 -1.200000E+02     4  2.922491E+01 -2.438299E+01  2.661823E+01 -1.206504E+01
  2.500000E+00 -1.200000E+02     5  1.687306E+01  1.556167E+02 -1.536806E+01  6.965849E+00
  2.500000E+00 -1.200000E+02     6  5.787670E-07 -1.000192E+00  5.786789E-07 -1.010281E-08
  2.500000E+00 -9.000000E+01     1  9.501135E-07 -2.438339E+01  8.653666E-07 -3.922452E-07
  2.500000E+00 -9.000000E+01     2  2.173609E+01 -2.438318E+01  1.979733E+01 -8.973464E+00
  2.500000E+00 -9.000000E+01     3  7.370981E-06 -3.319600E+01  6.168056E-06 -4.035647E-06
  2.500000E+00 -9.000000E+01     4  3.374631E+01 -2.438312E+01  3.073632E+01 -1.393170E+01
  2.500000E+00 -9.000000E+01     5  1.475088E-06  1.556171E+02 -1.343521E-06  6.089635E-07
  2.500000E+00 -9.000000E+01     6  7.634817E-14 -9.000000E+01  7.608009E-14 -6.392482E-15
  2.500000E+00 -6.000000E+01     1  1.086797E+01  1.556167E+02 -9.898591E+00  4.486723E+00
  2.500000E+00 -6.000000E+01     2  1.882380E+01 -2.438309E+01  1.714482E+01 -7.771133E+00
  2.500000E+00 -6.000000E+01     3  6.389660E-06 -3.615146E+01  5.159397E-06 -3.769400E-06
  2.500000E+00 -6.000000E+01     4  2.922492E+01 -2.438298E+01  2.661824E+01 -1.206504E+01
  2.500000E+00 -6.000000E+01     5  1.687305E+01 -2.438324E+01  1.536805E+01 -6.965837E+00
  2.500000E+00 -6.000000E+01     6  5.787668E-07  1.789998E+02 -5.786787E-07  1.010283E-08
  2.500000E+00 -3.000000E+01     1  1.882381E+01  1.556171E+02 -1.714486E+01  7.771076E+00
  2.500000E+00 -3.000000E+01     2  1.086791E+01 -2.438280E+01  9.898574E+00 -4.486610E+00
  2.500000E+00 -3.000000E+01     3  6.740994E-06 -3.374156E+01  5.605483E-06 -3.744270E-06
  2.500000E+00 -3.000000E+01     4  1.687291E+01 -2.438283E+01  1.536797E+01 -6.965669E+00
  2.500000E+00 -3.000000E+01     5  2.922491E+01 -2.438283E+01  2.661827E+01 -1.206496E+01
  2.500000E+00 -3.000000E+01     6  2.136324E-07 -1.531851E+02 -1.906602E-07 -9.637150E-08
  2.500000E+00  0.000000E+00     1  2.173602E+01  1.556171E+02 -1.979732E+01  8.973326E+00
  2.500000E+00  0.000000E+00     2  0.000000E+00  9.000000E+01  0.000000E+00  0.000000E+00
  2.500000E+00  0.000000E+00     3  7.553902E-06 -3.181717E+01  6.418813E-06 -3.982496E-06
  2.500000E+00  0.000000E+00     4  0.000000E+00  9.000000E+01  0.000000E+00  0.000000E+00
  2.500000E+00  0.000000E+00     5  3.374623E+01 -2.438282E+01  3.073632E+01 -1.393150E+01
  2.500000E+00  0.000000E+00     6  0.000000E+00  9.000000E+01  0.000000E+00  0.000000E+00
  2.500000E+00  3.000000E+01     1  1.882381E+01  1.556171E+02 -1.714486E+01  7.771076E+00
  2.500000E+00  3.000000E+01     2  1.086791E+01  1.556172E+02 -9.898574E+00  4.486610E+00
  2.500000E+00  3.000000E+01     3  6.740994E-06 -3.374156E+01  5.605483E-06 -3.744270E-06
  2.500000E+00  3.000000E+01     4  1.687291E+01  1.556172E+02 -1.536797E+01  6.965669E+00
  2.500000E+00  3.000000E+01     5  2.922491E+01 -2.438283E+01  2.661827E+01 -1.206496E+01
  2.500000E+00  3.000000E+01     6  2.136324E-07  2.681487E+01  1.906602E-07  9.637150E-08
  2.500000E+00  6.000000E+01     1  1.086797E+01  1.556167E+02 -9.898591E+00  4.486723E+00
  2.500000E+00  6.000000E+01     2  1.882380E+01  1.556169E+02 -1.714482E+01  7.771133E+00
  2.500000E+00  6.000000E+01     3  6.389660E-06 -3.615146E+01  5.159397E-06 -3.769400E-06
  2.500000E+00  6.000000E+01     4  2.922492E+01  1.556170E+02 -2.661824E+01  1.206504E+01
  2.500000E+00  6.000000E+01     5  1.687305E+01 -2.438324E+01  1.536805E+01 -6.965837E+00
  2.500000E+00  6.000000E+01     6  5.787668E-07 -1.000193E+00  5.786787E-07 -1.010283E-08
  2.500000E+00  9.000000E+01     1  9.501135E-07 -2.438339E+01  8.653666E-07 -3.922452E-07
  2.500000E+00  9.000000E+01     2  2.173609E+01  1.556168E+02 -1.979733E+01  8.973464E+00
  2.500000E+00  9.000000E+01     3  7.370981E-06 -3.319600E+01  6.168056E-06 -4.035647E-06
  2.500000E+00  9.000000E+01     4  3.374631E+01  1.556169E+02 -3.073632E+01  1.393170E+01
  2.500000E+00  9.000000E+01     5  1.475088E-06  1.556171E+02 -1.343521E-06  6.089635E-07
  2.500000E+00  9.000000E+01     6  7.634817E-14  9.000000E+01 -7.608009E-14  6.392482E-15
  2.500000E+00  1.200000E+02     1  1.086798E+01 -2.438332E+01  9.898594E+00 -4.486727E+00
  2.500000E+00  1.200000E+02     2  1.882380E+01  1.556169E+02 -1.714482E+01  7.771138E+00
  2.500000E+00  1.200000E+02     3  6.391197E-06 -3.614071E+01  5.161345E-06 -3.769338E-06
  2.500000E+00  1.200000E+02     4  2.922491E+01  1.556170E+02 -2.661823E+01  1.206504E+01
  2.500000E+00  1.200000E+02     5  1.687306E+01  1.556167E+02 -1.536806E+01  6.965849E+00
  2.500000E+00  1.200000E+02     6  5.787670E-07  1.789998E+02 -5.786789E-07  1.010281E-08
  2.500000E+00  1.500000E+02     1  1.882381E+01 -2.438288E+01  1.714486E+01 -7.771077E+00
  2.500000E+00  1.500000E+02     2  1.086792E+01  1.556172E+02 -9.898589E+00  4.486607E+00
  2.500000E+00  1.500000E+02     3  6.736035E-06 -3.376474E+01  5.599845E-06 -3.743781E-06
  2.500000E+00  1.500000E+02     4  1.687290E+01  1.556172E+02 -1.536796E+01  6.965666E+00
  2.500000E+00  1.500000E+02     5  2.922490E+01  1.556172E+02 -2.661826E+01  1.206496E+01
  2.500000E+00  1.500000E+02     6  2.136323E-07 -1.531851E+02 -1.906602E-07 -9.637156E-08
  2.500000E+00  1.800000E+02     1  2.173602E+01 -2.438287E+01  1.979732E+01 -8.973326E+00
  2.500000E+00  1.800000E+02     2  1.900215E-06 -2.438289E+01  1.730730E-06 -7.844705E-07
  2.500000E+00  1.800000E+02     3  7.553902E-06 -3.181717E+01  6.418813E-06 -3.982496E-06
  2.500000E+00  1.800000E+02     4  2.950163E-06 -2.438269E+01  2.687033E-06 -1.217913E-06
  2.500000E+00  1.800000E+02     5  3.374623E+01  1.556172E+02 -3.073632E+01  1.393150E+01
  2.500000E+00  1.800000E+02     6  3.026690E-14  9.000000E+01  1.880269E-15  3.020844E-14
  3.000000E+00 -1.800000E+02     1  3.740003E+01 -7.303518E+01  1.091275E+01 -3.577253E+01
  3.000000E+00 -1.800000E+02     2  3.269588E-06  1.069647E+02 -9.540059E-07  3.127312E-06
  3.000000E+00 -1.800000E+02     3  4.698540E-03 -8.788550E+01  1.733603E-04 -4.695341E-03
  3.000000E+00 -1.800000E+02     4  7.312573E-06  1.069648E+02 -2.133696E-06  6.994359E-06
  3.000000E+00 -1.800000E+02     5  8.364588E+01  1.069648E+02 -2.440658E+01  8.000595E+01
  3.000000E+00 -1.800000E+02     6  1.022787E-13  9.000000E+01 -8.956527E-14  4.938618E-14
  3.000000E+00 -1.500000E+02     1  3.238931E+01 -7.303519E+01  9.450693E+00 -3.097986E+01
  3.000000E+00 -1.500000E+02     2  1.869993E+01 -7.303528E+01  5.456316E+00 -1.788619E+01
  3.000000E+00 -1.500000E+02     3  4.698476E-03 -8.788526E+01  1.733776E-04 -4.695276E-03
  3.000000E+00 -1.500000E+02     4  4.182302E+01 -7.303524E+01  1.220327E+01 -4.000307E+01
  3.000000E+00 -1.500000E+02     5  7.243871E+01  1.069648E+02 -2.113641E+01  6.928649E+01
  3.000000E+00 -1.500000E+02     6  5.834697E-07 -2.506660E+01  5.285161E-07 -2.471994E-07
  3.000000E+00 -1.200000E+02     1  1.870009E+01 -7.303535E+01  5.456341E+00 -1.788636E+01
  3.000000E+00 -1.200000E+02     2  3.238931E+01 -7.303528E+01  9.450645E+00 -3.097988E+01
  3.000000E+00 -1.200000E+02     3  4.698219E-03 -8.789483E+01  1.725841E-04 -4.695048E-03
  3.000000E+00 -1.200000E+02     4  7.243862E+01 -7.303526E+01  2.113637E+01 -6.928642E+01
  3.000000E+00 -1.200000E+02     5  4.182311E+01  1.069648E+02 -1.220331E+01  4.000314E+01
  3.000000E+00 -1.200000E+02     6  7.440137E-07 -1.982820E+01  6.999041E-07 -2.523702E-07
  3.000000E+00 -9.000000E+01     1  1.634815E-06 -7.303541E+01  4.770075E-07 -1.563676E-06
  3.000000E+00 -9.000000E+01     2  3.739997E+01 -7.303526E+01  1.091268E+01 -3.577249E+01
  3.000000E+00 -9.000000E+01     3  4.698047E-03 -8.790266E+01  1.719359E-04 -4.694900E-03
  3.000000E+00 -9.000000E+01     4  8.364581E+01 -7.303528E+01  2.440642E+01 -8.000593E+01
  3.000000E+00 -9.000000E+01     5  3.656313E-06  1.069648E+02 -1.066851E-06  3.497206E-06
  3.000000E+00 -9.000000E+01     6  8.317986E-14 -9.000000E+01  7.909796E-14 -2.573717E-14
  3.000000E+00 -6.000000E+01     1  1.870008E+01  1.069647E+02 -5.456339E+00  1.788634E+01
  3.000000E+00 -6.000000E+01     2  3.238930E+01 -7.303526E+01  9.450648E+00 -3.097986E+01
  3.000000E+00 -6.000000E+01     3  4.698205E-03 -8.789481E+01  1.725853E-04 -4.695034E-03
  3.000000E+00 -6.000000E+01     4  7.243864E+01 -7.303525E+01  2.113639E+01 -6.928644E+01
  3.000000E+00 -6.000000E+01     5  4.182310E+01 -7.303522E+01  1.220331E+01 -4.000314E+01
  3.000000E+00 -6.000000E+01     6  7.440140E-07  1.601718E+02 -6.999043E-07  2.523703E-07
  3.000000E+00 -3.000000E+01     1  3.238929E+01  1.069648E+02 -9.450696E+00  3.097984E+01
  3.000000E+00 -3.000000E+01     2  1.869992E+01 -7.303528E+01  5.456318E+00 -1.788619E+01
  3.000000E+00 -3.000000E+01     3  4.698472E-03 -8.788494E+01  1.734037E-04 -4.695271E-03
  3.000000E+00 -3.000000E+01     4  4.182303E+01 -7.303526E+01  1.220326E+01 -4.000308E+01
  3.000000E+00 -3.000000E+01     5  7.243869E+01 -7.303525E+01  2.113641E+01 -6.928648E+01
  3.000000E+00 -3.000000E+01     6  5.834698E-07  1.549334E+02 -5.285163E-07  2.471994E-07
  3.000000E+00  0.000000E+00     1  3.740003E+01  1.069648E+02 -1.091275E+01  3.577253E+01
  3.000000E+00  0.000000E+00     2  0.000000E+00  9.000000E+01  0.000000E+00  0.000000E+00
  3.000000E+00  0.000000E+00     3  4.698540E-03 -8.788550E+01  1.733603E-04 -4.695341E-03
  3.000000E+00  0.000000E+00     4  0.000000E+00  9.000000E+01  0.000000E+00  0.000000E+00
  3.000000E+00  0.000000E+00     5  8.364588E+01 -7.303517E+01  2.440658E+01 -8.000595E+01
  3.000000E+00  0.000000E+00     6  0.000000E+00  9.000000E+01  0.000000E+00  0.000000E+00
  3.000000E+00  3.000000E+01     1  3.238929E+01  1.069648E+02 -9.450696E+00  3.097984E+01
  3.000000E+00  3.000000E+01     2  1.869992E+01  1.069647E+02 -5.456318E+00  1.788619E+01
  3.000000E+00  3.000000E+01     3  4.698472E-03 -8.788494E+01  1.734037E-04 -4.695271E-03
  3.000000E+00  3.000000E+01     4  4.182303E+01  1.069648E+02 -1.220326E+01  4.000308E+01
  3.000000E+00  3.000000E+01     5  7.243869E+01 -7.303525E+01  2.113641E+01 -6.928648E+01
  3.000000E+00  3.000000E+01     6  5.834698E-07 -2.506659E+01  5.285163E-07 -2.471994E-07
  3.000000E+00  6.000000E+01     1  1.870008E+01  1.069647E+02 -5.456339E+00  1.788634E+01
  3.000000E+00  6.000000E+01     2  3.238930E+01  1.069647E+02 -9.450648E+00  3.097986E+01
  3.000000E+00  6.000000E+01     3  4.698205E-03 -8.789481E+01  1.725853E-04 -4.695034E-03
  3.000000E+00  6.000000E+01     4  7.243864E+01  1.069648E+02 -2.113639E+01  6.928644E+01
  3.000000E+00  6.000000E+01     5  4.182310E+01 -7.303522E+01  1.220331E+01 -4.000314E+01
  3.000000E+00  6.000000E+01     6  7.440140E-07 -1.982820E+01  6.999043E-07 -2.523703E-07
  3.000000E+00  9.000000E+01     1  1.634815E-06 -7.303541E+01  4.770075E-07 -1.563676E-06
  3.000000E+00  9.000000E+01     2  3.739997E+01  1.069647E+02 -1.091268E+01  3.577249E+01
  3.000000E+00  9.000000E+01     3  4.698047E-03 -8.790266E+01  1.719359E-04 -4.694900E-03
  3.000000E+00  9.000000E+01     4  8.364581E+01  1.069647E+02 -2.440642E+01  8.000593E+01
  3.000000E+00  9.000000E+01     5  3.656313E-06  1.069648E+02 -1.066851E-06  3.497206E-06
  3.000000E+00  9.000000E+01     6  8.317986E-14  9.000000E+01 -7.909796E-14  2.573717E-14
  3.000000E+00  1.200000E+02     1  1.870009E+01 -7.303535E+01  5.456341E+00 -1.788636E+01
  3.000000E+00  1.200000E+02     2  3.238931E+01  1.069647E+02 -9.450645E+00  3.097988E+01
  3.000000E+00  1.200000E+02     3  4.698219E-03 -8.789483E+01  1.725841E-04 -4.695048E-03
  3.000000E+00  1.200000E+02     4  7.243862E+01  1.069647E+02 -2.113637E+01  6.928642E+01
  3.000000E+00  1.200000E+02     5  4.182311E+01  1.069648E+02 -1.220331E+01  4.000314E+01
  3.000000E+00  1.200000E+02     6  7.440137E-07  1.601718E+02 -6.999041E-07  2.523702E-07
  3.000000E+00  1.500000E+02     1  3.238931E+01 -7.303519E+01  9.450693E+00 -3.097986E+01
  3.000000E+00  1.500000E+02     2  1.869993E+01  1.069647E+02 -5.456316E+00  1.788619E+01
  3.000000E+00  1.500000E+02     3  4.698476E-03 -8.788526E+01  1.733776E-04 -4.695276E-03
  3.000000E+00  1.500000E+02     4  4.182302E+01  1.069648E+02 -1.220327E+01  4.000307E+01
  3.000000E+00  1.500000E+02     5  7.243871E+01  1.069648E+02 -2.113641E+01  6.928649E+01
  3.000000E+00  1.500000E+02     6  5.834697E-07  1.549334E+02 -5.285161E-07  2.471994E-07
  3.000000E+00  1.800000E+02     1  3.740003E+01 -7.303518E+01  1.091275E+01 -3.577253E+01
  3.000000E+00  1.800000E+02     2  3.269588E-06 -7.303535E+01  9.540059E-07 -3.127312E-06
  3.000000E+00  1.800000E+02     3  4.698540E-03 -8.788550E+01  1.733603E-04 -4.695341E-03
  3.000000E+00  1.800000E+02     4  7.312573E-06 -7.303517E+01  2.133696E-06 -6.994359E-06
  3.000000E+00  1.800000E+02     5  8.364588E+01  1.069648E+02 -2.440658E+01  8.000595E+01
  3.000000E+00  1.800000E+02     6  1.022787E-13 -9.000000E+01  8.956527E-14 -4.938618E-14
  3.500000E+00 -1.800000E+02     1  5.833563E+01 -9.737666E+01 -7.489804E+00 -5.785282E+01
  3.500000E+00 -1.800000E+02     2  5.099866E-06  8.262337E+01  6.547779E-07  5.057657E-06
  3.500000E+00 -1.800000E+02     3  9.393250E-02 -1.191673E+02 -4.577905E-02 -8.202191E-02
  3.500000E+00 -1.800000E+02     4  1.557003E-05  8.262337E+01  1.999052E-06  1.544117E-05
  3.500000E+00 -1.800000E+02     5  1.781021E+02  8.262334E+01  2.286682E+01  1.766280E+02
  3.500000E+00 -1.800000E+02     6  1.590446E-13  9.000000E+01 -1.477410E-13  5.888767E-14
  3.500000E+00 -1.500000E+02     1  5.052025E+01 -9.737662E+01 -6.486335E+00 -5.010213E+01
  3.500000E+00 -1.500000E+02     2  2.916782E+01 -9.737664E+01 -3.744893E+00 -2.892641E+01
  3.500000E+00 -1.500000E+02     3  9.393230E-02 -1.191671E+02 -4.577875E-02 -8.202185E-02
  3.500000E+00 -1.500000E+02     4  8.905073E+01 -9.737658E+01 -1.143325E+01 -8.831372E+01
  3.500000E+00 -1.500000E+02     5  1.542378E+02  8.262331E+01  1.980291E+01  1.529612E+02
  3.500000E+00 -1.500000E+02     6  8.217336E-07 -2.079948E+01  7.681803E-07 -2.917963E-07
  3.500000E+00 -1.200000E+02     1  2.916798E+01 -9.737663E+01 -3.744911E+00 -2.892658E+01
  3.500000E+00 -1.200000E+02     2  5.052004E+01 -9.737663E+01 -6.486325E+00 -5.010192E+01
  3.500000E+00 -1.200000E+02     3  9.393249E-02 -1.191672E+02 -4.577893E-02 -8.202196E-02
  3.500000E+00 -1.200000E+02     4  1.542380E+02 -9.737664E+01 -1.980281E+01 -1.529615E+02
  3.500000E+00 -1.200000E+02     5  8.905127E+01  8.262344E+01  1.143328E+01  8.831426E+01
  3.500000E+00 -1.200000E+02     6  8.902736E-07 -1.914931E+01  8.410120E-07 -2.920374E-07
  3.500000E+00 -9.000000E+01     1  2.549939E-06 -9.737665E+01 -3.273901E-07 -2.528835E-06
  3.500000E+00 -9.000000E+01     2  5.833564E+01 -9.737663E+01 -7.489778E+00 -5.785284E+01
  3.500000E+00 -9.000000E+01     3  9.393264E-02 -1.191671E+02 -4.577882E-02 -8.202219E-02
  3.500000E+00 -9.000000E+01     4  1.781021E+02 -9.737665E+01 -2.286679E+01 -1.766281E+02
  3.500000E+00 -9.000000E+01     5  7.785065E-06  8.262340E+01  9.995293E-07  7.720634E-06
  3.500000E+00 -9.000000E+01     6  9.332368E-14 -9.000000E+01  8.854094E-14 -2.949255E-14
  3.500000E+00 -6.000000E+01     1  2.916797E+01  8.262337E+01  3.744909E+00  2.892657E+01
  3.500000E+00 -6.000000E+01     2  5.052005E+01 -9.737663E+01 -6.486330E+00 -5.010192E+01
  3.500000E+00 -6.000000E+01     3  9.393235E-02 -1.191672E+02 -4.577887E-02 -8.202183E-02
  3.500000E+00 -6.000000E+01     4  1.542380E+02 -9.737664E+01 -1.980281E+01 -1.529615E+02
  3.500000E+00 -6.000000E+01     5  8.905128E+01 -9.737656E+01 -1.143328E+01 -8.831428E+01
  3.500000E+00 -6.000000E+01     6  8.902738E-07  1.608507E+02 -8.410123E-07  2.920373E-07
  3.500000E+00 -3.000000E+01     1  5.052025E+01  8.262339E+01  6.486334E+00  5.010213E+01
  3.500000E+00 -3.000000E+01     2  2.916782E+01 -9.737664E+01 -3.744894E+00 -2.892642E+01
  3.500000E+00 -3.000000E+01     3  9.393225E-02 -1.191671E+02 -4.577864E-02 -8.202185E-02
  3.500000E+00 -3.000000E+01     4  8.905077E+01 -9.737658E+01 -1.143325E+01 -8.831376E+01
  3.500000E+00 -3.000000E+01     5  1.542378E+02 -9.737669E+01 -1.980291E+01 -1.529613E+02
  3.500000E+00 -3.000000E+01     6  8.217338E-07  1.592005E+02 -7.681806E-07  2.917962E-07
  3.500000E+00  0.000000E+00     1  5.833563E+01  8.262334E+01  7.489804E+00  5.785282E+01
  3.500000E+00  0.000000E+00     2  0.000000E+00  9.000000E+01  0.000000E+00  0.000000E+00
  3.500000E+00  0.000000E+00     3  9.393250E-02 -1.191673E+02 -4.577905E-02 -8.202191E-02
  3.500000E+00  0.000000E+00     4  0.000000E+00  9.000000E+01  0.000000E+00  0.000000E+00
  3.500000E+00  0.000000E+00     5  1.781021E+02 -9.737666E+01 -2.286682E+01 -1.766280E+02
  3.500000E+00  0.000000E+00     6  0.000000E+00  9.000000E+01  0.000000E+00  0.000000E+00
  3.500000E+00  3.000000E+01     1  5.052025E+01  8.262339E+01  6.486334E+00  5.010213E+01
  3.500000E+00  3.000000E+01     2  2.916782E+01  8.262336E+01  3.744894E+00  2.892642E+01
  3.500000E+00  3.000000E+01     3  9.393225E-02 -1.191671E+02 -4.577864E-02 -8.202185E-02
  3.500000E+00  3.000000E+01     4  8.905077E+01  8.262342E+01  1.143325E+01  8.831376E+01
  3.500000E+00  3.000000E+01     5  1.542378E+02 -9.737669E+01 -1.980291E+01 -1.529613E+02
  3.500000E+00  3.000000E+01     6  8.217338E-07 -2.079947E+01  7.681806E-07 -2.917962E-07
  3.500000E+00  6.000000E+01     1  2.916797E+01  8.262337E+01  3.744909E+00  2.892657E+01
  3.500000E+00  6.000000E+01     2  5.052005E+01  8.262337E+01  6.486330E+00  5.010192E+01
  3.500000E+00  6.000000E+01     3  9.393235E-02 -1.191672E+02 -4.577887E-02 -8.202183E-02
  3.500000E+00  6.000000E+01     4  1.542380E+02  8.262336E+01  1.980281E+01  1.529615E+02
  3.500000E+00  6.000000E+01     5  8.905128E+01 -9.737656E+01 -1.143328E+01 -8.831428E+01
  3.500000E+00  6.000000E+01     6  8.902738E-07 -1.914930E+01  8.410123E-07 -2.920373E-07
  3.500000E+00  9.000000E+01     1  2.549939E-06 -9.737665E+01 -3.273901E-07 -2.528835E-06
  3.500000E+00  9.000000E+01     2  5.833564E+01  8.262337E+01  7.489778E+00  5.785284E+01
  3.500000E+00  9.000000E+01     3  9.393264E-02 -1.191671E+02 -4.577882E-02 -8.202219E-02
  3.500000E+00  9.000000E+01     4  1.781021E+02  8.262335E+01  2.286679E+01  1.766281E+02
  3.500000E+00  9.000000E+01     5  7.785065E-06  8.262340E+01  9.995293E-07  7.720634E-06
  3.500000E+00  9.000000E+01     6  9.332368E-14  9.000000E+01 -8.854094E-14  2.949255E-14
  3.500000E+00  1.200000E+02     1  2.916798E+01 -9.737663E+01 -3.744911E+00 -2.892658E+01
  3.500000E+00  1.200000E+02     2  5.052004E+01  8.262337E+01  6.486325E+00  5.010192E+01
  3.500000E+00  1.200000E+02     3  9.393249E-02 -1.191672E+02 -4.577893E-02 -8.202196E-02
  3.500000E+00  1.200000E+02     4  1.542380E+02  8.262336E+01  1.980281E+01  1.529615E+02
  3.500000E+00  1.200000E+02     5  8.905127E+01  8.262344E+01  1.143328E+01  8.831426E+01
  3.500000E+00  1.200000E+02     6  8.902736E-07  1.608507E+02 -8.410120E-07  2.920374E-07
  3.500000E+00  1.500000E+02     1  5.052025E+01 -9.737662E+01 -6.486335E+00 -5.010213E+01
  3.500000E+00  1.500000E+02     2  2.916782E+01  8.262336E+01  3.744893E+00  2.892641E+01
  3.500000E+00  1.500000E+02     3  9.393230E-02 -1.191671E+02 -4.577875E-02 -8.202185E-02
  3.500000E+00  1.500000E+02     4  8.905073E+01  8.262342E+01  1.143325E+01  8.831372E+01
  3.500000E+00  1.500000E+02     5  1.542378E+02  8.262331E+01  1.980291E+01  1.529612E+02
  3.500000E+00  1.500000E+02     6  8.217336E-07  1.592005E+02 -7.681803E-07  2.917963E-07
  3.500000E+00  1.800000E+02     1  5.833563E+01 -9.737666E+01 -7.489804E+00 -5.785282E+01
  3.500000E+00  1.800000E+02     2  5.099866E-06 -9.737663E+01 -6.547779E-07 -5.057657E-06
  3.500000E+00  1.800000E+02     3  9.393250E-02 -1.191673E+02 -4.577905E-02 -8.202191E-02
  3.500000E+00  1.800000E+02     4  1.557003E-05 -9.737663E+01 -1.999052E-06 -1.544117E-05
  3.500000E+00  1.800000E+02     5  1.781021E+02  8.262334E+01  2.286682E+01  1.766280E+02
  3.500000E+00  1.800000E+02     6  1.590446E-13 -9.000000E+01  1.477410E-13 -5.888767E-14
  4.000000E+00 -1.800000E+02     1  8.313412E+01 -1.079699E+02 -2.564834E+01 -7.907873E+01
  4.000000E+00 -1.800000E+02     2  7.267795E-06  7.203015E+01  2.242235E-06  6.913265E-06
  4.000000E+00 -1.800000E+02     3  5.716935E-01 -1.384652E+02 -4.279428E-01 -3.790758E-01
  4.000000E+00 -1.800000E+02     4  2.907645E-05  7.203001E+01  8.970634E-06  2.765805E-05
  4.000000E+00 -1.800000E+02     5  3.325970E+02  7.202998E+01  1.026126E+02  3.163723E+02
  4.000000E+00 -1.800000E+02     6  1.547678E-13  9.000000E+01 -1.520263E-13  2.900146E-14
  4.000000E+00 -1.500000E+02     1  7.199591E+01 -1.079700E+02 -2.221212E+01 -6.848382E+01
  4.000000E+00 -1.500000E+02     2  4.156705E+01 -1.079698E+02 -1.282411E+01 -3.953937E+01
  4.000000E+00 -1.500000E+02     3  5.716926E-01 -1.384651E+02 -4.279416E-01 -3.790758E-01
  4.000000E+00 -1.500000E+02     4  1.662972E+02 -1.079700E+02 -5.130587E+01 -1.581849E+02
  4.000000E+00 -1.500000E+02     5  2.880379E+02  7.203005E+01  8.886491E+01  2.739870E+02
  4.000000E+00 -1.500000E+02     6  7.834701E-07 -1.056535E+01  7.701875E-07 -1.436546E-07
  4.000000E+00 -1.200000E+02     1  4.156713E+01 -1.079699E+02 -1.282417E+01 -3.953944E+01
  4.000000E+00 -1.200000E+02     2  7.199599E+01 -1.079699E+02 -2.221203E+01 -6.848392E+01
  4.000000E+00 -1.200000E+02     3  5.716934E-01 -1.384654E+02 -4.279443E-01 -3.790739E-01
  4.000000E+00 -1.200000E+02     4  2.880371E+02 -1.079700E+02 -8.886475E+01 -2.739862E+02
  4.000000E+00 -1.200000E+02     5  1.662972E+02  7.202990E+01  5.130611E+01  1.581848E+02
  4.000000E+00 -1.200000E+02     6  8.172111E-07 -1.012552E+01  8.044830E-07 -1.436699E-07
  4.000000E+00 -9.000000E+01     1  3.633903E-06 -1.079699E+02 -1.121123E-06 -3.456637E-06
  4.000000E+00 -9.000000E+01     2  8.313380E+01 -1.079699E+02 -2.564824E+01 -7.907842E+01
  4.000000E+00 -9.000000E+01     3  5.716970E-01 -1.384655E+02 -4.279478E-01 -3.790753E-01
  4.000000E+00 -9.000000E+01     4  3.325968E+02 -1.079700E+02 -1.026123E+02 -3.163722E+02
  4.000000E+00 -9.000000E+01     5  1.453827E-05  7.203001E+01  4.485329E-06  1.382907E-05
  4.000000E+00 -9.000000E+01     6  8.419122E-14 -9.000000E+01  8.293251E-14 -1.450381E-14
  4.000000E+00 -6.000000E+01     1  4.156711E+01  7.203012E+01  1.282416E+01  3.953941E+01
  4.000000E+00 -6.000000E+01     2  7.199595E+01 -1.079699E+02 -2.221202E+01 -6.848389E+01
  4.000000E+00 -6.000000E+01     3  5.716933E-01 -1.384654E+02 -4.279443E-01 -3.790738E-01
  4.000000E+00 -6.000000E+01     4  2.880372E+02 -1.079700E+02 -8.886475E+01 -2.739863E+02
  4.000000E+00 -6.000000E+01     5  1.662971E+02 -1.079701E+02 -5.130608E+01 -1.581848E+02
  4.000000E+00 -6.000000E+01     6  8.172109E-07  1.698745E+02 -8.044829E-07  1.436699E-07
  4.000000E+00 -3.000000E+01     1  7.199593E+01  7.202999E+01  2.221212E+01  6.848383E+01
  4.000000E+00 -3.000000E+01     2  4.156708E+01 -1.079698E+02 -1.282411E+01 -3.953940E+01
  4.000000E+00 -3.000000E+01     3  5.716918E-01 -1.384650E+02 -4.279401E-01 -3.790762E-01
  4.000000E+00 -3.000000E+01     4  1.662972E+02 -1.079700E+02 -5.130585E+01 -1.581849E+02
  4.000000E+00 -3.000000E+01     5  2.880380E+02 -1.079699E+02 -8.886492E+01 -2.739870E+02
  4.000000E+00 -3.000000E+01     6  7.834701E-07  1.694347E+02 -7.701875E-07  1.436546E-07
  4.000000E+00  0.000000E+00     1  8.313412E+01  7.203008E+01  2.564834E+01  7.907873E+01
  4.000000E+00  0.000000E+00     2  0.000000E+00  9.000000E+01  0.000000E+00  0.000000E+00
  4.000000E+00  0.000000E+00     3  5.716935E-01 -1.384652E+02 -4.279428E-01 -3.790758E-01
  4.000000E+00  0.000000E+00     4  0.000000E+00  9.000000E+01  0.000000E+00  0.000000E+00
  4.000000E+00  0.000000E+00     5  3.325970E+02 -1.079700E+02 -1.026126E+02 -3.163723E+02
  4.000000E+00  0.000000E+00     6  0.000000E+00  9.000000E+01  0.000000E+00  0.000000E+00
  4.000000E+00  3.000000E+01     1  7.199593E+01  7.202999E+01  2.221212E+01  6.848383E+01
  4.000000E+00  3.000000E+01     2  4.156708E+01  7.203017E+01  1.282411E+01  3.953940E+01
  4.000000E+00  3.000000E+01     3  5.716918E-01 -1.384650E+02 -4.279401E-01 -3.790762E-01
  4.000000E+00  3.000000E+01     4  1.662972E+02  7.203000E+01  5.130585E+01  1.581849E+02
  4.000000E+00  3.000000E+01     5  2.880380E+02 -1.079699E+02 -8.886492E+01 -2.739870E+02
  4.000000E+00  3.000000E+01     6  7.834701E-07 -1.056535E+01  7.701875E-07 -1.436546E-07
  4.000000E+00  6.000000E+01     1  4.156711E+01  7.203012E+01  1.282416E+01  3.953941E+01
  4.000000E+00  6.000000E+01     2  7.199595E+01  7.203008E+01  2.221202E+01  6.848389E+01
  4.000000E+00  6.000000E+01     3  5.716933E-01 -1.384654E+02 -4.279443E-01 -3.790738E-01
  4.000000E+00  6.000000E+01     4  2.880372E+02  7.203004E+01  8.886475E+01  2.739863E+02
  4.000000E+00  6.000000E+01     5  1.662971E+02 -1.079701E+02 -5.130608E+01 -1.581848E+02
  4.000000E+00  6.000000E+01     6  8.172109E-07 -1.012552E+01  8.044829E-07 -1.436699E-07
  4.000000E+00  9.000000E+01     1  3.633903E-06 -1.079699E+02 -1.121123E-06 -3.456637E-06
  4.000000E+00  9.000000E+01     2  8.313380E+01  7.203008E+01  2.564824E+01  7.907842E+01
  4.000000E+00  9.000000E+01     3  5.716970E-01 -1.384655E+02 -4.279478E-01 -3.790753E-01
  4.000000E+00  9.000000E+01     4  3.325968E+02  7.203003E+01  1.026123E+02  3.163722E+02
  4.000000E+00  9.000000E+01     5  1.453827E-05  7.203001E+01  4.485329E-06  1.382907E-05
  4.000000E+00  9.000000E+01     6  8.419122E-14  9.000000E+01 -8.293251E-14  1.450381E-14
  4.000000E+00  1.200000E+02     1  4.156713E+01 -1.079699E+02 -1.282417E+01 -3.953944E+01
  4.000000E+00  1.200000E+02     2  7.199599E+01  7.203008E+01  2.221203E+01  6.848392E+01
  4.000000E+00  1.200000E+02     3  5.716934E-01 -1.384654E+02 -4.279443E-01 -3.790739E-01
  4.000000E+00  1.200000E+02     4  2.880371E+02  7.203004E+01  8.886475E+01  2.739862E+02
  4.000000E+00  1.200000E+02     5  1.662972E+02  7.202990E+01  5.130611E+01  1.581848E+02
  4.000000E+00  1.200000E+02     6  8.172111E-07  1.698745E+02 -8.044830E-07  1.436699E-07
  4.000000E+00  1.500000E+02     1  7.199591E+01 -1.079700E+02 -2.221212E+01 -6.848382E+01
  4.000000E+00  1.500000E+02     2  4.156705E+01  7.203016E+01  1.282411E+01  3.953937E+01
  4.000000E+00  1.500000E+02     3  5.716926E-01 -1.384651E+02 -4.279416E-01 -3.790758E-01
  4.000000E+00  1.500000E+02     4  1.662972E+02  7.202999E+01  5.130587E+01  1.581849E+02
  4.000000E+00  1.500000E+02     5  2.880379E+02  7.203005E+01  8.886491E+01  2.739870E+02
  4.000000E+00  1.500000E+02     6  7.834701E-07  1.694346E+02 -7.701875E-07  1.436546E-07
  4.000000E+00  1.800000E+02     1  8.313412E+01 -1.079699E+02 -2.564834E+01 -7.907873E+01
  4.000000E+00  1.800000E+02     2  7.267795E-06 -1.079698E+02 -2.242235E-06 -6.913265E-06
  4.000000E+00  1.800000E+02     3  5.716935E-01 -1.384652E+02 -4.279428E-01 -3.790758E-01
  4.000000E+00  1.800000E+02     4  2.907645E-05 -1.079700E+02 -8.970634E-06 -2.765805E-05
  4.000000E+00  1.800000E+02     5  3.325970E+02  7.202998E+01  1.026126E+02  3.163723E+02
  4.000000E+00  1.800000E+02     6  1.547678E-13 -9.000000E+01  1.520263E-13 -2.900146E-14
  4.500000E+00 -1.800000E+02     1  1.080167E+02 -1.105136E+02 -3.785231E+01 -1.011672E+02
  4.500000E+00 -1.800000E+02     2  9.443121E-06  6.948640E+01  3.309150E-06  8.844323E-06
  4.500000E+00 -1.800000E+02     3  1.810393E+00 -1.508922E+02 -1.581752E+00 -8.806731E-01
  4.500000E+00 -1.800000E+02     4  4.747252E-05  6.948631E+01  1.663585E-05  4.446221E-05
  4.500000E+00 -1.800000E+02     5  5.430234E+02  6.948637E+01  1.902918E+02  5.085897E+02
  4.500000E+00 -1.800000E+02     6  1.283482E-13  9.000000E+01 -1.278983E-13  1.073730E-14
  4.500000E+00 -1.500000E+02     1  9.354509E+01 -1.105137E+02 -3.278109E+01 -8.761327E+01
  4.500000E+00 -1.500000E+02     2  5.400852E+01 -1.105136E+02 -1.892616E+01 -5.058380E+01
  4.500000E+00 -1.500000E+02     3  1.810401E+00 -1.508922E+02 -1.581758E+00 -8.806765E-01
  4.500000E+00 -1.500000E+02     4  2.715093E+02 -1.105137E+02 -9.514550E+01 -2.542924E+02
  4.500000E+00 -1.500000E+02     5  4.702736E+02  6.948639E+01  1.647979E+02  4.404531E+02
  4.500000E+00 -1.500000E+02     6  6.445596E-07 -4.732929E+00  6.423618E-07 -5.318344E-08
  4.500000E+00 -1.200000E+02     1  5.400862E+01 -1.105136E+02 -1.892622E+01 -5.058388E+01
  4.500000E+00 -1.200000E+02     2  9.354532E+01 -1.105136E+02 -3.278102E+01 -8.761353E+01
  4.500000E+00 -1.200000E+02     3  1.810404E+00 -1.508922E+02 -1.581761E+00 -8.806775E-01
  4.500000E+00 -1.200000E+02     4  4.702726E+02 -1.105136E+02 -1.647976E+02 -4.404521E+02
  4.500000E+00 -1.200000E+02     5  2.715092E+02  6.948618E+01  9.514590E+01  2.542921E+02
  4.500000E+00 -1.200000E+02     6  6.621755E-07 -4.606856E+00  6.600362E-07 -5.318475E-08
  4.500000E+00 -9.000000E+01     1  4.721583E-06 -1.105136E+02 -1.654586E-06 -4.422182E-06
  4.500000E+00 -9.000000E+01     2  1.080166E+02 -1.105136E+02 -3.785227E+01 -1.011671E+02
  4.500000E+00 -9.000000E+01     3  1.810401E+00 -1.508923E+02 -1.581759E+00 -8.806759E-01
  4.500000E+00 -9.000000E+01     4  5.430220E+02 -1.105136E+02 -1.902912E+02 -5.085883E+02
  4.500000E+00 -9.000000E+01     5  2.373632E-05  6.948627E+01  8.317962E-06  2.223116E-05
  4.500000E+00 -9.000000E+01     6  6.773031E-14 -9.000000E+01  6.751719E-14 -5.368907E-15
  4.500000E+00 -6.000000E+01     1  5.400863E+01  6.948641E+01  1.892622E+01  5.058390E+01
  4.500000E+00 -6.000000E+01     2  9.354533E+01 -1.105136E+02 -3.278103E+01 -8.761355E+01
  4.500000E+00 -6.000000E+01     3  1.810405E+00 -1.508923E+02 -1.581763E+00 -8.806772E-01
  4.500000E+00 -6.000000E+01     4  4.702728E+02 -1.105136E+02 -1.647977E+02 -4.404523E+02
  4.500000E+00 -6.000000E+01     5  2.715091E+02 -1.105138E+02 -9.514589E+01 -2.542920E+02
  4.500000E+00 -6.000000E+01     6  6.621754E-07  1.753931E+02 -6.600361E-07  5.318476E-08
  4.500000E+00 -3.000000E+01     1  9.354510E+01  6.948631E+01  3.278111E+01  8.761327E+01
  4.500000E+00 -3.000000E+01     2  5.400850E+01 -1.105136E+02 -1.892616E+01 -5.058378E+01
  4.500000E+00 -3.000000E+01     3  1.810400E+00 -1.508923E+02 -1.581758E+00 -8.806755E-01
  4.500000E+00 -3.000000E+01     4  2.715092E+02 -1.105137E+02 -9.514549E+01 -2.542923E+02
  4.500000E+00 -3.000000E+01     5  4.702736E+02 -1.105136E+02 -1.647979E+02 -4.404531E+02
  4.500000E+00 -3.000000E+01     6  6.445590E-07  1.752671E+02 -6.423612E-07  5.318343E-08
  4.500000E+00  0.000000E+00     1  1.080167E+02  6.948637E+01  3.785231E+01  1.011672E+02
  4.500000E+00  0.000000E+00     2  0.000000E+00  9.000000E+01  0.000000E+00  0.000000E+00
  4.500000E+00  0.000000E+00     3  1.810393E+00 -1.508922E+02 -1.581752E+00 -8.806731E-01
  4.500000E+00  0.000000E+00     4  0.000000E+00  9.000000E+01  0.000000E+00  0.000000E+00
  4.500000E+00  0.000000E+00     5  5.430234E+02 -1.105136E+02 -1.902918E+02 -5.085897E+02
  4.500000E+00  0.000000E+00     6  0.000000E+00  9.000000E+01  0.000000E+00  0.000000E+00
  4.500000E+00  3.000000E+01     1  9.354510E+01  6.948631E+01  3.278111E+01  8.761327E+01
  4.500000E+00  3.000000E+01     2  5.400850E+01  6.948643E+01  1.892616E+01  5.058378E+01
  4.500000E+00  3.000000E+01     3  1.810400E+00 -1.508923E+02 -1.581758E+00 -8.806755E-01
  4.500000E+00  3.000000E+01     4  2.715092E+02  6.948626E+01  9.514549E+01  2.542923E+02
  4.500000E+00  3.000000E+01     5  4.702736E+02 -1.105136E+02 -1.647979E+02 -4.404531E+02
  4.500000E+00  3.000000E+01     6  6.445590E-07 -4.732932E+00  6.423612E-07 -5.318343E-08
  4.500000E+00  6.000000E+01     1  5.400863E+01  6.948641E+01  1.892622E+01  5.058390E+01
  4.500000E+00  6.000000E+01     2  9.354533E+01  6.948643E+01  3.278103E+01  8.761355E+01
  4.500000E+00  6.000000E+01     3  1.810405E+00 -1.508923E+02 -1.581763E+00 -8.806772E-01
  4.500000E+00  6.000000E+01     4  4.702728E+02  6.948639E+01  1.647977E+02  4.404523E+02
  4.500000E+00  6.000000E+01     5  2.715091E+02 -1.105138E+02 -9.514589E+01 -2.542920E+02
  4.500000E+00  6.000000E+01     6  6.621754E-07 -4.606858E+00  6.600361E-07 -5.318476E-08
  4.500000E+00  9.000000E+01     1  4.721583E-06 -1.105136E+02 -1.654586E-06 -4.422182E-06
  4.500000E+00  9.000000E+01     2  1.080166E+02  6.948637E+01  3.785227E+01  1.011671E+02
  4.500000E+00  9.000000E+01     3  1.810401E+00 -1.508923E+02 -1.581759E+00 -8.806759E-01
  4.500000E+00  9.000000E+01     4  5.430220E+02  6.948638E+01  1.902912E+02  5.085883E+02
  4.500000E+00  9.000000E+01     5  2.373632E-05  6.948627E+01  8.317962E-06  2.223116E-05
  4.500000E+00  9.000000E+01     6  6.773031E-14  9.000000E+01 -6.751719E-14  5.368907E-15
  4.500000E+00  1.200000E+02     1  5.400862E+01 -1.105136E+02 -1.892622E+01 -5.058388E+01
  4.500000E+00  1.200000E+02     2  9.354532E+01  6.948643E+01  3.278102E+01  8.761353E+01
  4.500000E+00  1.200000E+02     3  1.810404E+00 -1.508922E+02 -1.581761E+00 -8.806775E-01
  4.500000E+00  1.200000E+02     4  4.702726E+02  6.948638E+01  1.647976E+02  4.404521E+02
  4.500000E+00  1.200000E+02     5  2.715092E+02  6.948618E+01  9.514590E+01  2.542921E+02
  4.500000E+00  1.200000E+02     6  6.621755E-07  1.753931E+02 -6.600362E-07  5.318475E-08
  4.500000E+00  1.500000E+02     1  9.354509E+01 -1.105137E+02 -3.278109E+01 -8.761327E+01
  4.500000E+00  1.500000E+02     2  5.400852E+01  6.948643E+01  1.892616E+01  5.058380E+01
  4.500000E+00  1.500000E+02     3  1.810401E+00 -1.508922E+02 -1.581758E+00 -8.806765E-01
  4.500000E+00  1.500000E+02     4  2.715093E+02  6.948627E+01  9.514550E+01  2.542924E+02
  4.500000E+00  1.500000E+02     5  4.702736E+02  6.948639E+01  1.647979E+02  4.404531E+02
  4.500000E+00  1.500000E+02     6  6.445596E-07  1.752671E+02 -6.423618E-07  5.318344E-08
  4.500000E+00  1.800000E+02     1  1.080167E+02 -1.105136E+02 -3.785231E+01 -1.011672E+02
  4.500000E+00  1.800000E+02     2  9.443121E-06 -1.105136E+02 -3.309150E-06 -8.844323E-06
  4.500000E+00  1.800000E+02     3  1.810393E+00 -1.508922E+02 -1.581752E+00 -8.806731E-01
  4.500000E+00  1.800000E+02     4  4.747252E-05 -1.105137E+02 -1.663585E-05 -4.446221E-05
  4.500000E+00  1.800000E+02     5  5.430234E+02  6.948637E+01  1.902918E+02  5.085897E+02
  4.500000E+00  1.800000E+02     6  1.283482E-13 -9.000000E+01  1.278983E-13 -1.073730E-14
  5.000000E+00 -1.800000E+02     1  1.281619E+02 -1.088608E+02 -4.143096E+01 -1.212804E+02
  5.000000E+00 -1.800000E+02     2  1.120424E-05  7.113926E+01  3.621985E-06  1.060265E-05
  5.000000E+00 -1.800000E+02     3  3.862269E+00 -1.591718E+02 -3.609872E+00 -1.373297E+00
  5.000000E+00 -1.800000E+02     4  6.771758E-05  7.113935E+01  2.189089E-05  6.408166E-05
  5.000000E+00 -1.800000E+02     5  7.745947E+02  7.113922E+01  2.504030E+02  7.330043E+02
  5.000000E+00 -1.800000E+02     6  1.033251E-13  9.000000E+01 -1.032500E-13  3.937205E-15
  5.000000E+00 -1.500000E+02     1  1.109913E+02 -1.088608E+02 -3.588010E+01 -1.050318E+02
  5.000000E+00 -1.500000E+02     2  6.408078E+01 -1.088608E+02 -2.071537E+01 -6.064008E+01
  5.000000E+00 -1.500000E+02     3  3.862257E+00 -1.591716E+02 -3.609856E+00 -1.373304E+00
  5.000000E+00 -1.500000E+02     4  3.872957E+02 -1.088607E+02 -1.252007E+02 -3.665006E+02
  5.000000E+00 -1.500000E+02     5  6.708176E+02  7.113919E+01  2.168554E+02  6.347991E+02
  5.000000E+00 -1.500000E+02     6  5.167068E-07 -2.162951E+00  5.163387E-07 -1.950137E-08
  5.000000E+00 -1.200000E+02     1  6.408089E+01 -1.088608E+02 -2.071547E+01 -6.064017E+01
  5.000000E+00 -1.200000E+02     2  1.109911E+02 -1.088607E+02 -3.588002E+01 -1.050317E+02
  5.000000E+00 -1.200000E+02     3  3.862226E+00 -1.591715E+02 -3.609825E+00 -1.373302E+00
  5.000000E+00 -1.200000E+02     4  6.708179E+02 -1.088607E+02 -2.168538E+02 -6.348000E+02
  5.000000E+00 -1.200000E+02     5  3.872953E+02  7.113915E+01  1.252013E+02  3.665001E+02
  5.000000E+00 -1.200000E+02     6  5.265223E-07 -2.122626E+00  5.261610E-07 -1.950151E-08
  5.000000E+00 -9.000000E+01     1  5.602144E-06 -1.088608E+02 -1.811007E-06 -5.301346E-06
  5.000000E+00 -9.000000E+01     2  1.281617E+02 -1.088608E+02 -4.143074E+01 -1.212803E+02
  5.000000E+00 -9.000000E+01     3  3.862244E+00 -1.591717E+02 -3.609847E+00 -1.373293E+00
  5.000000E+00 -9.000000E+01     4  7.745941E+02 -1.088607E+02 -2.504015E+02 -7.330042E+02
  5.000000E+00 -9.000000E+01     5  3.385874E-05  7.113918E+01  1.094553E-05  3.204075E-05
  5.000000E+00 -9.000000E+01     6  5.364417E-14 -9.000000E+01  5.360803E-14 -1.968631E-15
  5.000000E+00 -6.000000E+01     1  6.408089E+01  7.113918E+01  2.071546E+01  6.064017E+01
  5.000000E+00 -6.000000E+01     2  1.109911E+02 -1.088607E+02 -3.588002E+01 -1.050317E+02
  5.000000E+00 -6.000000E+01     3  3.862238E+00 -1.591715E+02 -3.609836E+00 -1.373304E+00
  5.000000E+00 -6.000000E+01     4  6.708182E+02 -1.088606E+02 -2.168538E+02 -6.348004E+02
  5.000000E+00 -6.000000E+01     5  3.872956E+02 -1.088608E+02 -1.252013E+02 -3.665003E+02
  5.000000E+00 -6.000000E+01     6  5.265222E-07  1.778774E+02 -5.261609E-07  1.950150E-08
  5.000000E+00 -3.000000E+01     1  1.109913E+02  7.113923E+01  3.588010E+01  1.050318E+02
  5.000000E+00 -3.000000E+01     2  6.408077E+01 -1.088608E+02 -2.071537E+01 -6.064008E+01
  5.000000E+00 -3.000000E+01     3  3.862261E+00 -1.591716E+02 -3.609861E+00 -1.373304E+00
  5.000000E+00 -3.000000E+01     4  3.872956E+02 -1.088607E+02 -1.252007E+02 -3.665005E+02
  5.000000E+00 -3.000000E+01     5  6.708176E+02 -1.088608E+02 -2.168554E+02 -6.347992E+02
  5.000000E+00 -3.000000E+01     6  5.167070E-07  1.778371E+02 -5.163388E-07  1.950139E-08
  5.000000E+00  0.000000E+00     1  1.281619E+02  7.113918E+01  4.143096E+01  1.212804E+02
  5.000000E+00  0.000000E+00     2  0.000000E+00  9.000000E+01  0.000000E+00  0.000000E+00
  5.000000E+00  0.000000E+00     3  3.862269E+00 -1.591718E+02 -3.609872E+00 -1.373297E+00
  5.000000E+00  0.000000E+00     4  0.000000E+00  9.000000E+01  0.000000E+00  0.000000E+00
  5.000000E+00  0.000000E+00     5  7.745947E+02 -1.088608E+02 -2.504030E+02 -7.330043E+02
  5.000000E+00  0.000000E+00     6  0.000000E+00  9.000000E+01  0.000000E+00  0.000000E+00
  5.000000E+00  3.000000E+01     1  1.109913E+02  7.113923E+01  3.588010E+01  1.050318E+02
  5.000000E+00  3.000000E+01     2  6.408077E+01  7.113923E+01  2.071537E+01  6.064008E+01
  5.000000E+00  3.000000E+01     3  3.862261E+00 -1.591716E+02 -3.609861E+00 -1.373304E+00
  5.000000E+00  3.000000E+01     4  3.872956E+02  7.113926E+01  1.252007E+02  3.665005E+02
  5.000000E+00  3.000000E+01     5  6.708176E+02 -1.088608E+02 -2.168554E+02 -6.347992E+02
  5.000000E+00  3.000000E+01     6  5.167070E-07 -2.162952E+00  5.163388E-07 -1.950139E-08
  5.000000E+00  6.000000E+01     1  6.408089E+01  7.113918E+01  2.071546E+01  6.064017E+01
  5.000000E+00  6.000000E+01     2  1.109911E+02  7.113925E+01  3.588002E+01  1.050317E+02
  5.000000E+00  6.000000E+01     3  3.862238E+00 -1.591715E+02 -3.609836E+00 -1.373304E+00
  5.000000E+00  6.000000E+01     4  6.708182E+02  7.113935E+01  2.168538E+02  6.348004E+02
  5.000000E+00  6.000000E+01     5  3.872956E+02 -1.088608E+02 -1.252013E+02 -3.665003E+02
  5.000000E+00  6.000000E+01     6  5.265222E-07 -2.122625E+00  5.261609E-07 -1.950150E-08
  5.000000E+00  9.000000E+01     1  5.602144E-06 -1.088608E+02 -1.811007E-06 -5.301346E-06
  5.000000E+00  9.000000E+01     2  1.281617E+02  7.113924E+01  4.143074E+01  1.212803E+02
  5.000000E+00  9.000000E+01     3  3.862244E+00 -1.591717E+02 -3.609847E+00 -1.373293E+00
  5.000000E+00  9.000000E+01     4  7.745941E+02  7.113932E+01  2.504015E+02  7.330042E+02
  5.000000E+00  9.000000E+01     5  3.385874E-05  7.113918E+01  1.094553E-05  3.204075E-05
  5.000000E+00  9.000000E+01     6  5.364417E-14  9.000000E+01 -5.360803E-14  1.968631E-15
  5.000000E+00  1.200000E+02     1  6.408089E+01 -1.088608E+02 -2.071547E+01 -6.064017E+01
  5.000000E+00  1.200000E+02     2  1.109911E+02  7.113925E+01  3.588002E+01  1.050317E+02
  5.000000E+00  1.200000E+02     3  3.862226E+00 -1.591715E+02 -3.609825E+00 -1.373302E+00
  5.000000E+00  1.200000E+02     4  6.708179E+02  7.113934E+01  2.168538E+02  6.348000E+02
  5.000000E+00  1.200000E+02     5  3.872953E+02  7.113915E+01  1.252013E+02  3.665001E+02
  5.000000E+00  1.200000E+02     6  5.265223E-07  1.778774E+02 -5.261610E-07  1.950151E-08
  5.000000E+00  1.500000E+02     1  1.109913E+02 -1.088608E+02 -3.588010E+01 -1.050318E+02
  5.000000E+00  1.500000E+02     2  6.408078E+01  7.113923E+01  2.071537E+01  6.064008E+01
  5.000000E+00  1.500000E+02     3  3.862257E+00 -1.591716E+02 -3.609856E+00 -1.373304E+00
  5.000000E+00  1.500000E+02     4  3.872957E+02  7.113926E+01  1.252007E+02  3.665006E+02
  5.000000E+00  1.500000E+02     5  6.708176E+02  7.113919E+01  2.168554E+02  6.347991E+02
  5.000000E+00  1.500000E+02     6  5.167068E-07  1.778371E+02 -5.163387E-07  1.950137E-08
  5.000000E+00  1.800000E+02     1  1.281619E+02 -1.088608E+02 -4.143096E+01 -1.212804E+02
  5.000000E+00  1.800000E+02     2  1.120424E-05 -1.088607E+02 -3.621985E-06 -1.060265E-05
  5.000000E+00  1.800000E+02     3  3.862269E+00 -1.591718E+02 -3.609872E+00 -1.373297E+00
  5.000000E+00  1.800000E+02     4  6.771758E-05 -1.088606E+02 -2.189089E-05 -6.408166E-05
  5.000000E+00  1.800000E+02     5  7.745947E+02  7.113922E+01  2.504030E+02  7.330043E+02
  5.000000E+00  1.800000E+02     6  1.033251E-13 -9.000000E+01  1.032500E-13 -3.937205E-15
  5.500000E+00 -1.800000E+02     1  1.407261E+02 -1.056535E+02 -3.797067E+01 -1.355067E+02
  5.500000E+00 -1.800000E+02     2  1.230266E-05  7.434644E+01  3.319505E-06  1.184637E-05
  5.500000E+00 -1.800000E+02     3  6.383304E+00 -1.648543E+02 -6.161577E+00 -1.667795E+00
  5.500000E+00 -1.800000E+02     4  8.583671E-05  7.434648E+01  2.316041E-05  8.265310E-05
  5.500000E+00 -1.800000E+02     5  9.818621E+02  7.434637E+01  2.649273E+02  9.454453E+02
  5.500000E+00 -1.800000E+02     6  8.319686E-14  9.000000E+01 -8.318290E-14  1.523743E-15
  5.500000E+00 -1.500000E+02     1  1.218724E+02 -1.056536E+02 -3.288370E+01 -1.173523E+02
  5.500000E+00 -1.500000E+02     2  7.036290E+01 -1.056535E+02 -1.898527E+01 -6.775321E+01
  5.500000E+00 -1.500000E+02     3  6.383307E+00 -1.648543E+02 -6.161582E+00 -1.667791E+00
  5.500000E+00 -1.500000E+02     4  4.909273E+02 -1.056537E+02 -1.324629E+02 -4.727190E+02
  5.500000E+00 -1.500000E+02     5  8.503152E+02  7.434641E+01  2.294326E+02  8.187776E+02
  5.500000E+00 -1.500000E+02     6  4.149846E-07 -1.042087E+00  4.149160E-07 -7.547260E-09
  5.500000E+00 -1.200000E+02     1  7.036331E+01 -1.056535E+02 -1.898532E+01 -6.775362E+01
  5.500000E+00 -1.200000E+02     2  1.218722E+02 -1.056535E+02 -3.288337E+01 -1.173521E+02
  5.500000E+00 -1.200000E+02     3  6.383344E+00 -1.648544E+02 -6.161619E+00 -1.667793E+00
  5.500000E+00 -1.200000E+02     4  8.503134E+02 -1.056536E+02 -2.294318E+02 -8.187758E+02
  5.500000E+00 -1.200000E+02     5  4.909285E+02  7.434626E+01  1.324639E+02  4.727199E+02
  5.500000E+00 -1.200000E+02     6  4.207664E-07 -1.027768E+00  4.206987E-07 -7.547278E-09
  5.500000E+00 -9.000000E+01     1  6.151353E-06 -1.056536E+02 -1.659761E-06 -5.923203E-06
  5.500000E+00 -9.000000E+01     2  1.407257E+02 -1.056535E+02 -3.797052E+01 -1.355063E+02
  5.500000E+00 -9.000000E+01     3  6.383304E+00 -1.648541E+02 -6.161572E+00 -1.667813E+00
  5.500000E+00 -9.000000E+01     4  9.818591E+02 -1.056536E+02 -2.649257E+02 -9.454426E+02
  5.500000E+00 -9.000000E+01     5  4.291833E-05  7.434641E+01  1.158025E-05  4.132652E-05
  5.500000E+00 -9.000000E+01     6  4.276570E-14 -9.000000E+01  4.275891E-14 -7.618760E-16
  5.500000E+00 -6.000000E+01     1  7.036327E+01  7.434653E+01  1.898532E+01  6.775358E+01
  5.500000E+00 -6.000000E+01     2  1.218722E+02 -1.056535E+02 -3.288336E+01 -1.173522E+02
  5.500000E+00 -6.000000E+01     3  6.383341E+00 -1.648544E+02 -6.161617E+00 -1.667789E+00
  5.500000E+00 -6.000000E+01     4  8.503133E+02 -1.056536E+02 -2.294318E+02 -8.187758E+02
  5.500000E+00 -6.000000E+01     5  4.909283E+02 -1.056537E+02 -1.324638E+02 -4.727197E+02
  5.500000E+00 -6.000000E+01     6  4.207661E-07  1.789722E+02 -4.206984E-07  7.547278E-09
  5.500000E+00 -3.000000E+01     1  1.218724E+02  7.434641E+01  3.288369E+01  1.173522E+02
  5.500000E+00 -3.000000E+01     2  7.036289E+01 -1.056535E+02 -1.898527E+01 -6.775320E+01
  5.500000E+00 -3.000000E+01     3  6.383310E+00 -1.648544E+02 -6.161585E+00 -1.667788E+00
  5.500000E+00 -3.000000E+01     4  4.909277E+02 -1.056536E+02 -1.324628E+02 -4.727194E+02
  5.500000E+00 -3.000000E+01     5  8.503154E+02 -1.056536E+02 -2.294326E+02 -8.187776E+02
  5.500000E+00 -3.000000E+01     6  4.149844E-07  1.789579E+02 -4.149158E-07  7.547259E-09
  5.500000E+00  0.000000E+00     1  1.407261E+02  7.434646E+01  3.797067E+01  1.355067E+02
  5.500000E+00  0.000000E+00     2  0.000000E+00  9.000000E+01  0.000000E+00  0.000000E+00
  5.500000E+00  0.000000E+00     3  6.383304E+00 -1.648543E+02 -6.161577E+00 -1.667795E+00
  5.500000E+00  0.000000E+00     4  0.000000E+00  9.000000E+01  0.000000E+00  0.000000E+00
  5.500000E+00  0.000000E+00     5  9.818621E+02 -1.056536E+02 -2.649273E+02 -9.454453E+02
  5.500000E+00  0.000000E+00     6  0.000000E+00  9.000000E+01  0.000000E+00  0.000000E+00
  5.500000E+00  3.000000E+01     1  1.218724E+02  7.434641E+01  3.288369E+01  1.173522E+02
  5.500000E+00  3.000000E+01     2  7.036289E+01  7.434648E+01  1.898527E+01  6.775320E+01
  5.500000E+00  3.000000E+01     3  6.383310E+00 -1.648544E+02 -6.161585E+00 -1.667788E+00
  5.500000E+00  3.000000E+01     4  4.909277E+02  7.434636E+01  1.324628E+02  4.727194E+02
  5.500000E+00  3.000000E+01     5  8.503154E+02 -1.056536E+02 -2.294326E+02 -8.187776E+02
  5.500000E+00  3.000000E+01     6  4.149844E-07 -1.042087E+00  4.149158E-07 -7.547259E-09
  5.500000E+00  6.000000E+01     1  7.036327E+01  7.434653E+01  1.898532E+01  6.775358E+01
  5.500000E+00  6.000000E+01     2  1.218722E+02  7.434655E+01  3.288336E+01  1.173522E+02
  5.500000E+00  6.000000E+01     3  6.383341E+00 -1.648544E+02 -6.161617E+00 -1.667789E+00
  5.500000E+00  6.000000E+01     4  8.503133E+02  7.434643E+01  2.294318E+02  8.187758E+02
  5.500000E+00  6.000000E+01     5  4.909283E+02 -1.056537E+02 -1.324638E+02 -4.727197E+02
  5.500000E+00  6.000000E+01     6  4.207661E-07 -1.027769E+00  4.206984E-07 -7.547278E-09
  5.500000E+00  9.000000E+01     1  6.151353E-06 -1.056536E+02 -1.659761E-06 -5.923203E-06
  5.500000E+00  9.000000E+01     2  1.407257E+02  7.434647E+01  3.797052E+01  1.355063E+02
  5.500000E+00  9.000000E+01     3  6.383304E+00 -1.648541E+02 -6.161572E+00 -1.667813E+00
  5.500000E+00  9.000000E+01     4  9.818591E+02  7.434642E+01  2.649257E+02  9.454426E+02
  5.500000E+00  9.000000E+01     5  4.291833E-05  7.434641E+01  1.158025E-05  4.132652E-05
  5.500000E+00  9.000000E+01     6  4.276570E-14  9.000000E+01 -4.275891E-14  7.618760E-16
  5.500000E+00  1.200000E+02     1  7.036331E+01 -1.056535E+02 -1.898532E+01 -6.775362E+01
  5.500000E+00  1.200000E+02     2  1.218722E+02  7.434654E+01  3.288337E+01  1.173521E+02
  5.500000E+00  1.200000E+02     3  6.383344E+00 -1.648544E+02 -6.161619E+00 -1.667793E+00
  5.500000E+00  1.200000E+02     4  8.503134E+02  7.434644E+01  2.294318E+02  8.187758E+02
  5.500000E+00  1.200000E+02     5  4.909285E+02  7.434626E+01  1.324639E+02  4.727199E+02
  5.500000E+00  1.200000E+02     6  4.207664E-07  1.789722E+02 -4.206987E-07  7.547278E-09
  5.500000E+00  1.500000E+02     1  1.218724E+02 -1.056536E+02 -3.288370E+01 -1.173523E+02
  5.500000E+00  1.500000E+02     2  7.036290E+01  7.434649E+01  1.898527E+01  6.775321E+01
  5.500000E+00  1.500000E+02     3  6.383307E+00 -1.648543E+02 -6.161582E+00 -1.667791E+00
  5.500000E+00  1.500000E+02     4  4.909273E+02  7.434634E+01  1.324629E+02  4.727190E+02
  5.500000E+00  1.500000E+02     5  8.503152E+02  7.434641E+01  2.294326E+02  8.187776E+02
  5.500000E+00  1.500000E+02     6  4.149846E-07  1.789579E+02 -4.149160E-07  7.547260E-09
  5.500000E+00  1.800000E+02     1  1.407261E+02 -1.056535E+02 -3.797067E+01 -1.355067E+02
  5.500000E+00  1.800000E+02     2  1.230266E-05 -1.056536E+02 -3.319505E-06 -1.184637E-05
  5.500000E+00  1.800000E+02     3  6.383304E+00 -1.648543E+02 -6.161577E+00 -1.667795E+00
  5.500000E+00  1.800000E+02     4  8.583671E-05 -1.056535E+02 -2.316041E-05 -8.265310E-05
  5.500000E+00  1.800000E+02     5  9.818621E+02  7.434637E+01  2.649273E+02  9.454453E+02
  5.500000E+00  1.800000E+02     6  8.319686E-14 -9.000000E+01  8.318290E-14 -1.523743E-15
  6.000000E+00 -1.800000E+02     1  1.459570E+02 -1.023551E+02 -3.123035E+01 -1.425767E+02
  6.000000E+00 -1.800000E+02     2  1.275990E-05  7.764491E+01  2.730232E-06  1.246438E-05
  6.000000E+00 -1.800000E+02     3  8.864315E+00 -1.688514E+02 -8.697038E+00 -1.713948E+00
  6.000000E+00 -1.800000E+02     4  9.940698E-05  7.764484E+01  2.127020E-05  9.710471E-05
  6.000000E+00 -1.800000E+02     5  1.137089E+03  7.764490E+01  2.433030E+02  1.110755E+03
  6.000000E+00 -1.800000E+02     6  6.731404E-14  9.000000E+01 -6.731113E-14  6.259426E-16
  6.000000E+00 -1.500000E+02     1  1.264024E+02 -1.023551E+02 -2.704636E+01 -1.234750E+02
  6.000000E+00 -1.500000E+02     2  7.297805E+01 -1.023551E+02 -1.561510E+01 -7.128790E+01
  6.000000E+00 -1.500000E+02     3  8.864320E+00 -1.688514E+02 -8.697042E+00 -1.713951E+00
  6.000000E+00 -1.500000E+02     4  5.685463E+02 -1.023550E+02 -1.216510E+02 -5.553790E+02
  6.000000E+00 -1.500000E+02     5  9.847488E+02  7.764484E+01  2.107075E+02  9.619420E+02
  6.000000E+00 -1.500000E+02     6  3.351951E-07 -5.299592E-01  3.351807E-07 -3.100354E-09
  6.000000E+00 -1.200000E+02     1  7.297844E+01 -1.023551E+02 -1.561520E+01 -7.128828E+01
  6.000000E+00 -1.200000E+02     2  1.264013E+02 -1.023551E+02 -2.704615E+01 -1.234739E+02
  6.000000E+00 -1.200000E+02     3  8.864296E+00 -1.688515E+02 -8.697020E+00 -1.713941E+00
  6.000000E+00 -1.200000E+02     4  9.847480E+02 -1.023551E+02 -2.107067E+02 -9.619415E+02
  6.000000E+00 -1.200000E+02     5  5.685461E+02  7.764491E+01  1.216516E+02  5.553787E+02
  6.000000E+00 -1.200000E+02     6  3.387464E-07 -5.244035E-01  3.387323E-07 -3.100357E-09
  6.000000E+00 -9.000000E+01     1  6.379960E-06 -1.023552E+02 -1.365127E-06 -6.232200E-06
  6.000000E+00 -9.000000E+01     2  1.459561E+02 -1.023551E+02 -3.123014E+01 -1.425758E+02
  6.000000E+00 -9.000000E+01     3  8.864365E+00 -1.688515E+02 -8.697089E+00 -1.713941E+00
  6.000000E+00 -9.000000E+01     4  1.137088E+03 -1.023551E+02 -2.433020E+02 -1.110754E+03
  6.000000E+00 -9.000000E+01     5  4.970373E-05  7.764487E+01  1.063513E-05  4.855260E-05
  6.000000E+00 -9.000000E+01     6  3.437395E-14 -9.000000E+01  3.437252E-14 -3.129722E-16
  6.000000E+00 -6.000000E+01     1  7.297841E+01  7.764490E+01  1.561519E+01  7.128825E+01
  6.000000E+00 -6.000000E+01     2  1.264014E+02 -1.023551E+02 -2.704615E+01 -1.234739E+02
  6.000000E+00 -6.000000E+01     3  8.864274E+00 -1.688514E+02 -8.696997E+00 -1.713944E+00
  6.000000E+00 -6.000000E+01     4  9.847481E+02 -1.023551E+02 -2.107068E+02 -9.619415E+02
  6.000000E+00 -6.000000E+01     5  5.685464E+02 -1.023551E+02 -1.216515E+02 -5.553790E+02
  6.000000E+00 -6.000000E+01     6  3.387463E-07  1.794756E+02 -3.387321E-07  3.100358E-09
  6.000000E+00 -3.000000E+01     1  1.264025E+02  7.764488E+01  2.704636E+01  1.234750E+02
  6.000000E+00 -3.000000E+01     2  7.297806E+01 -1.023551E+02 -1.561510E+01 -7.128790E+01
  6.000000E+00 -3.000000E+01     3  8.864337E+00 -1.688515E+02 -8.697061E+00 -1.713946E+00
  6.000000E+00 -3.000000E+01     4  5.685461E+02 -1.023550E+02 -1.216510E+02 -5.553789E+02
  6.000000E+00 -3.000000E+01     5  9.847489E+02 -1.023552E+02 -2.107076E+02 -9.619421E+02
  6.000000E+00 -3.000000E+01     6  3.351952E-07  1.794700E+02 -3.351809E-07  3.100355E-09
  6.000000E+00  0.000000E+00     1  1.459570E+02  7.764492E+01  3.123035E+01  1.425767E+02
  6.000000E+00  0.000000E+00     2  0.000000E+00  9.000000E+01  0.000000E+00  0.000000E+00
  6.000000E+00  0.000000E+00     3  8.864315E+00 -1.688514E+02 -8.697038E+00 -1.713948E+00
  6.000000E+00  0.000000E+00     4  0.000000E+00  9.000000E+01  0.000000E+00  0.000000E+00
  6.000000E+00  0.000000E+00     5  1.137089E+03 -1.023551E+02 -2.433030E+02 -1.110755E+03
  6.000000E+00  0.000000E+00     6  0.000000E+00  9.000000E+01  0.000000E+00  0.000000E+00
  6.000000E+00  3.000000E+01     1  1.264025E+02  7.764488E+01  2.704636E+01  1.234750E+02
  6.000000E+00  3.000000E+01     2  7.297806E+01  7.764491E+01  1.561510E+01  7.128790E+01
  6.000000E+00  3.000000E+01     3  8.864337E+00 -1.688515E+02 -8.697061E+00 -1.713946E+00
  6.000000E+00  3.000000E+01     4  5.685461E+02  7.764498E+01  1.216510E+02  5.553789E+02
  6.000000E+00  3.000000E+01     5  9.847489E+02 -1.023552E+02 -2.107076E+02 -9.619421E+02
  6.000000E+00  3.000000E+01     6  3.351952E-07 -5.299592E-01  3.351809E-07 -3.100355E-09
  6.000000E+00  6.000000E+01     1  7.297841E+01  7.764490E+01  1.561519E+01  7.128825E+01
  6.000000E+00  6.000000E+01     2  1.264014E+02  7.764487E+01  2.704615E+01  1.234739E+02
  6.000000E+00  6.000000E+01     3  8.864274E+00 -1.688514E+02 -8.696997E+00 -1.713944E+00
  6.000000E+00  6.000000E+01     4  9.847481E+02  7.764488E+01  2.107068E+02  9.619415E+02
  6.000000E+00  6.000000E+01     5  5.685464E+02 -1.023551E+02 -1.216515E+02 -5.553790E+02
  6.000000E+00  6.000000E+01     6  3.387463E-07 -5.244039E-01  3.387321E-07 -3.100358E-09
  6.000000E+00  9.000000E+01     1  6.379960E-06 -1.023552E+02 -1.365127E-06 -6.232200E-06
  6.000000E+00  9.000000E+01     2  1.459561E+02  7.764493E+01  3.123014E+01  1.425758E+02
  6.000000E+00  9.000000E+01     3  8.864365E+00 -1.688515E+02 -8.697089E+00 -1.713941E+00
  6.000000E+00  9.000000E+01     4  1.137088E+03  7.764493E+01  2.433020E+02  1.110754E+03
  6.000000E+00  9.000000E+01     5  4.970373E-05  7.764487E+01  1.063513E-05  4.855260E-05
  6.000000E+00  9.000000E+01     6  3.437395E-14  9.000000E+01 -3.437252E-14  3.129722E-16
  6.000000E+00  1.200000E+02     1  7.297844E+01 -1.023551E+02 -1.561520E+01 -7.128828E+01
  6.000000E+00  1.200000E+02     2  1.264013E+02  7.764487E+01  2.704615E+01  1.234739E+02
  6.000000E+00  1.200000E+02     3  8.864296E+00 -1.688515E+02 -8.697020E+00 -1.713941E+00
  6.000000E+00  1.200000E+02     4  9.847480E+02  7.764488E+01  2.107067E+02  9.619415E+02
  6.000000E+00  1.200000E+02     5  5.685461E+02  7.764491E+01  1.216516E+02  5.553787E+02
  6.000000E+00  1.200000E+02     6  3.387464E-07  1.794756E+02 -3.387323E-07  3.100357E-09
  6.000000E+00  1.500000E+02     1  1.264024E+02 -1.023551E+02 -2.704636E+01 -1.234750E+02
  6.000000E+00  1.500000E+02     2  7.297805E+01  7.764491E+01  1.561510E+01  7.128790E+01
  6.000000E+00  1.500000E+02     3  8.864320E+00 -1.688514E+02 -8.697042E+00 -1.713951E+00
  6.000000E+00  1.500000E+02     4  5.685463E+02  7.764498E+01  1.216510E+02  5.553790E+02
  6.000000E+00  1.500000E+02     5  9.847488E+02  7.764484E+01  2.107075E+02  9.619420E+02
  6.000000E+00  1.500000E+02     6  3.351951E-07  1.794700E+02 -3.351807E-07  3.100354E-09
  6.000000E+00  1.800000E+02     1  1.459570E+02 -1.023551E+02 -3.123035E+01 -1.425767E+02
  6.000000E+00  1.800000E+02     2  1.275990E-05 -1.023551E+02 -2.730232E-06 -1.246438E-05
  6.000000E+00  1.800000E+02     3  8.864315E+00 -1.688514E+02 -8.697038E+00 -1.713948E+00
  6.000000E+00  1.800000E+02     4  9.940698E-05 -1.023552E+02 -2.127020E-05 -9.710471E-05
  6.000000E+00  1.800000E+02     5  1.137089E+03  7.764490E+01  2.433030E+02  1.110755E+03
  6.000000E+00  1.800000E+02     6  6.731404E-14 -9.000000E+01  6.731113E-14 -6.259426E-16
  6.500000E+00 -1.800000E+02     1  1.457351E+02 -9.953858E+01 -2.415001E+01 -1.437202E+02
  6.500000E+00 -1.800000E+02     2  1.274050E-05  8.046145E+01  2.111244E-06  1.256435E-05
  6.500000E+00 -1.800000E+02     3  1.086461E+01 -1.717133E+02 -1.075118E+01 -1.565876E+00
  6.500000E+00 -1.800000E+02     4  1.080219E-04  8.046139E+01  1.790056E-05  1.065284E-04
  6.500000E+00 -1.800000E+02     5  1.235635E+03  8.046143E+01  2.047591E+02  1.218552E+03
  6.500000E+00 -1.800000E+02     6  5.474738E-14  9.000000E+01 -5.474671E-14  2.713458E-16
  6.500000E+00 -1.500000E+02     1  1.262104E+02 -9.953860E+01 -2.091459E+01 -1.244655E+02
  6.500000E+00 -1.500000E+02     2  7.286709E+01 -9.953857E+01 -1.207492E+01 -7.185965E+01
  6.500000E+00 -1.500000E+02     3  1.086470E+01 -1.717133E+02 -1.075126E+01 -1.565892E+00
  6.500000E+00 -1.500000E+02     4  6.178140E+02 -9.953861E+01 -1.023794E+02 -6.092722E+02
  6.500000E+00 -1.500000E+02     5  1.070096E+03  8.046148E+01  1.773262E+02  1.055301E+03
  6.500000E+00 -1.500000E+02     6  2.722963E-07 -2.828012E-01  2.722930E-07 -1.343998E-09
  6.500000E+00 -1.200000E+02     1  7.286734E+01 -9.953860E+01 -1.207499E+01 -7.185989E+01
  6.500000E+00 -1.200000E+02     2  1.262098E+02 -9.953855E+01 -2.091437E+01 -1.244648E+02
  6.500000E+00 -1.200000E+02     3  1.086465E+01 -1.717132E+02 -1.075122E+01 -1.565896E+00
  6.500000E+00 -1.200000E+02     4  1.070092E+03 -9.953851E+01 -1.773254E+02 -1.055298E+03
  6.500000E+00 -1.200000E+02     5  6.178148E+02  8.046139E+01  1.023795E+02  6.092729E+02
  6.500000E+00 -1.200000E+02     6  2.745454E-07 -2.804843E-01  2.745421E-07 -1.343997E-09
  6.500000E+00 -9.000000E+01     1  6.370269E-06 -9.953857E+01 -1.055627E-06 -6.282195E-06
  6.500000E+00 -9.000000E+01     2  1.457345E+02 -9.953856E+01 -2.414985E+01 -1.437196E+02
  6.500000E+00 -9.000000E+01     3  1.086460E+01 -1.717134E+02 -1.075117E+01 -1.565861E+00
  6.500000E+00 -9.000000E+01     4  1.235635E+03 -9.953854E+01 -2.047584E+02 -1.218552E+03
  6.500000E+00 -9.000000E+01     5  5.401087E-05  8.046132E+01  8.950326E-06  5.326411E-05
  6.500000E+00 -9.000000E+01     6  2.782773E-14 -9.000000E+01  2.782740E-14 -1.356730E-16
  6.500000E+00 -6.000000E+01     1  7.286736E+01  8.046141E+01  1.207499E+01  7.185992E+01
  6.500000E+00 -6.000000E+01     2  1.262098E+02 -9.953854E+01 -2.091437E+01 -1.244649E+02
  6.500000E+00 -6.000000E+01     3  1.086467E+01 -1.717133E+02 -1.075124E+01 -1.565893E+00
  6.500000E+00 -6.000000E+01     4  1.070093E+03 -9.953849E+01 -1.773254E+02 -1.055299E+03
  6.500000E+00 -6.000000E+01     5  6.178145E+02 -9.953863E+01 -1.023796E+02 -6.092726E+02
  6.500000E+00 -6.000000E+01     6  2.745458E-07  1.797195E+02 -2.745425E-07  1.343998E-09
  6.500000E+00 -3.000000E+01     1  1.262105E+02  8.046140E+01  2.091459E+01  1.244655E+02
  6.500000E+00 -3.000000E+01     2  7.286708E+01 -9.953857E+01 -1.207492E+01 -7.185964E+01
  6.500000E+00 -3.000000E+01     3  1.086471E+01 -1.717133E+02 -1.075127E+01 -1.565891E+00
  6.500000E+00 -3.000000E+01     4  6.178140E+02 -9.953861E+01 -1.023793E+02 -6.092722E+02
  6.500000E+00 -3.000000E+01     5  1.070096E+03 -9.953852E+01 -1.773262E+02 -1.055301E+03
  6.500000E+00 -3.000000E+01     6  2.722962E-07  1.797172E+02 -2.722929E-07  1.343998E-09
  6.500000E+00  0.000000E+00     1  1.457351E+02  8.046142E+01  2.415001E+01  1.437202E+02
  6.500000E+00  0.000000E+00     2  0.000000E+00  9.000000E+01  0.000000E+00  0.000000E+00
  6.500000E+00  0.000000E+00     3  1.086461E+01 -1.717133E+02 -1.075118E+01 -1.565876E+00
  6.500000E+00  0.000000E+00     4  0.000000E+00  9.000000E+01  0.000000E+00  0.000000E+00
  6.500000E+00  0.000000E+00     5  1.235635E+03 -9.953857E+01 -2.047591E+02 -1.218552E+03
  6.500000E+00  0.000000E+00     6  0.000000E+00  9.000000E+01  0.000000E+00  0.000000E+00
  6.500000E+00  3.000000E+01     1  1.262105E+02  8.046140E+01  2.091459E+01  1.244655E+02
  6.500000E+00  3.000000E+01     2  7.286708E+01  8.046143E+01  1.207492E+01  7.185964E+01
  6.500000E+00  3.000000E+01     3  1.086471E+01 -1.717133E+02 -1.075127E+01 -1.565891E+00
  6.500000E+00  3.000000E+01     4  6.178140E+02  8.046140E+01  1.023793E+02  6.092722E+02
  6.500000E+00  3.000000E+01     5  1.070096E+03 -9.953852E+01 -1.773262E+02 -1.055301E+03
  6.500000E+00  3.000000E+01     6  2.722962E-07 -2.828013E-01  2.722929E-07 -1.343998E-09
  6.500000E+00  6.000000E+01     1  7.286736E+01  8.046141E+01  1.207499E+01  7.185992E+01
  6.500000E+00  6.000000E+01     2  1.262098E+02  8.046146E+01  2.091437E+01  1.244649E+02
  6.500000E+00  6.000000E+01     3  1.086467E+01 -1.717133E+02 -1.075124E+01 -1.565893E+00
  6.500000E+00  6.000000E+01     4  1.070093E+03  8.046151E+01  1.773254E+02  1.055299E+03
  6.500000E+00  6.000000E+01     5  6.178145E+02 -9.953863E+01 -1.023796E+02 -6.092726E+02
  6.500000E+00  6.000000E+01     6  2.745458E-07 -2.804841E-01  2.745425E-07 -1.343998E-09
  6.500000E+00  9.000000E+01     1  6.370269E-06 -9.953857E+01 -1.055627E-06 -6.282195E-06
  6.500000E+00  9.000000E+01     2  1.457345E+02  8.046144E+01  2.414985E+01  1.437196E+02
  6.500000E+00  9.000000E+01     3  1.086460E+01 -1.717134E+02 -1.075117E+01 -1.565861E+00
  6.500000E+00  9.000000E+01     4  1.235635E+03  8.046146E+01  2.047584E+02  1.218552E+03
  6.500000E+00  9.000000E+01     5  5.401087E-05  8.046132E+01  8.950326E-06  5.326411E-05
  6.500000E+00  9.000000E+01     6  2.782773E-14  9.000000E+01 -2.782740E-14  1.356730E-16
  6.500000E+00  1.200000E+02     1  7.286734E+01 -9.953860E+01 -1.207499E+01 -7.185989E+01
  6.500000E+00  1.200000E+02     2  1.262098E+02  8.046145E+01  2.091437E+01  1.244648E+02
  6.500000E+00  1.200000E+02     3  1.086465E+01 -1.717132E+02 -1.075122E+01 -1.565896E+00
  6.500000E+00  1.200000E+02     4  1.070092E+03  8.046149E+01  1.773254E+02  1.055298E+03
  6.500000E+00  1.200000E+02     5  6.178148E+02  8.046139E+01  1.023795E+02  6.092729E+02
  6.500000E+00  1.200000E+02     6  2.745454E-07  1.797195E+02 -2.745421E-07  1.343997E-09
  6.500000E+00  1.500000E+02     1  1.262104E+02 -9.953860E+01 -2.091459E+01 -1.244655E+02
  6.500000E+00  1.500000E+02     2  7.286709E+01  8.046143E+01  1.207492E+01  7.185965E+01
  6.500000E+00  1.500000E+02     3  1.086470E+01 -1.717133E+02 -1.075126E+01 -1.565892E+00
  6.500000E+00  1.500000E+02     4  6.178140E+02  8.046139E+01  1.023794E+02  6.092722E+02
  6.500000E+00  1.500000E+02     5  1.070096E+03  8.046148E+01  1.773262E+02  1.055301E+03
  6.500000E+00  1.500000E+02     6  2.722963E-07  1.797172E+02 -2.722930E-07  1.343998E-09
  6.500000E+00  1.800000E+02     1  1.457351E+02 -9.953858E+01 -2.415001E+01 -1.437202E+02
  6.500000E+00  1.800000E+02     2  1.274050E-05 -9.953856E+01 -2.111244E-06 -1.256435E-05
  6.500000E+00  1.800000E+02     3  1.086461E+01 -1.717133E+02 -1.075118E+01 -1.565876E+00
  6.500000E+00  1.800000E+02     4  1.080219E-04 -9.953861E+01 -1.790056E-05 -1.065284E-04
  6.500000E+00  1.800000E+02     5  1.235635E+03  8.046143E+01  2.047591E+02  1.218552E+03
  6.500000E+00  1.800000E+02     6  5.474738E-14 -9.000000E+01  5.474671E-14 -2.713458E-16
  7.000000E+00 -1.800000E+02     1  1.420370E+02 -9.731094E+01 -1.807477E+01 -1.408823E+02
  7.000000E+00 -1.800000E+02     2  1.241719E-05  8.268903E+01  1.580142E-06  1.231624E-05
  7.000000E+00 -1.800000E+02     3  1.211259E+01 -1.737840E+02 -1.204138E+01 -1.311506E+00
  7.000000E+00 -1.800000E+02     4  1.123962E-04  8.268907E+01  1.430285E-05  1.114825E-04
  7.000000E+00 -1.800000E+02     5  1.285672E+03  8.268906E+01  1.636068E+02  1.275219E+03
  7.000000E+00 -1.800000E+02     6  4.475779E-14  9.000000E+01 -4.475762E-14  1.232551E-16
  7.000000E+00 -1.500000E+02     1  1.230077E+02 -9.731096E+01 -1.565324E+01 -1.220076E+02
  7.000000E+00 -1.500000E+02     2  7.101822E+01 -9.731093E+01 -9.037333E+00 -7.044086E+01
  7.000000E+00 -1.500000E+02     3  1.211260E+01 -1.737841E+02 -1.204139E+01 -1.311504E+00
  7.000000E+00 -1.500000E+02     4  6.428337E+02 -9.731092E+01 -8.180293E+01 -6.376077E+02
  7.000000E+00 -1.500000E+02     5  1.113426E+03  8.268906E+01  1.416880E+02  1.104374E+03
  7.000000E+00 -1.500000E+02     6  2.224209E-07 -1.572634E-01  2.224200E-07 -6.104921E-10
  7.000000E+00 -1.200000E+02     1  7.101831E+01 -9.731096E+01 -9.037386E+00 -7.044094E+01
  7.000000E+00 -1.200000E+02     2  1.230074E+02 -9.731093E+01 -1.565316E+01 -1.220074E+02
  7.000000E+00 -1.200000E+02     3  1.211258E+01 -1.737840E+02 -1.204137E+01 -1.311521E+00
  7.000000E+00 -1.200000E+02     4  1.113423E+03 -9.731094E+01 -1.416876E+02 -1.104371E+03
  7.000000E+00 -1.200000E+02     5  6.428339E+02  8.268905E+01  8.180329E+01  6.376077E+02
  7.000000E+00 -1.200000E+02     6  2.238791E-07 -1.562392E-01  2.238782E-07 -6.104924E-10
  7.000000E+00 -9.000000E+01     1  6.208609E-06 -9.731100E+01 -7.900761E-07 -6.158133E-06
  7.000000E+00 -9.000000E+01     2  1.420362E+02 -9.731094E+01 -1.807467E+01 -1.408815E+02
  7.000000E+00 -9.000000E+01     3  1.211265E+01 -1.737840E+02 -1.204143E+01 -1.311521E+00
  7.000000E+00 -9.000000E+01     4  1.285667E+03 -9.731091E+01 -1.636058E+02 -1.275215E+03
  7.000000E+00 -9.000000E+01     5  5.619810E-05  8.268902E+01  7.151475E-06  5.574121E-05
  7.000000E+00 -9.000000E+01     6  2.267337E-14 -9.000000E+01  2.267329E-14 -6.162756E-17
  7.000000E+00 -6.000000E+01     1  7.101831E+01  8.268904E+01  9.037383E+00  7.044094E+01
  7.000000E+00 -6.000000E+01     2  1.230074E+02 -9.731094E+01 -1.565317E+01 -1.220074E+02
  7.000000E+00 -6.000000E+01     3  1.211264E+01 -1.737840E+02 -1.204143E+01 -1.311520E+00
  7.000000E+00 -6.000000E+01     4  1.113422E+03 -9.731094E+01 -1.416875E+02 -1.104370E+03
  7.000000E+00 -6.000000E+01     5  6.428338E+02 -9.731095E+01 -8.180326E+01 -6.376077E+02
  7.000000E+00 -6.000000E+01     6  2.238791E-07  1.798438E+02 -2.238783E-07  6.104930E-10
  7.000000E+00 -3.000000E+01     1  1.230076E+02  8.268904E+01  1.565324E+01  1.220076E+02
  7.000000E+00 -3.000000E+01     2  7.101821E+01 -9.731093E+01 -9.037333E+00 -7.044085E+01
  7.000000E+00 -3.000000E+01     3  1.211260E+01 -1.737841E+02 -1.204139E+01 -1.311505E+00
  7.000000E+00 -3.000000E+01     4  6.428341E+02 -9.731091E+01 -8.180289E+01 -6.376080E+02
  7.000000E+00 -3.000000E+01     5  1.113427E+03 -9.731095E+01 -1.416881E+02 -1.104375E+03
  7.000000E+00 -3.000000E+01     6  2.224207E-07  1.798427E+02 -2.224199E-07  6.104920E-10
  7.000000E+00  0.000000E+00     1  1.420370E+02  8.268906E+01  1.807477E+01  1.408823E+02
  7.000000E+00  0.000000E+00     2  0.000000E+00  9.000000E+01  0.000000E+00  0.000000E+00
  7.000000E+00  0.000000E+00     3  1.211259E+01 -1.737840E+02 -1.204138E+01 -1.311506E+00
  7.000000E+00  0.000000E+00     4  0.000000E+00  9.000000E+01  0.000000E+00  0.000000E+00
  7.000000E+00  0.000000E+00     5  1.285672E+03 -9.731094E+01 -1.636068E+02 -1.275219E+03
  7.000000E+00  0.000000E+00     6  0.000000E+00  9.000000E+01  0.000000E+00  0.000000E+00
  7.000000E+00  3.000000E+01     1  1.230076E+02  8.268904E+01  1.565324E+01  1.220076E+02
  7.000000E+00  3.000000E+01     2  7.101821E+01  8.268908E+01  9.037333E+00  7.044085E+01
  7.000000E+00  3.000000E+01     3  1.211260E+01 -1.737841E+02 -1.204139E+01 -1.311505E+00
  7.000000E+00  3.000000E+01     4  6.428341E+02  8.268909E+01  8.180289E+01  6.376080E+02
  7.000000E+00  3.000000E+01     5  1.113427E+03 -9.731095E+01 -1.416881E+02 -1.104375E+03
  7.000000E+00  3.000000E+01     6  2.224207E-07 -1.572635E-01  2.224199E-07 -6.104920E-10
  7.000000E+00  6.000000E+01     1  7.101831E+01  8.268904E+01  9.037383E+00  7.044094E+01
  7.000000E+00  6.000000E+01     2  1.230074E+02  8.268907E+01  1.565317E+01  1.220074E+02
  7.000000E+00  6.000000E+01     3  1.211264E+01 -1.737840E+02 -1.204143E+01 -1.311520E+00
  7.000000E+00  6.000000E+01     4  1.113422E+03  8.268906E+01  1.416875E+02  1.104370E+03
  7.000000E+00  6.000000E+01     5  6.428338E+02 -9.731095E+01 -8.180326E+01 -6.376077E+02
  7.000000E+00  6.000000E+01     6  2.238791E-07 -1.562393E-01  2.238783E-07 -6.104930E-10
  7.000000E+00  9.000000E+01     1  6.208609E-06 -9.731100E+01 -7.900761E-07 -6.158133E-06
  7.000000E+00  9.000000E+01     2  1.420362E+02  8.268906E+01  1.807467E+01  1.408815E+02
  7.000000E+00  9.000000E+01     3  1.211265E+01 -1.737840E+02 -1.204143E+01 -1.311521E+00
  7.000000E+00  9.000000E+01     4  1.285667E+03  8.268909E+01  1.636058E+02  1.275215E+03
  7.000000E+00  9.000000E+01     5  5.619810E-05  8.268902E+01  7.151475E-06  5.574121E-05
  7.000000E+00  9.000000E+01     6  2.267337E-14  9.000000E+01 -2.267329E-14  6.162756E-17
  7.000000E+00  1.200000E+02     1  7.101831E+01 -9.731096E+01 -9.037386E+00 -7.044094E+01
  7.000000E+00  1.200000E+02     2  1.230074E+02  8.268907E+01  1.565316E+01  1.220074E+02
  7.000000E+00  1.200000E+02     3  1.211258E+01 -1.737840E+02 -1.204137E+01 -1.311521E+00
  7.000000E+00  1.200000E+02     4  1.113423E+03  8.268906E+01  1.416876E+02  1.104371E+03
  7.000000E+00  1.200000E+02     5  6.428339E+02  8.268905E+01  8.180329E+01  6.376077E+02
  7.000000E+00  1.200000E+02     6  2.238791E-07  1.798438E+02 -2.238782E-07  6.104924E-10
  7.000000E+00  1.500000E+02     1  1.230077E+02 -9.731096E+01 -1.565324E+01 -1.220076E+02
  7.000000E+00  1.500000E+02     2  7.101822E+01  8.268908E+01  9.037333E+00  7.044086E+01
  7.000000E+00  1.500000E+02     3  1.211260E+01 -1.737841E+02 -1.204139E+01 -1.311504E+00
  7.000000E+00  1.500000E+02     4  6.428337E+02  8.268909E+01  8.180293E+01  6.376077E+02
  7.000000E+00  1.500000E+02     5  1.113426E+03  8.268906E+01  1.416880E+02  1.104374E+03
  7.000000E+00  1.500000E+02     6  2.224209E-07  1.798427E+02 -2.224200E-07  6.104921E-10
  7.000000E+00  1.800000E+02     1  1.420370E+02 -9.731094E+01 -1.807477E+01 -1.408823E+02
  7.000000E+00  1.800000E+02     2  1.241719E-05 -9.731097E+01 -1.580142E-06 -1.231624E-05
  7.000000E+00  1.800000E+02     3  1.211259E+01 -1.737840E+02 -1.204138E+01 -1.311506E+00
  7.000000E+00  1.800000E+02     4  1.123962E-04 -9.731093E+01 -1.430285E-05 -1.114825E-04
  7.000000E+00  1.800000E+02     5  1.285672E+03  8.268906E+01  1.636068E+02  1.275219E+03
  7.000000E+00  1.800000E+02     6  4.475779E-14 -9.000000E+01  4.475762E-14 -1.232551E-16
  7.500000E+00 -1.800000E+02     1  1.363493E+02 -9.560484E+01 -1.331683E+01 -1.356974E+02
  7.500000E+00 -1.800000E+02     2  1.191997E-05  8.439516E+01  1.164188E-06  1.186298E-05
  7.500000E+00 -1.800000E+02     3  1.250521E+01 -1.752909E+02 -1.246299E+01 -1.026643E+00
  7.500000E+00 -1.800000E+02     4  1.135523E-04  8.439515E+01  1.109033E-05  1.130094E-04
  7.500000E+00 -1.800000E+02     5  1.298889E+03  8.439518E+01  1.268582E+02  1.292679E+03
  7.500000E+00 -1.800000E+02     6  3.678411E-14  9.000000E+01 -3.678406E-14  5.830400E-17
  7.500000E+00 -1.500000E+02     1  1.180818E+02 -9.560486E+01 -1.153272E+01 -1.175172E+02
  7.500000E+00 -1.500000E+02     2  6.817407E+01 -9.560487E+01 -6.658378E+00 -6.784814E+01
  7.500000E+00 -1.500000E+02     3  1.250509E+01 -1.752908E+02 -1.246287E+01 -1.026652E+00
  7.500000E+00 -1.500000E+02     4  6.494419E+02 -9.560487E+01 -6.342940E+01 -6.463370E+02
  7.500000E+00 -1.500000E+02     5  1.124873E+03  8.439517E+01  1.098628E+02  1.119495E+03
  7.500000E+00 -1.500000E+02     6  1.826779E-07 -9.057581E-02  1.826776E-07 -2.887855E-10
  7.500000E+00 -1.200000E+02     1  6.817427E+01 -9.560487E+01 -6.658412E+00 -6.784834E+01
  7.500000E+00 -1.200000E+02     2  1.180816E+02 -9.560483E+01 -1.153264E+01 -1.175171E+02
  7.500000E+00 -1.200000E+02     3  1.250506E+01 -1.752908E+02 -1.246285E+01 -1.026647E+00
  7.500000E+00 -1.200000E+02     4  1.124874E+03 -9.560481E+01 -1.098624E+02 -1.119496E+03
  7.500000E+00 -1.200000E+02     5  6.494445E+02  8.439517E+01  6.342920E+01  6.463397E+02
  7.500000E+00 -1.200000E+02     6  1.836423E-07 -9.010010E-02  1.836420E-07 -2.887853E-10
  7.500000E+00 -9.000000E+01     1  5.960010E-06 -9.560487E+01 -5.820986E-07 -5.931516E-06
  7.500000E+00 -9.000000E+01     2  1.363487E+02 -9.560484E+01 -1.331675E+01 -1.356968E+02
  7.500000E+00 -9.000000E+01     3  1.250507E+01 -1.752908E+02 -1.246286E+01 -1.026650E+00
  7.500000E+00 -9.000000E+01     4  1.298888E+03 -9.560486E+01 -1.268588E+02 -1.292678E+03
  7.500000E+00 -9.000000E+01     5  5.677624E-05  8.439513E+01  5.545194E-06  5.650480E-05
  7.500000E+00 -9.000000E+01     6  1.858674E-14 -9.000000E+01  1.858671E-14 -2.915201E-17
  7.500000E+00 -6.000000E+01     1  6.817426E+01  8.439513E+01  6.658409E+00  6.784833E+01
  7.500000E+00 -6.000000E+01     2  1.180816E+02 -9.560482E+01 -1.153264E+01 -1.175171E+02
  7.500000E+00 -6.000000E+01     3  1.250504E+01 -1.752908E+02 -1.246283E+01 -1.026649E+00
  7.500000E+00 -6.000000E+01     4  1.124874E+03 -9.560481E+01 -1.098624E+02 -1.119497E+03
  7.500000E+00 -6.000000E+01     5  6.494448E+02 -9.560482E+01 -6.342911E+01 -6.463400E+02
  7.500000E+00 -6.000000E+01     6  1.836419E-07  1.799099E+02 -1.836417E-07  2.887855E-10
  7.500000E+00 -3.000000E+01     1  1.180818E+02  8.439515E+01  1.153271E+01  1.175172E+02
  7.500000E+00 -3.000000E+01     2  6.817408E+01 -9.560486E+01 -6.658374E+00 -6.784814E+01
  7.500000E+00 -3.000000E+01     3  1.250510E+01 -1.752908E+02 -1.246289E+01 -1.026652E+00
  7.500000E+00 -3.000000E+01     4  6.494424E+02 -9.560487E+01 -6.342939E+01 -6.463375E+02
  7.500000E+00 -3.000000E+01     5  1.124873E+03 -9.560483E+01 -1.098627E+02 -1.119495E+03
  7.500000E+00 -3.000000E+01     6  1.826779E-07  1.799094E+02 -1.826777E-07  2.887852E-10
  7.500000E+00  0.000000E+00     1  1.363493E+02  8.439516E+01  1.331683E+01  1.356974E+02
  7.500000E+00  0.000000E+00     2  0.000000E+00  9.000000E+01  0.000000E+00  0.000000E+00
  7.500000E+00  0.000000E+00     3  1.250521E+01 -1.752909E+02 -1.246299E+01 -1.026643E+00
  7.500000E+00  0.000000E+00     4  0.000000E+00  9.000000E+01  0.000000E+00  0.000000E+00
  7.500000E+00  0.000000E+00     5  1.298889E+03 -9.560483E+01 -1.268582E+02 -1.292679E+03
  7.500000E+00  0.000000E+00     6  0.000000E+00  9.000000E+01  0.000000E+00  0.000000E+00
  7.500000E+00  3.000000E+01     1  1.180818E+02  8.439515E+01  1.153271E+01  1.175172E+02
  7.500000E+00  3.000000E+01     2  6.817408E+01  8.439514E+01  6.658374E+00  6.784814E+01
  7.500000E+00  3.000000E+01     3  1.250510E+01 -1.752908E+02 -1.246289E+01 -1.026652E+00
  7.500000E+00  3.000000E+01     4  6.494424E+02  8.439513E+01  6.342939E+01  6.463375E+02
  7.500000E+00  3.000000E+01     5  1.124873E+03 -9.560483E+01 -1.098627E+02 -1.119495E+03
  7.500000E+00  3.000000E+01     6  1.826779E-07 -9.057572E-02  1.826777E-07 -2.887852E-10
  7.500000E+00  6.000000E+01     1  6.817426E+01  8.439513E+01  6.658409E+00  6.784833E+01
  7.500000E+00  6.000000E+01     2  1.180816E+02  8.439518E+01  1.153264E+01  1.175171E+02
  7.500000E+00  6.000000E+01     3  1.250504E+01 -1.752908E+02 -1.246283E+01 -1.026649E+00
  7.500000E+00  6.000000E+01     4  1.124874E+03  8.439520E+01  1.098624E+02  1.119497E+03
  7.500000E+00  6.000000E+01     5  6.494448E+02 -9.560482E+01 -6.342911E+01 -6.463400E+02
  7.500000E+00  6.000000E+01     6  1.836419E-07 -9.010032E-02  1.836417E-07 -2.887855E-10
  7.500000E+00  9.000000E+01     1  5.960010E-06 -9.560487E+01 -5.820986E-07 -5.931516E-06
  7.500000E+00  9.000000E+01     2  1.363487E+02  8.439517E+01  1.331675E+01  1.356968E+02
  7.500000E+00  9.000000E+01     3  1.250507E+01 -1.752908E+02 -1.246286E+01 -1.026650E+00
  7.500000E+00  9.000000E+01     4  1.298888E+03  8.439514E+01  1.268588E+02  1.292678E+03
  7.500000E+00  9.000000E+01     5  5.677624E-05  8.439513E+01  5.545194E-06  5.650480E-05
  7.500000E+00  9.000000E+01     6  1.858674E-14  9.000000E+01 -1.858671E-14  2.915201E-17
  7.500000E+00  1.200000E+02     1  6.817427E+01 -9.560487E+01 -6.658412E+00 -6.784834E+01
  7.500000E+00  1.200000E+02     2  1.180816E+02  8.439518E+01  1.153264E+01  1.175171E+02
  7.500000E+00  1.200000E+02     3  1.250506E+01 -1.752908E+02 -1.246285E+01 -1.026647E+00
  7.500000E+00  1.200000E+02     4  1.124874E+03  8.439520E+01  1.098624E+02  1.119496E+03
  7.500000E+00  1.200000E+02     5  6.494445E+02  8.439517E+01  6.342920E+01  6.463397E+02
  7.500000E+00  1.200000E+02     6  1.836423E-07  1.799099E+02 -1.836420E-07  2.887853E-10
  7.500000E+00  1.500000E+02     1  1.180818E+02 -9.560486E+01 -1.153272E+01 -1.175172E+02
  7.500000E+00  1.500000E+02     2  6.817407E+01  8.439514E+01  6.658378E+00  6.784814E+01
  7.500000E+00  1.500000E+02     3  1.250509E+01 -1.752908E+02 -1.246287E+01 -1.026652E+00
  7.500000E+00  1.500000E+02     4  6.494419E+02  8.439513E+01  6.342940E+01  6.463370E+02
  7.500000E+00  1.500000E+02     5  1.124873E+03  8.439517E+01  1.098628E+02  1.119495E+03
  7.500000E+00  1.500000E+02     6  1.826779E-07  1.799094E+02 -1.826776E-07  2.887855E-10
  7.500000E+00  1.800000E+02     1  1.363493E+02 -9.560484E+01 -1.331683E+01 -1.356974E+02
  7.500000E+00  1.800000E+02     2  1.191997E-05 -9.560484E+01 -1.164188E-06 -1.186298E-05
  7.500000E+00  1.800000E+02     3  1.250521E+01 -1.752909E+02 -1.246299E+01 -1.026643E+00
  7.500000E+00  1.800000E+02     4  1.135523E-04 -9.560485E+01 -1.109033E-05 -1.130094E-04
  7.500000E+00  1.800000E+02     5  1.298889E+03  8.439518E+01  1.268582E+02  1.292679E+03
  7.500000E+00  1.800000E+02     6  3.678411E-14 -9.000000E+01  3.678406E-14 -5.830400E-17
  8.000000E+00 -1.800000E+02     1  1.296535E+02 -9.431361E+01 -9.751945E+00 -1.292862E+02
  8.000000E+00 -1.800000E+02     2  1.133467E-05  8.568641E+01  8.525397E-07  1.130256E-05
  8.000000E+00 -1.800000E+02     3  1.206476E+01 -1.763910E+02 -1.204083E+01 -7.594469E-01
  8.000000E+00 -1.800000E+02     4  1.124315E-04  8.568639E+01  8.456620E-06  1.121130E-04
  8.000000E+00 -1.800000E+02     5  1.286073E+03  8.568639E+01  9.673286E+01  1.282429E+03
  8.000000E+00 -1.800000E+02     6  3.039396E-14  9.000000E+01 -3.039395E-14  2.857844E-17
  8.000000E+00 -1.500000E+02     1  1.122830E+02 -9.431364E+01 -8.445500E+00 -1.119650E+02
  8.000000E+00 -1.500000E+02     2  6.482673E+01 -9.431360E+01 -4.875960E+00 -6.464310E+01
  8.000000E+00 -1.500000E+02     3  1.206457E+01 -1.763909E+02 -1.204064E+01 -7.594507E-01
  8.000000E+00 -1.500000E+02     4  6.430383E+02 -9.431358E+01 -4.836609E+01 -6.412168E+02
  8.000000E+00 -1.500000E+02     5  1.113772E+03  8.568636E+01  8.377374E+01  1.110617E+03
  8.000000E+00 -1.500000E+02     6  1.508689E-07 -5.375734E-02  1.508688E-07 -1.415516E-10
  8.000000E+00 -1.200000E+02     1  6.482671E+01 -9.431361E+01 -4.875973E+00 -6.464307E+01
  8.000000E+00 -1.200000E+02     2  1.122832E+02 -9.431360E+01 -8.445415E+00 -1.119651E+02
  8.000000E+00 -1.200000E+02     3  1.206471E+01 -1.763910E+02 -1.204078E+01 -7.594445E-01
  8.000000E+00 -1.200000E+02     4  1.113775E+03 -9.431361E+01 -8.377327E+01 -1.110620E+03
  8.000000E+00 -1.200000E+02     5  6.430403E+02  8.568641E+01  4.836645E+01  6.412188E+02
  8.000000E+00 -1.200000E+02     6  1.515176E-07 -5.352726E-02  1.515175E-07 -1.415518E-10
  8.000000E+00 -9.000000E+01     1  5.667333E-06 -9.431362E+01 -4.262730E-07 -5.651279E-06
  8.000000E+00 -9.000000E+01     2  1.296533E+02 -9.431360E+01 -9.751917E+00 -1.292860E+02
  8.000000E+00 -9.000000E+01     3  1.206483E+01 -1.763910E+02 -1.204090E+01 -7.594435E-01
  8.000000E+00 -9.000000E+01     4  1.286070E+03 -9.431360E+01 -9.673219E+01 -1.282427E+03
  8.000000E+00 -9.000000E+01     5  5.621571E-05  8.568636E+01  4.228324E-06  5.605646E-05
  8.000000E+00 -9.000000E+01     6  1.532793E-14 -9.000000E+01  1.532792E-14 -1.428923E-17
  8.000000E+00 -6.000000E+01     1  6.482668E+01  8.568639E+01  4.875972E+00  6.464304E+01
  8.000000E+00 -6.000000E+01     2  1.122832E+02 -9.431360E+01 -8.445419E+00 -1.119652E+02
  8.000000E+00 -6.000000E+01     3  1.206473E+01 -1.763910E+02 -1.204080E+01 -7.594463E-01
  8.000000E+00 -6.000000E+01     4  1.113774E+03 -9.431361E+01 -8.377317E+01 -1.110619E+03
  8.000000E+00 -6.000000E+01     5  6.430399E+02 -9.431360E+01 -4.836647E+01 -6.412184E+02
  8.000000E+00 -6.000000E+01     6  1.515176E-07  1.799465E+02 -1.515175E-07  1.415516E-10
  8.000000E+00 -3.000000E+01     1  1.122830E+02  8.568636E+01  8.445498E+00  1.119649E+02
  8.000000E+00 -3.000000E+01     2  6.482674E+01 -9.431359E+01 -4.875960E+00 -6.464310E+01
  8.000000E+00 -3.000000E+01     3  1.206458E+01 -1.763909E+02 -1.204065E+01 -7.594505E-01
  8.000000E+00 -3.000000E+01     4  6.430390E+02 -9.431357E+01 -4.836607E+01 -6.412175E+02
  8.000000E+00 -3.000000E+01     5  1.113771E+03 -9.431365E+01 -8.377375E+01 -1.110616E+03
  8.000000E+00 -3.000000E+01     6  1.508689E-07  1.799462E+02 -1.508688E-07  1.415517E-10
  8.000000E+00  0.000000E+00     1  1.296535E+02  8.568639E+01  9.751945E+00  1.292862E+02
  8.000000E+00  0.000000E+00     2  0.000000E+00  9.000000E+01  0.000000E+00  0.000000E+00
  8.000000E+00  0.000000E+00     3  1.206476E+01 -1.763910E+02 -1.204083E+01 -7.594469E-01
  8.000000E+00  0.000000E+00     4  0.000000E+00  9.000000E+01  0.000000E+00  0.000000E+00
  8.000000E+00  0.000000E+00     5  1.286073E+03 -9.431361E+01 -9.673286E+01 -1.282429E+03
  8.000000E+00  0.000000E+00     6  0.000000E+00  9.000000E+01  0.000000E+00  0.000000E+00
  8.000000E+00  3.000000E+01     1  1.122830E+02  8.568636E+01  8.445498E+00  1.119649E+02
  8.000000E+00  3.000000E+01     2  6.482674E+01  8.568641E+01  4.875960E+00  6.464310E+01
  8.000000E+00  3.000000E+01     3  1.206458E+01 -1.763909E+02 -1.204065E+01 -7.594505E-01
  8.000000E+00  3.000000E+01     4  6.430390E+02  8.568643E+01  4.836607E+01  6.412175E+02
  8.000000E+00  3.000000E+01     5  1.113771E+03 -9.431365E+01 -8.377375E+01 -1.110616E+03
  8.000000E+00  3.000000E+01     6  1.508689E-07 -5.375736E-02  1.508688E-07 -1.415517E-10
  8.000000E+00  6.000000E+01     1  6.482668E+01  8.568639E+01  4.875972E+00  6.464304E+01
  8.000000E+00  6.000000E+01     2  1.122832E+02  8.568640E+01  8.445419E+00  1.119652E+02
  8.000000E+00  6.000000E+01     3  1.206473E+01 -1.763910E+02 -1.204080E+01 -7.594463E-01
  8.000000E+00  6.000000E+01     4  1.113774E+03  8.568639E+01  8.377317E+01  1.110619E+03
  8.000000E+00  6.000000E+01     5  6.430399E+02 -9.431360E+01 -4.836647E+01 -6.412184E+02
  8.000000E+00  6.000000E+01     6  1.515176E-07 -5.352721E-02  1.515175E-07 -1.415516E-10
  8.000000E+00  9.000000E+01     1  5.667333E-06 -9.431362E+01 -4.262730E-07 -5.651279E-06
  8.000000E+00  9.000000E+01     2  1.296533E+02  8.568640E+01  9.751917E+00  1.292860E+02
  8.000000E+00  9.000000E+01     3  1.206483E+01 -1.763910E+02 -1.204090E+01 -7.594435E-01
  8.000000E+00  9.000000E+01     4  1.286070E+03  8.568640E+01  9.673219E+01  1.282427E+03
  8.000000E+00  9.000000E+01     5  5.621571E-05  8.568636E+01  4.228324E-06  5.605646E-05
  8.000000E+00  9.000000E+01     6  1.532793E-14  9.000000E+01 -1.532792E-14  1.428923E-17
  8.000000E+00  1.200000E+02     1  6.482671E+01 -9.431361E+01 -4.875973E+00 -6.464307E+01
  8.000000E+00  1.200000E+02     2  1.122832E+02  8.568640E+01  8.445415E+00  1.119651E+02
  8.000000E+00  1.200000E+02     3  1.206471E+01 -1.763910E+02 -1.204078E+01 -7.594445E-01
  8.000000E+00  1.200000E+02     4  1.113775E+03  8.568639E+01  8.377327E+01  1.110620E+03
  8.000000E+00  1.200000E+02     5  6.430403E+02  8.568641E+01  4.836645E+01  6.412188E+02
  8.000000E+00  1.200000E+02     6  1.515176E-07  1.799465E+02 -1.515175E-07  1.415518E-10
  8.000000E+00  1.500000E+02     1  1.122830E+02 -9.431364E+01 -8.445500E+00 -1.119650E+02
  8.000000E+00  1.500000E+02     2  6.482673E+01  8.568641E+01  4.875960E+00  6.464310E+01
  8.000000E+00  1.500000E+02     3  1.206457E+01 -1.763909E+02 -1.204064E+01 -7.594507E-01
  8.000000E+00  1.500000E+02     4  6.430383E+02  8.568643E+01  4.836609E+01  6.412168E+02
  8.000000E+00  1.500000E+02     5  1.113772E+03  8.568636E+01  8.377374E+01  1.110617E+03
  8.000000E+00  1.500000E+02     6  1.508689E-07  1.799462E+02 -1.508688E-07  1.415516E-10
  8.000000E+00  1.800000E+02     1  1.296535E+02 -9.431361E+01 -9.751945E+00 -1.292862E+02
  8.000000E+00  1.800000E+02     2  1.133467E-05 -9.431359E+01 -8.525397E-07 -1.130256E-05
  8.000000E+00  1.800000E+02     3  1.206476E+01 -1.763910E+02 -1.204083E+01 -7.594469E-01
  8.000000E+00  1.800000E+02     4  1.124315E-04 -9.431362E+01 -8.456620E-06 -1.121130E-04
  8.000000E+00  1.800000E+02     5  1.286073E+03  8.568639E+01  9.673286E+01  1.282429E+03
  8.000000E+00  1.800000E+02     6  3.039396E-14 -9.000000E+01  3.039395E-14 -2.857844E-17
  8.500000E+00 -1.800000E+02     1  1.225642E+02 -9.333855E+01 -7.137605E+00 -1.223562E+02
  8.500000E+00 -1.800000E+02     2  1.071488E-05  8.666147E+01  6.239854E-07  1.069669E-05
  8.500000E+00 -1.800000E+02     3  1.088533E+01 -1.771972E+02 -1.087231E+01 -5.322754E-01
  8.500000E+00 -1.800000E+02     4  1.097849E-04  8.666146E+01  6.393378E-06  1.095986E-04
  8.500000E+00 -1.800000E+02     5  1.255802E+03  8.666145E+01  7.313245E+01  1.253671E+03
  8.500000E+00 -1.800000E+02     6  2.525207E-14  9.000000E+01 -2.525207E-14  1.445806E-17
  8.500000E+00 -1.500000E+02     1  1.061436E+02 -9.333855E+01 -6.181347E+00 -1.059634E+02
  8.500000E+00 -1.500000E+02     2  6.128200E+01 -9.333854E+01 -3.568785E+00 -6.117800E+01
  8.500000E+00 -1.500000E+02     3  1.088539E+01 -1.771971E+02 -1.087237E+01 -5.322976E-01
  8.500000E+00 -1.500000E+02     4  6.278985E+02 -9.333853E+01 -3.656593E+01 -6.268329E+02
  8.500000E+00 -1.500000E+02     5  1.087549E+03  8.666147E+01  6.333392E+01  1.085703E+03
  8.500000E+00 -1.500000E+02     6  1.252975E-07 -3.274664E-02  1.252975E-07 -7.161213E-11
  8.500000E+00 -1.200000E+02     1  6.128210E+01 -9.333855E+01 -3.568808E+00 -6.117810E+01
  8.500000E+00 -1.200000E+02     2  1.061435E+02 -9.333853E+01 -6.181305E+00 -1.059634E+02
  8.500000E+00 -1.200000E+02     3  1.088544E+01 -1.771972E+02 -1.087241E+01 -5.322899E-01
  8.500000E+00 -1.200000E+02     4  1.087551E+03 -9.333855E+01 -6.333415E+01 -1.085705E+03
  8.500000E+00 -1.200000E+02     5  6.279006E+02  8.666145E+01  3.656628E+01  6.268350E+02
  8.500000E+00 -1.200000E+02     6  1.257405E-07 -3.263133E-02  1.257404E-07 -7.161222E-11
  8.500000E+00 -9.000000E+01     1  5.357448E-06 -9.333854E+01 -3.119937E-07 -5.348356E-06
  8.500000E+00 -9.000000E+01     2  1.225641E+02 -9.333853E+01 -7.137567E+00 -1.223561E+02
  8.500000E+00 -9.000000E+01     3  1.088552E+01 -1.771972E+02 -1.087250E+01 -5.322795E-01
  8.500000E+00 -9.000000E+01     4  1.255797E+03 -9.333854E+01 -7.313190E+01 -1.253666E+03
  8.500000E+00 -9.000000E+01     5  5.489238E-05  8.666144E+01  3.196704E-06  5.479922E-05
  8.500000E+00 -9.000000E+01     6  1.271541E-14 -9.000000E+01  1.271541E-14 -7.229032E-18
  8.500000E+00 -6.000000E+01     1  6.128208E+01  8.666145E+01  3.568807E+00  6.117807E+01
  8.500000E+00 -6.000000E+01     2  1.061436E+02 -9.333852E+01 -6.181304E+00 -1.059634E+02
  8.500000E+00 -6.000000E+01     3  1.088539E+01 -1.771971E+02 -1.087236E+01 -5.322905E-01
  8.500000E+00 -6.000000E+01     4  1.087551E+03 -9.333854E+01 -6.333415E+01 -1.085705E+03
  8.500000E+00 -6.000000E+01     5  6.279003E+02 -9.333855E+01 -3.656623E+01 -6.268347E+02
  8.500000E+00 -6.000000E+01     6  1.257405E-07  1.799674E+02 -1.257405E-07  7.161219E-11
  8.500000E+00 -3.000000E+01     1  1.061436E+02  8.666145E+01  6.181350E+00  1.059635E+02
  8.500000E+00 -3.000000E+01     2  6.128200E+01 -9.333853E+01 -3.568784E+00 -6.117800E+01
  8.500000E+00 -3.000000E+01     3  1.088533E+01 -1.771971E+02 -1.087230E+01 -5.323004E-01
  8.500000E+00 -3.000000E+01     4  6.278985E+02 -9.333853E+01 -3.656593E+01 -6.268329E+02
  8.500000E+00 -3.000000E+01     5  1.087550E+03 -9.333854E+01 -6.333396E+01 -1.085704E+03
  8.500000E+00 -3.000000E+01     6  1.252975E-07  1.799673E+02 -1.252975E-07  7.161224E-11
  8.500000E+00  0.000000E+00     1  1.225642E+02  8.666145E+01  7.137605E+00  1.223562E+02
  8.500000E+00  0.000000E+00     2  0.000000E+00  9.000000E+01  0.000000E+00  0.000000E+00
  8.500000E+00  0.000000E+00     3  1.088533E+01 -1.771972E+02 -1.087231E+01 -5.322754E-01
  8.500000E+00  0.000000E+00     4  0.000000E+00  9.000000E+01  0.000000E+00  0.000000E+00
  8.500000E+00  0.000000E+00     5  1.255802E+03 -9.333855E+01 -7.313245E+01 -1.253671E+03
  8.500000E+00  0.000000E+00     6  0.000000E+00  9.000000E+01  0.000000E+00  0.000000E+00
  8.500000E+00  3.000000E+01     1  1.061436E+02  8.666145E+01  6.181350E+00  1.059635E+02
  8.500000E+00  3.000000E+01     2  6.128200E+01  8.666147E+01  3.568784E+00  6.117800E+01
  8.500000E+00  3.000000E+01     3  1.088533E+01 -1.771971E+02 -1.087230E+01 -5.323004E-01
  8.500000E+00  3.000000E+01     4  6.278985E+02  8.666147E+01  3.656593E+01  6.268329E+02
  8.500000E+00  3.000000E+01     5  1.087550E+03 -9.333854E+01 -6.333396E+01 -1.085704E+03
  8.500000E+00  3.000000E+01     6  1.252975E-07 -3.274669E-02  1.252975E-07 -7.161224E-11
  8.500000E+00  6.000000E+01     1  6.128208E+01  8.666145E+01  3.568807E+00  6.117807E+01
  8.500000E+00  6.000000E+01     2  1.061436E+02  8.666148E+01  6.181304E+00  1.059634E+02
  8.500000E+00  6.000000E+01     3  1.088539E+01 -1.771971E+02 -1.087236E+01 -5.322905E-01
  8.500000E+00  6.000000E+01     4  1.087551E+03  8.666146E+01  6.333415E+01  1.085705E+03
  8.500000E+00  6.000000E+01     5  6.279003E+02 -9.333855E+01 -3.656623E+01 -6.268347E+02
  8.500000E+00  6.000000E+01     6  1.257405E-07 -3.263130E-02  1.257405E-07 -7.161219E-11
  8.500000E+00  9.000000E+01     1  5.357448E-06 -9.333854E+01 -3.119937E-07 -5.348356E-06
  8.500000E+00  9.000000E+01     2  1.225641E+02  8.666147E+01  7.137567E+00  1.223561E+02
  8.500000E+00  9.000000E+01     3  1.088552E+01 -1.771972E+02 -1.087250E+01 -5.322795E-01
  8.500000E+00  9.000000E+01     4  1.255797E+03  8.666147E+01  7.313190E+01  1.253666E+03
  8.500000E+00  9.000000E+01     5  5.489238E-05  8.666144E+01  3.196704E-06  5.479922E-05
  8.500000E+00  9.000000E+01     6  1.271541E-14  9.000000E+01 -1.271541E-14  7.229032E-18
  8.500000E+00  1.200000E+02     1  6.128210E+01 -9.333855E+01 -3.568808E+00 -6.117810E+01
  8.500000E+00  1.200000E+02     2  1.061435E+02  8.666148E+01  6.181305E+00  1.059634E+02
  8.500000E+00  1.200000E+02     3  1.088544E+01 -1.771972E+02 -1.087241E+01 -5.322899E-01
  8.500000E+00  1.200000E+02     4  1.087551E+03  8.666146E+01  6.333415E+01  1.085705E+03
  8.500000E+00  1.200000E+02     5  6.279006E+02  8.666145E+01  3.656628E+01  6.268350E+02
  8.500000E+00  1.200000E+02     6  1.257405E-07  1.799674E+02 -1.257404E-07  7.161222E-11
  8.500000E+00  1.500000E+02     1  1.061436E+02 -9.333855E+01 -6.181347E+00 -1.059634E+02
  8.500000E+00  1.500000E+02     2  6.128200E+01  8.666147E+01  3.568785E+00  6.117800E+01
  8.500000E+00  1.500000E+02     3  1.088539E+01 -1.771971E+02 -1.087237E+01 -5.322976E-01
  8.500000E+00  1.500000E+02     4  6.278985E+02  8.666147E+01  3.656593E+01  6.268329E+02
  8.500000E+00  1.500000E+02     5  1.087549E+03  8.666147E+01  6.333392E+01  1.085703E+03
  8.500000E+00  1.500000E+02     6  1.252975E-07  1.799673E+02 -1.252975E-07  7.161213E-11
  8.500000E+00  1.800000E+02     1  1.225642E+02 -9.333855E+01 -7.137605E+00 -1.223562E+02
  8.500000E+00  1.800000E+02     2  1.071488E-05 -9.333853E+01 -6.239854E-07 -1.069669E-05
  8.500000E+00  1.800000E+02     3  1.088533E+01 -1.771972E+02 -1.087231E+01 -5.322754E-01
  8.500000E+00  1.800000E+02     4  1.097849E-04 -9.333854E+01 -6.393378E-06 -1.095986E-04
  8.500000E+00  1.800000E+02     5  1.255802E+03  8.666145E+01  7.313245E+01  1.253671E+03
  8.500000E+00  1.800000E+02     6  2.525207E-14 -9.000000E+01  2.525207E-14 -1.445806E-17
  9.000000E+00 -1.800000E+02     1  1.154511E+02 -9.260047E+01 -5.238143E+00 -1.153323E+02
  9.000000E+00 -1.800000E+02     2  1.009301E-05  8.739954E+01  4.579305E-07  1.008262E-05
  9.000000E+00 -1.800000E+02     3  9.099533E+00 -1.777907E+02 -9.092770E+00 -3.507866E-01
  9.000000E+00 -1.800000E+02     4  1.061695E-04  8.739953E+01  4.817037E-06  1.060602E-04
  9.000000E+00 -1.800000E+02     5  1.214449E+03  8.739955E+01  5.510059E+01  1.213198E+03
  9.000000E+00 -1.800000E+02     6  2.109604E-14  9.000000E+01 -2.109604E-14  7.525650E-18
  9.000000E+00 -1.500000E+02     1  9.998338E+01 -9.260047E+01 -4.536366E+00 -9.988042E+01
  9.000000E+00 -1.500000E+02     2  5.772532E+01 -9.260047E+01 -2.619060E+00 -5.766587E+01
  9.000000E+00 -1.500000E+02     3  9.099617E+00 -1.777908E+02 -9.092854E+00 -3.507800E-01
  9.000000E+00 -1.500000E+02     4  6.072209E+02 -9.260046E+01 -2.755013E+01 -6.065956E+02
  9.000000E+00 -1.500000E+02     5  1.051744E+03  8.739954E+01  4.771871E+01  1.050661E+03
  9.000000E+00 -1.500000E+02     6  1.046439E-07 -2.040930E-02  1.046439E-07 -3.727515E-11
  9.000000E+00 -1.200000E+02     1  5.772541E+01 -9.260047E+01 -2.619070E+00 -5.766596E+01
  9.000000E+00 -1.200000E+02     2  9.998336E+01 -9.260046E+01 -4.536338E+00 -9.988040E+01
  9.000000E+00 -1.200000E+02     3  9.099931E+00 -1.777908E+02 -9.093167E+00 -3.507798E-01
  9.000000E+00 -1.200000E+02     4  1.051742E+03 -9.260045E+01 -4.771839E+01 -1.050659E+03
  9.000000E+00 -1.200000E+02     5  6.072204E+02  8.739953E+01  2.755029E+01  6.065951E+02
  9.000000E+00 -1.200000E+02     6  1.049505E-07 -2.034970E-02  1.049505E-07 -3.727520E-11
  9.000000E+00 -9.000000E+01     1  5.046510E-06 -9.260048E+01 -2.289673E-07 -5.041313E-06
  9.000000E+00 -9.000000E+01     2  1.154509E+02 -9.260046E+01 -5.238121E+00 -1.153320E+02
  9.000000E+00 -9.000000E+01     3  9.099486E+00 -1.777907E+02 -9.092723E+00 -3.507830E-01
  9.000000E+00 -9.000000E+01     4  1.214447E+03 -9.260044E+01 -5.510026E+01 -1.213197E+03
  9.000000E+00 -9.000000E+01     5  5.308482E-05  8.739953E+01  2.408526E-06  5.303015E-05
  9.000000E+00 -9.000000E+01     6  1.060991E-14 -9.000000E+01  1.060991E-14 -3.762824E-18
  9.000000E+00 -6.000000E+01     1  5.772540E+01  8.739953E+01  2.619071E+00  5.766596E+01
  9.000000E+00 -6.000000E+01     2  9.998331E+01 -9.260046E+01 -4.536341E+00 -9.988035E+01
  9.000000E+00 -6.000000E+01     3  9.099889E+00 -1.777908E+02 -9.093125E+00 -3.507804E-01
  9.000000E+00 -6.000000E+01     4  1.051742E+03 -9.260045E+01 -4.771834E+01 -1.050659E+03
  9.000000E+00 -6.000000E+01     5  6.072211E+02 -9.260047E+01 -2.755028E+01 -6.065958E+02
  9.000000E+00 -6.000000E+01     6  1.049505E-07  1.799797E+02 -1.049505E-07  3.727516E-11
  9.000000E+00 -3.000000E+01     1  9.998343E+01  8.739953E+01  4.536363E+00  9.988046E+01
  9.000000E+00 -3.000000E+01     2  5.772530E+01 -9.260047E+01 -2.619062E+00 -5.766586E+01
  9.000000E+00 -3.000000E+01     3  9.099634E+00 -1.777908E+02 -9.092871E+00 -3.507822E-01
  9.000000E+00 -3.000000E+01     4  6.072212E+02 -9.260045E+01 -2.755012E+01 -6.065959E+02
  9.000000E+00 -3.000000E+01     5  1.051745E+03 -9.260046E+01 -4.771876E+01 -1.050661E+03
  9.000000E+00 -3.000000E+01     6  1.046439E-07  1.799796E+02 -1.046439E-07  3.727517E-11
  9.000000E+00  0.000000E+00     1  1.154511E+02  8.739954E+01  5.238143E+00  1.153323E+02
  9.000000E+00  0.000000E+00     2  0.000000E+00  9.000000E+01  0.000000E+00  0.000000E+00
  9.000000E+00  0.000000E+00     3  9.099533E+00 -1.777907E+02 -9.092770E+00 -3.507866E-01
  9.000000E+00  0.000000E+00     4  0.000000E+00  9.000000E+01  0.000000E+00  0.000000E+00
  9.000000E+00  0.000000E+00     5  1.214449E+03 -9.260046E+01 -5.510059E+01 -1.213198E+03
  9.000000E+00  0.000000E+00     6  0.000000E+00  9.000000E+01  0.000000E+00  0.000000E+00
  9.000000E+00  3.000000E+01     1  9.998343E+01  8.739953E+01  4.536363E+00  9.988046E+01
  9.000000E+00  3.000000E+01     2  5.772530E+01  8.739953E+01  2.619062E+00  5.766586E+01
  9.000000E+00  3.000000E+01     3  9.099634E+00 -1.777908E+02 -9.092871E+00 -3.507822E-01
  9.000000E+00  3.000000E+01     4  6.072212E+02  8.739955E+01  2.755012E+01  6.065959E+02
  9.000000E+00  3.000000E+01     5  1.051745E+03 -9.260046E+01 -4.771876E+01 -1.050661E+03
  9.000000E+00  3.000000E+01     6  1.046439E-07 -2.040930E-02  1.046439E-07 -3.727517E-11
  9.000000E+00  6.000000E+01     1  5.772540E+01  8.739953E+01  2.619071E+00  5.766596E+01
  9.000000E+00  6.000000E+01     2  9.998331E+01  8.739954E+01  4.536341E+00  9.988035E+01
  9.000000E+00  6.000000E+01     3  9.099889E+00 -1.777908E+02 -9.093125E+00 -3.507804E-01
  9.000000E+00  6.000000E+01     4  1.051742E+03  8.739955E+01  4.771834E+01  1.050659E+03
  9.000000E+00  6.000000E+01     5  6.072211E+02 -9.260047E+01 -2.755028E+01 -6.065958E+02
  9.000000E+00  6.000000E+01     6  1.049505E-07 -2.034968E-02  1.049505E-07 -3.727516E-11
  9.000000E+00  9.000000E+01     1  5.046510E-06 -9.260048E+01 -2.289673E-07 -5.041313E-06
  9.000000E+00  9.000000E+01     2  1.154509E+02  8.739954E+01  5.238121E+00  1.153320E+02
  9.000000E+00  9.000000E+01     3  9.099486E+00 -1.777907E+02 -9.092723E+00 -3.507830E-01
  9.000000E+00  9.000000E+01     4  1.214447E+03  8.739956E+01  5.510026E+01  1.213197E+03
  9.000000E+00  9.000000E+01     5  5.308482E-05  8.739953E+01  2.408526E-06  5.303015E-05
  9.000000E+00  9.000000E+01     6  1.060991E-14  9.000000E+01 -1.060991E-14  3.762824E-18
  9.000000E+00  1.200000E+02     1  5.772541E+01 -9.260047E+01 -2.619070E+00 -5.766596E+01
  9.000000E+00  1.200000E+02     2  9.998336E+01  8.739954E+01  4.536338E+00  9.988040E+01
  9.000000E+00  1.200000E+02     3  9.099931E+00 -1.777908E+02 -9.093167E+00 -3.507798E-01
  9.000000E+00  1.200000E+02     4  1.051742E+03  8.739955E+01  4.771839E+01  1.050659E+03
  9.000000E+00  1.200000E+02     5  6.072204E+02  8.739953E+01  2.755029E+01  6.065951E+02
  9.000000E+00  1.200000E+02     6  1.049505E-07  1.799797E+02 -1.049505E-07  3.727520E-11
  9.000000E+00  1.500000E+02     1  9.998338E+01 -9.260047E+01 -4.536366E+00 -9.988042E+01
  9.000000E+00  1.500000E+02     2  5.772532E+01  8.739954E+01  2.619060E+00  5.766587E+01
  9.000000E+00  1.500000E+02     3  9.099617E+00 -1.777908E+02 -9.092854E+00 -3.507800E-01
  9.000000E+00  1.500000E+02     4  6.072209E+02  8.739955E+01  2.755013E+01  6.065956E+02
  9.000000E+00  1.500000E+02     5  1.051744E+03  8.739954E+01  4.771871E+01  1.050661E+03
  9.000000E+00  1.500000E+02     6  1.046439E-07  1.799796E+02 -1.046439E-07  3.727515E-11
  9.000000E+00  1.800000E+02     1  1.154511E+02 -9.260047E+01 -5.238143E+00 -1.153323E+02
  9.000000E+00  1.800000E+02     2  1.009301E-05 -9.260046E+01 -4.579305E-07 -1.008262E-05
  9.000000E+00  1.800000E+02     3  9.099533E+00 -1.777907E+02 -9.092770E+00 -3.507866E-01
  9.000000E+00  1.800000E+02     4  1.061695E-04 -9.260047E+01 -4.817037E-06 -1.060602E-04
  9.000000E+00  1.800000E+02     5  1.214449E+03  8.739955E+01  5.510059E+01  1.213198E+03
  9.000000E+00  1.800000E+02     6  2.109604E-14 -9.000000E+01  2.109604E-14 -7.525650E-18
  9.500000E+00 -1.800000E+02     1  1.085302E+02 -9.203917E+01 -3.861799E+00 -1.084615E+02
  9.500000E+00 -1.800000E+02     2  9.488017E-06  8.796085E+01  3.376073E-07  9.482009E-06
  9.500000E+00 -1.800000E+02     3  6.844991E+00 -1.782311E+02 -6.841729E+00 -2.112952E-01
  9.500000E+00 -1.800000E+02     4  1.019851E-04  8.796085E+01  3.628875E-06  1.019205E-04
  9.500000E+00 -1.800000E+02     5  1.166570E+03  8.796082E+01  4.150991E+01  1.165831E+03
  9.500000E+00 -1.800000E+02     6  1.772105E-14  9.000000E+01 -1.772105E-14  4.020088E-18
  9.500000E+00 -1.500000E+02     1  9.399001E+01 -9.203917E+01 -3.344415E+00 -9.393049E+01
  9.500000E+00 -1.500000E+02     2  5.426519E+01 -9.203915E+01 -1.930892E+00 -5.423083E+01
  9.500000E+00 -1.500000E+02     3  6.844968E+00 -1.782312E+02 -6.841706E+00 -2.112867E-01
  9.500000E+00 -1.500000E+02     4  5.832872E+02 -9.203917E+01 -2.075490E+01 -5.829178E+02
  9.500000E+00 -1.500000E+02     5  1.010285E+03  8.796084E+01  3.594862E+01  1.009645E+03
  9.500000E+00 -1.500000E+02     6  8.788162E-08 -1.298182E-02  8.788162E-08 -1.991182E-11
  9.500000E+00 -1.200000E+02     1  5.426517E+01 -9.203917E+01 -1.930900E+00 -5.423081E+01
  9.500000E+00 -1.200000E+02     2  9.398970E+01 -9.203917E+01 -3.344406E+00 -9.393018E+01
  9.500000E+00 -1.200000E+02     3  6.845010E+00 -1.782311E+02 -6.841748E+00 -2.112973E-01
  9.500000E+00 -1.200000E+02     4  1.010281E+03 -9.203916E+01 -3.594844E+01 -1.009642E+03
  9.500000E+00 -1.200000E+02     5  5.832883E+02  8.796083E+01  2.075497E+01  5.829189E+02
  9.500000E+00 -1.200000E+02     6  8.809626E-08 -1.295019E-02  8.809626E-08 -1.991181E-11
  9.500000E+00 -9.000000E+01     1  4.744008E-06 -9.203916E+01 -1.688042E-07 -4.741004E-06
  9.500000E+00 -9.000000E+01     2  1.085304E+02 -9.203915E+01 -3.861783E+00 -1.084617E+02
  9.500000E+00 -9.000000E+01     3  6.844717E+00 -1.782310E+02 -6.841455E+00 -2.112954E-01
  9.500000E+00 -9.000000E+01     4  1.166569E+03 -9.203918E+01 -4.150983E+01 -1.165830E+03
  9.500000E+00 -9.000000E+01     5  5.099254E-05  8.796084E+01  1.814447E-06  5.096025E-05
  9.500000E+00 -9.000000E+01     6  8.903886E-15 -9.000000E+01  8.903886E-15 -2.010043E-18
  9.500000E+00 -6.000000E+01     1  5.426514E+01  8.796084E+01  1.930898E+00  5.423077E+01
  9.500000E+00 -6.000000E+01     2  9.398978E+01 -9.203917E+01 -3.344407E+00 -9.393026E+01
  9.500000E+00 -6.000000E+01     3  6.844947E+00 -1.782310E+02 -6.841685E+00 -2.112976E-01
  9.500000E+00 -6.000000E+01     4  1.010281E+03 -9.203916E+01 -3.594844E+01 -1.009641E+03
  9.500000E+00 -6.000000E+01     5  5.832877E+02 -9.203917E+01 -2.075497E+01 -5.829183E+02
  9.500000E+00 -6.000000E+01     6  8.809622E-08  1.799871E+02 -8.809622E-08  1.991182E-11
  9.500000E+00 -3.000000E+01     1  9.399001E+01  8.796084E+01  3.344415E+00  9.393049E+01
  9.500000E+00 -3.000000E+01     2  5.426518E+01 -9.203916E+01 -1.930892E+00 -5.423082E+01
  9.500000E+00 -3.000000E+01     3  6.844964E+00 -1.782312E+02 -6.841702E+00 -2.112840E-01
  9.500000E+00 -3.000000E+01     4  5.832875E+02 -9.203916E+01 -2.075491E+01 -5.829182E+02
  9.500000E+00 -3.000000E+01     5  1.010285E+03 -9.203916E+01 -3.594860E+01 -1.009645E+03
  9.500000E+00 -3.000000E+01     6  8.788152E-08  1.799870E+02 -8.788152E-08  1.991184E-11
  9.500000E+00  0.000000E+00     1  1.085302E+02  8.796083E+01  3.861799E+00  1.084615E+02
  9.500000E+00  0.000000E+00     2  0.000000E+00  9.000000E+01  0.000000E+00  0.000000E+00
  9.500000E+00  0.000000E+00     3  6.844991E+00 -1.782311E+02 -6.841729E+00 -2.112952E-01
  9.500000E+00  0.000000E+00     4  0.000000E+00  9.000000E+01  0.000000E+00  0.000000E+00
  9.500000E+00  0.000000E+00     5  1.166570E+03 -9.203918E+01 -4.150991E+01 -1.165831E+03
  9.500000E+00  0.000000E+00     6  0.000000E+00  9.000000E+01  0.000000E+00  0.000000E+00
  9.500000E+00  3.000000E+01     1  9.399001E+01  8.796084E+01  3.344415E+00  9.393049E+01
  9.500000E+00  3.000000E+01     2  5.426518E+01  8.796085E+01  1.930892E+00  5.423082E+01
  9.500000E+00  3.000000E+01     3  6.844964E+00 -1.782312E+02 -6.841702E+00 -2.112840E-01
  9.500000E+00  3.000000E+01     4  5.832875E+02  8.796084E+01  2.075491E+01  5.829182E+02
  9.500000E+00  3.000000E+01     5  1.010285E+03 -9.203916E+01 -3.594860E+01 -1.009645E+03
  9.500000E+00  3.000000E+01     6  8.788152E-08 -1.298185E-02  8.788152E-08 -1.991184E-11
  9.500000E+00  6.000000E+01     1  5.426514E+01  8.796084E+01  1.930898E+00  5.423077E+01
  9.500000E+00  6.000000E+01     2  9.398978E+01  8.796084E+01  3.344407E+00  9.393026E+01
  9.500000E+00  6.000000E+01     3  6.844947E+00 -1.782310E+02 -6.841685E+00 -2.112976E-01
  9.500000E+00  6.000000E+01     4  1.010281E+03  8.796084E+01  3.594844E+01  1.009641E+03
  9.500000E+00  6.000000E+01     5  5.832877E+02 -9.203917E+01 -2.075497E+01 -5.829183E+02
  9.500000E+00  6.000000E+01     6  8.809622E-08 -1.295019E-02  8.809622E-08 -1.991182E-11
  9.500000E+00  9.000000E+01     1  4.744008E-06 -9.203916E+01 -1.688042E-07 -4.741004E-06
  9.500000E+00  9.000000E+01     2  1.085304E+02  8.796085E+01  3.861783E+00  1.084617E+02
  9.500000E+00  9.000000E+01     3  6.844717E+00 -1.782310E+02 -6.841455E+00 -2.112954E-01
  9.500000E+00  9.000000E+01     4  1.166569E+03  8.796082E+01  4.150983E+01  1.165830E+03
  9.500000E+00  9.000000E+01     5  5.099254E-05  8.796084E+01  1.814447E-06  5.096025E-05
  9.500000E+00  9.000000E+01     6  8.903886E-15  9.000000E+01 -8.903886E-15  2.010043E-18
  9.500000E+00  1.200000E+02     1  5.426517E+01 -9.203917E+01 -1.930900E+00 -5.423081E+01
  9.500000E+00  1.200000E+02     2  9.398970E+01  8.796083E+01  3.344406E+00  9.393018E+01
  9.500000E+00  1.200000E+02     3  6.845010E+00 -1.782311E+02 -6.841748E+00 -2.112973E-01
  9.500000E+00  1.200000E+02     4  1.010281E+03  8.796084E+01  3.594844E+01  1.009642E+03
  9.500000E+00  1.200000E+02     5  5.832883E+02  8.796083E+01  2.075497E+01  5.829189E+02
  9.500000E+00  1.200000E+02     6  8.809626E-08  1.799871E+02 -8.809626E-08  1.991181E-11
  9.500000E+00  1.500000E+02     1  9.399001E+01 -9.203917E+01 -3.344415E+00 -9.393049E+01
  9.500000E+00  1.500000E+02     2  5.426519E+01  8.796085E+01  1.930892E+00  5.423083E+01
  9.500000E+00  1.500000E+02     3  6.844968E+00 -1.782312E+02 -6.841706E+00 -2.112867E-01
  9.500000E+00  1.500000E+02     4  5.832872E+02  8.796084E+01  2.075490E+01  5.829178E+02
  9.500000E+00  1.500000E+02     5  1.010285E+03  8.796084E+01  3.594862E+01  1.009645E+03
  9.500000E+00  1.500000E+02     6  8.788162E-08  1.799870E+02 -8.788162E-08  1.991182E-11
  9.500000E+00  1.800000E+02     1  1.085302E+02 -9.203917E+01 -3.861799E+00 -1.084615E+02
  9.500000E+00  1.800000E+02     2  9.488017E-06 -9.203915E+01 -3.376073E-07 -9.482009E-06
  9.500000E+00  1.800000E+02     3  6.844991E+00 -1.782311E+02 -6.841729E+00 -2.112952E-01
  9.500000E+00  1.800000E+02     4  1.019851E-04 -9.203915E+01 -3.628875E-06 -1.019205E-04
  9.500000E+00  1.800000E+02     5  1.166570E+03  8.796082E+01  4.150991E+01  1.165831E+03
  9.500000E+00  1.800000E+02     6  1.772105E-14 -9.000000E+01  1.772105E-14 -4.020088E-18
  1.000000E+01 -1.800000E+02     1  1.019236E+02 -9.160979E+01 -2.863283E+00 -1.018834E+02
  1.000000E+01 -1.800000E+02     2  8.910414E-06  8.839021E+01  2.503148E-07  8.906897E-06
  1.000000E+01 -1.800000E+02     3  4.246960E+00 -1.785605E+02 -4.245620E+00 -1.066922E-01
  1.000000E+01 -1.800000E+02     4  9.750958E-05  8.839021E+01  2.739270E-06  9.747110E-05
  1.000000E+01 -1.800000E+02     5  1.115381E+03  8.839021E+01  3.133382E+01  1.114940E+03
  1.000000E+01 -1.800000E+02     6  1.496672E-14  9.000000E+01 -1.496672E-14  2.199231E-18
  1.000000E+01 -1.500000E+02     1  8.826810E+01 -9.160980E+01 -2.479683E+00 -8.823327E+01
  1.000000E+01 -1.500000E+02     2  5.096149E+01 -9.160979E+01 -1.431635E+00 -5.094138E+01
  1.000000E+01 -1.500000E+02     3  4.247173E+00 -1.785605E+02 -4.245833E+00 -1.066927E-01
  1.000000E+01 -1.500000E+02     4  5.576895E+02 -9.160979E+01 -1.566681E+01 -5.574694E+02
  1.000000E+01 -1.500000E+02     5  9.659415E+02  8.839020E+01  2.713592E+01  9.655602E+02
  1.000000E+01 -1.500000E+02     6  7.420765E-08 -8.410496E-03  7.420765E-08 -1.089300E-11
  1.000000E+01 -1.200000E+02     1  5.096156E+01 -9.160980E+01 -1.431643E+00 -5.094144E+01
  1.000000E+01 -1.200000E+02     2  8.826812E+01 -9.160979E+01 -2.479667E+00 -8.823328E+01
  1.000000E+01 -1.200000E+02     3  4.246650E+00 -1.785603E+02 -4.245310E+00 -1.066948E-01
  1.000000E+01 -1.200000E+02     4  9.659422E+02 -9.160979E+01 -2.713581E+01 -9.655610E+02
  1.000000E+01 -1.200000E+02     5  5.576916E+02  8.839021E+01  1.566690E+01  5.574715E+02
  1.000000E+01 -1.200000E+02     6  7.436044E-08 -8.393210E-03  7.436044E-08 -1.089300E-11
  1.000000E+01 -9.000000E+01     1  4.455203E-06 -9.160980E+01 -1.251584E-07 -4.453444E-06
  1.000000E+01 -9.000000E+01     2  1.019230E+02 -9.160979E+01 -2.863271E+00 -1.018828E+02
  1.000000E+01 -9.000000E+01     3  4.247326E+00 -1.785607E+02 -4.245986E+00 -1.066833E-01
  1.000000E+01 -9.000000E+01     4  1.115378E+03 -9.160979E+01 -3.133366E+01 -1.114938E+03
  1.000000E+01 -9.000000E+01     5  4.875484E-05  8.839021E+01  1.369642E-06  4.873559E-05
  1.000000E+01 -9.000000E+01     6  7.514162E-15 -9.000000E+01  7.514162E-15 -1.099614E-18
  1.000000E+01 -6.000000E+01     1  5.096153E+01  8.839021E+01  1.431642E+00  5.094141E+01
  1.000000E+01 -6.000000E+01     2  8.826807E+01 -9.160979E+01 -2.479668E+00 -8.823324E+01
  1.000000E+01 -6.000000E+01     3  4.246718E+00 -1.785603E+02 -4.245378E+00 -1.066962E-01
  1.000000E+01 -6.000000E+01     4  9.659420E+02 -9.160979E+01 -2.713580E+01 -9.655608E+02
  1.000000E+01 -6.000000E+01     5  5.576915E+02 -9.160979E+01 -1.566689E+01 -5.574714E+02
  1.000000E+01 -6.000000E+01     6  7.436039E-08  1.799916E+02 -7.436039E-08  1.089300E-11
  1.000000E+01 -3.000000E+01     1  8.826806E+01  8.839021E+01  2.479682E+00  8.823322E+01
  1.000000E+01 -3.000000E+01     2  5.096147E+01 -9.160979E+01 -1.431636E+00 -5.094136E+01
  1.000000E+01 -3.000000E+01     3  4.247124E+00 -1.785605E+02 -4.245784E+00 -1.066901E-01
  1.000000E+01 -3.000000E+01     4  5.576896E+02 -9.160979E+01 -1.566681E+01 -5.574695E+02
  1.000000E+01 -3.000000E+01     5  9.659402E+02 -9.160981E+01 -2.713596E+01 -9.655590E+02
  1.000000E+01 -3.000000E+01     6  7.420759E-08  1.799916E+02 -7.420759E-08  1.089301E-11
  1.000000E+01  0.000000E+00     1  1.019236E+02  8.839021E+01  2.863283E+00  1.018834E+02
  1.000000E+01  0.000000E+00     2  0.000000E+00  9.000000E+01  0.000000E+00  0.000000E+00
  1.000000E+01  0.000000E+00     3  4.246960E+00 -1.785605E+02 -4.245620E+00 -1.066922E-01
  1.000000E+01  0.000000E+00     4  0.000000E+00  9.000000E+01  0.000000E+00  0.000000E+00
  1.000000E+01  0.000000E+00     5  1.115381E+03 -9.160979E+01 -3.133382E+01 -1.114940E+03
  1.000000E+01  0.000000E+00     6  0.000000E+00  9.000000E+01  0.000000E+00  0.000000E+00
  1.000000E+01  3.000000E+01     1  8.826806E+01  8.839021E+01  2.479682E+00  8.823322E+01
  1.000000E+01  3.000000E+01     2  5.096147E+01  8.839021E+01  1.431636E+00  5.094136E+01
  1.000000E+01  3.000000E+01     3  4.247124E+00 -1.785605E+02 -4.245784E+00 -1.066901E-01
  1.000000E+01  3.000000E+01     4  5.576896E+02  8.839021E+01  1.566681E+01  5.574695E+02
  1.000000E+01  3.000000E+01     5  9.659402E+02 -9.160981E+01 -2.713596E+01 -9.655590E+02
  1.000000E+01  3.000000E+01     6  7.420759E-08 -8.410506E-03  7.420759E-08 -1.089301E-11
  1.000000E+01  6.000000E+01     1  5.096153E+01  8.839021E+01  1.431642E+00  5.094141E+01
  1.000000E+01  6.000000E+01     2  8.826807E+01  8.839021E+01  2.479668E+00  8.823324E+01
  1.000000E+01  6.000000E+01     3  4.246718E+00 -1.785603E+02 -4.245378E+00 -1.066962E-01
  1.000000E+01  6.000000E+01     4  9.659420E+02  8.839021E+01  2.713580E+01  9.655608E+02
  1.000000E+01  6.000000E+01     5  5.576915E+02 -9.160979E+01 -1.566689E+01 -5.574714E+02
  1.000000E+01  6.000000E+01     6  7.436039E-08 -8.393222E-03  7.436039E-08 -1.089300E-11
  1.000000E+01  9.000000E+01     1  4.455203E-06 -9.160980E+01 -1.251584E-07 -4.453444E-06
  1.000000E+01  9.000000E+01     2  1.019230E+02  8.839021E+01  2.863271E+00  1.018828E+02
  1.000000E+01  9.000000E+01     3  4.247326E+00 -1.785607E+02 -4.245986E+00 -1.066833E-01
  1.000000E+01  9.000000E+01     4  1.115378E+03  8.839021E+01  3.133366E+01  1.114938E+03
  1.000000E+01  9.000000E+01     5  4.875484E-05  8.839021E+01  1.369642E-06  4.873559E-05
  1.000000E+01  9.000000E+01     6  7.514162E-15  9.000000E+01 -7.514162E-15  1.099614E-18
  1.000000E+01  1.200000E+02     1  5.096156E+01 -9.160980E+01 -1.431643E+00 -5.094144E+01
  1.000000E+01  1.200000E+02     2  8.826812E+01  8.839021E+01  2.479667E+00  8.823328E+01
  1.000000E+01  1.200000E+02     3  4.246650E+00 -1.785603E+02 -4.245310E+00 -1.066948E-01
  1.000000E+01  1.200000E+02     4  9.659422E+02  8.839021E+01  2.713581E+01  9.655610E+02
  1.000000E+01  1.200000E+02     5  5.576916E+02  8.839021E+01  1.566690E+01  5.574715E+02
  1.000000E+01  1.200000E+02     6  7.436044E-08  1.799916E+02 -7.436044E-08  1.089300E-11
  1.000000E+01  1.500000E+02     1  8.826810E+01 -9.160980E+01 -2.479683E+00 -8.823327E+01
  1.000000E+01  1.500000E+02     2  5.096149E+01  8.839021E+01  1.431635E+00  5.094138E+01
  1.000000E+01  1.500000E+02     3  4.247173E+00 -1.785605E+02 -4.245833E+00 -1.066927E-01
  1.000000E+01  1.500000E+02     4  5.576895E+02  8.839021E+01  1.566681E+01  5.574694E+02
  1.000000E+01  1.500000E+02     5  9.659415E+02  8.839020E+01  2.713592E+01  9.655602E+02
  1.000000E+01  1.500000E+02     6  7.420765E-08  1.799916E+02 -7.420765E-08  1.089300E-11
  1.000000E+01  1.800000E+02     1  1.019236E+02 -9.160979E+01 -2.863283E+00 -1.018834E+02
  1.000000E+01  1.800000E+02     2  8.910414E-06 -9.160979E+01 -2.503148E-07 -8.906897E-06
  1.000000E+01  1.800000E+02     3  4.246960E+00 -1.785605E+02 -4.245620E+00 -1.066922E-01
  1.000000E+01  1.800000E+02     4  9.750958E-05 -9.160979E+01 -2.739270E-06 -9.747110E-05
  1.000000E+01  1.800000E+02     5  1.115381E+03  8.839021E+01  3.133382E+01  1.114940E+03
  1.000000E+01  1.800000E+02     6  1.496672E-14 -9.000000E+01  1.496672E-14 -2.199231E-18
  1.050000E+01 -1.800000E+02     1  9.569097E+01 -9.127924E+01 -2.136308E+00 -9.566712E+01
  1.050000E+01 -1.800000E+02     2  8.365545E-06  8.872076E+01  1.867611E-07  8.363460E-06
  1.050000E+01 -1.800000E+02     3  1.421284E+00 -1.788102E+02 -1.420978E+00 -2.951198E-02
  1.050000E+01 -1.800000E+02     4  9.293432E-05  8.872076E+01  2.074762E-06  9.291116E-05
  1.050000E+01 -1.800000E+02     5  1.063042E+03  8.872076E+01  2.373256E+01  1.062778E+03
  1.050000E+01 -1.800000E+02     6  1.270761E-14  9.000000E+01 -1.270761E-14  1.229924E-18
  1.050000E+01 -1.500000E+02     1  8.287075E+01 -9.127924E+01 -1.850097E+00 -8.285010E+01
  1.050000E+01 -1.500000E+02     2  4.784549E+01 -9.127923E+01 -1.068145E+00 -4.783356E+01
  1.050000E+01 -1.500000E+02     3  1.421137E+00 -1.788102E+02 -1.420831E+00 -2.951018E-02
  1.050000E+01 -1.500000E+02     4  5.315228E+02 -9.127924E+01 -1.186623E+01 -5.313904E+02
  1.050000E+01 -1.500000E+02     5  9.206255E+02  8.872076E+01  2.055308E+01  9.203961E+02
  1.050000E+01 -1.500000E+02     6  6.299683E-08 -5.540622E-03  6.299683E-08 -6.091926E-12
  1.050000E+01 -1.200000E+02     1  4.784539E+01 -9.127924E+01 -1.068153E+00 -4.783347E+01
  1.050000E+01 -1.200000E+02     2  8.287058E+01 -9.127924E+01 -1.850090E+00 -8.284993E+01
  1.050000E+01 -1.200000E+02     3  1.421239E+00 -1.788101E+02 -1.420932E+00 -2.951413E-02
  1.050000E+01 -1.200000E+02     4  9.206240E+02 -9.127924E+01 -2.055297E+01 -9.203945E+02
  1.050000E+01 -1.200000E+02     5  5.315249E+02  8.872076E+01  1.186629E+01  5.313925E+02
  1.050000E+01 -1.200000E+02     6  6.310634E-08 -5.531003E-03  6.310634E-08 -6.091921E-12
  1.050000E+01 -9.000000E+01     1  4.182786E-06 -9.127924E+01 -9.338086E-08 -4.181743E-06
  1.050000E+01 -9.000000E+01     2  9.569086E+01 -9.127923E+01 -2.136291E+00 -9.566701E+01
  1.050000E+01 -9.000000E+01     3  1.421148E+00 -1.788100E+02 -1.420841E+00 -2.951425E-02
  1.050000E+01 -9.000000E+01     4  1.063042E+03 -9.127924E+01 -2.373249E+01 -1.062777E+03
  1.050000E+01 -9.000000E+01     5  4.646713E-05  8.872076E+01  1.037384E-06  4.645555E-05
  1.050000E+01 -9.000000E+01     6  6.375927E-15 -9.000000E+01  6.375927E-15 -6.149619E-19
  1.050000E+01 -6.000000E+01     1  4.784538E+01  8.872076E+01  1.068152E+00  4.783345E+01
  1.050000E+01 -6.000000E+01     2  8.287063E+01 -9.127924E+01 -1.850091E+00 -8.284998E+01
  1.050000E+01 -6.000000E+01     3  1.421271E+00 -1.788103E+02 -1.420964E+00 -2.951057E-02
  1.050000E+01 -6.000000E+01     4  9.206245E+02 -9.127924E+01 -2.055297E+01 -9.203950E+02
  1.050000E+01 -6.000000E+01     5  5.315247E+02 -9.127924E+01 -1.186629E+01 -5.313922E+02
  1.050000E+01 -6.000000E+01     6  6.310636E-08  1.799945E+02 -6.310636E-08  6.091922E-12
  1.050000E+01 -3.000000E+01     1  8.287071E+01  8.872076E+01  1.850098E+00  8.285006E+01
  1.050000E+01 -3.000000E+01     2  4.784550E+01 -9.127923E+01 -1.068146E+00 -4.783358E+01
  1.050000E+01 -3.000000E+01     3  1.421153E+00 -1.788101E+02 -1.420847E+00 -2.951138E-02
  1.050000E+01 -3.000000E+01     4  5.315233E+02 -9.127923E+01 -1.186623E+01 -5.313909E+02
  1.050000E+01 -3.000000E+01     5  9.206256E+02 -9.127924E+01 -2.055310E+01 -9.203962E+02
  1.050000E+01 -3.000000E+01     6  6.299684E-08  1.799945E+02 -6.299684E-08  6.091920E-12
  1.050000E+01  0.000000E+00     1  9.569097E+01  8.872076E+01  2.136308E+00  9.566712E+01
  1.050000E+01  0.000000E+00     2  0.000000E+00  9.000000E+01  0.000000E+00  0.000000E+00
  1.050000E+01  0.000000E+00     3  1.421284E+00 -1.788102E+02 -1.420978E+00 -2.951198E-02
  1.050000E+01  0.000000E+00     4  0.000000E+00  9.000000E+01  0.000000E+00  0.000000E+00
  1.050000E+01  0.000000E+00     5  1.063042E+03 -9.127924E+01 -2.373256E+01 -1.062778E+03
  1.050000E+01  0.000000E+00     6  0.000000E+00  9.000000E+01  0.000000E+00  0.000000E+00
  1.050000E+01  3.000000E+01     1  8.287071E+01  8.872076E+01  1.850098E+00  8.285006E+01
  1.050000E+01  3.000000E+01     2  4.784550E+01  8.872077E+01  1.068146E+00  4.783358E+01
  1.050000E+01  3.000000E+01     3  1.421153E+00 -1.788101E+02 -1.420847E+00 -2.951138E-02
  1.050000E+01  3.000000E+01     4  5.315233E+02  8.872077E+01  1.186623E+01  5.313909E+02
  1.050000E+01  3.000000E+01     5  9.206256E+02 -9.127924E+01 -2.055310E+01 -9.203962E+02
  1.050000E+01  3.000000E+01     6  6.299684E-08 -5.540616E-03  6.299684E-08 -6.091920E-12
  1.050000E+01  6.000000E+01     1  4.784538E+01  8.872076E+01  1.068152E+00  4.783345E+01
  1.050000E+01  6.000000E+01     2  8.287063E+01  8.872076E+01  1.850091E+00  8.284998E+01
  1.050000E+01  6.000000E+01     3  1.421271E+00 -1.788103E+02 -1.420964E+00 -2.951057E-02
  1.050000E+01  6.000000E+01     4  9.206245E+02  8.872076E+01  2.055297E+01  9.203950E+02
  1.050000E+01  6.000000E+01     5  5.315247E+02 -9.127924E+01 -1.186629E+01 -5.313922E+02
  1.050000E+01  6.000000E+01     6  6.310636E-08 -5.531002E-03  6.310636E-08 -6.091922E-12
  1.050000E+01  9.000000E+01     1  4.182786E-06 -9.127924E+01 -9.338086E-08 -4.181743E-06
  1.050000E+01  9.000000E+01     2  9.569086E+01  8.872077E+01  2.136291E+00  9.566701E+01
  1.050000E+01  9.000000E+01     3  1.421148E+00 -1.788100E+02 -1.420841E+00 -2.951425E-02
  1.050000E+01  9.000000E+01     4  1.063042E+03  8.872076E+01  2.373249E+01  1.062777E+03
  1.050000E+01  9.000000E+01     5  4.646713E-05  8.872076E+01  1.037384E-06  4.645555E-05
  1.050000E+01  9.000000E+01     6  6.375927E-15  9.000000E+01 -6.375927E-15  6.149619E-19
  1.050000E+01  1.200000E+02     1  4.784539E+01 -9.127924E+01 -1.068153E+00 -4.783347E+01
  1.050000E+01  1.200000E+02     2  8.287058E+01  8.872076E+01  1.850090E+00  8.284993E+01
  1.050000E+01  1.200000E+02     3  1.421239E+00 -1.788101E+02 -1.420932E+00 -2.951413E-02
  1.050000E+01  1.200000E+02     4  9.206240E+02  8.872076E+01  2.055297E+01  9.203945E+02
  1.050000E+01  1.200000E+02     5  5.315249E+02  8.872076E+01  1.186629E+01  5.313925E+02
  1.050000E+01  1.200000E+02     6  6.310634E-08  1.799945E+02 -6.310634E-08  6.091921E-12
  1.050000E+01  1.500000E+02     1  8.287075E+01 -9.127924E+01 -1.850097E+00 -8.285010E+01
  1.050000E+01  1.500000E+02     2  4.784549E+01  8.872077E+01  1.068145E+00  4.783356E+01
  1.050000E+01  1.500000E+02     3  1.421137E+00 -1.788102E+02 -1.420831E+00 -2.951018E-02
  1.050000E+01  1.500000E+02     4  5.315228E+02  8.872077E+01  1.186623E+01  5.313904E+02
  1.050000E+01  1.500000E+02     5  9.206255E+02  8.872076E+01  2.055308E+01  9.203961E+02
  1.050000E+01  1.500000E+02     6  6.299683E-08  1.799945E+02 -6.299683E-08  6.091926E-12
  1.050000E+01  1.800000E+02     1  9.569097E+01 -9.127924E+01 -2.136308E+00 -9.566712E+01
  1.050000E+01  1.800000E+02     2  8.365545E-06 -9.127924E+01 -1.867611E-07 -8.363460E-06
  1.050000E+01  1.800000E+02     3  1.421284E+00 -1.788102E+02 -1.420978E+00 -2.951198E-02
  1.050000E+01  1.800000E+02     4  9.293432E-05 -9.127924E+01 -2.074762E-06 -9.291116E-05
  1.050000E+01  1.800000E+02     5  1.063042E+03  8.872076E+01  2.373256E+01  1.062778E+03
  1.050000E+01  1.800000E+02     6  1.270761E-14 -9.000000E+01  1.270761E-14 -1.229924E-18
  1.100000E+01 -1.800000E+02     1  8.985878E+01 -9.102305E+01 -1.604396E+00 -8.984446E+01
  1.100000E+01 -1.800000E+02     2  7.855702E-06  8.897696E+01  1.402600E-07  7.854450E-06
  1.100000E+01 -1.800000E+02     3  1.545032E+00  9.973806E-01  1.544798E+00  2.689390E-02
  1.100000E+01 -1.800000E+02     4  8.838856E-05  8.897696E+01  1.578139E-06  8.837447E-05
  1.100000E+01 -1.800000E+02     5  1.011044E+03  8.897694E+01  1.805197E+01  1.010883E+03
  1.100000E+01 -1.800000E+02     6  1.084552E-14  9.000000E+01 -1.084552E-14  7.020902E-19
  1.100000E+01 -1.500000E+02     1  7.781973E+01 -9.102306E+01 -1.389450E+00 -7.780733E+01
  1.100000E+01 -1.500000E+02     2  4.492934E+01 -9.102305E+01 -8.021969E-01 -4.492218E+01
  1.100000E+01 -1.500000E+02     3  1.544708E+00  9.977323E-01  1.544473E+00  2.689774E-02
  1.100000E+01 -1.500000E+02     4  5.055240E+02 -9.102305E+01 -9.025950E+00 -5.054434E+02
  1.100000E+01 -1.500000E+02     5  8.755916E+02  8.897696E+01  1.563332E+01  8.754520E+02
  1.100000E+01 -1.500000E+02     6  5.375858E-08 -3.706334E-03  5.375858E-08 -3.477521E-12
  1.100000E+01 -1.200000E+02     1  4.492934E+01 -9.102305E+01 -8.021980E-01 -4.492218E+01
  1.100000E+01 -1.200000E+02     2  7.781986E+01 -9.102305E+01 -1.389445E+00 -7.780746E+01
  1.100000E+01 -1.200000E+02     3  1.544954E+00  9.974238E-01  1.544720E+00  2.689371E-02
  1.100000E+01 -1.200000E+02     4  8.755918E+02 -9.102305E+01 -1.563335E+01 -8.754522E+02
  1.100000E+01 -1.200000E+02     5  5.055241E+02  8.897694E+01  9.025989E+00  5.054435E+02
  1.100000E+01 -1.200000E+02     6  5.383813E-08 -3.700856E-03  5.383813E-08 -3.477519E-12
  1.100000E+01 -9.000000E+01     1  3.927842E-06 -9.102305E+01 -7.013031E-08 -3.927215E-06
  1.100000E+01 -9.000000E+01     2  8.985830E+01 -9.102306E+01 -1.604393E+00 -8.984398E+01
  1.100000E+01 -9.000000E+01     3  1.544927E+00  9.974554E-01  1.544693E+00  2.689410E-02
  1.100000E+01 -9.000000E+01     4  1.011052E+03 -9.102305E+01 -1.805191E+01 -1.010891E+03
  1.100000E+01 -9.000000E+01     5  4.419427E-05  8.897695E+01  7.890724E-07  4.418723E-05
  1.100000E+01 -9.000000E+01     6  5.438827E-15 -9.000000E+01  5.438827E-15 -3.510453E-19
  1.100000E+01 -6.000000E+01     1  4.492935E+01  8.897695E+01  8.021975E-01  4.492219E+01
  1.100000E+01 -6.000000E+01     2  7.781990E+01 -9.102305E+01 -1.389445E+00 -7.780750E+01
  1.100000E+01 -6.000000E+01     3  1.545006E+00  9.973425E-01  1.544772E+00  2.689242E-02
  1.100000E+01 -6.000000E+01     4  8.755925E+02 -9.102305E+01 -1.563334E+01 -8.754529E+02
  1.100000E+01 -6.000000E+01     5  5.055240E+02 -9.102306E+01 -9.025993E+00 -5.054435E+02
  1.100000E+01 -6.000000E+01     6  5.383809E-08  1.799963E+02 -5.383809E-08  3.477516E-12
  1.100000E+01 -3.000000E+01     1  7.781976E+01  8.897694E+01  1.389450E+00  7.780736E+01
  1.100000E+01 -3.000000E+01     2  4.492937E+01 -9.102305E+01 -8.021966E-01 -4.492221E+01
  1.100000E+01 -3.000000E+01     3  1.544739E+00  9.977310E-01  1.544505E+00  2.689826E-02
  1.100000E+01 -3.000000E+01     4  5.055238E+02 -9.102305E+01 -9.025951E+00 -5.054432E+02
  1.100000E+01 -3.000000E+01     5  8.755917E+02 -9.102305E+01 -1.563332E+01 -8.754521E+02
  1.100000E+01 -3.000000E+01     6  5.375855E-08  1.799963E+02 -5.375855E-08  3.477519E-12
  1.100000E+01  0.000000E+00     1  8.985878E+01  8.897695E+01  1.604396E+00  8.984446E+01
  1.100000E+01  0.000000E+00     2  0.000000E+00  9.000000E+01  0.000000E+00  0.000000E+00
  1.100000E+01  0.000000E+00     3  1.545032E+00  9.973806E-01  1.544798E+00  2.689390E-02
  1.100000E+01  0.000000E+00     4  0.000000E+00  9.000000E+01  0.000000E+00  0.000000E+00
  1.100000E+01  0.000000E+00     5  1.011044E+03 -9.102306E+01 -1.805197E+01 -1.010883E+03
  1.100000E+01  0.000000E+00     6  0.000000E+00  9.000000E+01  0.000000E+00  0.000000E+00
  1.100000E+01  3.000000E+01     1  7.781976E+01  8.897694E+01  1.389450E+00  7.780736E+01
  1.100000E+01  3.000000E+01     2  4.492937E+01  8.897695E+01  8.021966E-01  4.492221E+01
  1.100000E+01  3.000000E+01     3  1.544739E+00  9.977310E-01  1.544505E+00  2.689826E-02
  1.100000E+01  3.000000E+01     4  5.055238E+02  8.897695E+01  9.025951E+00  5.054432E+02
  1.100000E+01  3.000000E+01     5  8.755917E+02 -9.102305E+01 -1.563332E+01 -8.754521E+02
  1.100000E+01  3.000000E+01     6  5.375855E-08 -3.706334E-03  5.375855E-08 -3.477519E-12
  1.100000E+01  6.000000E+01     1  4.492935E+01  8.897695E+01  8.021975E-01  4.492219E+01
  1.100000E+01  6.000000E+01     2  7.781990E+01  8.897695E+01  1.389445E+00  7.780750E+01
  1.100000E+01  6.000000E+01     3  1.545006E+00  9.973425E-01  1.544772E+00  2.689242E-02
  1.100000E+01  6.000000E+01     4  8.755925E+02  8.897696E+01  1.563334E+01  8.754529E+02
  1.100000E+01  6.000000E+01     5  5.055240E+02 -9.102306E+01 -9.025993E+00 -5.054435E+02
  1.100000E+01  6.000000E+01     6  5.383809E-08 -3.700856E-03  5.383809E-08 -3.477516E-12
  1.100000E+01  9.000000E+01     1  3.927842E-06 -9.102305E+01 -7.013031E-08 -3.927215E-06
  1.100000E+01  9.000000E+01     2  8.985830E+01  8.897695E+01  1.604393E+00  8.984398E+01
  1.100000E+01  9.000000E+01     3  1.544927E+00  9.974554E-01  1.544693E+00  2.689410E-02
  1.100000E+01  9.000000E+01     4  1.011052E+03  8.897696E+01  1.805191E+01  1.010891E+03
  1.100000E+01  9.000000E+01     5  4.419427E-05  8.897695E+01  7.890724E-07  4.418723E-05
  1.100000E+01  9.000000E+01     6  5.438827E-15  9.000000E+01 -5.438827E-15  3.510453E-19
  1.100000E+01  1.200000E+02     1  4.492934E+01 -9.102305E+01 -8.021980E-01 -4.492218E+01
  1.100000E+01  1.200000E+02     2  7.781986E+01  8.897695E+01  1.389445E+00  7.780746E+01
  1.100000E+01  1.200000E+02     3  1.544954E+00  9.974238E-01  1.544720E+00  2.689371E-02
  1.100000E+01  1.200000E+02     4  8.755918E+02  8.897695E+01  1.563335E+01  8.754522E+02
  1.100000E+01  1.200000E+02     5  5.055241E+02  8.897694E+01  9.025989E+00  5.054435E+02
  1.100000E+01  1.200000E+02     6  5.383813E-08  1.799963E+02 -5.383813E-08  3.477519E-12
  1.100000E+01  1.500000E+02     1  7.781973E+01 -9.102306E+01 -1.389450E+00 -7.780733E+01
  1.100000E+01  1.500000E+02     2  4.492934E+01  8.897695E+01  8.021969E-01  4.492218E+01
  1.100000E+01  1.500000E+02     3  1.544708E+00  9.977323E-01  1.544473E+00  2.689774E-02
  1.100000E+01  1.500000E+02     4  5.055240E+02  8.897695E+01  9.025950E+00  5.054434E+02
  1.100000E+01  1.500000E+02     5  8.755916E+02  8.897696E+01  1.563332E+01  8.754520E+02
  1.100000E+01  1.500000E+02     6  5.375858E-08  1.799963E+02 -5.375858E-08  3.477521E-12
  1.100000E+01  1.800000E+02     1  8.985878E+01 -9.102305E+01 -1.604396E+00 -8.984446E+01
  1.100000E+01  1.800000E+02     2  7.855702E-06 -9.102304E+01 -1.402600E-07 -7.854450E-06
  1.100000E+01  1.800000E+02     3  1.545032E+00  9.973806E-01  1.544798E+00  2.689390E-02
  1.100000E+01  1.800000E+02     4  8.838856E-05 -9.102305E+01 -1.578139E-06 -8.837447E-05
  1.100000E+01  1.800000E+02     5  1.011044E+03  8.897694E+01  1.805197E+01  1.010883E+03
  1.100000E+01  1.800000E+02     6  1.084552E-14 -9.000000E+01  1.084552E-14 -7.020902E-19
  1.150000E+01 -1.800000E+02     1  8.443076E+01 -9.082317E+01 -1.212972E+00 -8.442204E+01
  1.150000E+01 -1.800000E+02     2  7.381155E-06  8.917684E+01  1.060403E-07  7.380393E-06
  1.150000E+01 -1.800000E+02     3  4.578744E+00  8.474429E-01  4.578244E+00  6.772023E-02
  1.150000E+01 -1.800000E+02     4  8.395713E-05  8.917683E+01  1.206161E-06  8.394846E-05
  1.150000E+01 -1.800000E+02     5  9.603610E+02  8.917684E+01  1.379687E+01  9.602619E+02
  1.150000E+01 -1.800000E+02     6  9.303210E-15  9.000000E+01 -9.303210E-15  4.085711E-19
  1.150000E+01 -1.500000E+02     1  7.311930E+01 -9.082317E+01 -1.050463E+00 -7.311176E+01
  1.150000E+01 -1.500000E+02     2  4.221532E+01 -9.082317E+01 -6.064804E-01 -4.221097E+01
  1.150000E+01 -1.500000E+02     3  4.578754E+00  8.474984E-01  4.578253E+00  6.772480E-02
  1.150000E+01 -1.500000E+02     4  4.801800E+02 -9.082316E+01 -6.898396E+00 -4.801305E+02
  1.150000E+01 -1.500000E+02     5  8.316958E+02  8.917683E+01  1.194847E+01  8.316100E+02
  1.150000E+01 -1.500000E+02     6  4.610881E-08 -2.514672E-03  4.610881E-08 -2.023684E-12
  1.150000E+01 -1.200000E+02     1  4.221543E+01 -9.082317E+01 -6.064857E-01 -4.221107E+01
  1.150000E+01 -1.200000E+02     2  7.311902E+01 -9.082316E+01 -1.050454E+00 -7.311147E+01
  1.150000E+01 -1.200000E+02     3  4.579472E+00  8.472995E-01  4.578971E+00  6.771952E-02
  1.150000E+01 -1.200000E+02     4  8.316962E+02 -9.082317E+01 -1.194845E+01 -8.316104E+02
  1.150000E+01 -1.200000E+02     5  4.801800E+02  8.917684E+01  6.898445E+00  4.801305E+02
  1.150000E+01 -1.200000E+02     6  4.616728E-08 -2.511484E-03  4.616728E-08 -2.023681E-12
  1.150000E+01 -9.000000E+01     1  3.690586E-06 -9.082316E+01 -5.302027E-08 -3.690206E-06
  1.150000E+01 -9.000000E+01     2  8.443057E+01 -9.082317E+01 -1.212961E+00 -8.442186E+01
  1.150000E+01 -9.000000E+01     3  4.579363E+00  8.473318E-01  4.578862E+00  6.772050E-02
  1.150000E+01 -9.000000E+01     4  9.603578E+02 -9.082316E+01 -1.379680E+01 -9.602587E+02
  1.150000E+01 -9.000000E+01     5  4.197855E-05  8.917683E+01  6.030834E-07  4.197422E-05
  1.150000E+01 -9.000000E+01     6  4.663401E-15 -9.000000E+01  4.663401E-15 -2.042857E-19
  1.150000E+01 -6.000000E+01     1  4.221545E+01  8.917683E+01  6.064856E-01  4.221109E+01
  1.150000E+01 -6.000000E+01     2  7.311900E+01 -9.082316E+01 -1.050453E+00 -7.311146E+01
  1.150000E+01 -6.000000E+01     3  4.579254E+00  8.473227E-01  4.578753E+00  6.771815E-02
  1.150000E+01 -6.000000E+01     4  8.316963E+02 -9.082317E+01 -1.194845E+01 -8.316105E+02
  1.150000E+01 -6.000000E+01     5  4.801795E+02 -9.082317E+01 -6.898439E+00 -4.801299E+02
  1.150000E+01 -6.000000E+01     6  4.616724E-08  1.799975E+02 -4.616724E-08  2.023680E-12
  1.150000E+01 -3.000000E+01     1  7.311930E+01  8.917683E+01  1.050464E+00  7.311176E+01
  1.150000E+01 -3.000000E+01     2  4.221533E+01 -9.082316E+01 -6.064804E-01 -4.221098E+01
  1.150000E+01 -3.000000E+01     3  4.578754E+00  8.474984E-01  4.578253E+00  6.772480E-02
  1.150000E+01 -3.000000E+01     4  4.801800E+02 -9.082316E+01 -6.898395E+00 -4.801305E+02
  1.150000E+01 -3.000000E+01     5  8.316960E+02 -9.082317E+01 -1.194847E+01 -8.316102E+02
  1.150000E+01 -3.000000E+01     6  4.610881E-08  1.799975E+02 -4.610881E-08  2.023681E-12
  1.150000E+01  0.000000E+00     1  8.443076E+01  8.917683E+01  1.212972E+00  8.442204E+01
  1.150000E+01  0.000000E+00     2  0.000000E+00  9.000000E+01  0.000000E+00  0.000000E+00
  1.150000E+01  0.000000E+00     3  4.578744E+00  8.474429E-01  4.578244E+00  6.772023E-02
  1.150000E+01  0.000000E+00     4  0.000000E+00  9.000000E+01  0.000000E+00  0.000000E+00
  1.150000E+01  0.000000E+00     5  9.603610E+02 -9.082316E+01 -1.379687E+01 -9.602619E+02
  1.150000E+01  0.000000E+00     6  0.000000E+00  9.000000E+01  0.000000E+00  0.000000E+00
  1.150000E+01  3.000000E+01     1  7.311930E+01  8.917683E+01  1.050464E+00  7.311176E+01
  1.150000E+01  3.000000E+01     2  4.221533E+01  8.917684E+01  6.064804E-01  4.221098E+01
  1.150000E+01  3.000000E+01     3  4.578754E+00  8.474984E-01  4.578253E+00  6.772480E-02
  1.150000E+01  3.000000E+01     4  4.801800E+02  8.917685E+01  6.898395E+00  4.801305E+02
  1.150000E+01  3.000000E+01     5  8.316960E+02 -9.082317E+01 -1.194847E+01 -8.316102E+02
  1.150000E+01  3.000000E+01     6  4.610881E-08 -2.514669E-03  4.610881E-08 -2.023681E-12
  1.150000E+01  6.000000E+01     1  4.221545E+01  8.917683E+01  6.064856E-01  4.221109E+01
  1.150000E+01  6.000000E+01     2  7.311900E+01  8.917684E+01  1.050453E+00  7.311146E+01
  1.150000E+01  6.000000E+01     3  4.579254E+00  8.473227E-01  4.578753E+00  6.771815E-02
  1.150000E+01  6.000000E+01     4  8.316963E+02  8.917684E+01  1.194845E+01  8.316105E+02
  1.150000E+01  6.000000E+01     5  4.801795E+02 -9.082317E+01 -6.898439E+00 -4.801299E+02
  1.150000E+01  6.000000E+01     6  4.616724E-08 -2.511485E-03  4.616724E-08 -2.023680E-12
  1.150000E+01  9.000000E+01     1  3.690586E-06 -9.082316E+01 -5.302027E-08 -3.690206E-06
  1.150000E+01  9.000000E+01     2  8.443057E+01  8.917684E+01  1.212961E+00  8.442186E+01
  1.150000E+01  9.000000E+01     3  4.579363E+00  8.473318E-01  4.578862E+00  6.772050E-02
  1.150000E+01  9.000000E+01     4  9.603578E+02  8.917684E+01  1.379680E+01  9.602587E+02
  1.150000E+01  9.000000E+01     5  4.197855E-05  8.917683E+01  6.030834E-07  4.197422E-05
  1.150000E+01  9.000000E+01     6  4.663401E-15  9.000000E+01 -4.663401E-15  2.042857E-19
  1.150000E+01  1.200000E+02     1  4.221543E+01 -9.082317E+01 -6.064857E-01 -4.221107E+01
  1.150000E+01  1.200000E+02     2  7.311902E+01  8.917684E+01  1.050454E+00  7.311147E+01
  1.150000E+01  1.200000E+02     3  4.579472E+00  8.472995E-01  4.578971E+00  6.771952E-02
  1.150000E+01  1.200000E+02     4  8.316962E+02  8.917684E+01  1.194845E+01  8.316104E+02
  1.150000E+01  1.200000E+02     5  4.801800E+02  8.917684E+01  6.898445E+00  4.801305E+02
  1.150000E+01  1.200000E+02     6  4.616728E-08  1.799975E+02 -4.616728E-08  2.023681E-12
  1.150000E+01  1.500000E+02     1  7.311930E+01 -9.082317E+01 -1.050463E+00 -7.311176E+01
  1.150000E+01  1.500000E+02     2  4.221532E+01  8.917684E+01  6.064804E-01  4.221097E+01
  1.150000E+01  1.500000E+02     3  4.578754E+00  8.474984E-01  4.578253E+00  6.772480E-02
  1.150000E+01  1.500000E+02     4  4.801800E+02  8.917684E+01  6.898396E+00  4.801305E+02
  1.150000E+01  1.500000E+02     5  8.316958E+02  8.917683E+01  1.194847E+01  8.316100E+02
  1.150000E+01  1.500000E+02     6  4.610881E-08  1.799975E+02 -4.610881E-08  2.023684E-12
  1.150000E+01  1.800000E+02     1  8.443076E+01 -9.082317E+01 -1.212972E+00 -8.442204E+01
  1.150000E+01  1.800000E+02     2  7.381155E-06 -9.082317E+01 -1.060403E-07 -7.380393E-06
  1.150000E+01  1.800000E+02     3  4.578744E+00  8.474429E-01  4.578244E+00  6.772023E-02
  1.150000E+01  1.800000E+02     4  8.395713E-05 -9.082317E+01 -1.206161E-06 -8.394846E-05
  1.150000E+01  1.800000E+02     5  9.603610E+02  8.917684E+01  1.379687E+01  9.602619E+02
  1.150000E+01  1.800000E+02     6  9.303210E-15 -9.000000E+01  9.303210E-15 -4.085711E-19
  1.200000E+01 -1.800000E+02     1  7.939830E+01 -9.066618E+01 -9.231403E-01 -7.939294E+01
  1.200000E+01 -1.800000E+02     2  6.941218E-06  8.933382E+01  8.070319E-08  6.940749E-06
  1.200000E+01 -1.800000E+02     3  7.625268E+00  7.280681E-01  7.624652E+00  9.689307E-02
  1.200000E+01 -1.800000E+02     4  7.969542E-05  8.933382E+01  9.265885E-07  7.969003E-05
  1.200000E+01 -1.800000E+02     5  9.116110E+02  8.933382E+01  1.059906E+01  9.115493E+02
  1.200000E+01 -1.800000E+02     6  8.019930E-15  9.000000E+01 -8.019930E-15  2.421127E-19
  1.200000E+01 -1.500000E+02     1  6.876094E+01 -9.066618E+01 -7.994607E-01 -6.875629E+01
  1.200000E+01 -1.500000E+02     2  3.969915E+01 -9.066618E+01 -4.615675E-01 -3.969647E+01
  1.200000E+01 -1.500000E+02     3  7.625214E+00  7.280727E-01  7.624599E+00  9.689302E-02
  1.200000E+01 -1.500000E+02     4  4.558050E+02 -9.066618E+01 -5.299510E+00 -4.557742E+02
  1.200000E+01 -1.500000E+02     5  7.894766E+02  8.933382E+01  9.179005E+00  7.894233E+02
  1.200000E+01 -1.500000E+02     6  3.974523E-08 -1.728747E-03  3.974523E-08 -1.199206E-12
  1.200000E+01 -1.200000E+02     1  3.969917E+01 -9.066618E+01 -4.615700E-01 -3.969648E+01
  1.200000E+01 -1.200000E+02     2  6.876070E+01 -9.066618E+01 -7.994604E-01 -6.875606E+01
  1.200000E+01 -1.200000E+02     3  7.625034E+00  7.280859E-01  7.624419E+00  9.689249E-02
  1.200000E+01 -1.200000E+02     4  7.894749E+02 -9.066618E+01 -9.178999E+00 -7.894215E+02
  1.200000E+01 -1.200000E+02     5  4.558041E+02  8.933382E+01  5.299523E+00  4.557733E+02
  1.200000E+01 -1.200000E+02     6  3.978849E-08 -1.726868E-03  3.978849E-08 -1.199206E-12
  1.200000E+01 -9.000000E+01     1  3.470618E-06 -9.066618E+01 -4.035164E-08 -3.470384E-06
  1.200000E+01 -9.000000E+01     2  7.939828E+01 -9.066618E+01 -9.231358E-01 -7.939292E+01
  1.200000E+01 -9.000000E+01     3  7.625037E+00  7.280849E-01  7.624421E+00  9.689238E-02
  1.200000E+01 -9.000000E+01     4  9.116070E+02 -9.066618E+01 -1.059902E+01 -9.115453E+02
  1.200000E+01 -9.000000E+01     5  3.984769E-05  8.933382E+01  4.632941E-07  3.984500E-05
  1.200000E+01 -9.000000E+01     6  4.018725E-15 -9.000000E+01  4.018725E-15 -1.210565E-19
  1.200000E+01 -6.000000E+01     1  3.969913E+01  8.933382E+01  4.615702E-01  3.969645E+01
  1.200000E+01 -6.000000E+01     2  6.876074E+01 -9.066618E+01 -7.994606E-01 -6.875610E+01
  1.200000E+01 -6.000000E+01     3  7.625093E+00  7.280679E-01  7.624477E+00  9.689083E-02
  1.200000E+01 -6.000000E+01     4  7.894758E+02 -9.066618E+01 -9.178999E+00 -7.894224E+02
  1.200000E+01 -6.000000E+01     5  4.558041E+02 -9.066618E+01 -5.299521E+00 -4.557733E+02
  1.200000E+01 -6.000000E+01     6  3.978853E-08  1.799983E+02 -3.978853E-08  1.199207E-12
  1.200000E+01 -3.000000E+01     1  6.876096E+01  8.933382E+01  7.994611E-01  6.875632E+01
  1.200000E+01 -3.000000E+01     2  3.969915E+01 -9.066618E+01 -4.615677E-01 -3.969647E+01
  1.200000E+01 -3.000000E+01     3  7.625214E+00  7.280727E-01  7.624599E+00  9.689302E-02
  1.200000E+01 -3.000000E+01     4  4.558045E+02 -9.066618E+01 -5.299507E+00 -4.557737E+02
  1.200000E+01 -3.000000E+01     5  7.894763E+02 -9.066618E+01 -9.179004E+00 -7.894230E+02
  1.200000E+01 -3.000000E+01     6  3.974526E-08  1.799983E+02 -3.974526E-08  1.199206E-12
  1.200000E+01  0.000000E+00     1  7.939830E+01  8.933382E+01  9.231403E-01  7.939294E+01
  1.200000E+01  0.000000E+00     2  0.000000E+00  9.000000E+01  0.000000E+00  0.000000E+00
  1.200000E+01  0.000000E+00     3  7.625268E+00  7.280681E-01  7.624652E+00  9.689307E-02
  1.200000E+01  0.000000E+00     4  0.000000E+00  9.000000E+01  0.000000E+00  0.000000E+00
  1.200000E+01  0.000000E+00     5  9.116110E+02 -9.066618E+01 -1.059906E+01 -9.115493E+02
  1.200000E+01  0.000000E+00     6  0.000000E+00  9.000000E+01  0.000000E+00  0.000000E+00
  1.200000E+01  3.000000E+01     1  6.876096E+01  8.933382E+01  7.994611E-01  6.875632E+01
  1.200000E+01  3.000000E+01     2  3.969915E+01  8.933382E+01  4.615677E-01  3.969647E+01
  1.200000E+01  3.000000E+01     3  7.625214E+00  7.280727E-01  7.624599E+00  9.689302E-02
  1.200000E+01  3.000000E+01     4  4.558045E+02  8.933382E+01  5.299507E+00  4.557737E+02
  1.200000E+01  3.000000E+01     5  7.894763E+02 -9.066618E+01 -9.179004E+00 -7.894230E+02
  1.200000E+01  3.000000E+01     6  3.974526E-08 -1.728745E-03  3.974526E-08 -1.199206E-12
  1.200000E+01  6.000000E+01     1  3.969913E+01  8.933382E+01  4.615702E-01  3.969645E+01
  1.200000E+01  6.000000E+01     2  6.876074E+01  8.933382E+01  7.994606E-01  6.875610E+01
  1.200000E+01  6.000000E+01     3  7.625093E+00  7.280679E-01  7.624477E+00  9.689083E-02
  1.200000E+01  6.000000E+01     4  7.894758E+02  8.933382E+01  9.178999E+00  7.894224E+02
  1.200000E+01  6.000000E+01     5  4.558041E+02 -9.066618E+01 -5.299521E+00 -4.557733E+02
  1.200000E+01  6.000000E+01     6  3.978853E-08 -1.726867E-03  3.978853E-08 -1.199207E-12
  1.200000E+01  9.000000E+01     1  3.470618E-06 -9.066618E+01 -4.035164E-08 -3.470384E-06
  1.200000E+01  9.000000E+01     2  7.939828E+01  8.933382E+01  9.231358E-01  7.939292E+01
  1.200000E+01  9.000000E+01     3  7.625037E+00  7.280849E-01  7.624421E+00  9.689238E-02
  1.200000E+01  9.000000E+01     4  9.116070E+02  8.933382E+01  1.059902E+01  9.115453E+02
  1.200000E+01  9.000000E+01     5  3.984769E-05  8.933382E+01  4.632941E-07  3.984500E-05
  1.200000E+01  9.000000E+01     6  4.018725E-15  9.000000E+01 -4.018725E-15  1.210565E-19
  1.200000E+01  1.200000E+02     1  3.969917E+01 -9.066618E+01 -4.615700E-01 -3.969648E+01
  1.200000E+01  1.200000E+02     2  6.876070E+01  8.933382E+01  7.994604E-01  6.875606E+01
  1.200000E+01  1.200000E+02     3  7.625034E+00  7.280859E-01  7.624419E+00  9.689249E-02
  1.200000E+01  1.200000E+02     4  7.894749E+02  8.933382E+01  9.178999E+00  7.894215E+02
  1.200000E+01  1.200000E+02     5  4.558041E+02  8.933382E+01  5.299523E+00  4.557733E+02
  1.200000E+01  1.200000E+02     6  3.978849E-08  1.799983E+02 -3.978849E-08  1.199206E-12
  1.200000E+01  1.500000E+02     1  6.876094E+01 -9.066618E+01 -7.994607E-01 -6.875629E+01
  1.200000E+01  1.500000E+02     2  3.969915E+01  8.933382E+01  4.615675E-01  3.969647E+01
  1.200000E+01  1.500000E+02     3  7.625214E+00  7.280727E-01  7.624599E+00  9.689302E-02
  1.200000E+01  1.500000E+02     4  4.558050E+02  8.933382E+01  5.299510E+00  4.557742E+02
  1.200000E+01  1.500000E+02     5  7.894766E+02  8.933382E+01  9.179005E+00  7.894233E+02
  1.200000E+01  1.500000E+02     6  3.974523E-08  1.799983E+02 -3.974523E-08  1.199206E-12
  1.200000E+01  1.800000E+02     1  7.939830E+01 -9.066618E+01 -9.231403E-01 -7.939294E+01
  1.200000E+01  1.800000E+02     2  6.941218E-06 -9.066618E+01 -8.070319E-08 -6.940749E-06
  1.200000E+01  1.800000E+02     3  7.625268E+00  7.280681E-01  7.624652E+00  9.689307E-02
  1.200000E+01  1.800000E+02     4  7.969542E-05 -9.066618E+01 -9.265885E-07 -7.969003E-05
  1.200000E+01  1.800000E+02     5  9.116110E+02  8.933382E+01  1.059906E+01  9.115493E+02
  1.200000E+01  1.800000E+02     6  8.019930E-15 -9.000000E+01  8.019930E-15 -2.421127E-19
  1.250000E+01 -1.800000E+02     1  7.474643E+01 -9.054211E+01 -7.072107E-01 -7.474308E+01
  1.250000E+01 -1.800000E+02     2  6.534533E-06  8.945790E+01  6.182579E-08  6.534241E-06
  1.250000E+01 -1.800000E+02     3  1.064567E+01  6.323745E-01  1.064502E+01  1.174941E-01
  1.250000E+01 -1.800000E+02     4  7.563747E-05  8.945789E+01  7.156380E-07  7.563409E-05
  1.250000E+01 -1.800000E+02     5  8.651931E+02  8.945790E+01  8.185935E+00  8.651544E+02
  1.250000E+01 -1.800000E+02     6  6.947678E-15  9.000000E+01 -6.947678E-15  1.459776E-19
  1.250000E+01 -1.500000E+02     1  6.473228E+01 -9.054211E+01 -6.124609E-01 -6.472939E+01
  1.250000E+01 -1.500000E+02     2  3.737325E+01 -9.054211E+01 -3.536032E-01 -3.737157E+01
  1.250000E+01 -1.500000E+02     3  1.064614E+01  6.323280E-01  1.064549E+01  1.174906E-01
  1.250000E+01 -1.500000E+02     4  4.325945E+02 -9.054211E+01 -4.092952E+00 -4.325752E+02
  1.250000E+01 -1.500000E+02     5  7.492731E+02  8.945789E+01  7.089221E+00  7.492396E+02
  1.250000E+01 -1.500000E+02     6  3.442871E-08 -1.203272E-03  3.442871E-08 -7.230392E-13
  1.250000E+01 -1.200000E+02     1  3.737313E+01 -9.054211E+01 -3.536055E-01 -3.737146E+01
  1.250000E+01 -1.200000E+02     2  6.473229E+01 -9.054211E+01 -6.124588E-01 -6.472939E+01
  1.250000E+01 -1.200000E+02     3  1.064600E+01  6.323654E-01  1.064535E+01  1.174960E-01
  1.250000E+01 -1.200000E+02     4  7.492728E+02 -9.054211E+01 -7.089204E+00 -7.492393E+02
  1.250000E+01 -1.200000E+02     5  4.325930E+02  8.945789E+01  4.092963E+00  4.325737E+02
  1.250000E+01 -1.200000E+02     6  3.446127E-08 -1.202135E-03  3.446127E-08 -7.230395E-13
  1.250000E+01 -9.000000E+01     1  3.267273E-06 -9.054211E+01 -3.091306E-08 -3.267126E-06
  1.250000E+01 -9.000000E+01     2  7.474650E+01 -9.054211E+01 -7.072065E-01 -7.474315E+01
  1.250000E+01 -9.000000E+01     3  1.064576E+01  6.323617E-01  1.064511E+01  1.174927E-01
  1.250000E+01 -9.000000E+01     4  8.651932E+02 -9.054210E+01 -8.185898E+00 -8.651545E+02
  1.250000E+01 -9.000000E+01     5  3.781856E-05  8.945789E+01  3.578203E-07  3.781687E-05
  1.250000E+01 -9.000000E+01     6  3.480394E-15 -9.000000E+01  3.480394E-15 -7.298890E-20
  1.250000E+01 -6.000000E+01     1  3.737313E+01  8.945789E+01  3.536057E-01  3.737146E+01
  1.250000E+01 -6.000000E+01     2  6.473235E+01 -9.054211E+01 -6.124589E-01 -6.472945E+01
  1.250000E+01 -6.000000E+01     3  1.064598E+01  6.323590E-01  1.064534E+01  1.174947E-01
  1.250000E+01 -6.000000E+01     4  7.492734E+02 -9.054211E+01 -7.089197E+00 -7.492399E+02
  1.250000E+01 -6.000000E+01     5  4.325929E+02 -9.054211E+01 -4.092965E+00 -4.325735E+02
  1.250000E+01 -6.000000E+01     6  3.446129E-08  1.799988E+02 -3.446129E-08  7.230389E-13
  1.250000E+01 -3.000000E+01     1  6.473224E+01  8.945789E+01  6.124603E-01  6.472934E+01
  1.250000E+01 -3.000000E+01     2  3.737325E+01 -9.054211E+01 -3.536034E-01 -3.737157E+01
  1.250000E+01 -3.000000E+01     3  1.064614E+01  6.323339E-01  1.064549E+01  1.174917E-01
  1.250000E+01 -3.000000E+01     4  4.325944E+02 -9.054211E+01 -4.092951E+00 -4.325751E+02
  1.250000E+01 -3.000000E+01     5  7.492728E+02 -9.054211E+01 -7.089225E+00 -7.492393E+02
  1.250000E+01 -3.000000E+01     6  3.442866E-08  1.799988E+02 -3.442866E-08  7.230388E-13
  1.250000E+01  0.000000E+00     1  7.474643E+01  8.945789E+01  7.072107E-01  7.474308E+01
  1.250000E+01  0.000000E+00     2  0.000000E+00  9.000000E+01  0.000000E+00  0.000000E+00
  1.250000E+01  0.000000E+00     3  1.064567E+01  6.323745E-01  1.064502E+01  1.174941E-01
  1.250000E+01  0.000000E+00     4  0.000000E+00  9.000000E+01  0.000000E+00  0.000000E+00
  1.250000E+01  0.000000E+00     5  8.651931E+02 -9.054211E+01 -8.185935E+00 -8.651544E+02
  1.250000E+01  0.000000E+00     6  0.000000E+00  9.000000E+01  0.000000E+00  0.000000E+00
  1.250000E+01  3.000000E+01     1  6.473224E+01  8.945789E+01  6.124603E-01  6.472934E+01
  1.250000E+01  3.000000E+01     2  3.737325E+01  8.945789E+01  3.536034E-01  3.737157E+01
  1.250000E+01  3.000000E+01     3  1.064614E+01  6.323339E-01  1.064549E+01  1.174917E-01
  1.250000E+01  3.000000E+01     4  4.325944E+02  8.945789E+01  4.092951E+00  4.325751E+02
  1.250000E+01  3.000000E+01     5  7.492728E+02 -9.054211E+01 -7.089225E+00 -7.492393E+02
  1.250000E+01  3.000000E+01     6  3.442866E-08 -1.203273E-03  3.442866E-08 -7.230388E-13
  1.250000E+01  6.000000E+01     1  3.737313E+01  8.945789E+01  3.536057E-01  3.737146E+01
  1.250000E+01  6.000000E+01     2  6.473235E+01  8.945789E+01  6.124589E-01  6.472945E+01
  1.250000E+01  6.000000E+01     3  1.064598E+01  6.323590E-01  1.064534E+01  1.174947E-01
  1.250000E+01  6.000000E+01     4  7.492734E+02  8.945789E+01  7.089197E+00  7.492399E+02
  1.250000E+01  6.000000E+01     5  4.325929E+02 -9.054211E+01 -4.092965E+00 -4.325735E+02
  1.250000E+01  6.000000E+01     6  3.446129E-08 -1.202134E-03  3.446129E-08 -7.230389E-13
  1.250000E+01  9.000000E+01     1  3.267273E-06 -9.054211E+01 -3.091306E-08 -3.267126E-06
  1.250000E+01  9.000000E+01     2  7.474650E+01  8.945789E+01  7.072065E-01  7.474315E+01
  1.250000E+01  9.000000E+01     3  1.064576E+01  6.323617E-01  1.064511E+01  1.174927E-01
  1.250000E+01  9.000000E+01     4  8.651932E+02  8.945790E+01  8.185898E+00  8.651545E+02
  1.250000E+01  9.000000E+01     5  3.781856E-05  8.945789E+01  3.578203E-07  3.781687E-05
  1.250000E+01  9.000000E+01     6  3.480394E-15  9.000000E+01 -3.480394E-15  7.298890E-20
  1.250000E+01  1.200000E+02     1  3.737313E+01 -9.054211E+01 -3.536055E-01 -3.737146E+01
  1.250000E+01  1.200000E+02     2  6.473229E+01  8.945789E+01  6.124588E-01  6.472939E+01
  1.250000E+01  1.200000E+02     3  1.064600E+01  6.323654E-01  1.064535E+01  1.174960E-01
  1.250000E+01  1.200000E+02     4  7.492728E+02  8.945789E+01  7.089204E+00  7.492393E+02
  1.250000E+01  1.200000E+02     5  4.325930E+02  8.945789E+01  4.092963E+00  4.325737E+02
  1.250000E+01  1.200000E+02     6  3.446127E-08  1.799988E+02 -3.446127E-08  7.230395E-13
  1.250000E+01  1.500000E+02     1  6.473228E+01 -9.054211E+01 -6.124609E-01 -6.472939E+01
  1.250000E+01  1.500000E+02     2  3.737325E+01  8.945789E+01  3.536032E-01  3.737157E+01
  1.250000E+01  1.500000E+02     3  1.064614E+01  6.323280E-01  1.064549E+01  1.174906E-01
  1.250000E+01  1.500000E+02     4  4.325945E+02  8.945789E+01  4.092952E+00  4.325752E+02
  1.250000E+01  1.500000E+02     5  7.492731E+02  8.945789E+01  7.089221E+00  7.492396E+02
  1.250000E+01  1.500000E+02     6  3.442871E-08  1.799988E+02 -3.442871E-08  7.230392E-13
  1.250000E+01  1.800000E+02     1  7.474643E+01 -9.054211E+01 -7.072107E-01 -7.474308E+01
  1.250000E+01  1.800000E+02     2  6.534533E-06 -9.054211E+01 -6.182579E-08 -6.534241E-06
  1.250000E+01  1.800000E+02     3  1.064567E+01  6.323745E-01  1.064502E+01  1.174941E-01
  1.250000E+01  1.800000E+02     4  7.563747E-05 -9.054211E+01 -7.156380E-07 -7.563409E-05
  1.250000E+01  1.800000E+02     5  8.651931E+02  8.945790E+01  8.185935E+00  8.651544E+02
  1.250000E+01  1.800000E+02     6  6.947678E-15 -9.000000E+01  6.947678E-15 -1.459776E-19
  1.300000E+01 -1.800000E+02     1  7.045631E+01 -9.044350E+01 -5.453550E-01 -7.045419E+01
  1.300000E+01 -1.800000E+02     2  6.159466E-06  8.955650E+01  4.767629E-08  6.159282E-06
  1.300000E+01 -1.800000E+02     3  1.360861E+01  5.536783E-01  1.360797E+01  1.315049E-01
  1.300000E+01 -1.800000E+02     4  7.180274E-05  8.955651E+01  5.557753E-07  7.180058E-05
  1.300000E+01 -1.800000E+02     5  8.213293E+02  8.955651E+01  6.357336E+00  8.213047E+02
  1.300000E+01 -1.800000E+02     6  6.048146E-15  9.000000E+01 -6.048146E-15  8.949449E-20
  1.300000E+01 -1.500000E+02     1  6.101709E+01 -9.044349E+01 -4.722895E-01 -6.101526E+01
  1.300000E+01 -1.500000E+02     2  3.522805E+01 -9.044350E+01 -2.726767E-01 -3.522699E+01
  1.300000E+01 -1.500000E+02     3  1.360922E+01  5.536533E-01  1.360858E+01  1.315048E-01
  1.300000E+01 -1.500000E+02     4  4.106624E+02 -9.044350E+01 -3.178667E+00 -4.106501E+02
  1.300000E+01 -1.500000E+02     5  7.112909E+02  8.955650E+01  5.505642E+00  7.112696E+02
  1.300000E+01 -1.500000E+02     6  2.996930E-08 -8.474592E-04  2.996930E-08 -4.432745E-13
  1.300000E+01 -1.200000E+02     1  3.522810E+01 -9.044350E+01 -2.726778E-01 -3.522704E+01
  1.300000E+01 -1.200000E+02     2  6.101680E+01 -9.044350E+01 -4.722893E-01 -6.101498E+01
  1.300000E+01 -1.200000E+02     3  1.360888E+01  5.536752E-01  1.360824E+01  1.315068E-01
  1.300000E+01 -1.200000E+02     4  7.112906E+02 -9.044350E+01 -5.505626E+00 -7.112693E+02
  1.300000E+01 -1.200000E+02     5  4.106622E+02  8.955650E+01  3.178666E+00  4.106499E+02
  1.300000E+01 -1.200000E+02     6  2.999389E-08 -8.467642E-04  2.999389E-08 -4.432745E-13
  1.300000E+01 -9.000000E+01     1  3.079741E-06 -9.044350E+01 -2.383828E-08 -3.079648E-06
  1.300000E+01 -9.000000E+01     2  7.045609E+01 -9.044350E+01 -5.453533E-01 -7.045397E+01
  1.300000E+01 -9.000000E+01     3  1.360857E+01  5.536759E-01  1.360794E+01  1.315040E-01
  1.300000E+01 -9.000000E+01     4  8.213272E+02 -9.044350E+01 -6.357329E+00 -8.213026E+02
  1.300000E+01 -9.000000E+01     5  3.590144E-05  8.955651E+01  2.778884E-07  3.590036E-05
  1.300000E+01 -9.000000E+01     6  3.029033E-15 -9.000000E+01  3.029033E-15 -4.474722E-20
  1.300000E+01 -6.000000E+01     1  3.522806E+01  8.955650E+01  2.726777E-01  3.522701E+01
  1.300000E+01 -6.000000E+01     2  6.101679E+01 -9.044350E+01 -4.722893E-01 -6.101496E+01
  1.300000E+01 -6.000000E+01     3  1.360894E+01  5.536695E-01  1.360830E+01  1.315059E-01
  1.300000E+01 -6.000000E+01     4  7.112906E+02 -9.044350E+01 -5.505620E+00 -7.112693E+02
  1.300000E+01 -6.000000E+01     5  4.106623E+02 -9.044350E+01 -3.178663E+00 -4.106500E+02
  1.300000E+01 -6.000000E+01     6  2.999390E-08  1.799992E+02 -2.999390E-08  4.432746E-13
  1.300000E+01 -3.000000E+01     1  6.101706E+01  8.955651E+01  4.722895E-01  6.101523E+01
  1.300000E+01 -3.000000E+01     2  3.522803E+01 -9.044350E+01 -2.726766E-01 -3.522697E+01
  1.300000E+01 -3.000000E+01     3  1.360930E+01  5.536425E-01  1.360866E+01  1.315030E-01
  1.300000E+01 -3.000000E+01     4  4.106622E+02 -9.044350E+01 -3.178663E+00 -4.106499E+02
  1.300000E+01 -3.000000E+01     5  7.112920E+02 -9.044350E+01 -5.505640E+00 -7.112707E+02
  1.300000E+01 -3.000000E+01     6  2.996931E-08  1.799992E+02 -2.996931E-08  4.432744E-13
  1.300000E+01  0.000000E+00     1  7.045631E+01  8.955650E+01  5.453550E-01  7.045419E+01
  1.300000E+01  0.000000E+00     2  0.000000E+00  9.000000E+01  0.000000E+00  0.000000E+00
  1.300000E+01  0.000000E+00     3  1.360861E+01  5.536783E-01  1.360797E+01  1.315049E-01
  1.300000E+01  0.000000E+00     4  0.000000E+00  9.000000E+01  0.000000E+00  0.000000E+00
  1.300000E+01  0.000000E+00     5  8.213293E+02 -9.044350E+01 -6.357336E+00 -8.213047E+02
  1.300000E+01  0.000000E+00     6  0.000000E+00  9.000000E+01  0.000000E+00  0.000000E+00
  1.300000E+01  3.000000E+01     1  6.101706E+01  8.955651E+01  4.722895E-01  6.101523E+01
  1.300000E+01  3.000000E+01     2  3.522803E+01  8.955650E+01  2.726766E-01  3.522697E+01
  1.300000E+01  3.000000E+01     3  1.360930E+01  5.536425E-01  1.360866E+01  1.315030E-01
  1.300000E+01  3.000000E+01     4  4.106622E+02  8.955650E+01  3.178663E+00  4.106499E+02
  1.300000E+01  3.000000E+01     5  7.112920E+02 -9.044350E+01 -5.505640E+00 -7.112707E+02
  1.300000E+01  3.000000E+01     6  2.996931E-08 -8.474585E-04  2.996931E-08 -4.432744E-13
  1.300000E+01  6.000000E+01     1  3.522806E+01  8.955650E+01  2.726777E-01  3.522701E+01
  1.300000E+01  6.000000E+01     2  6.101679E+01  8.955650E+01  4.722893E-01  6.101496E+01
  1.300000E+01  6.000000E+01     3  1.360894E+01  5.536695E-01  1.360830E+01  1.315059E-01
  1.300000E+01  6.000000E+01     4  7.112906E+02  8.955650E+01  5.505620E+00  7.112693E+02
  1.300000E+01  6.000000E+01     5  4.106623E+02 -9.044350E+01 -3.178663E+00 -4.106500E+02
  1.300000E+01  6.000000E+01     6  2.999390E-08 -8.467642E-04  2.999390E-08 -4.432746E-13
  1.300000E+01  9.000000E+01     1  3.079741E-06 -9.044350E+01 -2.383828E-08 -3.079648E-06
  1.300000E+01  9.000000E+01     2  7.045609E+01  8.955650E+01  5.453533E-01  7.045397E+01
  1.300000E+01  9.000000E+01     3  1.360857E+01  5.536759E-01  1.360794E+01  1.315040E-01
  1.300000E+01  9.000000E+01     4  8.213272E+02  8.955651E+01  6.357329E+00  8.213026E+02
  1.300000E+01  9.000000E+01     5  3.590144E-05  8.955651E+01  2.778884E-07  3.590036E-05
  1.300000E+01  9.000000E+01     6  3.029033E-15  9.000000E+01 -3.029033E-15  4.474722E-20
  1.300000E+01  1.200000E+02     1  3.522810E+01 -9.044350E+01 -2.726778E-01 -3.522704E+01
  1.300000E+01  1.200000E+02     2  6.101680E+01  8.955651E+01  4.722893E-01  6.101498E+01
  1.300000E+01  1.200000E+02     3  1.360888E+01  5.536752E-01  1.360824E+01  1.315068E-01
  1.300000E+01  1.200000E+02     4  7.112906E+02  8.955650E+01  5.505626E+00  7.112693E+02
  1.300000E+01  1.200000E+02     5  4.106622E+02  8.955650E+01  3.178666E+00  4.106499E+02
  1.300000E+01  1.200000E+02     6  2.999389E-08  1.799992E+02 -2.999389E-08  4.432745E-13
  1.300000E+01  1.500000E+02     1  6.101709E+01 -9.044349E+01 -4.722895E-01 -6.101526E+01
  1.300000E+01  1.500000E+02     2  3.522805E+01  8.955650E+01  2.726767E-01  3.522699E+01
  1.300000E+01  1.500000E+02     3  1.360922E+01  5.536533E-01  1.360858E+01  1.315048E-01
  1.300000E+01  1.500000E+02     4  4.106624E+02  8.955650E+01  3.178667E+00  4.106501E+02
  1.300000E+01  1.500000E+02     5  7.112909E+02  8.955650E+01  5.505642E+00  7.112696E+02
  1.300000E+01  1.500000E+02     6  2.996930E-08  1.799992E+02 -2.996930E-08  4.432745E-13
  1.300000E+01  1.800000E+02     1  7.045631E+01 -9.044350E+01 -5.453550E-01 -7.045419E+01
  1.300000E+01  1.800000E+02     2  6.159466E-06 -9.044350E+01 -4.767629E-08 -6.159282E-06
  1.300000E+01  1.800000E+02     3  1.360861E+01  5.536783E-01  1.360797E+01  1.315049E-01
  1.300000E+01  1.800000E+02     4  7.180274E-05 -9.044350E+01 -5.557753E-07 -7.180058E-05
  1.300000E+01  1.800000E+02     5  8.213293E+02  8.955651E+01  6.357336E+00  8.213047E+02
  1.300000E+01  1.800000E+02     6  6.048146E-15 -9.000000E+01  6.048146E-15 -8.949449E-20
  1.350000E+01 -1.800000E+02     1  6.650718E+01 -9.036470E+01 -4.233285E-01 -6.650583E+01
  1.350000E+01 -1.800000E+02     2  5.814224E-06  8.963531E+01  3.700830E-08  5.814106E-06
  1.350000E+01 -1.800000E+02     3  1.649559E+01  4.881856E-01  1.649499E+01  1.405481E-01
  1.350000E+01 -1.800000E+02     4  6.820093E-05  8.963531E+01  4.341080E-07  6.819955E-05
  1.350000E+01 -1.800000E+02     5  7.801288E+02  8.963530E+01  4.965651E+00  7.801130E+02
  1.350000E+01 -1.800000E+02     6  5.290767E-15  9.000000E+01 -5.290767E-15  5.576697E-20
  1.350000E+01 -1.500000E+02     1  5.759715E+01 -9.036469E+01 -3.666123E-01 -5.759598E+01
  1.350000E+01 -1.500000E+02     2  3.325349E+01 -9.036470E+01 -2.116636E-01 -3.325281E+01
  1.350000E+01 -1.500000E+02     3  1.649608E+01  4.881806E-01  1.649548E+01  1.405508E-01
  1.350000E+01 -1.500000E+02     4  3.900642E+02 -9.036470E+01 -2.482818E+00 -3.900563E+02
  1.350000E+01 -1.500000E+02     5  6.756110E+02  8.963530E+01  4.300406E+00  6.755974E+02
  1.350000E+01 -1.500000E+02     6  2.621506E-08 -6.037044E-04  2.621506E-08 -2.762184E-13
  1.350000E+01 -1.200000E+02     1  3.325349E+01 -9.036470E+01 -2.116641E-01 -3.325281E+01
  1.350000E+01 -1.200000E+02     2  5.759688E+01 -9.036470E+01 -3.666112E-01 -5.759571E+01
  1.350000E+01 -1.200000E+02     3  1.649557E+01  4.881825E-01  1.649498E+01  1.405470E-01
  1.350000E+01 -1.200000E+02     4  6.756124E+02 -9.036470E+01 -4.300376E+00 -6.755987E+02
  1.350000E+01 -1.200000E+02     5  3.900643E+02  8.963530E+01  2.482823E+00  3.900564E+02
  1.350000E+01 -1.200000E+02     6  2.623385E-08 -6.032712E-04  2.623385E-08 -2.762180E-13
  1.350000E+01 -9.000000E+01     1  2.907114E-06 -9.036470E+01 -1.850426E-08 -2.907055E-06
  1.350000E+01 -9.000000E+01     2  6.650698E+01 -9.036470E+01 -4.233270E-01 -6.650563E+01
  1.350000E+01 -9.000000E+01     3  1.649574E+01  4.881993E-01  1.649514E+01  1.405533E-01
  1.350000E+01 -9.000000E+01     4  7.801270E+02 -9.036470E+01 -4.965633E+00 -7.801111E+02
  1.350000E+01 -9.000000E+01     5  3.410043E-05  8.963531E+01  2.170542E-07  3.409974E-05
  1.350000E+01 -9.000000E+01     6  2.649182E-15 -9.000000E+01  2.649182E-15 -2.788347E-20
  1.350000E+01 -6.000000E+01     1  3.325349E+01  8.963530E+01  2.116640E-01  3.325282E+01
  1.350000E+01 -6.000000E+01     2  5.759688E+01 -9.036470E+01 -3.666114E-01 -5.759571E+01
  1.350000E+01 -6.000000E+01     3  1.649562E+01  4.881804E-01  1.649502E+01  1.405468E-01
  1.350000E+01 -6.000000E+01     4  6.756122E+02 -9.036470E+01 -4.300378E+00 -6.755986E+02
  1.350000E+01 -6.000000E+01     5  3.900642E+02 -9.036470E+01 -2.482823E+00 -3.900563E+02
  1.350000E+01 -6.000000E+01     6  2.623383E-08  1.799994E+02 -2.623383E-08  2.762186E-13
  1.350000E+01 -3.000000E+01     1  5.759713E+01  8.963531E+01  3.666126E-01  5.759596E+01
  1.350000E+01 -3.000000E+01     2  3.325346E+01 -9.036470E+01 -2.116636E-01 -3.325278E+01
  1.350000E+01 -3.000000E+01     3  1.649616E+01  4.881730E-01  1.649557E+01  1.405493E-01
  1.350000E+01 -3.000000E+01     4  3.900641E+02 -9.036470E+01 -2.482820E+00 -3.900562E+02
  1.350000E+01 -3.000000E+01     5  6.756109E+02 -9.036470E+01 -4.300405E+00 -6.755972E+02
  1.350000E+01 -3.000000E+01     6  2.621506E-08  1.799994E+02 -2.621506E-08  2.762184E-13
  1.350000E+01  0.000000E+00     1  6.650718E+01  8.963530E+01  4.233285E-01  6.650583E+01
  1.350000E+01  0.000000E+00     2  0.000000E+00  9.000000E+01  0.000000E+00  0.000000E+00
  1.350000E+01  0.000000E+00     3  1.649559E+01  4.881856E-01  1.649499E+01  1.405481E-01
  1.350000E+01  0.000000E+00     4  0.000000E+00  9.000000E+01  0.000000E+00  0.000000E+00
  1.350000E+01  0.000000E+00     5  7.801288E+02 -9.036470E+01 -4.965651E+00 -7.801130E+02
  1.350000E+01  0.000000E+00     6  0.000000E+00  9.000000E+01  0.000000E+00  0.000000E+00
  1.350000E+01  3.000000E+01     1  5.759713E+01  8.963531E+01  3.666126E-01  5.759596E+01
  1.350000E+01  3.000000E+01     2  3.325346E+01  8.963530E+01  2.116636E-01  3.325278E+01
  1.350000E+01  3.000000E+01     3  1.649616E+01  4.881730E-01  1.649557E+01  1.405493E-01
  1.350000E+01  3.000000E+01     4  3.900641E+02  8.963530E+01  2.482820E+00  3.900562E+02
  1.350000E+01  3.000000E+01     5  6.756109E+02 -9.036470E+01 -4.300405E+00 -6.755972E+02
  1.350000E+01  3.000000E+01     6  2.621506E-08 -6.037044E-04  2.621506E-08 -2.762184E-13
  1.350000E+01  6.000000E+01     1  3.325349E+01  8.963530E+01  2.116640E-01  3.325282E+01
  1.350000E+01  6.000000E+01     2  5.759688E+01  8.963531E+01  3.666114E-01  5.759571E+01
  1.350000E+01  6.000000E+01     3  1.649562E+01  4.881804E-01  1.649502E+01  1.405468E-01
  1.350000E+01  6.000000E+01     4  6.756122E+02  8.963530E+01  4.300378E+00  6.755986E+02
  1.350000E+01  6.000000E+01     5  3.900642E+02 -9.036470E+01 -2.482823E+00 -3.900563E+02
  1.350000E+01  6.000000E+01     6  2.623383E-08 -6.032729E-04  2.623383E-08 -2.762186E-13
  1.350000E+01  9.000000E+01     1  2.907114E-06 -9.036470E+01 -1.850426E-08 -2.907055E-06
  1.350000E+01  9.000000E+01     2  6.650698E+01  8.963531E+01  4.233270E-01  6.650563E+01
  1.350000E+01  9.000000E+01     3  1.649574E+01  4.881993E-01  1.649514E+01  1.405533E-01
  1.350000E+01  9.000000E+01     4  7.801270E+02  8.963530E+01  4.965633E+00  7.801111E+02
  1.350000E+01  9.000000E+01     5  3.410043E-05  8.963531E+01  2.170542E-07  3.409974E-05
  1.350000E+01  9.000000E+01     6  2.649182E-15  9.000000E+01 -2.649182E-15  2.788347E-20
  1.350000E+01  1.200000E+02     1  3.325349E+01 -9.036470E+01 -2.116641E-01 -3.325281E+01
  1.350000E+01  1.200000E+02     2  5.759688E+01  8.963531E+01  3.666112E-01  5.759571E+01
  1.350000E+01  1.200000E+02     3  1.649557E+01  4.881825E-01  1.649498E+01  1.405470E-01
  1.350000E+01  1.200000E+02     4  6.756124E+02  8.963530E+01  4.300376E+00  6.755987E+02
  1.350000E+01  1.200000E+02     5  3.900643E+02  8.963530E+01  2.482823E+00  3.900564E+02
  1.350000E+01  1.200000E+02     6  2.623385E-08  1.799994E+02 -2.623385E-08  2.762180E-13
  1.350000E+01  1.500000E+02     1  5.759715E+01 -9.036469E+01 -3.666123E-01 -5.759598E+01
  1.350000E+01  1.500000E+02     2  3.325349E+01  8.963530E+01  2.116636E-01  3.325281E+01
  1.350000E+01  1.500000E+02     3  1.649608E+01  4.881806E-01  1.649548E+01  1.405508E-01
  1.350000E+01  1.500000E+02     4  3.900642E+02  8.963531E+01  2.482818E+00  3.900563E+02
  1.350000E+01  1.500000E+02     5  6.756110E+02  8.963530E+01  4.300406E+00  6.755974E+02
  1.350000E+01  1.500000E+02     6  2.621506E-08  1.799994E+02 -2.621506E-08  2.762184E-13
  1.350000E+01  1.800000E+02     1  6.650718E+01 -9.036470E+01 -4.233285E-01 -6.650583E+01
  1.350000E+01  1.800000E+02     2  5.814224E-06 -9.036470E+01 -3.700830E-08 -5.814106E-06
  1.350000E+01  1.800000E+02     3  1.649559E+01  4.881856E-01  1.649499E+01  1.405481E-01
  1.350000E+01  1.800000E+02     4  6.820093E-05 -9.036470E+01 -4.341080E-07 -6.819955E-05
  1.350000E+01  1.800000E+02     5  7.801288E+02  8.963530E+01  4.965651E+00  7.801130E+02
  1.350000E+01  1.800000E+02     6  5.290767E-15 -9.000000E+01  5.290767E-15 -5.576697E-20
  1.400000E+01 -1.800000E+02     1  6.287811E+01 -9.030145E+01 -3.308202E-01 -6.287724E+01
  1.400000E+01 -1.800000E+02     2  5.496949E-06  8.969855E+01  2.892121E-08  5.496873E-06
  1.400000E+01 -1.800000E+02     3  1.929213E+01  4.332030E-01  1.929158E+01  1.458629E-01
  1.400000E+01 -1.800000E+02     4  6.483466E-05  8.969855E+01  3.411130E-07  6.483377E-05
  1.400000E+01 -1.800000E+02     5  7.416167E+02  8.969855E+01  3.901876E+00  7.416064E+02
  1.400000E+01 -1.800000E+02     6  4.650868E-15  9.000000E+01 -4.650868E-15  3.531231E-20
  1.400000E+01 -1.500000E+02     1  5.445384E+01 -9.030145E+01 -2.864987E-01 -5.445308E+01
  1.400000E+01 -1.500000E+02     2  3.143885E+01 -9.030145E+01 -1.654095E-01 -3.143842E+01
  1.400000E+01 -1.500000E+02     3  1.929179E+01  4.332170E-01  1.929124E+01  1.458651E-01
  1.400000E+01 -1.500000E+02     4  3.708104E+02 -9.030145E+01 -1.950943E+00 -3.708052E+02
  1.400000E+01 -1.500000E+02     5  6.422631E+02  8.969855E+01  3.379121E+00  6.422542E+02
  1.400000E+01 -1.500000E+02     6  2.304342E-08 -4.348892E-04  2.304342E-08 -1.749053E-13
  1.400000E+01 -1.200000E+02     1  3.143902E+01 -9.030145E+01 -1.654101E-01 -3.143858E+01
  1.400000E+01 -1.200000E+02     2  5.445393E+01 -9.030145E+01 -2.864976E-01 -5.445317E+01
  1.400000E+01 -1.200000E+02     3  1.929101E+01  4.332283E-01  1.929045E+01  1.458629E-01
  1.400000E+01 -1.200000E+02     4  6.422648E+02 -9.030145E+01 -3.379121E+00 -6.422559E+02
  1.400000E+01 -1.200000E+02     5  3.708093E+02  8.969855E+01  1.950942E+00  3.708042E+02
  1.400000E+01 -1.200000E+02     6  2.305798E-08 -4.346144E-04  2.305798E-08 -1.749052E-13
  1.400000E+01 -9.000000E+01     1  2.748483E-06 -9.030145E+01 -1.446062E-08 -2.748445E-06
  1.400000E+01 -9.000000E+01     2  6.287780E+01 -9.030145E+01 -3.308187E-01 -6.287693E+01
  1.400000E+01 -9.000000E+01     3  1.929162E+01  4.332226E-01  1.929107E+01  1.458657E-01
  1.400000E+01 -9.000000E+01     4  7.416184E+02 -9.030145E+01 -3.901878E+00 -7.416082E+02
  1.400000E+01 -9.000000E+01     5  3.241727E-05  8.969855E+01  1.705568E-07  3.241682E-05
  1.400000E+01 -9.000000E+01     6  2.328361E-15 -9.000000E+01  2.328361E-15 -1.765615E-20
  1.400000E+01 -6.000000E+01     1  3.143899E+01  8.969855E+01  1.654101E-01  3.143855E+01
  1.400000E+01 -6.000000E+01     2  5.445394E+01 -9.030145E+01 -2.864977E-01 -5.445319E+01
  1.400000E+01 -6.000000E+01     3  1.929117E+01  4.332200E-01  1.929062E+01  1.458614E-01
  1.400000E+01 -6.000000E+01     4  6.422644E+02 -9.030145E+01 -3.379121E+00 -6.422555E+02
  1.400000E+01 -6.000000E+01     5  3.708091E+02 -9.030145E+01 -1.950943E+00 -3.708040E+02
  1.400000E+01 -6.000000E+01     6  2.305798E-08  1.799996E+02 -2.305798E-08  1.749054E-13
  1.400000E+01 -3.000000E+01     1  5.445384E+01  8.969855E+01  2.864989E-01  5.445308E+01
  1.400000E+01 -3.000000E+01     2  3.143885E+01 -9.030145E+01 -1.654094E-01 -3.143841E+01
  1.400000E+01 -3.000000E+01     3  1.929179E+01  4.332170E-01  1.929124E+01  1.458651E-01
  1.400000E+01 -3.000000E+01     4  3.708102E+02 -9.030145E+01 -1.950943E+00 -3.708051E+02
  1.400000E+01 -3.000000E+01     5  6.422632E+02 -9.030145E+01 -3.379123E+00 -6.422543E+02
  1.400000E+01 -3.000000E+01     6  2.304339E-08  1.799996E+02 -2.304339E-08  1.749053E-13
  1.400000E+01  0.000000E+00     1  6.287811E+01  8.969855E+01  3.308202E-01  6.287724E+01
  1.400000E+01  0.000000E+00     2  0.000000E+00  9.000000E+01  0.000000E+00  0.000000E+00
  1.400000E+01  0.000000E+00     3  1.929213E+01  4.332030E-01  1.929158E+01  1.458629E-01
  1.400000E+01  0.000000E+00     4  0.000000E+00  9.000000E+01  0.000000E+00  0.000000E+00
  1.400000E+01  0.000000E+00     5  7.416167E+02 -9.030145E+01 -3.901876E+00 -7.416064E+02
  1.400000E+01  0.000000E+00     6  0.000000E+00  9.000000E+01  0.000000E+00  0.000000E+00
  1.400000E+01  3.000000E+01     1  5.445384E+01  8.969855E+01  2.864989E-01  5.445308E+01
  1.400000E+01  3.000000E+01     2  3.143885E+01  8.969855E+01  1.654094E-01  3.143841E+01
  1.400000E+01  3.000000E+01     3  1.929179E+01  4.332170E-01  1.929124E+01  1.458651E-01
  1.400000E+01  3.000000E+01     4  3.708102E+02  8.969855E+01  1.950943E+00  3.708051E+02
  1.400000E+01  3.000000E+01     5  6.422632E+02 -9.030145E+01 -3.379123E+00 -6.422543E+02
  1.400000E+01  3.000000E+01     6  2.304339E-08 -4.348899E-04  2.304339E-08 -1.749053E-13
  1.400000E+01  6.000000E+01     1  3.143899E+01  8.969855E+01  1.654101E-01  3.143855E+01
  1.400000E+01  6.000000E+01     2  5.445394E+01  8.969855E+01  2.864977E-01  5.445319E+01
  1.400000E+01  6.000000E+01     3  1.929117E+01  4.332200E-01  1.929062E+01  1.458614E-01
  1.400000E+01  6.000000E+01     4  6.422644E+02  8.969855E+01  3.379121E+00  6.422555E+02
  1.400000E+01  6.000000E+01     5  3.708091E+02 -9.030145E+01 -1.950943E+00 -3.708040E+02
  1.400000E+01  6.000000E+01     6  2.305798E-08 -4.346150E-04  2.305798E-08 -1.749054E-13
  1.400000E+01  9.000000E+01     1  2.748483E-06 -9.030145E+01 -1.446062E-08 -2.748445E-06
  1.400000E+01  9.000000E+01     2  6.287780E+01  8.969855E+01  3.308187E-01  6.287693E+01
  1.400000E+01  9.000000E+01     3  1.929162E+01  4.332226E-01  1.929107E+01  1.458657E-01
  1.400000E+01  9.000000E+01     4  7.416184E+02  8.969855E+01  3.901878E+00  7.416082E+02
  1.400000E+01  9.000000E+01     5  3.241727E-05  8.969855E+01  1.705568E-07  3.241682E-05
  1.400000E+01  9.000000E+01     6  2.328361E-15  9.000000E+01 -2.328361E-15  1.765615E-20
  1.400000E+01  1.200000E+02     1  3.143902E+01 -9.030145E+01 -1.654101E-01 -3.143858E+01
  1.400000E+01  1.200000E+02     2  5.445393E+01  8.969855E+01  2.864976E-01  5.445317E+01
  1.400000E+01  1.200000E+02     3  1.929101E+01  4.332283E-01  1.929045E+01  1.458629E-01
  1.400000E+01  1.200000E+02     4  6.422648E+02  8.969855E+01  3.379121E+00  6.422559E+02
  1.400000E+01  1.200000E+02     5  3.708093E+02  8.969855E+01  1.950942E+00  3.708042E+02
  1.400000E+01  1.200000E+02     6  2.305798E-08  1.799996E+02 -2.305798E-08  1.749052E-13
  1.400000E+01  1.500000E+02     1  5.445384E+01 -9.030145E+01 -2.864987E-01 -5.445308E+01
  1.400000E+01  1.500000E+02     2  3.143885E+01  8.969855E+01  1.654095E-01  3.143842E+01
  1.400000E+01  1.500000E+02     3  1.929179E+01  4.332170E-01  1.929124E+01  1.458651E-01
  1.400000E+01  1.500000E+02     4  3.708104E+02  8.969855E+01  1.950943E+00  3.708052E+02
  1.400000E+01  1.500000E+02     5  6.422631E+02  8.969855E+01  3.379121E+00  6.422542E+02
  1.400000E+01  1.500000E+02     6  2.304342E-08  1.799996E+02 -2.304342E-08  1.749053E-13
  1.400000E+01  1.800000E+02     1  6.287811E+01 -9.030145E+01 -3.308202E-01 -6.287724E+01
  1.400000E+01  1.800000E+02     2  5.496949E-06 -9.030145E+01 -2.892121E-08 -5.496873E-06
  1.400000E+01  1.800000E+02     3  1.929213E+01  4.332030E-01  1.929158E+01  1.458629E-01
  1.400000E+01  1.800000E+02     4  6.483466E-05 -9.030145E+01 -3.411130E-07 -6.483377E-05
  1.400000E+01  1.800000E+02     5  7.416167E+02  8.969855E+01  3.901876E+00  7.416064E+02
  1.400000E+01  1.800000E+02     6  4.650868E-15 -9.000000E+01  4.650868E-15 -3.531231E-20
  1.450000E+01 -1.800000E+02     1  5.954681E+01 -9.025048E+01 -2.603219E-01 -5.954624E+01
  1.450000E+01 -1.800000E+02     2  5.205746E-06  8.974952E+01  2.275795E-08  5.205697E-06
  1.450000E+01 -1.800000E+02     3  2.198705E+01  3.863006E-01  2.198655E+01  1.482403E-01
  1.450000E+01 -1.800000E+02     4  6.170011E-05  8.974952E+01  2.697332E-07  6.169952E-05
  1.450000E+01 -1.800000E+02     5  7.057659E+02  8.974952E+01  3.085391E+00  7.057592E+02
  1.450000E+01 -1.800000E+02     6  4.108408E-15  9.000000E+01 -4.108408E-15  2.271996E-20
  1.450000E+01 -1.500000E+02     1  5.156898E+01 -9.025048E+01 -2.254454E-01 -5.156849E+01
  1.450000E+01 -1.500000E+02     2  2.977340E+01 -9.025048E+01 -1.301606E-01 -2.977312E+01
  1.450000E+01 -1.500000E+02     3  2.198713E+01  3.862975E-01  2.198663E+01  1.482397E-01
  1.450000E+01 -1.500000E+02     4  3.528821E+02 -9.025048E+01 -1.542694E+00 -3.528787E+02
  1.450000E+01 -1.500000E+02     5  6.112095E+02  8.974952E+01  2.672040E+00  6.112037E+02
  1.450000E+01 -1.500000E+02     6  2.035494E-08 -3.167646E-04  2.035494E-08 -1.125340E-13
  1.450000E+01 -1.200000E+02     1  2.977352E+01 -9.025048E+01 -1.301609E-01 -2.977324E+01
  1.450000E+01 -1.200000E+02     2  5.156898E+01 -9.025048E+01 -2.254441E-01 -5.156849E+01
  1.450000E+01 -1.200000E+02     3  2.198658E+01  3.863072E-01  2.198608E+01  1.482397E-01
  1.450000E+01 -1.200000E+02     4  6.112119E+02 -9.025048E+01 -2.672035E+00 -6.112060E+02
  1.450000E+01 -1.200000E+02     5  3.528835E+02  8.974952E+01  1.542694E+00  3.528801E+02
  1.450000E+01 -1.200000E+02     6  2.036624E-08 -3.165885E-04  2.036624E-08 -1.125339E-13
  1.450000E+01 -9.000000E+01     1  2.602872E-06 -9.025048E+01 -1.137906E-08 -2.602847E-06
  1.450000E+01 -9.000000E+01     2  5.954682E+01 -9.025048E+01 -2.603212E-01 -5.954625E+01
  1.450000E+01 -9.000000E+01     3  2.198685E+01  3.862988E-01  2.198635E+01  1.482383E-01
  1.450000E+01 -9.000000E+01     4  7.057639E+02 -9.025048E+01 -3.085386E+00 -7.057572E+02
  1.450000E+01 -9.000000E+01     5  3.085017E-05  8.974952E+01  1.348669E-07  3.084988E-05
  1.450000E+01 -9.000000E+01     6  2.056484E-15 -9.000000E+01  2.056484E-15 -1.135997E-20
  1.450000E+01 -6.000000E+01     1  2.977351E+01  8.974952E+01  1.301609E-01  2.977323E+01
  1.450000E+01 -6.000000E+01     2  5.156895E+01 -9.025048E+01 -2.254443E-01 -5.156846E+01
  1.450000E+01 -6.000000E+01     3  2.198652E+01  3.863095E-01  2.198602E+01  1.482401E-01
  1.450000E+01 -6.000000E+01     4  6.112121E+02 -9.025048E+01 -2.672033E+00 -6.112062E+02
  1.450000E+01 -6.000000E+01     5  3.528835E+02 -9.025048E+01 -1.542696E+00 -3.528801E+02
  1.450000E+01 -6.000000E+01     6  2.036624E-08  1.799997E+02 -2.036624E-08  1.125338E-13
  1.450000E+01 -3.000000E+01     1  5.156901E+01  8.974952E+01  2.254452E-01  5.156852E+01
  1.450000E+01 -3.000000E+01     2  2.977341E+01 -9.025048E+01 -1.301606E-01 -2.977313E+01
  1.450000E+01 -3.000000E+01     3  2.198713E+01  3.863009E-01  2.198663E+01  1.482410E-01
  1.450000E+01 -3.000000E+01     4  3.528824E+02 -9.025048E+01 -1.542694E+00 -3.528790E+02
  1.450000E+01 -3.000000E+01     5  6.112094E+02 -9.025048E+01 -2.672039E+00 -6.112036E+02
  1.450000E+01 -3.000000E+01     6  2.035496E-08  1.799997E+02 -2.035496E-08  1.125340E-13
  1.450000E+01  0.000000E+00     1  5.954681E+01  8.974952E+01  2.603219E-01  5.954624E+01
  1.450000E+01  0.000000E+00     2  0.000000E+00  9.000000E+01  0.000000E+00  0.000000E+00
  1.450000E+01  0.000000E+00     3  2.198705E+01  3.863006E-01  2.198655E+01  1.482403E-01
  1.450000E+01  0.000000E+00     4  0.000000E+00  9.000000E+01  0.000000E+00  0.000000E+00
  1.450000E+01  0.000000E+00     5  7.057659E+02 -9.025048E+01 -3.085391E+00 -7.057592E+02
  1.450000E+01  0.000000E+00     6  0.000000E+00  9.000000E+01  0.000000E+00  0.000000E+00
  1.450000E+01  3.000000E+01     1  5.156901E+01  8.974952E+01  2.254452E-01  5.156852E+01
  1.450000E+01  3.000000E+01     2  2.977341E+01  8.974952E+01  1.301606E-01  2.977313E+01
  1.450000E+01  3.000000E+01     3  2.198713E+01  3.863009E-01  2.198663E+01  1.482410E-01
  1.450000E+01  3.000000E+01     4  3.528824E+02  8.974952E+01  1.542694E+00  3.528790E+02
  1.450000E+01  3.000000E+01     5  6.112094E+02 -9.025048E+01 -2.672039E+00 -6.112036E+02
  1.450000E+01  3.000000E+01     6  2.035496E-08 -3.167643E-04  2.035496E-08 -1.125340E-13
  1.450000E+01  6.000000E+01     1  2.977351E+01  8.974952E+01  1.301609E-01  2.977323E+01
  1.450000E+01  6.000000E+01     2  5.156895E+01  8.974952E+01  2.254443E-01  5.156846E+01
  1.450000E+01  6.000000E+01     3  2.198652E+01  3.863095E-01  2.198602E+01  1.482401E-01
  1.450000E+01  6.000000E+01     4  6.112121E+02  8.974952E+01  2.672033E+00  6.112062E+02
  1.450000E+01  6.000000E+01     5  3.528835E+02 -9.025048E+01 -1.542696E+00 -3.528801E+02
  1.450000E+01  6.000000E+01     6  2.036624E-08 -3.165882E-04  2.036624E-08 -1.125338E-13
  1.450000E+01  9.000000E+01     1  2.602872E-06 -9.025048E+01 -1.137906E-08 -2.602847E-06
  1.450000E+01  9.000000E+01     2  5.954682E+01  8.974952E+01  2.603212E-01  5.954625E+01
  1.450000E+01  9.000000E+01     3  2.198685E+01  3.862988E-01  2.198635E+01  1.482383E-01
  1.450000E+01  9.000000E+01     4  7.057639E+02  8.974952E+01  3.085386E+00  7.057572E+02
  1.450000E+01  9.000000E+01     5  3.085017E-05  8.974952E+01  1.348669E-07  3.084988E-05
  1.450000E+01  9.000000E+01     6  2.056484E-15  9.000000E+01 -2.056484E-15  1.135997E-20
  1.450000E+01  1.200000E+02     1  2.977352E+01 -9.025048E+01 -1.301609E-01 -2.977324E+01
  1.450000E+01  1.200000E+02     2  5.156898E+01  8.974952E+01  2.254441E-01  5.156849E+01
  1.450000E+01  1.200000E+02     3  2.198658E+01  3.863072E-01  2.198608E+01  1.482397E-01
  1.450000E+01  1.200000E+02     4  6.112119E+02  8.974952E+01  2.672035E+00  6.112060E+02
  1.450000E+01  1.200000E+02     5  3.528835E+02  8.974952E+01  1.542694E+00  3.528801E+02
  1.450000E+01  1.200000E+02     6  2.036624E-08  1.799997E+02 -2.036624E-08  1.125339E-13
  1.450000E+01  1.500000E+02     1  5.156898E+01 -9.025048E+01 -2.254454E-01 -5.156849E+01
  1.450000E+01  1.500000E+02     2  2.977340E+01  8.974952E+01  1.301606E-01  2.977312E+01
  1.450000E+01  1.500000E+02     3  2.198713E+01  3.862975E-01  2.198663E+01  1.482397E-01
  1.450000E+01  1.500000E+02     4  3.528821E+02  8.974952E+01  1.542694E+00  3.528787E+02
  1.450000E+01  1.500000E+02     5  6.112095E+02  8.974952E+01  2.672040E+00  6.112037E+02
  1.450000E+01  1.500000E+02     6  2.035494E-08  1.799997E+02 -2.035494E-08  1.125340E-13
  1.450000E+01  1.800000E+02     1  5.954681E+01 -9.025048E+01 -2.603219E-01 -5.954624E+01
  1.450000E+01  1.800000E+02     2  5.205746E-06 -9.025048E+01 -2.275795E-08 -5.205697E-06
  1.450000E+01  1.800000E+02     3  2.198705E+01  3.863006E-01  2.198655E+01  1.482403E-01
  1.450000E+01  1.800000E+02     4  6.170011E-05 -9.025048E+01 -2.697332E-07 -6.169952E-05
  1.450000E+01  1.800000E+02     5  7.057659E+02  8.974952E+01  3.085391E+00  7.057592E+02
  1.450000E+01  1.800000E+02     6  4.108408E-15 -9.000000E+01  4.108408E-15 -2.271996E-20
  1.500000E+01 -1.800000E+02     1  5.649263E+01 -9.020925E+01 -2.063200E-01 -5.649225E+01
  1.500000E+01 -1.800000E+02     2  4.938733E-06  8.979075E+01  1.803688E-08  4.938700E-06
  1.500000E+01 -1.800000E+02     3  2.457372E+01  3.459212E-01  2.457327E+01  1.483621E-01
  1.500000E+01 -1.800000E+02     4  5.879048E-05  8.979075E+01  2.147108E-07  5.879008E-05
  1.500000E+01 -1.800000E+02     5  6.724826E+02  8.979075E+01  2.456005E+00  6.724781E+02
  1.500000E+01 -1.800000E+02     6  3.646992E-15  9.000000E+01 -3.646992E-15  1.485371E-20
  1.500000E+01 -1.500000E+02     1  4.892399E+01 -9.020925E+01 -1.786770E-01 -4.892366E+01
  1.500000E+01 -1.500000E+02     2  2.824625E+01 -9.020925E+01 -1.031593E-01 -2.824606E+01
  1.500000E+01 -1.500000E+02     3  2.457359E+01  3.459193E-01  2.457314E+01  1.483604E-01
  1.500000E+01 -1.500000E+02     4  3.362421E+02 -9.020925E+01 -1.228004E+00 -3.362399E+02
  1.500000E+01 -1.500000E+02     5  5.823850E+02  8.979075E+01  2.126962E+00  5.823811E+02
  1.500000E+01 -1.500000E+02     6  1.806829E-08 -2.333007E-04  1.806829E-08 -7.357166E-14
  1.500000E+01 -1.200000E+02     1  2.824630E+01 -9.020925E+01 -1.031600E-01 -2.824611E+01
  1.500000E+01 -1.200000E+02     2  4.892389E+01 -9.020925E+01 -1.786771E-01 -4.892356E+01
  1.500000E+01 -1.200000E+02     3  2.457356E+01  3.459239E-01  2.457311E+01  1.483622E-01
  1.500000E+01 -1.200000E+02     4  5.823846E+02 -9.020925E+01 -2.126952E+00 -5.823807E+02
  1.500000E+01 -1.200000E+02     5  3.362407E+02  8.979075E+01  1.228003E+00  3.362385E+02
  1.500000E+01 -1.200000E+02     6  1.807722E-08 -2.331858E-04  1.807722E-08 -7.357173E-14
  1.500000E+01 -9.000000E+01     1  2.469360E-06 -9.020925E+01 -9.018470E-09 -2.469344E-06
  1.500000E+01 -9.000000E+01     2  5.649252E+01 -9.020925E+01 -2.063185E-01 -5.649215E+01
  1.500000E+01 -9.000000E+01     3  2.457320E+01  3.459263E-01  2.457276E+01  1.483611E-01
  1.500000E+01 -9.000000E+01     4  6.724828E+02 -9.020925E+01 -2.456007E+00 -6.724784E+02
  1.500000E+01 -9.000000E+01     5  2.939513E-05  8.979075E+01  1.073553E-07  2.939493E-05
  1.500000E+01 -9.000000E+01     6  1.825296E-15 -9.000000E+01  1.825296E-15 -7.426837E-21
  1.500000E+01 -6.000000E+01     1  2.824631E+01  8.979075E+01  1.031599E-01  2.824612E+01
  1.500000E+01 -6.000000E+01     2  4.892387E+01 -9.020925E+01 -1.786771E-01 -4.892354E+01
  1.500000E+01 -6.000000E+01     3  2.457356E+01  3.459239E-01  2.457311E+01  1.483622E-01
  1.500000E+01 -6.000000E+01     4  5.823848E+02 -9.020925E+01 -2.126951E+00 -5.823809E+02
  1.500000E+01 -6.000000E+01     5  3.362406E+02 -9.020925E+01 -1.228002E+00 -3.362384E+02
  1.500000E+01 -6.000000E+01     6  1.807722E-08  1.799998E+02 -1.807722E-08  7.357160E-14
  1.500000E+01 -3.000000E+01     1  4.892401E+01  8.979075E+01  1.786770E-01  4.892368E+01
  1.500000E+01 -3.000000E+01     2  2.824626E+01 -9.020925E+01 -1.031593E-01 -2.824607E+01
  1.500000E+01 -3.000000E+01     3  2.457359E+01  3.459193E-01  2.457314E+01  1.483604E-01
  1.500000E+01 -3.000000E+01     4  3.362420E+02 -9.020925E+01 -1.228004E+00 -3.362397E+02
  1.500000E+01 -3.000000E+01     5  5.823853E+02 -9.020925E+01 -2.126962E+00 -5.823814E+02
  1.500000E+01 -3.000000E+01     6  1.806831E-08  1.799998E+02 -1.806831E-08  7.357166E-14
  1.500000E+01  0.000000E+00     1  5.649263E+01  8.979075E+01  2.063200E-01  5.649225E+01
  1.500000E+01  0.000000E+00     2  0.000000E+00  9.000000E+01  0.000000E+00  0.000000E+00
  1.500000E+01  0.000000E+00     3  2.457372E+01  3.459212E-01  2.457327E+01  1.483621E-01
  1.500000E+01  0.000000E+00     4  0.000000E+00  9.000000E+01  0.000000E+00  0.000000E+00
  1.500000E+01  0.000000E+00     5  6.724826E+02 -9.020925E+01 -2.456005E+00 -6.724781E+02
  1.500000E+01  0.000000E+00     6  0.000000E+00  9.000000E+01  0.000000E+00  0.000000E+00
  1.500000E+01  3.000000E+01     1  4.892401E+01  8.979075E+01  1.786770E-01  4.892368E+01
  1.500000E+01  3.000000E+01     2  2.824626E+01  8.979075E+01  1.031593E-01  2.824607E+01
  1.500000E+01  3.000000E+01     3  2.457359E+01  3.459193E-01  2.457314E+01  1.483604E-01
  1.500000E+01  3.000000E+01     4  3.362420E+02  8.979075E+01  1.228004E+00  3.362397E+02
  1.500000E+01  3.000000E+01     5  5.823853E+02 -9.020925E+01 -2.126962E+00 -5.823814E+02
  1.500000E+01  3.000000E+01     6  1.806831E-08 -2.333005E-04  1.806831E-08 -7.357166E-14
  1.500000E+01  6.000000E+01     1  2.824631E+01  8.979075E+01  1.031599E-01  2.824612E+01
  1.500000E+01  6.000000E+01     2  4.892387E+01  8.979075E+01  1.786771E-01  4.892354E+01
  1.500000E+01  6.000000E+01     3  2.457356E+01  3.459239E-01  2.457311E+01  1.483622E-01
  1.500000E+01  6.000000E+01     4  5.823848E+02  8.979075E+01  2.126951E+00  5.823809E+02
  1.500000E+01  6.000000E+01     5  3.362406E+02 -9.020925E+01 -1.228002E+00 -3.362384E+02
  1.500000E+01  6.000000E+01     6  1.807722E-08 -2.331854E-04  1.807722E-08 -7.357160E-14
  1.500000E+01  9.000000E+01     1  2.469360E-06 -9.020925E+01 -9.018470E-09 -2.469344E-06
  1.500000E+01  9.000000E+01     2  5.649252E+01  8.979075E+01  2.063185E-01  5.649215E+01
  1.500000E+01  9.000000E+01     3  2.457320E+01  3.459263E-01  2.457276E+01  1.483611E-01
  1.500000E+01  9.000000E+01     4  6.724828E+02  8.979075E+01  2.456007E+00  6.724784E+02
  1.500000E+01  9.000000E+01     5  2.939513E-05  8.979075E+01  1.073553E-07  2.939493E-05
  1.500000E+01  9.000000E+01     6  1.825296E-15  9.000000E+01 -1.825296E-15  7.426837E-21
  1.500000E+01  1.200000E+02     1  2.824630E+01 -9.020925E+01 -1.031600E-01 -2.824611E+01
  1.500000E+01  1.200000E+02     2  4.892389E+01  8.979075E+01  1.786771E-01  4.892356E+01
  1.500000E+01  1.200000E+02     3  2.457356E+01  3.459239E-01  2.457311E+01  1.483622E-01
  1.500000E+01  1.200000E+02     4  5.823846E+02  8.979075E+01  2.126952E+00  5.823807E+02
  1.500000E+01  1.200000E+02     5  3.362407E+02  8.979075E+01  1.228003E+00  3.362385E+02
  1.500000E+01  1.200000E+02     6  1.807722E-08  1.799998E+02 -1.807722E-08  7.357173E-14
  1.500000E+01  1.500000E+02     1  4.892399E+01 -9.020925E+01 -1.786770E-01 -4.892366E+01
  1.500000E+01  1.500000E+02     2  2.824625E+01  8.979075E+01  1.031593E-01  2.824606E+01
  1.500000E+01  1.500000E+02     3  2.457359E+01  3.459193E-01  2.457314E+01  1.483604E-01
  1.500000E+01  1.500000E+02     4  3.362421E+02  8.979075E+01  1.228004E+00  3.362399E+02
  1.500000E+01  1.500000E+02     5  5.823850E+02  8.979075E+01  2.126962E+00  5.823811E+02
  1.500000E+01  1.500000E+02     6  1.806829E-08  1.799998E+02 -1.806829E-08  7.357166E-14
  1.500000E+01  1.800000E+02     1  5.649263E+01 -9.020925E+01 -2.063200E-01 -5.649225E+01
  1.500000E+01  1.800000E+02     2  4.938733E-06 -9.020925E+01 -1.803688E-08 -4.938700E-06
  1.500000E+01  1.800000E+02     3  2.457372E+01  3.459212E-01  2.457327E+01  1.483621E-01
  1.500000E+01  1.800000E+02     4  5.879048E-05 -9.020925E+01 -2.147108E-07 -5.879008E-05
  1.500000E+01  1.800000E+02     5  6.724826E+02  8.979075E+01  2.456005E+00  6.724781E+02
  1.500000E+01  1.800000E+02     6  3.646992E-15 -9.000000E+01  3.646992E-15 -1.485371E-20
  1.550000E+01 -1.800000E+02     1  5.369356E+01 -9.017579E+01 -1.647383E-01 -5.369331E+01
  1.550000E+01 -1.800000E+02     2  4.694030E-06  8.982421E+01  1.440188E-08  4.694008E-06
  1.550000E+01 -1.800000E+02     3  2.705149E+01  3.110062E-01  2.705109E+01  1.468370E-01
  1.550000E+01 -1.800000E+02     4  5.609536E-05  8.982421E+01  1.721088E-07  5.609509E-05
  1.550000E+01 -1.800000E+02     5  6.416588E+02  8.982421E+01  1.968689E+00  6.416558E+02
  1.550000E+01 -1.800000E+02     6  3.253166E-15  9.000000E+01 -3.253166E-15  9.867210E-21
  1.550000E+01 -1.500000E+02     1  4.649992E+01 -9.017579E+01 -1.426676E-01 -4.649971E+01
  1.550000E+01 -1.500000E+02     2  2.684675E+01 -9.017579E+01 -8.236890E-02 -2.684662E+01
  1.550000E+01 -1.500000E+02     3  2.705143E+01  3.110038E-01  2.705103E+01  1.468355E-01
  1.550000E+01 -1.500000E+02     4  3.208297E+02 -9.017579E+01 -9.843390E-01 -3.208282E+02
  1.550000E+01 -1.500000E+02     5  5.556956E+02  8.982421E+01  1.704933E+00  5.556930E+02
  1.550000E+01 -1.500000E+02     6  1.611675E-08 -1.737461E-04  1.611675E-08 -4.887311E-14
  1.550000E+01 -1.200000E+02     1  2.684681E+01 -9.017579E+01 -8.236930E-02 -2.684668E+01
  1.550000E+01 -1.200000E+02     2  4.650000E+01 -9.017579E+01 -1.426673E-01 -4.649979E+01
  1.550000E+01 -1.200000E+02     3  2.705135E+01  3.109995E-01  2.705095E+01  1.468331E-01
  1.550000E+01 -1.200000E+02     4  5.556936E+02 -9.017579E+01 -1.704930E+00 -5.556910E+02
  1.550000E+01 -1.200000E+02     5  3.208291E+02  8.982421E+01  9.843441E-01  3.208276E+02
  1.550000E+01 -1.200000E+02     6  1.612384E-08 -1.736696E-04  1.612384E-08 -4.887309E-14
  1.550000E+01 -9.000000E+01     1  2.347008E-06 -9.017579E+01 -7.200966E-09 -2.346997E-06
  1.550000E+01 -9.000000E+01     2  5.369363E+01 -9.017579E+01 -1.647377E-01 -5.369338E+01
  1.550000E+01 -9.000000E+01     3  2.705137E+01  3.110025E-01  2.705097E+01  1.468346E-01
  1.550000E+01 -9.000000E+01     4  6.416607E+02 -9.017579E+01 -1.968680E+00 -6.416577E+02
  1.550000E+01 -9.000000E+01     5  2.804761E-05  8.982421E+01  8.605458E-08  2.804748E-05
  1.550000E+01 -9.000000E+01     6  1.628009E-15 -9.000000E+01  1.628009E-15 -4.933598E-21
  1.550000E+01 -6.000000E+01     1  2.684679E+01  8.982421E+01  8.236927E-02  2.684666E+01
  1.550000E+01 -6.000000E+01     2  4.649998E+01 -9.017579E+01 -1.426674E-01 -4.649977E+01
  1.550000E+01 -6.000000E+01     3  2.705135E+01  3.109995E-01  2.705095E+01  1.468331E-01
  1.550000E+01 -6.000000E+01     4  5.556943E+02 -9.017579E+01 -1.704931E+00 -5.556917E+02
  1.550000E+01 -6.000000E+01     5  3.208296E+02 -9.017579E+01 -9.843436E-01 -3.208281E+02
  1.550000E+01 -6.000000E+01     6  1.612385E-08  1.799998E+02 -1.612385E-08  4.887309E-14
  1.550000E+01 -3.000000E+01     1  4.649990E+01  8.982421E+01  1.426675E-01  4.649968E+01
  1.550000E+01 -3.000000E+01     2  2.684674E+01 -9.017579E+01 -8.236886E-02 -2.684662E+01
  1.550000E+01 -3.000000E+01     3  2.705143E+01  3.110038E-01  2.705103E+01  1.468355E-01
  1.550000E+01 -3.000000E+01     4  3.208296E+02 -9.017579E+01 -9.843393E-01 -3.208281E+02
  1.550000E+01 -3.000000E+01     5  5.556955E+02 -9.017579E+01 -1.704932E+00 -5.556929E+02
  1.550000E+01 -3.000000E+01     6  1.611674E-08  1.799998E+02 -1.611674E-08  4.887317E-14
  1.550000E+01  0.000000E+00     1  5.369356E+01  8.982421E+01  1.647383E-01  5.369331E+01
  1.550000E+01  0.000000E+00     2  0.000000E+00  9.000000E+01  0.000000E+00  0.000000E+00
  1.550000E+01  0.000000E+00     3  2.705149E+01  3.110062E-01  2.705109E+01  1.468370E-01
  1.550000E+01  0.000000E+00     4  0.000000E+00  9.000000E+01  0.000000E+00  0.000000E+00
  1.550000E+01  0.000000E+00     5  6.416588E+02 -9.017579E+01 -1.968689E+00 -6.416558E+02
  1.550000E+01  0.000000E+00     6  0.000000E+00  9.000000E+01  0.000000E+00  0.000000E+00
  1.550000E+01  3.000000E+01     1  4.649990E+01  8.982421E+01  1.426675E-01  4.649968E+01
  1.550000E+01  3.000000E+01     2  2.684674E+01  8.982421E+01  8.236886E-02  2.684662E+01
  1.550000E+01  3.000000E+01     3  2.705143E+01  3.110038E-01  2.705103E+01  1.468355E-01
  1.550000E+01  3.000000E+01     4  3.208296E+02  8.982421E+01  9.843393E-01  3.208281E+02
  1.550000E+01  3.000000E+01     5  5.556955E+02 -9.017579E+01 -1.704932E+00 -5.556929E+02
  1.550000E+01  3.000000E+01     6  1.611674E-08 -1.737465E-04  1.611674E-08 -4.887317E-14
  1.550000E+01  6.000000E+01     1  2.684679E+01  8.982421E+01  8.236927E-02  2.684666E+01
  1.550000E+01  6.000000E+01     2  4.649998E+01  8.982421E+01  1.426674E-01  4.649977E+01
  1.550000E+01  6.000000E+01     3  2.705135E+01  3.109995E-01  2.705095E+01  1.468331E-01
  1.550000E+01  6.000000E+01     4  5.556943E+02  8.982421E+01  1.704931E+00  5.556917E+02
  1.550000E+01  6.000000E+01     5  3.208296E+02 -9.017579E+01 -9.843436E-01 -3.208281E+02
  1.550000E+01  6.000000E+01     6  1.612385E-08 -1.736696E-04  1.612385E-08 -4.887309E-14
  1.550000E+01  9.000000E+01     1  2.347008E-06 -9.017579E+01 -7.200966E-09 -2.346997E-06
  1.550000E+01  9.000000E+01     2  5.369363E+01  8.982421E+01  1.647377E-01  5.369338E+01
  1.550000E+01  9.000000E+01     3  2.705137E+01  3.110025E-01  2.705097E+01  1.468346E-01
  1.550000E+01  9.000000E+01     4  6.416607E+02  8.982421E+01  1.968680E+00  6.416577E+02
  1.550000E+01  9.000000E+01     5  2.804761E-05  8.982421E+01  8.605458E-08  2.804748E-05
  1.550000E+01  9.000000E+01     6  1.628009E-15  9.000000E+01 -1.628009E-15  4.933598E-21
  1.550000E+01  1.200000E+02     1  2.684681E+01 -9.017579E+01 -8.236930E-02 -2.684668E+01
  1.550000E+01  1.200000E+02     2  4.650000E+01  8.982421E+01  1.426673E-01  4.649979E+01
  1.550000E+01  1.200000E+02     3  2.705135E+01  3.109995E-01  2.705095E+01  1.468331E-01
  1.550000E+01  1.200000E+02     4  5.556936E+02  8.982421E+01  1.704930E+00  5.556910E+02
  1.550000E+01  1.200000E+02     5  3.208291E+02  8.982421E+01  9.843441E-01  3.208276E+02
  1.550000E+01  1.200000E+02     6  1.612384E-08  1.799998E+02 -1.612384E-08  4.887309E-14
  1.550000E+01  1.500000E+02     1  4.649992E+01 -9.017579E+01 -1.426676E-01 -4.649971E+01
  1.550000E+01  1.500000E+02     2  2.684675E+01  8.982421E+01  8.236890E-02  2.684662E+01
  1.550000E+01  1.500000E+02     3  2.705143E+01  3.110038E-01  2.705103E+01  1.468355E-01
  1.550000E+01  1.500000E+02     4  3.208297E+02  8.982421E+01  9.843390E-01  3.208282E+02
  1.550000E+01  1.500000E+02     5  5.556956E+02  8.982421E+01  1.704933E+00  5.556930E+02
  1.550000E+01  1.500000E+02     6  1.611675E-08  1.799998E+02 -1.611675E-08  4.887311E-14
  1.550000E+01  1.800000E+02     1  5.369356E+01 -9.017579E+01 -1.647383E-01 -5.369331E+01
  1.550000E+01  1.800000E+02     2  4.694030E-06 -9.017579E+01 -1.440188E-08 -4.694008E-06
  1.550000E+01  1.800000E+02     3  2.705149E+01  3.110062E-01  2.705109E+01  1.468370E-01
  1.550000E+01  1.800000E+02     4  5.609536E-05 -9.017579E+01 -1.721088E-07 -5.609509E-05
  1.550000E+01  1.800000E+02     5  6.416588E+02  8.982421E+01  1.968689E+00  6.416558E+02
  1.550000E+01  1.800000E+02     6  3.253166E-15 -9.000000E+01  3.253166E-15 -9.867210E-21
  1.600000E+01 -1.800000E+02     1  5.112892E+01 -9.014854E+01 -1.325526E-01 -5.112875E+01
  1.600000E+01 -1.800000E+02     2  4.469813E-06  8.985146E+01  1.158804E-08  4.469798E-06
  1.600000E+01 -1.800000E+02     3  2.941431E+01  2.805720E-01  2.941396E+01  1.440385E-01
  1.600000E+01 -1.800000E+02     4  5.360359E-05  8.985146E+01  1.389681E-07  5.360341E-05
  1.600000E+01 -1.800000E+02     5  6.131547E+02  8.985146E+01  1.589606E+00  6.131526E+02
  1.600000E+01 -1.800000E+02     6  2.915790E-15  9.000000E+01 -2.915790E-15  6.660916E-21
  1.600000E+01 -1.500000E+02     1  4.427852E+01 -9.014854E+01 -1.147938E-01 -4.427837E+01
  1.600000E+01 -1.500000E+02     2  2.556442E+01 -9.014854E+01 -6.627588E-02 -2.556434E+01
  1.600000E+01 -1.500000E+02     3  2.941469E+01  2.805723E-01  2.941433E+01  1.440405E-01
  1.600000E+01 -1.500000E+02     4  3.065758E+02 -9.014854E+01 -7.948018E-01 -3.065747E+02
  1.600000E+01 -1.500000E+02     5  5.310065E+02  8.985146E+01  1.376640E+00  5.310048E+02
  1.600000E+01 -1.500000E+02     6  1.444504E-08 -1.308623E-04  1.444504E-08 -3.299216E-14
  1.600000E+01 -1.200000E+02     1  2.556453E+01 -9.014854E+01 -6.627630E-02 -2.556444E+01
  1.600000E+01 -1.200000E+02     2  4.427889E+01 -9.014854E+01 -1.147935E-01 -4.427874E+01
  1.600000E+01 -1.200000E+02     3  2.941486E+01  2.805685E-01  2.941451E+01  1.440394E-01
  1.600000E+01 -1.200000E+02     4  5.310068E+02 -9.014854E+01 -1.376641E+00 -5.310050E+02
  1.600000E+01 -1.200000E+02     5  3.065769E+02  8.985146E+01  7.948031E-01  3.065759E+02
  1.600000E+01 -1.200000E+02     6  1.445075E-08 -1.308104E-04  1.445075E-08 -3.299211E-14
  1.600000E+01 -9.000000E+01     1  2.234912E-06 -9.014854E+01 -5.794035E-09 -2.234904E-06
  1.600000E+01 -9.000000E+01     2  5.112860E+01 -9.014854E+01 -1.325518E-01 -5.112843E+01
  1.600000E+01 -9.000000E+01     3  2.941500E+01  2.805687E-01  2.941465E+01  1.440402E-01
  1.600000E+01 -9.000000E+01     4  6.131550E+02 -9.014854E+01 -1.589604E+00 -6.131529E+02
  1.600000E+01 -9.000000E+01     5  2.680174E-05  8.985146E+01  6.948424E-08  2.680165E-05
  1.600000E+01 -9.000000E+01     6  1.459045E-15 -9.000000E+01  1.459045E-15 -3.330463E-21
  1.600000E+01 -6.000000E+01     1  2.556452E+01  8.985146E+01  6.627630E-02  2.556443E+01
  1.600000E+01 -6.000000E+01     2  4.427889E+01 -9.014854E+01 -1.147935E-01 -4.427874E+01
  1.600000E+01 -6.000000E+01     3  2.941486E+01  2.805685E-01  2.941451E+01  1.440394E-01
  1.600000E+01 -6.000000E+01     4  5.310067E+02 -9.014854E+01 -1.376640E+00 -5.310049E+02
  1.600000E+01 -6.000000E+01     5  3.065768E+02 -9.014854E+01 -7.948024E-01 -3.065758E+02
  1.600000E+01 -6.000000E+01     6  1.445076E-08  1.799999E+02 -1.445076E-08  3.299208E-14
  1.600000E+01 -3.000000E+01     1  4.427856E+01  8.985146E+01  1.147938E-01  4.427841E+01
  1.600000E+01 -3.000000E+01     2  2.556441E+01 -9.014854E+01 -6.627587E-02 -2.556433E+01
  1.600000E+01 -3.000000E+01     3  2.941469E+01  2.805723E-01  2.941433E+01  1.440405E-01
  1.600000E+01 -3.000000E+01     4  3.065756E+02 -9.014854E+01 -7.948015E-01 -3.065746E+02
  1.600000E+01 -3.000000E+01     5  5.310067E+02 -9.014854E+01 -1.376642E+00 -5.310049E+02
  1.600000E+01 -3.000000E+01     6  1.444504E-08  1.799999E+02 -1.444504E-08  3.299213E-14
  1.600000E+01  0.000000E+00     1  5.112892E+01  8.985146E+01  1.325526E-01  5.112875E+01
  1.600000E+01  0.000000E+00     2  0.000000E+00  9.000000E+01  0.000000E+00  0.000000E+00
  1.600000E+01  0.000000E+00     3  2.941431E+01  2.805720E-01  2.941396E+01  1.440385E-01
  1.600000E+01  0.000000E+00     4  0.000000E+00  9.000000E+01  0.000000E+00  0.000000E+00
  1.600000E+01  0.000000E+00     5  6.131547E+02 -9.014854E+01 -1.589606E+00 -6.131526E+02
  1.600000E+01  0.000000E+00     6  0.000000E+00  9.000000E+01  0.000000E+00  0.000000E+00
  1.600000E+01  3.000000E+01     1  4.427856E+01  8.985146E+01  1.147938E-01  4.427841E+01
  1.600000E+01  3.000000E+01     2  2.556441E+01  8.985146E+01  6.627587E-02  2.556433E+01
  1.600000E+01  3.000000E+01     3  2.941469E+01  2.805723E-01  2.941433E+01  1.440405E-01
  1.600000E+01  3.000000E+01     4  3.065756E+02  8.985146E+01  7.948015E-01  3.065746E+02
  1.600000E+01  3.000000E+01     5  5.310067E+02 -9.014854E+01 -1.376642E+00 -5.310049E+02
  1.600000E+01  3.000000E+01     6  1.444504E-08 -1.308622E-04  1.444504E-08 -3.299213E-14
  1.600000E+01  6.000000E+01     1  2.556452E+01  8.985146E+01  6.627630E-02  2.556443E+01
  1.600000E+01  6.000000E+01     2  4.427889E+01  8.985146E+01  1.147935E-01  4.427874E+01
  1.600000E+01  6.000000E+01     3  2.941486E+01  2.805685E-01  2.941451E+01  1.440394E-01
  1.600000E+01  6.000000E+01     4  5.310067E+02  8.985146E+01  1.376640E+00  5.310049E+02
  1.600000E+01  6.000000E+01     5  3.065768E+02 -9.014854E+01 -7.948024E-01 -3.065758E+02
  1.600000E+01  6.000000E+01     6  1.445076E-08 -1.308102E-04  1.445076E-08 -3.299208E-14
  1.600000E+01  9.000000E+01     1  2.234912E-06 -9.014854E+01 -5.794035E-09 -2.234904E-06
  1.600000E+01  9.000000E+01     2  5.112860E+01  8.985146E+01  1.325518E-01  5.112843E+01
  1.600000E+01  9.000000E+01     3  2.941500E+01  2.805687E-01  2.941465E+01  1.440402E-01
  1.600000E+01  9.000000E+01     4  6.131550E+02  8.985146E+01  1.589604E+00  6.131529E+02
  1.600000E+01  9.000000E+01     5  2.680174E-05  8.985146E+01  6.948424E-08  2.680165E-05
  1.600000E+01  9.000000E+01     6  1.459045E-15  9.000000E+01 -1.459045E-15  3.330463E-21
  1.600000E+01  1.200000E+02     1  2.556453E+01 -9.014854E+01 -6.627630E-02 -2.556444E+01
  1.600000E+01  1.200000E+02     2  4.427889E+01  8.985146E+01  1.147935E-01  4.427874E+01
  1.600000E+01  1.200000E+02     3  2.941486E+01  2.805685E-01  2.941451E+01  1.440394E-01
  1.600000E+01  1.200000E+02     4  5.310068E+02  8.985146E+01  1.376641E+00  5.310050E+02
  1.600000E+01  1.200000E+02     5  3.065769E+02  8.985146E+01  7.948031E-01  3.065759E+02
  1.600000E+01  1.200000E+02     6  1.445075E-08  1.799999E+02 -1.445075E-08  3.299211E-14
  1.600000E+01  1.500000E+02     1  4.427852E+01 -9.014854E+01 -1.147938E-01 -4.427837E+01
  1.600000E+01  1.500000E+02     2  2.556442E+01  8.985146E+01  6.627588E-02  2.556434E+01
  1.600000E+01  1.500000E+02     3  2.941469E+01  2.805723E-01  2.941433E+01  1.440405E-01
  1.600000E+01  1.500000E+02     4  3.065758E+02  8.985146E+01  7.948018E-01  3.065747E+02
  1.600000E+01  1.500000E+02     5  5.310065E+02  8.985146E+01  1.376640E+00  5.310048E+02
  1.600000E+01  1.500000E+02     6  1.444504E-08  1.799999E+02 -1.444504E-08  3.299216E-14
  1.600000E+01  1.800000E+02     1  5.112892E+01 -9.014854E+01 -1.325526E-01 -5.112875E+01
  1.600000E+01  1.800000E+02     2  4.469813E-06 -9.014854E+01 -1.158804E-08 -4.469798E-06
  1.600000E+01  1.800000E+02     3  2.941431E+01  2.805720E-01  2.941396E+01  1.440385E-01
  1.600000E+01  1.800000E+02     4  5.360359E-05 -9.014854E+01 -1.389681E-07 -5.360341E-05
  1.600000E+01  1.800000E+02     5  6.131547E+02  8.985146E+01  1.589606E+00  6.131526E+02
  1.600000E+01  1.800000E+02     6  2.915790E-15 -9.000000E+01  2.915790E-15 -6.660916E-21
  1.650000E+01 -1.800000E+02     1  4.877802E+01 -9.012627E+01 -1.074984E-01 -4.877790E+01
  1.650000E+01 -1.800000E+02     2  4.264306E-06  8.987373E+01  9.397773E-09  4.264295E-06
  1.650000E+01 -1.800000E+02     3  3.166640E+01  2.539751E-01  3.166609E+01  1.403673E-01
  1.650000E+01 -1.800000E+02     4  5.130093E-05  8.987373E+01  1.130577E-07  5.130081E-05
  1.650000E+01 -1.800000E+02     5  5.868150E+02  8.987373E+01  1.293233E+00  5.868136E+02
  1.650000E+01 -1.800000E+02     6  2.625697E-15  9.000000E+01 -2.625697E-15  4.568653E-21
  1.650000E+01 -1.500000E+02     1  4.224287E+01 -9.012627E+01 -9.309594E-02 -4.224277E+01
  1.650000E+01 -1.500000E+02     2  2.438894E+01 -9.012627E+01 -5.374900E-02 -2.438888E+01
  1.650000E+01 -1.500000E+02     3  3.166603E+01  2.539805E-01  3.166571E+01  1.403686E-01
  1.650000E+01 -1.500000E+02     4  2.934098E+02 -9.012627E+01 -6.466176E-01 -2.934091E+02
  1.650000E+01 -1.500000E+02     5  5.081965E+02  8.987373E+01  1.119984E+00  5.081953E+02
  1.650000E+01 -1.500000E+02     6  1.300760E-08 -9.967606E-05  1.300760E-08 -2.262901E-14
  1.650000E+01 -1.200000E+02     1  2.438899E+01 -9.012627E+01 -5.374919E-02 -2.438893E+01
  1.650000E+01 -1.200000E+02     2  4.224287E+01 -9.012627E+01 -9.309581E-02 -4.224276E+01
  1.650000E+01 -1.200000E+02     3  3.166670E+01  2.539744E-01  3.166639E+01  1.403682E-01
  1.650000E+01 -1.200000E+02     4  5.081978E+02 -9.012627E+01 -1.119983E+00 -5.081966E+02
  1.650000E+01 -1.200000E+02     5  2.934096E+02  8.987373E+01  6.466171E-01  2.934089E+02
  1.650000E+01 -1.200000E+02     6  1.301223E-08 -9.964068E-05  1.301223E-08 -2.262902E-14
  1.650000E+01 -9.000000E+01     1  2.132163E-06 -9.012627E+01 -4.698897E-09 -2.132158E-06
  1.650000E+01 -9.000000E+01     2  4.877800E+01 -9.012627E+01 -1.074979E-01 -4.877788E+01
  1.650000E+01 -9.000000E+01     3  3.166663E+01  2.539738E-01  3.166632E+01  1.403676E-01
  1.650000E+01 -9.000000E+01     4  5.868165E+02 -9.012627E+01 -1.293235E+00 -5.868151E+02
  1.650000E+01 -9.000000E+01     5  2.565046E-05  8.987373E+01  5.652893E-08  2.565040E-05
  1.650000E+01 -9.000000E+01     6  1.313780E-15 -9.000000E+01  1.313780E-15 -2.284329E-21
  1.650000E+01 -6.000000E+01     1  2.438899E+01  8.987373E+01  5.374917E-02  2.438894E+01
  1.650000E+01 -6.000000E+01     2  4.224284E+01 -9.012627E+01 -9.309582E-02 -4.224274E+01
  1.650000E+01 -6.000000E+01     3  3.166670E+01  2.539744E-01  3.166639E+01  1.403682E-01
  1.650000E+01 -6.000000E+01     4  5.081981E+02 -9.012627E+01 -1.119984E+00 -5.081969E+02
  1.650000E+01 -6.000000E+01     5  2.934094E+02 -9.012627E+01 -6.466165E-01 -2.934087E+02
  1.650000E+01 -6.000000E+01     6  1.301223E-08  1.799999E+02 -1.301223E-08  2.262900E-14
  1.650000E+01 -3.000000E+01     1  4.224287E+01  8.987373E+01  9.309592E-02  4.224276E+01
  1.650000E+01 -3.000000E+01     2  2.438894E+01 -9.012627E+01 -5.374896E-02 -2.438888E+01
  1.650000E+01 -3.000000E+01     3  3.166603E+01  2.539805E-01  3.166571E+01  1.403686E-01
  1.650000E+01 -3.000000E+01     4  2.934100E+02 -9.012627E+01 -6.466177E-01 -2.934093E+02
  1.650000E+01 -3.000000E+01     5  5.081960E+02 -9.012627E+01 -1.119984E+00 -5.081947E+02
  1.650000E+01 -3.000000E+01     6  1.300760E-08  1.799999E+02 -1.300760E-08  2.262902E-14
  1.650000E+01  0.000000E+00     1  4.877802E+01  8.987373E+01  1.074984E-01  4.877790E+01
  1.650000E+01  0.000000E+00     2  0.000000E+00  9.000000E+01  0.000000E+00  0.000000E+00
  1.650000E+01  0.000000E+00     3  3.166640E+01  2.539751E-01  3.166609E+01  1.403673E-01
  1.650000E+01  0.000000E+00     4  0.000000E+00  9.000000E+01  0.000000E+00  0.000000E+00
  1.650000E+01  0.000000E+00     5  5.868150E+02 -9.012627E+01 -1.293233E+00 -5.868136E+02
  1.650000E+01  0.000000E+00     6  0.000000E+00  9.000000E+01  0.000000E+00  0.000000E+00
  1.650000E+01  3.000000E+01     1  4.224287E+01  8.987373E+01  9.309592E-02  4.224276E+01
  1.650000E+01  3.000000E+01     2  2.438894E+01  8.987373E+01  5.374896E-02  2.438888E+01
  1.650000E+01  3.000000E+01     3  3.166603E+01  2.539805E-01  3.166571E+01  1.403686E-01
  1.650000E+01  3.000000E+01     4  2.934100E+02  8.987373E+01  6.466177E-01  2.934093E+02
  1.650000E+01  3.000000E+01     5  5.081960E+02 -9.012627E+01 -1.119984E+00 -5.081947E+02
  1.650000E+01  3.000000E+01     6  1.300760E-08 -9.967614E-05  1.300760E-08 -2.262902E-14
  1.650000E+01  6.000000E+01     1  2.438899E+01  8.987373E+01  5.374917E-02  2.438894E+01
  1.650000E+01  6.000000E+01     2  4.224284E+01  8.987373E+01  9.309582E-02  4.224274E+01
  1.650000E+01  6.000000E+01     3  3.166670E+01  2.539744E-01  3.166639E+01  1.403682E-01
  1.650000E+01  6.000000E+01     4  5.081981E+02  8.987373E+01  1.119984E+00  5.081969E+02
  1.650000E+01  6.000000E+01     5  2.934094E+02 -9.012627E+01 -6.466165E-01 -2.934087E+02
  1.650000E+01  6.000000E+01     6  1.301223E-08 -9.964058E-05  1.301223E-08 -2.262900E-14
  1.650000E+01  9.000000E+01     1  2.132163E-06 -9.012627E+01 -4.698897E-09 -2.132158E-06
  1.650000E+01  9.000000E+01     2  4.877800E+01  8.987373E+01  1.074979E-01  4.877788E+01
  1.650000E+01  9.000000E+01     3  3.166663E+01  2.539738E-01  3.166632E+01  1.403676E-01
  1.650000E+01  9.000000E+01     4  5.868165E+02  8.987373E+01  1.293235E+00  5.868151E+02
  1.650000E+01  9.000000E+01     5  2.565046E-05  8.987373E+01  5.652893E-08  2.565040E-05
  1.650000E+01  9.000000E+01     6  1.313780E-15  9.000000E+01 -1.313780E-15  2.284329E-21
  1.650000E+01  1.200000E+02     1  2.438899E+01 -9.012627E+01 -5.374919E-02 -2.438893E+01
  1.650000E+01  1.200000E+02     2  4.224287E+01  8.987373E+01  9.309581E-02  4.224276E+01
  1.650000E+01  1.200000E+02     3  3.166670E+01  2.539744E-01  3.166639E+01  1.403682E-01
  1.650000E+01  1.200000E+02     4  5.081978E+02  8.987373E+01  1.119983E+00  5.081966E+02
  1.650000E+01  1.200000E+02     5  2.934096E+02  8.987373E+01  6.466171E-01  2.934089E+02
  1.650000E+01  1.200000E+02     6  1.301223E-08  1.799999E+02 -1.301223E-08  2.262902E-14
  1.650000E+01  1.500000E+02     1  4.224287E+01 -9.012627E+01 -9.309594E-02 -4.224277E+01
  1.650000E+01  1.500000E+02     2  2.438894E+01  8.987373E+01  5.374900E-02  2.438888E+01
  1.650000E+01  1.500000E+02     3  3.166603E+01  2.539805E-01  3.166571E+01  1.403686E-01
  1.650000E+01  1.500000E+02     4  2.934098E+02  8.987373E+01  6.466176E-01  2.934091E+02
  1.650000E+01  1.500000E+02     5  5.081965E+02  8.987373E+01  1.119984E+00  5.081953E+02
  1.650000E+01  1.500000E+02     6  1.300760E-08  1.799999E+02 -1.300760E-08  2.262901E-14
  1.650000E+01  1.800000E+02     1  4.877802E+01 -9.012627E+01 -1.074984E-01 -4.877790E+01
  1.650000E+01  1.800000E+02     2  4.264306E-06 -9.012627E+01 -9.397773E-09 -4.264295E-06
  1.650000E+01  1.800000E+02     3  3.166640E+01  2.539751E-01  3.166609E+01  1.403673E-01
  1.650000E+01  1.800000E+02     4  5.130093E-05 -9.012627E+01 -1.130577E-07 -5.130081E-05
  1.650000E+01  1.800000E+02     5  5.868150E+02  8.987373E+01  1.293233E+00  5.868136E+02
  1.650000E+01  1.800000E+02     6  2.625697E-15 -9.000000E+01  2.625697E-15 -4.568653E-21
  1.700000E+01 -1.800000E+02     1  4.662160E+01 -9.010800E+01 -8.788000E-02 -4.662151E+01
  1.700000E+01 -1.800000E+02     2  4.075803E-06  8.989200E+01  7.682698E-09  4.075795E-06
  1.700000E+01 -1.800000E+02     3  3.380376E+01  2.305972E-01  3.380349E+01  1.360490E-01
  1.700000E+01 -1.800000E+02     4  4.917380E-05  8.989201E+01  9.269018E-08  4.917372E-05
  1.700000E+01 -1.800000E+02     5  5.624855E+02  8.989201E+01  1.060256E+00  5.624846E+02
  1.700000E+01 -1.800000E+02     6  2.375246E-15  9.000000E+01 -2.375246E-15  3.183210E-21
  1.700000E+01 -1.500000E+02     1  4.037546E+01 -9.010800E+01 -7.610641E-02 -4.037539E+01
  1.700000E+01 -1.500000E+02     2  2.331085E+01 -9.010800E+01 -4.393987E-02 -2.331081E+01
  1.700000E+01 -1.500000E+02     3  3.380321E+01  2.306039E-01  3.380293E+01  1.360507E-01
  1.700000E+01 -1.500000E+02     4  2.812422E+02 -9.010800E+01 -5.301284E-01 -2.812418E+02
  1.700000E+01 -1.500000E+02     5  4.871215E+02  8.989200E+01  9.182055E-01  4.871207E+02
  1.700000E+01 -1.500000E+02     6  1.176671E-08 -7.677285E-05  1.176671E-08 -1.576668E-14
  1.700000E+01 -1.200000E+02     1  2.331082E+01 -9.010800E+01 -4.394002E-02 -2.331078E+01
  1.700000E+01 -1.200000E+02     2  4.037547E+01 -9.010800E+01 -7.610609E-02 -4.037540E+01
  1.700000E+01 -1.200000E+02     3  3.380296E+01  2.306008E-01  3.380269E+01  1.360479E-01
  1.700000E+01 -1.200000E+02     4  4.871220E+02 -9.010800E+01 -9.182056E-01 -4.871212E+02
  1.700000E+01 -1.200000E+02     5  2.812432E+02  8.989201E+01  5.301288E-01  2.812427E+02
  1.700000E+01 -1.200000E+02     6  1.177046E-08 -7.674849E-05  1.177046E-08 -1.576670E-14
  1.700000E+01 -9.000000E+01     1  2.037895E-06 -9.010800E+01 -3.841358E-09 -2.037891E-06
  1.700000E+01 -9.000000E+01     2  4.662165E+01 -9.010800E+01 -8.787961E-02 -4.662157E+01
  1.700000E+01 -9.000000E+01     3  3.380348E+01  2.305976E-01  3.380320E+01  1.360481E-01
  1.700000E+01 -9.000000E+01     4  5.624829E+02 -9.010800E+01 -1.060256E+00 -5.624819E+02
  1.700000E+01 -9.000000E+01     5  2.458689E-05  8.989200E+01  4.634515E-08  2.458685E-05
  1.700000E+01 -9.000000E+01     6  1.188387E-15 -9.000000E+01  1.188387E-15 -1.591606E-21
  1.700000E+01 -6.000000E+01     1  2.331083E+01  8.989200E+01  4.393999E-02  2.331078E+01
  1.700000E+01 -6.000000E+01     2  4.037546E+01 -9.010800E+01 -7.610608E-02 -4.037539E+01
  1.700000E+01 -6.000000E+01     3  3.380309E+01  2.305998E-01  3.380282E+01  1.360478E-01
  1.700000E+01 -6.000000E+01     4  4.871220E+02 -9.010800E+01 -9.182056E-01 -4.871212E+02
  1.700000E+01 -6.000000E+01     5  2.812435E+02 -9.010800E+01 -5.301279E-01 -2.812430E+02
  1.700000E+01 -6.000000E+01     6  1.177046E-08  1.799999E+02 -1.177046E-08  1.576668E-14
  1.700000E+01 -3.000000E+01     1  4.037546E+01  8.989200E+01  7.610641E-02  4.037539E+01
  1.700000E+01 -3.000000E+01     2  2.331084E+01 -9.010800E+01 -4.393985E-02 -2.331080E+01
  1.700000E+01 -3.000000E+01     3  3.380300E+01  2.306054E-01  3.380272E+01  1.360507E-01
  1.700000E+01 -3.000000E+01     4  2.812416E+02 -9.010800E+01 -5.301284E-01 -2.812411E+02
  1.700000E+01 -3.000000E+01     5  4.871216E+02 -9.010800E+01 -9.182060E-01 -4.871208E+02
  1.700000E+01 -3.000000E+01     6  1.176672E-08  1.799999E+02 -1.176672E-08  1.576669E-14
  1.700000E+01  0.000000E+00     1  4.662160E+01  8.989200E+01  8.788000E-02  4.662151E+01
  1.700000E+01  0.000000E+00     2  0.000000E+00  9.000000E+01  0.000000E+00  0.000000E+00
  1.700000E+01  0.000000E+00     3  3.380376E+01  2.305972E-01  3.380349E+01  1.360490E-01
  1.700000E+01  0.000000E+00     4  0.000000E+00  9.000000E+01  0.000000E+00  0.000000E+00
  1.700000E+01  0.000000E+00     5  5.624855E+02 -9.010800E+01 -1.060256E+00 -5.624846E+02
  1.700000E+01  0.000000E+00     6  0.000000E+00  9.000000E+01  0.000000E+00  0.000000E+00
  1.700000E+01  3.000000E+01     1  4.037546E+01  8.989200E+01  7.610641E-02  4.037539E+01
  1.700000E+01  3.000000E+01     2  2.331084E+01  8.989200E+01  4.393985E-02  2.331080E+01
  1.700000E+01  3.000000E+01     3  3.380300E+01  2.306054E-01  3.380272E+01  1.360507E-01
  1.700000E+01  3.000000E+01     4  2.812416E+02  8.989200E+01  5.301284E-01  2.812411E+02
  1.700000E+01  3.000000E+01     5  4.871216E+02 -9.010800E+01 -9.182060E-01 -4.871208E+02
  1.700000E+01  3.000000E+01     6  1.176672E-08 -7.677286E-05  1.176672E-08 -1.576669E-14
  1.700000E+01  6.000000E+01     1  2.331083E+01  8.989200E+01  4.393999E-02  2.331078E+01
  1.700000E+01  6.000000E+01     2  4.037546E+01  8.989200E+01  7.610608E-02  4.037539E+01
  1.700000E+01  6.000000E+01     3  3.380309E+01  2.305998E-01  3.380282E+01  1.360478E-01
  1.700000E+01  6.000000E+01     4  4.871220E+02  8.989200E+01  9.182056E-01  4.871212E+02
  1.700000E+01  6.000000E+01     5  2.812435E+02 -9.010800E+01 -5.301279E-01 -2.812430E+02
  1.700000E+01  6.000000E+01     6  1.177046E-08 -7.674845E-05  1.177046E-08 -1.576668E-14
  1.700000E+01  9.000000E+01     1  2.037895E-06 -9.010800E+01 -3.841358E-09 -2.037891E-06
  1.700000E+01  9.000000E+01     2  4.662165E+01  8.989200E+01  8.787961E-02  4.662157E+01
  1.700000E+01  9.000000E+01     3  3.380348E+01  2.305976E-01  3.380320E+01  1.360481E-01
  1.700000E+01  9.000000E+01     4  5.624829E+02  8.989200E+01  1.060256E+00  5.624819E+02
  1.700000E+01  9.000000E+01     5  2.458689E-05  8.989200E+01  4.634515E-08  2.458685E-05
  1.700000E+01  9.000000E+01     6  1.188387E-15  9.000000E+01 -1.188387E-15  1.591606E-21
  1.700000E+01  1.200000E+02     1  2.331082E+01 -9.010800E+01 -4.394002E-02 -2.331078E+01
  1.700000E+01  1.200000E+02     2  4.037547E+01  8.989200E+01  7.610609E-02  4.037540E+01
  1.700000E+01  1.200000E+02     3  3.380296E+01  2.306008E-01  3.380269E+01  1.360479E-01
  1.700000E+01  1.200000E+02     4  4.871220E+02  8.989200E+01  9.182056E-01  4.871212E+02
  1.700000E+01  1.200000E+02     5  2.812432E+02  8.989201E+01  5.301288E-01  2.812427E+02
  1.700000E+01  1.200000E+02     6  1.177046E-08  1.799999E+02 -1.177046E-08  1.576670E-14
  1.700000E+01  1.500000E+02     1  4.037546E+01 -9.010800E+01 -7.610641E-02 -4.037539E+01
  1.700000E+01  1.500000E+02     2  2.331085E+01  8.989200E+01  4.393987E-02  2.331081E+01
  1.700000E+01  1.500000E+02     3  3.380321E+01  2.306039E-01  3.380293E+01  1.360507E-01
  1.700000E+01  1.500000E+02     4  2.812422E+02  8.989200E+01  5.301284E-01  2.812418E+02
  1.700000E+01  1.500000E+02     5  4.871215E+02  8.989200E+01  9.182055E-01  4.871207E+02
  1.700000E+01  1.500000E+02     6  1.176671E-08  1.799999E+02 -1.176671E-08  1.576668E-14
  1.700000E+01  1.800000E+02     1  4.662160E+01 -9.010800E+01 -8.788000E-02 -4.662151E+01
  1.700000E+01  1.800000E+02     2  4.075803E-06 -9.010800E+01 -7.682698E-09 -4.075795E-06
  1.700000E+01  1.800000E+02     3  3.380376E+01  2.305972E-01  3.380349E+01  1.360490E-01
  1.700000E+01  1.800000E+02     4  4.917380E-05 -9.010800E+01 -9.269018E-08 -4.917372E-05
  1.700000E+01  1.800000E+02     5  5.624855E+02  8.989201E+01  1.060256E+00  5.624846E+02
  1.700000E+01  1.800000E+02     6  2.375246E-15 -9.000000E+01  2.375246E-15 -3.183210E-21
  1.750000E+01 -1.800000E+02     1  4.464140E+01 -9.009295E+01 -7.242153E-02 -4.464135E+01
  1.750000E+01 -1.800000E+02     2  3.902681E-06  8.990705E+01  6.331264E-09  3.902676E-06
  1.750000E+01 -1.800000E+02     3  3.583166E+01  2.100624E-01  3.583142E+01  1.313686E-01
  1.750000E+01 -1.800000E+02     4  4.720774E-05  8.990705E+01  7.658505E-08  4.720768E-05
  1.750000E+01 -1.800000E+02     5  5.399954E+02  8.990705E+01  8.760283E-01  5.399946E+02
  1.750000E+01 -1.800000E+02     6  2.158118E-15  9.000000E+01 -2.158118E-15  2.252149E-21
  1.750000E+01 -1.500000E+02     1  3.866056E+01 -9.009295E+01 -6.271899E-02 -3.866051E+01
  1.750000E+01 -1.500000E+02     2  2.232075E+01 -9.009295E+01 -3.621062E-02 -2.232072E+01
  1.750000E+01 -1.500000E+02     3  3.583213E+01  2.100619E-01  3.583189E+01  1.313701E-01
  1.750000E+01 -1.500000E+02     4  2.699977E+02 -9.009295E+01 -4.380124E-01 -2.699973E+02
  1.750000E+01 -1.500000E+02     5  4.676479E+02  8.990705E+01  7.586613E-01  4.676473E+02
  1.750000E+01 -1.500000E+02     6  1.069090E-08 -5.978376E-05  1.069090E-08 -1.115513E-14
  1.750000E+01 -1.200000E+02     1  2.232077E+01 -9.009295E+01 -3.621074E-02 -2.232074E+01
  1.750000E+01 -1.200000E+02     2  3.866060E+01 -9.009295E+01 -6.271865E-02 -3.866055E+01
  1.750000E+01 -1.200000E+02     3  3.583157E+01  2.100655E-01  3.583133E+01  1.313702E-01
  1.750000E+01 -1.200000E+02     4  4.676487E+02 -9.009295E+01 -7.586603E-01 -4.676480E+02
  1.750000E+01 -1.200000E+02     5  2.699979E+02  8.990705E+01  4.380145E-01  2.699975E+02
  1.750000E+01 -1.200000E+02     6  1.069402E-08 -5.976623E-05  1.069402E-08 -1.115512E-14
  1.750000E+01 -9.000000E+01     1  1.951345E-06 -9.009295E+01 -3.165648E-09 -1.951343E-06
  1.750000E+01 -9.000000E+01     2  4.464145E+01 -9.009295E+01 -7.242119E-02 -4.464139E+01
  1.750000E+01 -9.000000E+01     3  3.583180E+01  2.100627E-01  3.583156E+01  1.313693E-01
  1.750000E+01 -9.000000E+01     4  5.399947E+02 -9.009295E+01 -8.760244E-01 -5.399940E+02
  1.750000E+01 -9.000000E+01     5  2.360391E-05  8.990705E+01  3.829242E-08  2.360388E-05
  1.750000E+01 -9.000000E+01     6  1.079687E-15 -9.000000E+01  1.079687E-15 -1.126075E-21
  1.750000E+01 -6.000000E+01     1  2.232077E+01  8.990705E+01  3.621072E-02  2.232074E+01
  1.750000E+01 -6.000000E+01     2  3.866061E+01 -9.009295E+01 -6.271867E-02 -3.866056E+01
  1.750000E+01 -6.000000E+01     3  3.583157E+01  2.100655E-01  3.583133E+01  1.313702E-01
  1.750000E+01 -6.000000E+01     4  4.676483E+02 -9.009295E+01 -7.586601E-01 -4.676477E+02
  1.750000E+01 -6.000000E+01     5  2.699977E+02 -9.009295E+01 -4.380140E-01 -2.699973E+02
  1.750000E+01 -6.000000E+01     6  1.069401E-08  1.799999E+02 -1.069401E-08  1.115513E-14
  1.750000E+01 -3.000000E+01     1  3.866054E+01  8.990705E+01  6.271899E-02  3.866049E+01
  1.750000E+01 -3.000000E+01     2  2.232074E+01 -9.009295E+01 -3.621062E-02 -2.232071E+01
  1.750000E+01 -3.000000E+01     3  3.583213E+01  2.100619E-01  3.583189E+01  1.313701E-01
  1.750000E+01 -3.000000E+01     4  2.699977E+02 -9.009295E+01 -4.380122E-01 -2.699973E+02
  1.750000E+01 -3.000000E+01     5  4.676475E+02 -9.009295E+01 -7.586616E-01 -4.676469E+02
  1.750000E+01 -3.000000E+01     6  1.069090E-08  1.799999E+02 -1.069090E-08  1.115514E-14
  1.750000E+01  0.000000E+00     1  4.464140E+01  8.990705E+01  7.242153E-02  4.464135E+01
  1.750000E+01  0.000000E+00     2  0.000000E+00  9.000000E+01  0.000000E+00  0.000000E+00
  1.750000E+01  0.000000E+00     3  3.583166E+01  2.100624E-01  3.583142E+01  1.313686E-01
  1.750000E+01  0.000000E+00     4  0.000000E+00  9.000000E+01  0.000000E+00  0.000000E+00
  1.750000E+01  0.000000E+00     5  5.399954E+02 -9.009295E+01 -8.760283E-01 -5.399946E+02
  1.750000E+01  0.000000E+00     6  0.000000E+00  9.000000E+01  0.000000E+00  0.000000E+00
  1.750000E+01  3.000000E+01     1  3.866054E+01  8.990705E+01  6.271899E-02  3.866049E+01
  1.750000E+01  3.000000E+01     2  2.232074E+01  8.990705E+01  3.621062E-02  2.232071E+01
  1.750000E+01  3.000000E+01     3  3.583213E+01  2.100619E-01  3.583189E+01  1.313701E-01
  1.750000E+01  3.000000E+01     4  2.699977E+02  8.990705E+01  4.380122E-01  2.699973E+02
  1.750000E+01  3.000000E+01     5  4.676475E+02 -9.009295E+01 -7.586616E-01 -4.676469E+02
  1.750000E+01  3.000000E+01     6  1.069090E-08 -5.978378E-05  1.069090E-08 -1.115514E-14
  1.750000E+01  6.000000E+01     1  2.232077E+01  8.990705E+01  3.621072E-02  2.232074E+01
  1.750000E+01  6.000000E+01     2  3.866061E+01  8.990705E+01  6.271867E-02  3.866056E+01
  1.750000E+01  6.000000E+01     3  3.583157E+01  2.100655E-01  3.583133E+01  1.313702E-01
  1.750000E+01  6.000000E+01     4  4.676483E+02  8.990705E+01  7.586601E-01  4.676477E+02
  1.750000E+01  6.000000E+01     5  2.699977E+02 -9.009295E+01 -4.380140E-01 -2.699973E+02
  1.750000E+01  6.000000E+01     6  1.069401E-08 -5.976634E-05  1.069401E-08 -1.115513E-14
  1.750000E+01  9.000000E+01     1  1.951345E-06 -9.009295E+01 -3.165648E-09 -1.951343E-06
  1.750000E+01  9.000000E+01     2  4.464145E+01  8.990705E+01  7.242119E-02  4.464139E+01
  1.750000E+01  9.000000E+01     3  3.583180E+01  2.100627E-01  3.583156E+01  1.313693E-01
  1.750000E+01  9.000000E+01     4  5.399947E+02  8.990705E+01  8.760244E-01  5.399940E+02
  1.750000E+01  9.000000E+01     5  2.360391E-05  8.990705E+01  3.829242E-08  2.360388E-05
  1.750000E+01  9.000000E+01     6  1.079687E-15  9.000000E+01 -1.079687E-15  1.126075E-21
  1.750000E+01  1.200000E+02     1  2.232077E+01 -9.009295E+01 -3.621074E-02 -2.232074E+01
  1.750000E+01  1.200000E+02     2  3.866060E+01  8.990705E+01  6.271865E-02  3.866055E+01
  1.750000E+01  1.200000E+02     3  3.583157E+01  2.100655E-01  3.583133E+01  1.313702E-01
  1.750000E+01  1.200000E+02     4  4.676487E+02  8.990705E+01  7.586603E-01  4.676480E+02
  1.750000E+01  1.200000E+02     5  2.699979E+02  8.990705E+01  4.380145E-01  2.699975E+02
  1.750000E+01  1.200000E+02     6  1.069402E-08  1.799999E+02 -1.069402E-08  1.115512E-14
  1.750000E+01  1.500000E+02     1  3.866056E+01 -9.009295E+01 -6.271899E-02 -3.866051E+01
  1.750000E+01  1.500000E+02     2  2.232075E+01  8.990705E+01  3.621062E-02  2.232072E+01
  1.750000E+01  1.500000E+02     3  3.583213E+01  2.100619E-01  3.583189E+01  1.313701E-01
  1.750000E+01  1.500000E+02     4  2.699977E+02  8.990705E+01  4.380124E-01  2.699973E+02
  1.750000E+01  1.500000E+02     5  4.676479E+02  8.990705E+01  7.586613E-01  4.676473E+02
  1.750000E+01  1.500000E+02     6  1.069090E-08  1.799999E+02 -1.069090E-08  1.115513E-14
  1.750000E+01  1.800000E+02     1  4.464140E+01 -9.009295E+01 -7.242153E-02 -4.464135E+01
  1.750000E+01  1.800000E+02     2  3.902681E-06 -9.009295E+01 -6.331264E-09 -3.902676E-06
  1.750000E+01  1.800000E+02     3  3.583166E+01  2.100624E-01  3.583142E+01  1.313686E-01
  1.750000E+01  1.800000E+02     4  4.720774E-05 -9.009295E+01 -7.658505E-08 -4.720768E-05
  1.750000E+01  1.800000E+02     5  5.399954E+02  8.990705E+01  8.760283E-01  5.399946E+02
  1.750000E+01  1.800000E+02     6  2.158118E-15 -9.000000E+01  2.158118E-15 -2.252149E-21
  1.800000E+01 -1.800000E+02     1  4.282034E+01 -9.008050E+01 -6.016024E-02 -4.282030E+01
  1.800000E+01 -1.800000E+02     2  3.743482E-06  8.991950E+01  5.259365E-09  3.743479E-06
  1.800000E+01 -1.800000E+02     3  3.775322E+01  1.919119E-01  3.775301E+01  1.264540E-01
  1.800000E+01 -1.800000E+02     4  4.538944E-05  8.991950E+01  6.376950E-08  4.538939E-05
  1.800000E+01 -1.800000E+02     5  5.191931E+02  8.991950E+01  7.294388E-01  5.191926E+02
  1.800000E+01 -1.800000E+02     6  1.969069E-15  9.000000E+01 -1.969069E-15  1.617641E-21
  1.800000E+01 -1.500000E+02     1  3.708359E+01 -9.008050E+01 -5.210017E-02 -3.708355E+01
  1.800000E+01 -1.500000E+02     2  2.141024E+01 -9.008050E+01 -3.007995E-02 -2.141022E+01
  1.800000E+01 -1.500000E+02     3  3.775303E+01  1.919154E-01  3.775282E+01  1.264556E-01
  1.800000E+01 -1.500000E+02     4  2.595979E+02 -9.008050E+01 -3.647192E-01 -2.595977E+02
  1.800000E+01 -1.500000E+02     5  4.496349E+02  8.991950E+01  6.317093E-01  4.496344E+02
  1.800000E+01 -1.500000E+02     6  9.754249E-09 -4.706391E-05  9.754249E-09 -8.012338E-15
  1.800000E+01 -1.200000E+02     1  2.141020E+01 -9.008050E+01 -3.008013E-02 -2.141018E+01
  1.800000E+01 -1.200000E+02     2  3.708349E+01 -9.008050E+01 -5.210015E-02 -3.708345E+01
  1.800000E+01 -1.200000E+02     3  3.775320E+01  1.919152E-01  3.775299E+01  1.264561E-01
  1.800000E+01 -1.200000E+02     4  4.496343E+02 -9.008050E+01 -6.317124E-01 -4.496339E+02
  1.800000E+01 -1.200000E+02     5  2.595968E+02  8.991950E+01  3.647195E-01  2.595965E+02
  1.800000E+01 -1.200000E+02     6  9.756836E-09 -4.705138E-05  9.756836E-09 -8.012328E-15
  1.800000E+01 -9.000000E+01     1  1.871749E-06 -9.008050E+01 -2.629675E-09 -1.871747E-06
  1.800000E+01 -9.000000E+01     2  4.282047E+01 -9.008050E+01 -6.015992E-02 -4.282043E+01
  1.800000E+01 -9.000000E+01     3  3.775408E+01  1.919105E-01  3.775387E+01  1.264559E-01
  1.800000E+01 -9.000000E+01     4  5.191960E+02 -9.008050E+01 -7.294378E-01 -5.191956E+02
  1.800000E+01 -9.000000E+01     5  2.269471E-05  8.991950E+01  3.188496E-08  2.269468E-05
  1.800000E+01 -9.000000E+01     6  9.850574E-16 -9.000000E+01  9.850574E-16 -8.088217E-22
  1.800000E+01 -6.000000E+01     1  2.141018E+01  8.991950E+01  3.008014E-02  2.141016E+01
  1.800000E+01 -6.000000E+01     2  3.708351E+01 -9.008050E+01 -5.210017E-02 -3.708347E+01
  1.800000E+01 -6.000000E+01     3  3.775320E+01  1.919152E-01  3.775299E+01  1.264561E-01
  1.800000E+01 -6.000000E+01     4  4.496343E+02 -9.008050E+01 -6.317127E-01 -4.496339E+02
  1.800000E+01 -6.000000E+01     5  2.595968E+02 -9.008050E+01 -3.647193E-01 -2.595966E+02
  1.800000E+01 -6.000000E+01     6  9.756825E-09  1.800000E+02 -9.756825E-09  8.012323E-15
  1.800000E+01 -3.000000E+01     1  3.708360E+01  8.991950E+01  5.210019E-02  3.708356E+01
  1.800000E+01 -3.000000E+01     2  2.141021E+01 -9.008050E+01 -3.007994E-02 -2.141019E+01
  1.800000E+01 -3.000000E+01     3  3.775303E+01  1.919154E-01  3.775282E+01  1.264556E-01
  1.800000E+01 -3.000000E+01     4  2.595978E+02 -9.008050E+01 -3.647192E-01 -2.595976E+02
  1.800000E+01 -3.000000E+01     5  4.496350E+02 -9.008050E+01 -6.317092E-01 -4.496345E+02
  1.800000E+01 -3.000000E+01     6  9.754250E-09  1.800000E+02 -9.754250E-09  8.012337E-15
  1.800000E+01  0.000000E+00     1  4.282034E+01  8.991950E+01  6.016024E-02  4.282030E+01
  1.800000E+01  0.000000E+00     2  0.000000E+00  9.000000E+01  0.000000E+00  0.000000E+00
  1.800000E+01  0.000000E+00     3  3.775322E+01  1.919119E-01  3.775301E+01  1.264540E-01
  1.800000E+01  0.000000E+00     4  0.000000E+00  9.000000E+01  0.000000E+00  0.000000E+00
  1.800000E+01  0.000000E+00     5  5.191931E+02 -9.008050E+01 -7.294388E-01 -5.191926E+02
  1.800000E+01  0.000000E+00     6  0.000000E+00  9.000000E+01  0.000000E+00  0.000000E+00
  1.800000E+01  3.000000E+01     1  3.708360E+01  8.991950E+01  5.210019E-02  3.708356E+01
  1.800000E+01  3.000000E+01     2  2.141021E+01  8.991950E+01  3.007994E-02  2.141019E+01
  1.800000E+01  3.000000E+01     3  3.775303E+01  1.919154E-01  3.775282E+01  1.264556E-01
  1.800000E+01  3.000000E+01     4  2.595978E+02  8.991950E+01  3.647192E-01  2.595976E+02
  1.800000E+01  3.000000E+01     5  4.496350E+02 -9.008050E+01 -6.317092E-01 -4.496345E+02
  1.800000E+01  3.000000E+01     6  9.754250E-09 -4.706391E-05  9.754250E-09 -8.012337E-15
  1.800000E+01  6.000000E+01     1  2.141018E+01  8.991950E+01  3.008014E-02  2.141016E+01
  1.800000E+01  6.000000E+01     2  3.708351E+01  8.991950E+01  5.210017E-02  3.708347E+01
  1.800000E+01  6.000000E+01     3  3.775320E+01  1.919152E-01  3.775299E+01  1.264561E-01
  1.800000E+01  6.000000E+01     4  4.496343E+02  8.991950E+01  6.317127E-01  4.496339E+02
  1.800000E+01  6.000000E+01     5  2.595968E+02 -9.008050E+01 -3.647193E-01 -2.595966E+02
  1.800000E+01  6.000000E+01     6  9.756825E-09 -4.705140E-05  9.756825E-09 -8.012323E-15
  1.800000E+01  9.000000E+01     1  1.871749E-06 -9.008050E+01 -2.629675E-09 -1.871747E-06
  1.800000E+01  9.000000E+01     2  4.282047E+01  8.991950E+01  6.015992E-02  4.282043E+01
  1.800000E+01  9.000000E+01     3  3.775408E+01  1.919105E-01  3.775387E+01  1.264559E-01
  1.800000E+01  9.000000E+01     4  5.191960E+02  8.991950E+01  7.294378E-01  5.191956E+02
  1.800000E+01  9.000000E+01     5  2.269471E-05  8.991950E+01  3.188496E-08  2.269468E-05
  1.800000E+01  9.000000E+01     6  9.850574E-16  9.000000E+01 -9.850574E-16  8.088217E-22
  1.800000E+01  1.200000E+02     1  2.141020E+01 -9.008050E+01 -3.008013E-02 -2.141018E+01
  1.800000E+01  1.200000E+02     2  3.708349E+01  8.991950E+01  5.210015E-02  3.708345E+01
  1.800000E+01  1.200000E+02     3  3.775320E+01  1.919152E-01  3.775299E+01  1.264561E-01
  1.800000E+01  1.200000E+02     4  4.496343E+02  8.991950E+01  6.317124E-01  4.496339E+02
  1.800000E+01  1.200000E+02     5  2.595968E+02  8.991950E+01  3.647195E-01  2.595965E+02
  1.800000E+01  1.200000E+02     6  9.756836E-09  1.800000E+02 -9.756836E-09  8.012328E-15
  1.800000E+01  1.500000E+02     1  3.708359E+01 -9.008050E+01 -5.210017E-02 -3.708355E+01
  1.800000E+01  1.500000E+02     2  2.141024E+01  8.991950E+01  3.007995E-02  2.141022E+01
  1.800000E+01  1.500000E+02     3  3.775303E+01  1.919154E-01  3.775282E+01  1.264556E-01
  1.800000E+01  1.500000E+02     4  2.595979E+02  8.991950E+01  3.647192E-01  2.595977E+02
  1.800000E+01  1.500000E+02     5  4.496349E+02  8.991950E+01  6.317093E-01  4.496344E+02
  1.800000E+01  1.500000E+02     6  9.754249E-09  1.800000E+02 -9.754249E-09  8.012338E-15
  1.800000E+01  1.800000E+02     1  4.282034E+01 -9.008050E+01 -6.016024E-02 -4.282030E+01
  1.800000E+01  1.800000E+02     2  3.743482E-06 -9.008050E+01 -5.259365E-09 -3.743479E-06
  1.800000E+01  1.800000E+02     3  3.775322E+01  1.919119E-01  3.775301E+01  1.264540E-01
  1.800000E+01  1.800000E+02     4  4.538944E-05 -9.008050E+01 -6.376950E-08 -4.538939E-05
  1.800000E+01  1.800000E+02     5  5.191931E+02  8.991950E+01  7.294388E-01  5.191926E+02
  1.800000E+01  1.800000E+02     6  1.969069E-15 -9.000000E+01  1.969069E-15 -1.617641E-21
  1.850000E+01 -1.800000E+02     1  4.114258E+01 -9.007014E+01 -5.036812E-02 -4.114255E+01
  1.850000E+01 -1.800000E+02     2  3.596811E-06  8.992986E+01  4.403294E-09  3.596808E-06
  1.850000E+01 -1.800000E+02     3  3.957208E+01  1.758678E-01  3.957189E+01  1.214652E-01
  1.850000E+01 -1.800000E+02     4  4.370567E-05  8.992986E+01  5.350536E-08  4.370563E-05
  1.850000E+01 -1.800000E+02     5  4.999305E+02  8.992986E+01  6.120294E-01  4.999301E+02
  1.850000E+01 -1.800000E+02     6  1.803741E-15  9.000000E+01 -1.803741E-15  1.178693E-21
  1.850000E+01 -1.500000E+02     1  3.563046E+01 -9.007014E+01 -4.361991E-02 -3.563043E+01
  1.850000E+01 -1.500000E+02     2  2.057129E+01 -9.007014E+01 -2.518394E-02 -2.057127E+01
  1.850000E+01 -1.500000E+02     3  3.957204E+01  1.758699E-01  3.957186E+01  1.214665E-01
  1.850000E+01 -1.500000E+02     4  2.499667E+02 -9.007014E+01 -3.060144E-01 -2.499665E+02
  1.850000E+01 -1.500000E+02     5  4.329519E+02  8.992986E+01  5.300353E-01  4.329515E+02
  1.850000E+01 -1.500000E+02     6  8.935150E-09 -3.743668E-05  8.935150E-09 -5.838168E-15
  1.850000E+01 -1.200000E+02     1  2.057117E+01 -9.007014E+01 -2.518405E-02 -2.057116E+01
  1.850000E+01 -1.200000E+02     2  3.563057E+01 -9.007014E+01 -4.361981E-02 -3.563054E+01
  1.850000E+01 -1.200000E+02     3  3.957112E+01  1.758709E-01  3.957093E+01  1.214644E-01
  1.850000E+01 -1.200000E+02     4  4.329534E+02 -9.007014E+01 -5.300348E-01 -4.329531E+02
  1.850000E+01 -1.200000E+02     5  2.499657E+02  8.992986E+01  3.060145E-01  2.499655E+02
  1.850000E+01 -1.200000E+02     6  8.937355E-09 -3.742744E-05  8.937355E-09 -5.838167E-15
  1.850000E+01 -9.000000E+01     1  1.798407E-06 -9.007014E+01 -2.201664E-09 -1.798406E-06
  1.850000E+01 -9.000000E+01     2  4.114262E+01 -9.007014E+01 -5.036791E-02 -4.114259E+01
  1.850000E+01 -9.000000E+01     3  3.957187E+01  1.758694E-01  3.957168E+01  1.214657E-01
  1.850000E+01 -9.000000E+01     4  4.999329E+02 -9.007014E+01 -6.120285E-01 -4.999326E+02
  1.850000E+01 -9.000000E+01     5  2.185270E-05  8.992986E+01  2.675274E-08  2.185268E-05
  1.850000E+01 -9.000000E+01     6  9.023085E-16 -9.000000E+01  9.023085E-16 -5.893462E-22
  1.850000E+01 -6.000000E+01     1  2.057116E+01  8.992986E+01  2.518405E-02  2.057115E+01
  1.850000E+01 -6.000000E+01     2  3.563057E+01 -9.007014E+01 -4.361981E-02 -3.563054E+01
  1.850000E+01 -6.000000E+01     3  3.957112E+01  1.758709E-01  3.957093E+01  1.214644E-01
  1.850000E+01 -6.000000E+01     4  4.329537E+02 -9.007014E+01 -5.300352E-01 -4.329534E+02
  1.850000E+01 -6.000000E+01     5  2.499659E+02 -9.007014E+01 -3.060142E-01 -2.499657E+02
  1.850000E+01 -6.000000E+01     6  8.937351E-09  1.800000E+02 -8.937351E-09  5.838171E-15
  1.850000E+01 -3.000000E+01     1  3.563045E+01  8.992986E+01  4.361989E-02  3.563042E+01
  1.850000E+01 -3.000000E+01     2  2.057128E+01 -9.007014E+01 -2.518396E-02 -2.057126E+01
  1.850000E+01 -3.000000E+01     3  3.957193E+01  1.758703E-01  3.957174E+01  1.214664E-01
  1.850000E+01 -3.000000E+01     4  2.499666E+02 -9.007014E+01 -3.060146E-01 -2.499664E+02
  1.850000E+01 -3.000000E+01     5  4.329520E+02 -9.007014E+01 -5.300353E-01 -4.329516E+02
  1.850000E+01 -3.000000E+01     6  8.935154E-09  1.800000E+02 -8.935154E-09  5.838173E-15
  1.850000E+01  0.000000E+00     1  4.114258E+01  8.992986E+01  5.036812E-02  4.114255E+01
  1.850000E+01  0.000000E+00     2  0.000000E+00  9.000000E+01  0.000000E+00  0.000000E+00
  1.850000E+01  0.000000E+00     3  3.957208E+01  1.758678E-01  3.957189E+01  1.214652E-01
  1.850000E+01  0.000000E+00     4  0.000000E+00  9.000000E+01  0.000000E+00  0.000000E+00
  1.850000E+01  0.000000E+00     5  4.999305E+02 -9.007014E+01 -6.120294E-01 -4.999301E+02
  1.850000E+01  0.000000E+00     6  0.000000E+00  9.000000E+01  0.000000E+00  0.000000E+00
  1.850000E+01  3.000000E+01     1  3.563045E+01  8.992986E+01  4.361989E-02  3.563042E+01
  1.850000E+01  3.000000E+01     2  2.057128E+01  8.992986E+01  2.518396E-02  2.057126E+01
  1.850000E+01  3.000000E+01     3  3.957193E+01  1.758703E-01  3.957174E+01  1.214664E-01
  1.850000E+01  3.000000E+01     4  2.499666E+02  8.992986E+01  3.060146E-01  2.499664E+02
  1.850000E+01  3.000000E+01     5  4.329520E+02 -9.007014E+01 -5.300353E-01 -4.329516E+02
  1.850000E+01  3.000000E+01     6  8.935154E-09 -3.743670E-05  8.935154E-09 -5.838173E-15
  1.850000E+01  6.000000E+01     1  2.057116E+01  8.992986E+01  2.518405E-02  2.057115E+01
  1.850000E+01  6.000000E+01     2  3.563057E+01  8.992986E+01  4.361981E-02  3.563054E+01
  1.850000E+01  6.000000E+01     3  3.957112E+01  1.758709E-01  3.957093E+01  1.214644E-01
  1.850000E+01  6.000000E+01     4  4.329537E+02  8.992986E+01  5.300352E-01  4.329534E+02
  1.850000E+01  6.000000E+01     5  2.499659E+02 -9.007014E+01 -3.060142E-01 -2.499657E+02
  1.850000E+01  6.000000E+01     6  8.937351E-09 -3.742748E-05  8.937351E-09 -5.838171E-15
  1.850000E+01  9.000000E+01     1  1.798407E-06 -9.007014E+01 -2.201664E-09 -1.798406E-06
  1.850000E+01  9.000000E+01     2  4.114262E+01  8.992986E+01  5.036791E-02  4.114259E+01
  1.850000E+01  9.000000E+01     3  3.957187E+01  1.758694E-01  3.957168E+01  1.214657E-01
  1.850000E+01  9.000000E+01     4  4.999329E+02  8.992986E+01  6.120285E-01  4.999326E+02
  1.850000E+01  9.000000E+01     5  2.185270E-05  8.992986E+01  2.675274E-08  2.185268E-05
  1.850000E+01  9.000000E+01     6  9.023085E-16  9.000000E+01 -9.023085E-16  5.893462E-22
  1.850000E+01  1.200000E+02     1  2.057117E+01 -9.007014E+01 -2.518405E-02 -2.057116E+01
  1.850000E+01  1.200000E+02     2  3.563057E+01  8.992986E+01  4.361981E-02  3.563054E+01
  1.850000E+01  1.200000E+02     3  3.957112E+01  1.758709E-01  3.957093E+01  1.214644E-01
  1.850000E+01  1.200000E+02     4  4.329534E+02  8.992986E+01  5.300348E-01  4.329531E+02
  1.850000E+01  1.200000E+02     5  2.499657E+02  8.992986E+01  3.060145E-01  2.499655E+02
  1.850000E+01  1.200000E+02     6  8.937355E-09  1.800000E+02 -8.937355E-09  5.838167E-15
  1.850000E+01  1.500000E+02     1  3.563046E+01 -9.007014E+01 -4.361991E-02 -3.563043E+01
  1.850000E+01  1.500000E+02     2  2.057129E+01  8.992986E+01  2.518394E-02  2.057127E+01
  1.850000E+01  1.500000E+02     3  3.957204E+01  1.758699E-01  3.957186E+01  1.214665E-01
  1.850000E+01  1.500000E+02     4  2.499667E+02  8.992986E+01  3.060144E-01  2.499665E+02
  1.850000E+01  1.500000E+02     5  4.329519E+02  8.992986E+01  5.300353E-01  4.329515E+02
  1.850000E+01  1.500000E+02     6  8.935150E-09  1.800000E+02 -8.935150E-09  5.838168E-15
  1.850000E+01  1.800000E+02     1  4.114258E+01 -9.007014E+01 -5.036812E-02 -4.114255E+01
  1.850000E+01  1.800000E+02     2  3.596811E-06 -9.007014E+01 -4.403294E-09 -3.596808E-06
  1.850000E+01  1.800000E+02     3  3.957208E+01  1.758678E-01  3.957189E+01  1.214652E-01
  1.850000E+01  1.800000E+02     4  4.370567E-05 -9.007014E+01 -5.350536E-08 -4.370563E-05
  1.850000E+01  1.800000E+02     5  4.999305E+02  8.992986E+01  6.120294E-01  4.999301E+02
  1.850000E+01  1.800000E+02     6  1.803741E-15 -9.000000E+01  1.803741E-15 -1.178693E-21
  1.900000E+01 -1.800000E+02     1  3.959399E+01 -9.006149E+01 -4.249286E-02 -3.959396E+01
  1.900000E+01 -1.800000E+02     2  3.461411E-06  8.993851E+01  3.714811E-09  3.461409E-06
  1.900000E+01 -1.800000E+02     3  4.129075E+01  1.616422E-01  4.129059E+01  1.164889E-01
  1.900000E+01 -1.800000E+02     4  4.214400E-05  8.993851E+01  4.522905E-08  4.214397E-05
  1.900000E+01 -1.800000E+02     5  4.820653E+02  8.993851E+01  5.173608E-01  4.820650E+02
  1.900000E+01 -1.800000E+02     6  1.658521E-15  9.000000E+01 -1.658521E-15  8.706359E-22
  1.900000E+01 -1.500000E+02     1  3.428944E+01 -9.006149E+01 -3.679983E-02 -3.428942E+01
  1.900000E+01 -1.500000E+02     2  1.979697E+01 -9.006149E+01 -2.124638E-02 -1.979696E+01
  1.900000E+01 -1.500000E+02     3  4.129011E+01  1.616427E-01  4.128994E+01  1.164874E-01
  1.900000E+01 -1.500000E+02     4  2.410332E+02 -9.006149E+01 -2.586801E-01 -2.410331E+02
  1.900000E+01 -1.500000E+02     5  4.174845E+02  8.993851E+01  4.480479E-01  4.174843E+02
  1.900000E+01 -1.500000E+02     6  8.215711E-09 -3.007387E-05  8.215711E-09 -4.312328E-15
  1.900000E+01 -1.200000E+02     1  1.979699E+01 -9.006149E+01 -2.124643E-02 -1.979698E+01
  1.900000E+01 -1.200000E+02     2  3.428942E+01 -9.006149E+01 -3.679961E-02 -3.428940E+01
  1.900000E+01 -1.200000E+02     3  4.129036E+01  1.616432E-01  4.129019E+01  1.164884E-01
  1.900000E+01 -1.200000E+02     4  4.174829E+02 -9.006149E+01 -4.480483E-01 -4.174827E+02
  1.900000E+01 -1.200000E+02     5  2.410326E+02  8.993851E+01  2.586804E-01  2.410325E+02
  1.900000E+01 -1.200000E+02     6  8.217565E-09 -3.006708E-05  8.217565E-09 -4.312328E-15
  1.900000E+01 -9.000000E+01     1  1.730711E-06 -9.006149E+01 -1.857418E-09 -1.730710E-06
  1.900000E+01 -9.000000E+01     2  3.959395E+01 -9.006149E+01 -4.249271E-02 -3.959393E+01
  1.900000E+01 -9.000000E+01     3  4.129011E+01  1.616430E-01  4.128995E+01  1.164876E-01
  1.900000E+01 -9.000000E+01     4  4.820685E+02 -9.006149E+01 -5.173605E-01 -4.820682E+02
  1.900000E+01 -9.000000E+01     5  2.107196E-05  8.993851E+01  2.261462E-08  2.107195E-05
  1.900000E+01 -9.000000E+01     6  8.296345E-16 -9.000000E+01  8.296345E-16 -4.353173E-22
  1.900000E+01 -6.000000E+01     1  1.979699E+01  8.993851E+01  2.124641E-02  1.979698E+01
  1.900000E+01 -6.000000E+01     2  3.428943E+01 -9.006149E+01 -3.679962E-02 -3.428941E+01
  1.900000E+01 -6.000000E+01     3  4.129036E+01  1.616432E-01  4.129019E+01  1.164884E-01
  1.900000E+01 -6.000000E+01     4  4.174832E+02 -9.006149E+01 -4.480484E-01 -4.174830E+02
  1.900000E+01 -6.000000E+01     5  2.410325E+02 -9.006149E+01 -2.586803E-01 -2.410324E+02
  1.900000E+01 -6.000000E+01     6  8.217557E-09  1.800000E+02 -8.217557E-09  4.312324E-15
  1.900000E+01 -3.000000E+01     1  3.428944E+01  8.993851E+01  3.679982E-02  3.428942E+01
  1.900000E+01 -3.000000E+01     2  1.979696E+01 -9.006149E+01 -2.124634E-02 -1.979695E+01
  1.900000E+01 -3.000000E+01     3  4.129007E+01  1.616436E-01  4.128991E+01  1.164880E-01
  1.900000E+01 -3.000000E+01     4  2.410331E+02 -9.006149E+01 -2.586800E-01 -2.410329E+02
  1.900000E+01 -3.000000E+01     5  4.174843E+02 -9.006149E+01 -4.480480E-01 -4.174840E+02
  1.900000E+01 -3.000000E+01     6  8.215716E-09  1.800000E+02 -8.215716E-09  4.312319E-15
  1.900000E+01  0.000000E+00     1  3.959399E+01  8.993851E+01  4.249286E-02  3.959396E+01
  1.900000E+01  0.000000E+00     2  0.000000E+00  9.000000E+01  0.000000E+00  0.000000E+00
  1.900000E+01  0.000000E+00     3  4.129075E+01  1.616422E-01  4.129059E+01  1.164889E-01
  1.900000E+01  0.000000E+00     4  0.000000E+00  9.000000E+01  0.000000E+00  0.000000E+00
  1.900000E+01  0.000000E+00     5  4.820653E+02 -9.006149E+01 -5.173608E-01 -4.820650E+02
  1.900000E+01  0.000000E+00     6  0.000000E+00  9.000000E+01  0.000000E+00  0.000000E+00
  1.900000E+01  3.000000E+01     1  3.428944E+01  8.993851E+01  3.679982E-02  3.428942E+01
  1.900000E+01  3.000000E+01     2  1.979696E+01  8.993851E+01  2.124634E-02  1.979695E+01
  1.900000E+01  3.000000E+01     3  4.129007E+01  1.616436E-01  4.128991E+01  1.164880E-01
  1.900000E+01  3.000000E+01     4  2.410331E+02  8.993851E+01  2.586800E-01  2.410329E+02
  1.900000E+01  3.000000E+01     5  4.174843E+02 -9.006149E+01 -4.480480E-01 -4.174840E+02
  1.900000E+01  3.000000E+01     6  8.215716E-09 -3.007379E-05  8.215716E-09 -4.312319E-15
  1.900000E+01  6.000000E+01     1  1.979699E+01  8.993851E+01  2.124641E-02  1.979698E+01
  1.900000E+01  6.000000E+01     2  3.428943E+01  8.993851E+01  3.679962E-02  3.428941E+01
  1.900000E+01  6.000000E+01     3  4.129036E+01  1.616432E-01  4.129019E+01  1.164884E-01
  1.900000E+01  6.000000E+01     4  4.174832E+02  8.993851E+01  4.480484E-01  4.174830E+02
  1.900000E+01  6.000000E+01     5  2.410325E+02 -9.006149E+01 -2.586803E-01 -2.410324E+02
  1.900000E+01  6.000000E+01     6  8.217557E-09 -3.006709E-05  8.217557E-09 -4.312324E-15
  1.900000E+01  9.000000E+01     1  1.730711E-06 -9.006149E+01 -1.857418E-09 -1.730710E-06
  1.900000E+01  9.000000E+01     2  3.959395E+01  8.993851E+01  4.249271E-02  3.959393E+01
  1.900000E+01  9.000000E+01     3  4.129011E+01  1.616430E-01  4.128995E+01  1.164876E-01
  1.900000E+01  9.000000E+01     4  4.820685E+02  8.993851E+01  5.173605E-01  4.820682E+02
  1.900000E+01  9.000000E+01     5  2.107196E-05  8.993851E+01  2.261462E-08  2.107195E-05
  1.900000E+01  9.000000E+01     6  8.296345E-16  9.000000E+01 -8.296345E-16  4.353173E-22
  1.900000E+01  1.200000E+02     1  1.979699E+01 -9.006149E+01 -2.124643E-02 -1.979698E+01
  1.900000E+01  1.200000E+02     2  3.428942E+01  8.993851E+01  3.679961E-02  3.428940E+01
  1.900000E+01  1.200000E+02     3  4.129036E+01  1.616432E-01  4.129019E+01  1.164884E-01
  1.900000E+01  1.200000E+02     4  4.174829E+02  8.993851E+01  4.480483E-01  4.174827E+02
  1.900000E+01  1.200000E+02     5  2.410326E+02  8.993851E+01  2.586804E-01  2.410325E+02
  1.900000E+01  1.200000E+02     6  8.217565E-09  1.800000E+02 -8.217565E-09  4.312328E-15
  1.900000E+01  1.500000E+02     1  3.428944E+01 -9.006149E+01 -3.679983E-02 -3.428942E+01
  1.900000E+01  1.500000E+02     2  1.979697E+01  8.993851E+01  2.124638E-02  1.979696E+01
  1.900000E+01  1.500000E+02     3  4.129011E+01  1.616427E-01  4.128994E+01  1.164874E-01
  1.900000E+01  1.500000E+02     4  2.410332E+02  8.993851E+01  2.586801E-01  2.410331E+02
  1.900000E+01  1.500000E+02     5  4.174845E+02  8.993851E+01  4.480479E-01  4.174843E+02
  1.900000E+01  1.500000E+02     6  8.215711E-09  1.800000E+02 -8.215711E-09  4.312328E-15
  1.900000E+01  1.800000E+02     1  3.959399E+01 -9.006149E+01 -4.249286E-02 -3.959396E+01
  1.900000E+01  1.800000E+02     2  3.461411E-06 -9.006149E+01 -3.714811E-09 -3.461409E-06
  1.900000E+01  1.800000E+02     3  4.129075E+01  1.616422E-01  4.129059E+01  1.164889E-01
  1.900000E+01  1.800000E+02     4  4.214400E-05 -9.006149E+01 -4.522905E-08 -4.214397E-05
  1.900000E+01  1.800000E+02     5  4.820653E+02  8.993851E+01  5.173608E-01  4.820650E+02
  1.900000E+01  1.800000E+02     6  1.658521E-15 -9.000000E+01  1.658521E-15 -8.706359E-22
  1.950000E+01 -1.800000E+02     1  3.816122E+01 -9.005422E+01 -3.611362E-02 -3.816121E+01
  1.950000E+01 -1.800000E+02     2  3.336172E-06  8.994578E+01  3.157154E-09  3.336171E-06
  1.950000E+01 -1.800000E+02     3  4.291449E+01  1.489702E-01  4.291434E+01  1.115784E-01
  1.950000E+01 -1.800000E+02     4  4.069312E-05  8.994578E+01  3.850933E-08  4.069310E-05
  1.950000E+01 -1.800000E+02     5  4.654691E+02  8.994578E+01  4.404930E-01  4.654689E+02
  1.950000E+01 -1.800000E+02     6  1.530409E-15  9.000000E+01 -1.530409E-15  6.518470E-22
  1.950000E+01 -1.500000E+02     1  3.304871E+01 -9.005422E+01 -3.127548E-02 -3.304869E+01
  1.950000E+01 -1.500000E+02     2  1.908070E+01 -9.005422E+01 -1.805676E-02 -1.908069E+01
  1.950000E+01 -1.500000E+02     3  4.291427E+01  1.489705E-01  4.291413E+01  1.115781E-01
  1.950000E+01 -1.500000E+02     4  2.327367E+02 -9.005422E+01 -2.202483E-01 -2.327366E+02
  1.950000E+01 -1.500000E+02     5  4.031107E+02  8.994578E+01  3.814781E-01  4.031105E+02
  1.950000E+01 -1.500000E+02     6  7.581051E-09 -2.440134E-05  7.581051E-09 -3.228646E-15
  1.950000E+01 -1.200000E+02     1  1.908068E+01 -9.005422E+01 -1.805680E-02 -1.908067E+01
  1.950000E+01 -1.200000E+02     2  3.304873E+01 -9.005422E+01 -3.127532E-02 -3.304871E+01
  1.950000E+01 -1.200000E+02     3  4.291422E+01  1.489708E-01  4.291407E+01  1.115781E-01
  1.950000E+01 -1.200000E+02     4  4.031114E+02 -9.005422E+01 -3.814791E-01 -4.031112E+02
  1.950000E+01 -1.200000E+02     5  2.327348E+02  8.994578E+01  2.202470E-01  2.327347E+02
  1.950000E+01 -1.200000E+02     6  7.582600E-09 -2.439641E-05  7.582600E-09 -3.228654E-15
  1.950000E+01 -9.000000E+01     1  1.668095E-06 -9.005422E+01 -1.578584E-09 -1.668094E-06
  1.950000E+01 -9.000000E+01     2  3.816130E+01 -9.005422E+01 -3.611353E-02 -3.816129E+01
  1.950000E+01 -9.000000E+01     3  4.291367E+01  1.489726E-01  4.291353E+01  1.115781E-01
  1.950000E+01 -9.000000E+01     4  4.654720E+02 -9.005422E+01 -4.404967E-01 -4.654717E+02
  1.950000E+01 -9.000000E+01     5  2.034654E-05  8.994578E+01  1.925459E-08  2.034653E-05
  1.950000E+01 -9.000000E+01     6  7.655219E-16 -9.000000E+01  7.655219E-16 -3.259235E-22
  1.950000E+01 -6.000000E+01     1  1.908068E+01  8.994578E+01  1.805681E-02  1.908067E+01
  1.950000E+01 -6.000000E+01     2  3.304873E+01 -9.005422E+01 -3.127532E-02 -3.304871E+01
  1.950000E+01 -6.000000E+01     3  4.291422E+01  1.489708E-01  4.291407E+01  1.115781E-01
  1.950000E+01 -6.000000E+01     4  4.031113E+02 -9.005422E+01 -3.814792E-01 -4.031111E+02
  1.950000E+01 -6.000000E+01     5  2.327349E+02 -9.005422E+01 -2.202466E-01 -2.327348E+02
  1.950000E+01 -6.000000E+01     6  7.582584E-09  1.800000E+02 -7.582584E-09  3.228656E-15
  1.950000E+01 -3.000000E+01     1  3.304874E+01  8.994578E+01  3.127545E-02  3.304873E+01
  1.950000E+01 -3.000000E+01     2  1.908069E+01 -9.005422E+01 -1.805676E-02 -1.908068E+01
  1.950000E+01 -3.000000E+01     3  4.291426E+01  1.489705E-01  4.291412E+01  1.115781E-01
  1.950000E+01 -3.000000E+01     4  2.327367E+02 -9.005422E+01 -2.202483E-01 -2.327366E+02
  1.950000E+01 -3.000000E+01     5  4.031107E+02 -9.005422E+01 -3.814782E-01 -4.031106E+02
  1.950000E+01 -3.000000E+01     6  7.581043E-09  1.800000E+02 -7.581043E-09  3.228650E-15
  1.950000E+01  0.000000E+00     1  3.816122E+01  8.994578E+01  3.611362E-02  3.816121E+01
  1.950000E+01  0.000000E+00     2  0.000000E+00  9.000000E+01  0.000000E+00  0.000000E+00
  1.950000E+01  0.000000E+00     3  4.291449E+01  1.489702E-01  4.291434E+01  1.115784E-01
  1.950000E+01  0.000000E+00     4  0.000000E+00  9.000000E+01  0.000000E+00  0.000000E+00
  1.950000E+01  0.000000E+00     5  4.654691E+02 -9.005422E+01 -4.404930E-01 -4.654689E+02
  1.950000E+01  0.000000E+00     6  0.000000E+00  9.000000E+01  0.000000E+00  0.000000E+00
  1.950000E+01  3.000000E+01     1  3.304874E+01  8.994578E+01  3.127545E-02  3.304873E+01
  1.950000E+01  3.000000E+01     2  1.908069E+01  8.994578E+01  1.805676E-02  1.908068E+01
  1.950000E+01  3.000000E+01     3  4.291426E+01  1.489705E-01  4.291412E+01  1.115781E-01
  1.950000E+01  3.000000E+01     4  2.327367E+02  8.994578E+01  2.202483E-01  2.327366E+02
  1.950000E+01  3.000000E+01     5  4.031107E+02 -9.005422E+01 -3.814782E-01 -4.031106E+02
  1.950000E+01  3.000000E+01     6  7.581043E-09 -2.440139E-05  7.581043E-09 -3.228650E-15
  1.950000E+01  6.000000E+01     1  1.908068E+01  8.994578E+01  1.805681E-02  1.908067E+01
  1.950000E+01  6.000000E+01     2  3.304873E+01  8.994578E+01  3.127532E-02  3.304871E+01
  1.950000E+01  6.000000E+01     3  4.291422E+01  1.489708E-01  4.291407E+01  1.115781E-01
  1.950000E+01  6.000000E+01     4  4.031113E+02  8.994578E+01  3.814792E-01  4.031111E+02
  1.950000E+01  6.000000E+01     5  2.327349E+02 -9.005422E+01 -2.202466E-01 -2.327348E+02
  1.950000E+01  6.000000E+01     6  7.582584E-09 -2.439648E-05  7.582584E-09 -3.228656E-15
  1.950000E+01  9.000000E+01     1  1.668095E-06 -9.005422E+01 -1.578584E-09 -1.668094E-06
  1.950000E+01  9.000000E+01     2  3.816130E+01  8.994578E+01  3.611353E-02  3.816129E+01
  1.950000E+01  9.000000E+01     3  4.291367E+01  1.489726E-01  4.291353E+01  1.115781E-01
  1.950000E+01  9.000000E+01     4  4.654720E+02  8.994578E+01  4.404967E-01  4.654717E+02
  1.950000E+01  9.000000E+01     5  2.034654E-05  8.994578E+01  1.925459E-08  2.034653E-05
  1.950000E+01  9.000000E+01     6  7.655219E-16  9.000000E+01 -7.655219E-16  3.259235E-22
  1.950000E+01  1.200000E+02     1  1.908068E+01 -9.005422E+01 -1.805680E-02 -1.908067E+01
  1.950000E+01  1.200000E+02     2  3.304873E+01  8.994578E+01  3.127532E-02  3.304871E+01
  1.950000E+01  1.200000E+02     3  4.291422E+01  1.489708E-01  4.291407E+01  1.115781E-01
  1.950000E+01  1.200000E+02     4  4.031114E+02  8.994578E+01  3.814791E-01  4.031112E+02
  1.950000E+01  1.200000E+02     5  2.327348E+02  8.994578E+01  2.202470E-01  2.327347E+02
  1.950000E+01  1.200000E+02     6  7.582600E-09  1.800000E+02 -7.582600E-09  3.228654E-15
  1.950000E+01  1.500000E+02     1  3.304871E+01 -9.005422E+01 -3.127548E-02 -3.304869E+01
  1.950000E+01  1.500000E+02     2  1.908070E+01  8.994578E+01  1.805676E-02  1.908069E+01
  1.950000E+01  1.500000E+02     3  4.291427E+01  1.489705E-01  4.291413E+01  1.115781E-01
  1.950000E+01  1.500000E+02     4  2.327367E+02  8.994578E+01  2.202483E-01  2.327366E+02
  1.950000E+01  1.500000E+02     5  4.031107E+02  8.994578E+01  3.814781E-01  4.031105E+02
  1.950000E+01  1.500000E+02     6  7.581051E-09  1.800000E+02 -7.581051E-09  3.228646E-15
  1.950000E+01  1.800000E+02     1  3.816122E+01 -9.005422E+01 -3.611362E-02 -3.816121E+01
  1.950000E+01  1.800000E+02     2  3.336172E-06 -9.005422E+01 -3.157154E-09 -3.336171E-06
  1.950000E+01  1.800000E+02     3  4.291449E+01  1.489702E-01  4.291434E+01  1.115784E-01
  1.950000E+01  1.800000E+02     4  4.069312E-05 -9.005422E+01 -3.850933E-08 -4.069310E-05
  1.950000E+01  1.800000E+02     5  4.654691E+02  8.994578E+01  4.404930E-01  4.654689E+02
  1.950000E+01  1.800000E+02     6  1.530409E-15 -9.000000E+01  1.530409E-15 -6.518470E-22
  2.000000E+01 -1.800000E+02     1  3.683327E+01 -9.004808E+01 -3.090995E-02 -3.683326E+01
  2.000000E+01 -1.800000E+02     2  3.220069E-06  8.995192E+01  2.702220E-09  3.220068E-06
  2.000000E+01 -1.800000E+02     3  4.444793E+01  1.377033E-01  4.444780E+01  1.068250E-01
  2.000000E+01 -1.800000E+02     4  3.934236E-05  8.995192E+01  3.301558E-08  3.934235E-05
  2.000000E+01 -1.800000E+02     5  4.500217E+02  8.995192E+01  3.776525E-01  4.500216E+02
  2.000000E+01 -1.800000E+02     6  1.416899E-15  9.000000E+01 -1.416899E-15  4.940751E-22
  2.000000E+01 -1.500000E+02     1  3.189858E+01 -9.004808E+01 -2.676881E-02 -3.189857E+01
  2.000000E+01 -1.500000E+02     2  1.841664E+01 -9.004808E+01 -1.545493E-02 -1.841664E+01
  2.000000E+01 -1.500000E+02     3  4.444754E+01  1.377036E-01  4.444741E+01  1.068243E-01
  2.000000E+01 -1.500000E+02     4  2.250120E+02 -9.004808E+01 -1.888260E-01 -2.250120E+02
  2.000000E+01 -1.500000E+02     5  3.897305E+02  8.995192E+01  3.270570E-01  3.897304E+02
  2.000000E+01 -1.500000E+02     6  7.018690E-09 -1.997723E-05  7.018690E-09 -2.447195E-15
  2.000000E+01 -1.200000E+02     1  1.841664E+01 -9.004808E+01 -1.545498E-02 -1.841663E+01
  2.000000E+01 -1.200000E+02     2  3.189854E+01 -9.004808E+01 -2.676867E-02 -3.189853E+01
  2.000000E+01 -1.200000E+02     3  4.444827E+01  1.377019E-01  4.444814E+01  1.068247E-01
  2.000000E+01 -1.200000E+02     4  3.897312E+02 -9.004808E+01 -3.270563E-01 -3.897311E+02
  2.000000E+01 -1.200000E+02     5  2.250111E+02  8.995192E+01  1.888262E-01  2.250110E+02
  2.000000E+01 -1.200000E+02     6  7.020040E-09 -1.997335E-05  7.020040E-09 -2.447191E-15
  2.000000E+01 -9.000000E+01     1  1.610040E-06 -9.004808E+01 -1.351107E-09 -1.610039E-06
  2.000000E+01 -9.000000E+01     2  3.683336E+01 -9.004808E+01 -3.090983E-02 -3.683335E+01
  2.000000E+01 -9.000000E+01     3  4.444775E+01  1.377020E-01  4.444762E+01  1.068236E-01
  2.000000E+01 -9.000000E+01     4  4.500219E+02 -9.004808E+01 -3.776523E-01 -4.500217E+02
  2.000000E+01 -9.000000E+01     5  1.967107E-05  8.995192E+01  1.650782E-08  1.967106E-05
  2.000000E+01 -9.000000E+01     6  7.087190E-16 -9.000000E+01  7.087190E-16 -2.470375E-22
  2.000000E+01 -6.000000E+01     1  1.841664E+01  8.995192E+01  1.545499E-02  1.841664E+01
  2.000000E+01 -6.000000E+01     2  3.189857E+01 -9.004808E+01 -2.676868E-02 -3.189856E+01
  2.000000E+01 -6.000000E+01     3  4.444823E+01  1.377020E-01  4.444810E+01  1.068247E-01
  2.000000E+01 -6.000000E+01     4  3.897311E+02 -9.004808E+01 -3.270563E-01 -3.897310E+02
  2.000000E+01 -6.000000E+01     5  2.250112E+02 -9.004808E+01 -1.888264E-01 -2.250112E+02
  2.000000E+01 -6.000000E+01     6  7.020034E-09  1.800000E+02 -7.020034E-09  2.447194E-15
  2.000000E+01 -3.000000E+01     1  3.189857E+01  8.995192E+01  2.676880E-02  3.189856E+01
  2.000000E+01 -3.000000E+01     2  1.841664E+01 -9.004808E+01 -1.545493E-02 -1.841663E+01
  2.000000E+01 -3.000000E+01     3  4.444758E+01  1.377037E-01  4.444745E+01  1.068244E-01
  2.000000E+01 -3.000000E+01     4  2.250121E+02 -9.004808E+01 -1.888261E-01 -2.250120E+02
  2.000000E+01 -3.000000E+01     5  3.897302E+02 -9.004808E+01 -3.270572E-01 -3.897300E+02
  2.000000E+01 -3.000000E+01     6  7.018683E-09  1.800000E+02 -7.018683E-09  2.447196E-15
  2.000000E+01  0.000000E+00     1  3.683327E+01  8.995192E+01  3.090995E-02  3.683326E+01
  2.000000E+01  0.000000E+00     2  0.000000E+00  9.000000E+01  0.000000E+00  0.000000E+00
  2.000000E+01  0.000000E+00     3  4.444793E+01  1.377033E-01  4.444780E+01  1.068250E-01
  2.000000E+01  0.000000E+00     4  0.000000E+00  9.000000E+01  0.000000E+00  0.000000E+00
  2.000000E+01  0.000000E+00     5  4.500217E+02 -9.004808E+01 -3.776525E-01 -4.500216E+02
  2.000000E+01  0.000000E+00     6  0.000000E+00  9.000000E+01  0.000000E+00  0.000000E+00
  2.000000E+01  3.000000E+01     1  3.189857E+01  8.995192E+01  2.676880E-02  3.189856E+01
  2.000000E+01  3.000000E+01     2  1.841664E+01  8.995192E+01  1.545493E-02  1.841663E+01
  2.000000E+01  3.000000E+01     3  4.444758E+01  1.377037E-01  4.444745E+01  1.068244E-01
  2.000000E+01  3.000000E+01     4  2.250121E+02  8.995192E+01  1.888261E-01  2.250120E+02
  2.000000E+01  3.000000E+01     5  3.897302E+02 -9.004808E+01 -3.270572E-01 -3.897300E+02
  2.000000E+01  3.000000E+01     6  7.018683E-09 -1.997726E-05  7.018683E-09 -2.447196E-15
  2.000000E+01  6.000000E+01     1  1.841664E+01  8.995192E+01  1.545499E-02  1.841664E+01
  2.000000E+01  6.000000E+01     2  3.189857E+01  8.995192E+01  2.676868E-02  3.189856E+01
  2.000000E+01  6.000000E+01     3  4.444823E+01  1.377020E-01  4.444810E+01  1.068247E-01
  2.000000E+01  6.000000E+01     4  3.897311E+02  8.995192E+01  3.270563E-01  3.897310E+02
  2.000000E+01  6.000000E+01     5  2.250112E+02 -9.004808E+01 -1.888264E-01 -2.250112E+02
  2.000000E+01  6.000000E+01     6  7.020034E-09 -1.997339E-05  7.020034E-09 -2.447194E-15
  2.000000E+01  9.000000E+01     1  1.610040E-06 -9.004808E+01 -1.351107E-09 -1.610039E-06
  2.000000E+01  9.000000E+01     2  3.683336E+01  8.995192E+01  3.090983E-02  3.683335E+01
  2.000000E+01  9.000000E+01     3  4.444775E+01  1.377020E-01  4.444762E+01  1.068236E-01
  2.000000E+01  9.000000E+01     4  4.500219E+02  8.995192E+01  3.776523E-01  4.500217E+02
  2.000000E+01  9.000000E+01     5  1.967107E-05  8.995192E+01  1.650782E-08  1.967106E-05
  2.000000E+01  9.000000E+01     6  7.087190E-16  9.000000E+01 -7.087190E-16  2.470375E-22
  2.000000E+01  1.200000E+02     1  1.841664E+01 -9.004808E+01 -1.545498E-02 -1.841663E+01
  2.000000E+01  1.200000E+02     2  3.189854E+01  8.995192E+01  2.676867E-02  3.189853E+01
  2.000000E+01  1.200000E+02     3  4.444827E+01  1.377019E-01  4.444814E+01  1.068247E-01
  2.000000E+01  1.200000E+02     4  3.897312E+02  8.995192E+01  3.270563E-01  3.897311E+02
  2.000000E+01  1.200000E+02     5  2.250111E+02  8.995192E+01  1.888262E-01  2.250110E+02
  2.000000E+01  1.200000E+02     6  7.020040E-09  1.800000E+02 -7.020040E-09  2.447191E-15
  2.000000E+01  1.500000E+02     1  3.189858E+01 -9.004808E+01 -2.676881E-02 -3.189857E+01
  2.000000E+01  1.500000E+02     2  1.841664E+01  8.995192E+01  1.545493E-02  1.841664E+01
  2.000000E+01  1.500000E+02     3  4.444754E+01  1.377036E-01  4.444741E+01  1.068243E-01
  2.000000E+01  1.500000E+02     4  2.250120E+02  8.995192E+01  1.888260E-01  2.250120E+02
  2.000000E+01  1.500000E+02     5  3.897305E+02  8.995192E+01  3.270570E-01  3.897304E+02
  2.000000E+01  1.500000E+02     6  7.018690E-09  1.800000E+02 -7.018690E-09  2.447195E-15
  2.000000E+01  1.800000E+02     1  3.683327E+01 -9.004808E+01 -3.090995E-02 -3.683326E+01
  2.000000E+01  1.800000E+02     2  3.220069E-06 -9.004808E+01 -2.702220E-09 -3.220068E-06
  2.000000E+01  1.800000E+02     3  4.444793E+01  1.377033E-01  4.444780E+01  1.068250E-01
  2.000000E+01  1.800000E+02     4  3.934236E-05 -9.004808E+01 -3.301558E-08 -3.934235E-05
  2.000000E+01  1.800000E+02     5  4.500217E+02  8.995192E+01  3.776525E-01  4.500216E+02
  2.000000E+01  1.800000E+02     6  1.416899E-15 -9.000000E+01  1.416899E-15 -4.940751E-22
  2.050000E+01 -1.800000E+02     1  3.559937E+01 -9.004287E+01 -2.663467E-02 -3.559936E+01
  2.050000E+01 -1.800000E+02     2  3.112189E-06  8.995713E+01  2.328463E-09  3.112189E-06
  2.050000E+01 -1.800000E+02     3  4.589612E+01  1.276166E-01  4.589601E+01  1.022257E-01
  2.050000E+01 -1.800000E+02     4  3.808320E-05  8.995713E+01  2.849290E-08  3.808319E-05
  2.050000E+01 -1.800000E+02     5  4.356180E+02  8.995713E+01  3.259210E-01  4.356179E+02
  2.050000E+01 -1.800000E+02     6  1.315905E-15  9.000000E+01 -1.315905E-15  3.789233E-22
  2.050000E+01 -1.500000E+02     1  3.082982E+01 -9.004287E+01 -2.306617E-02 -3.082981E+01
  2.050000E+01 -1.500000E+02     2  1.779965E+01 -9.004287E+01 -1.331726E-02 -1.779964E+01
  2.050000E+01 -1.500000E+02     3  4.589594E+01  1.276168E-01  4.589583E+01  1.022255E-01
  2.050000E+01 -1.500000E+02     4  2.178091E+02 -9.004287E+01 -1.629598E-01 -2.178091E+02
  2.050000E+01 -1.500000E+02     5  3.772550E+02  8.995713E+01  2.822566E-01  3.772549E+02
  2.050000E+01 -1.500000E+02     6  6.518356E-09 -1.649727E-05  6.518356E-09 -1.876841E-15
  2.050000E+01 -1.200000E+02     1  1.779960E+01 -9.004287E+01 -1.331734E-02 -1.779959E+01
  2.050000E+01 -1.200000E+02     2  3.082993E+01 -9.004287E+01 -2.306617E-02 -3.082992E+01
  2.050000E+01 -1.200000E+02     3  4.589621E+01  1.276153E-01  4.589610E+01  1.022248E-01
  2.050000E+01 -1.200000E+02     4  3.772556E+02 -9.004287E+01 -2.822558E-01 -3.772555E+02
  2.050000E+01 -1.200000E+02     5  2.178092E+02  8.995713E+01  1.629605E-01  2.178091E+02
  2.050000E+01 -1.200000E+02     6  6.519508E-09 -1.649434E-05  6.519508E-09 -1.876839E-15
  2.050000E+01 -9.000000E+01     1  1.556095E-06 -9.004287E+01 -1.164232E-09 -1.556095E-06
  2.050000E+01 -9.000000E+01     2  3.559922E+01 -9.004287E+01 -2.663451E-02 -3.559921E+01
  2.050000E+01 -9.000000E+01     3  4.589658E+01  1.276166E-01  4.589646E+01  1.022267E-01
  2.050000E+01 -9.000000E+01     4  4.356180E+02 -9.004287E+01 -3.259201E-01 -4.356179E+02
  2.050000E+01 -9.000000E+01     5  1.904154E-05  8.995714E+01  1.424637E-08  1.904154E-05
  2.050000E+01 -9.000000E+01     6  6.581856E-16 -9.000000E+01  6.581856E-16 -1.894616E-22
  2.050000E+01 -6.000000E+01     1  1.779961E+01  8.995713E+01  1.331735E-02  1.779960E+01
  2.050000E+01 -6.000000E+01     2  3.082993E+01 -9.004287E+01 -2.306619E-02 -3.082992E+01
  2.050000E+01 -6.000000E+01     3  4.589621E+01  1.276153E-01  4.589610E+01  1.022248E-01
  2.050000E+01 -6.000000E+01     4  3.772554E+02 -9.004287E+01 -2.822559E-01 -3.772553E+02
  2.050000E+01 -6.000000E+01     5  2.178092E+02 -9.004287E+01 -1.629605E-01 -2.178091E+02
  2.050000E+01 -6.000000E+01     6  6.519516E-09  1.800000E+02 -6.519516E-09  1.876839E-15
  2.050000E+01 -3.000000E+01     1  3.082982E+01  8.995713E+01  2.306618E-02  3.082981E+01
  2.050000E+01 -3.000000E+01     2  1.779964E+01 -9.004287E+01 -1.331725E-02 -1.779963E+01
  2.050000E+01 -3.000000E+01     3  4.589594E+01  1.276168E-01  4.589583E+01  1.022255E-01
  2.050000E+01 -3.000000E+01     4  2.178093E+02 -9.004287E+01 -1.629598E-01 -2.178092E+02
  2.050000E+01 -3.000000E+01     5  3.772552E+02 -9.004287E+01 -2.822568E-01 -3.772552E+02
  2.050000E+01 -3.000000E+01     6  6.518370E-09  1.800000E+02 -6.518370E-09  1.876842E-15
  2.050000E+01  0.000000E+00     1  3.559937E+01  8.995713E+01  2.663467E-02  3.559936E+01
  2.050000E+01  0.000000E+00     2  0.000000E+00  9.000000E+01  0.000000E+00  0.000000E+00
  2.050000E+01  0.000000E+00     3  4.589612E+01  1.276166E-01  4.589601E+01  1.022257E-01
  2.050000E+01  0.000000E+00     4  0.000000E+00  9.000000E+01  0.000000E+00  0.000000E+00
  2.050000E+01  0.000000E+00     5  4.356180E+02 -9.004287E+01 -3.259210E-01 -4.356179E+02
  2.050000E+01  0.000000E+00     6  0.000000E+00  9.000000E+01  0.000000E+00  0.000000E+00
  2.050000E+01  3.000000E+01     1  3.082982E+01  8.995713E+01  2.306618E-02  3.082981E+01
  2.050000E+01  3.000000E+01     2  1.779964E+01  8.995713E+01  1.331725E-02  1.779963E+01
  2.050000E+01  3.000000E+01     3  4.589594E+01  1.276168E-01  4.589583E+01  1.022255E-01
  2.050000E+01  3.000000E+01     4  2.178093E+02  8.995713E+01  1.629598E-01  2.178092E+02
  2.050000E+01  3.000000E+01     5  3.772552E+02 -9.004287E+01 -2.822568E-01 -3.772552E+02
  2.050000E+01  3.000000E+01     6  6.518370E-09 -1.649724E-05  6.518370E-09 -1.876842E-15
  2.050000E+01  6.000000E+01     1  1.779961E+01  8.995713E+01  1.331735E-02  1.779960E+01
  2.050000E+01  6.000000E+01     2  3.082993E+01  8.995713E+01  2.306619E-02  3.082992E+01
  2.050000E+01  6.000000E+01     3  4.589621E+01  1.276153E-01  4.589610E+01  1.022248E-01
  2.050000E+01  6.000000E+01     4  3.772554E+02  8.995713E+01  2.822559E-01  3.772553E+02
  2.050000E+01  6.000000E+01     5  2.178092E+02 -9.004287E+01 -1.629605E-01 -2.178091E+02
  2.050000E+01  6.000000E+01     6  6.519516E-09 -1.649432E-05  6.519516E-09 -1.876839E-15
  2.050000E+01  9.000000E+01     1  1.556095E-06 -9.004287E+01 -1.164232E-09 -1.556095E-06
  2.050000E+01  9.000000E+01     2  3.559922E+01  8.995713E+01  2.663451E-02  3.559921E+01
  2.050000E+01  9.000000E+01     3  4.589658E+01  1.276166E-01  4.589646E+01  1.022267E-01
  2.050000E+01  9.000000E+01     4  4.356180E+02  8.995713E+01  3.259201E-01  4.356179E+02
  2.050000E+01  9.000000E+01     5  1.904154E-05  8.995714E+01  1.424637E-08  1.904154E-05
  2.050000E+01  9.000000E+01     6  6.581856E-16  9.000000E+01 -6.581856E-16  1.894616E-22
  2.050000E+01  1.200000E+02     1  1.779960E+01 -9.004287E+01 -1.331734E-02 -1.779959E+01
  2.050000E+01  1.200000E+02     2  3.082993E+01  8.995713E+01  2.306617E-02  3.082992E+01
  2.050000E+01  1.200000E+02     3  4.589621E+01  1.276153E-01  4.589610E+01  1.022248E-01
  2.050000E+01  1.200000E+02     4  3.772556E+02  8.995713E+01  2.822558E-01  3.772555E+02
  2.050000E+01  1.200000E+02     5  2.178092E+02  8.995713E+01  1.629605E-01  2.178091E+02
  2.050000E+01  1.200000E+02     6  6.519508E-09  1.800000E+02 -6.519508E-09  1.876839E-15
  2.050000E+01  1.500000E+02     1  3.082982E+01 -9.004287E+01 -2.306617E-02 -3.082981E+01
  2.050000E+01  1.500000E+02     2  1.779965E+01  8.995713E+01  1.331726E-02  1.779964E+01
  2.050000E+01  1.500000E+02     3  4.589594E+01  1.276168E-01  4.589583E+01  1.022255E-01
  2.050000E+01  1.500000E+02     4  2.178091E+02  8.995713E+01  1.629598E-01  2.178091E+02
  2.050000E+01  1.500000E+02     5  3.772550E+02  8.995713E+01  2.822566E-01  3.772549E+02
  2.050000E+01  1.500000E+02     6  6.518356E-09  1.800000E+02 -6.518356E-09  1.876841E-15
  2.050000E+01  1.800000E+02     1  3.559937E+01 -9.004287E+01 -2.663467E-02 -3.559936E+01
  2.050000E+01  1.800000E+02     2  3.112189E-06 -9.004287E+01 -2.328463E-09 -3.112189E-06
  2.050000E+01  1.800000E+02     3  4.589612E+01  1.276166E-01  4.589601E+01  1.022257E-01
  2.050000E+01  1.800000E+02     4  3.808320E-05 -9.004287E+01 -2.849290E-08 -3.808319E-05
  2.050000E+01  1.800000E+02     5  4.356180E+02  8.995713E+01  3.259210E-01  4.356179E+02
  2.050000E+01  1.800000E+02     6  1.315905E-15 -9.000000E+01  1.315905E-15 -3.789233E-22
  2.100000E+01 -1.800000E+02     1  3.445010E+01 -9.003841E+01 -2.309774E-02 -3.445010E+01
  2.100000E+01 -1.800000E+02     2  3.011728E-06  8.996159E+01  2.019268E-09  3.011728E-06
  2.100000E+01 -1.800000E+02     3  4.726344E+01  1.185813E-01  4.726334E+01  9.781791E-02
  2.100000E+01 -1.800000E+02     4  3.690620E-05  8.996159E+01  2.474453E-08  3.690619E-05
  2.100000E+01 -1.800000E+02     5  4.221575E+02  8.996159E+01  2.830446E-01  4.221574E+02
  2.100000E+01 -1.800000E+02     6  1.225675E-15  9.000000E+01 -1.225675E-15  2.939936E-22
  2.100000E+01 -1.500000E+02     1  2.983480E+01 -9.003841E+01 -2.000330E-02 -2.983479E+01
  2.100000E+01 -1.500000E+02     2  1.722507E+01 -9.003841E+01 -1.154888E-02 -1.722506E+01
  2.100000E+01 -1.500000E+02     3  4.726389E+01  1.185796E-01  4.726379E+01  9.781746E-02
  2.100000E+01 -1.500000E+02     4  2.110785E+02 -9.003841E+01 -1.415221E-01 -2.110784E+02
  2.100000E+01 -1.500000E+02     5  3.655993E+02  8.996159E+01  2.451228E-01  3.655992E+02
  2.100000E+01 -1.500000E+02     6  6.071384E-09 -1.374194E-05  6.071384E-09 -1.456173E-15
  2.100000E+01 -1.200000E+02     1  1.722508E+01 -9.003841E+01 -1.154888E-02 -1.722507E+01
  2.100000E+01 -1.200000E+02     2  2.983471E+01 -9.003841E+01 -2.000326E-02 -2.983470E+01
  2.100000E+01 -1.200000E+02     3  4.726443E+01  1.185792E-01  4.726433E+01  9.781831E-02
  2.100000E+01 -1.200000E+02     4  3.655995E+02 -9.003841E+01 -2.451237E-01 -3.655994E+02
  2.100000E+01 -1.200000E+02     5  2.110784E+02  8.996159E+01  1.415224E-01  2.110783E+02
  2.100000E+01 -1.200000E+02     6  6.072378E-09 -1.373968E-05  6.072378E-09 -1.456173E-15
  2.100000E+01 -9.000000E+01     1  1.505864E-06 -9.003841E+01 -1.009640E-09 -1.505864E-06
  2.100000E+01 -9.000000E+01     2  3.445004E+01 -9.003841E+01 -2.309777E-02 -3.445003E+01
  2.100000E+01 -9.000000E+01     3  4.726386E+01  1.185803E-01  4.726376E+01  9.781796E-02
  2.100000E+01 -9.000000E+01     4  4.221582E+02 -9.003841E+01 -2.830442E-01 -4.221581E+02
  2.100000E+01 -9.000000E+01     5  1.845314E-05  8.996159E+01  1.237223E-08  1.845313E-05
  2.100000E+01 -9.000000E+01     6  6.130405E-16 -9.000000E+01  6.130405E-16 -1.469968E-22
  2.100000E+01 -6.000000E+01     1  1.722507E+01  8.996159E+01  1.154888E-02  1.722507E+01
  2.100000E+01 -6.000000E+01     2  2.983472E+01 -9.003841E+01 -2.000326E-02 -2.983471E+01
  2.100000E+01 -6.000000E+01     3  4.726443E+01  1.185792E-01  4.726433E+01  9.781831E-02
  2.100000E+01 -6.000000E+01     4  3.655998E+02 -9.003841E+01 -2.451238E-01 -3.655997E+02
  2.100000E+01 -6.000000E+01     5  2.110783E+02 -9.003841E+01 -1.415225E-01 -2.110782E+02
  2.100000E+01 -6.000000E+01     6  6.072378E-09  1.800000E+02 -6.072378E-09  1.456172E-15
  2.100000E+01 -3.000000E+01     1  2.983479E+01  8.996159E+01  2.000329E-02  2.983479E+01
  2.100000E+01 -3.000000E+01     2  1.722508E+01 -9.003841E+01 -1.154888E-02 -1.722507E+01
  2.100000E+01 -3.000000E+01     3  4.726389E+01  1.185796E-01  4.726379E+01  9.781746E-02
  2.100000E+01 -3.000000E+01     4  2.110786E+02 -9.003841E+01 -1.415221E-01 -2.110786E+02
  2.100000E+01 -3.000000E+01     5  3.655994E+02 -9.003841E+01 -2.451229E-01 -3.655993E+02
  2.100000E+01 -3.000000E+01     6  6.071380E-09  1.800000E+02 -6.071380E-09  1.456172E-15
  2.100000E+01  0.000000E+00     1  3.445010E+01  8.996159E+01  2.309774E-02  3.445010E+01
  2.100000E+01  0.000000E+00     2  0.000000E+00  9.000000E+01  0.000000E+00  0.000000E+00
  2.100000E+01  0.000000E+00     3  4.726344E+01  1.185813E-01  4.726334E+01  9.781791E-02
  2.100000E+01  0.000000E+00     4  0.000000E+00  9.000000E+01  0.000000E+00  0.000000E+00
  2.100000E+01  0.000000E+00     5  4.221575E+02 -9.003841E+01 -2.830446E-01 -4.221574E+02
  2.100000E+01  0.000000E+00     6  0.000000E+00  9.000000E+01  0.000000E+00  0.000000E+00
  2.100000E+01  3.000000E+01     1  2.983479E+01  8.996159E+01  2.000329E-02  2.983479E+01
  2.100000E+01  3.000000E+01     2  1.722508E+01  8.996159E+01  1.154888E-02  1.722507E+01
  2.100000E+01  3.000000E+01     3  4.726389E+01  1.185796E-01  4.726379E+01  9.781746E-02
  2.100000E+01  3.000000E+01     4  2.110786E+02  8.996159E+01  1.415221E-01  2.110786E+02
  2.100000E+01  3.000000E+01     5  3.655994E+02 -9.003841E+01 -2.451229E-01 -3.655993E+02
  2.100000E+01  3.000000E+01     6  6.071380E-09 -1.374193E-05  6.071380E-09 -1.456172E-15
  2.100000E+01  6.000000E+01     1  1.722507E+01  8.996159E+01  1.154888E-02  1.722507E+01
  2.100000E+01  6.000000E+01     2  2.983472E+01  8.996159E+01  2.000326E-02  2.983471E+01
  2.100000E+01  6.000000E+01     3  4.726443E+01  1.185792E-01  4.726433E+01  9.781831E-02
  2.100000E+01  6.000000E+01     4  3.655998E+02  8.996159E+01  2.451238E-01  3.655997E+02
  2.100000E+01  6.000000E+01     5  2.110783E+02 -9.003841E+01 -1.415225E-01 -2.110782E+02
  2.100000E+01  6.000000E+01     6  6.072378E-09 -1.373968E-05  6.072378E-09 -1.456172E-15
  2.100000E+01  9.000000E+01     1  1.505864E-06 -9.003841E+01 -1.009640E-09 -1.505864E-06
  2.100000E+01  9.000000E+01     2  3.445004E+01  8.996159E+01  2.309777E-02  3.445003E+01
  2.100000E+01  9.000000E+01     3  4.726386E+01  1.185803E-01  4.726376E+01  9.781796E-02
  2.100000E+01  9.000000E+01     4  4.221582E+02  8.996159E+01  2.830442E-01  4.221581E+02
  2.100000E+01  9.000000E+01     5  1.845314E-05  8.996159E+01  1.237223E-08  1.845313E-05
  2.100000E+01  9.000000E+01     6  6.130405E-16  9.000000E+01 -6.130405E-16  1.469968E-22
  2.100000E+01  1.200000E+02     1  1.722508E+01 -9.003841E+01 -1.154888E-02 -1.722507E+01
  2.100000E+01  1.200000E+02     2  2.983471E+01  8.996159E+01  2.000326E-02  2.983470E+01
  2.100000E+01  1.200000E+02     3  4.726443E+01  1.185792E-01  4.726433E+01  9.781831E-02
  2.100000E+01  1.200000E+02     4  3.655995E+02  8.996159E+01  2.451237E-01  3.655994E+02
  2.100000E+01  1.200000E+02     5  2.110784E+02  8.996159E+01  1.415224E-01  2.110783E+02
  2.100000E+01  1.200000E+02     6  6.072378E-09  1.800000E+02 -6.072378E-09  1.456173E-15
  2.100000E+01  1.500000E+02     1  2.983480E+01 -9.003841E+01 -2.000330E-02 -2.983479E+01
  2.100000E+01  1.500000E+02     2  1.722507E+01  8.996159E+01  1.154888E-02  1.722506E+01
  2.100000E+01  1.500000E+02     3  4.726389E+01  1.185796E-01  4.726379E+01  9.781746E-02
  2.100000E+01  1.500000E+02     4  2.110785E+02  8.996159E+01  1.415221E-01  2.110784E+02
  2.100000E+01  1.500000E+02     5  3.655993E+02  8.996159E+01  2.451228E-01  3.655992E+02
  2.100000E+01  1.500000E+02     6  6.071384E-09  1.800000E+02 -6.071384E-09  1.456173E-15
  2.100000E+01  1.800000E+02     1  3.445010E+01 -9.003841E+01 -2.309774E-02 -3.445010E+01
  2.100000E+01  1.800000E+02     2  3.011728E-06 -9.003841E+01 -2.019268E-09 -3.011728E-06
  2.100000E+01  1.800000E+02     3  4.726344E+01  1.185813E-01  4.726334E+01  9.781791E-02
  2.100000E+01  1.800000E+02     4  3.690620E-05 -9.003841E+01 -2.474453E-08 -3.690619E-05
  2.100000E+01  1.800000E+02     5  4.221575E+02  8.996159E+01  2.830446E-01  4.221574E+02
  2.100000E+01  1.800000E+02     6  1.225675E-15 -9.000000E+01  1.225675E-15 -2.939936E-22
  2.150000E+01 -1.800000E+02     1  3.337754E+01 -9.003459E+01 -2.015206E-02 -3.337753E+01
  2.150000E+01 -1.800000E+02     2  2.917951E-06  8.996541E+01  1.761754E-09  2.917951E-06
  2.150000E+01 -1.800000E+02     3  4.855395E+01  1.104559E-01  4.855386E+01  9.360314E-02
  2.150000E+01 -1.800000E+02     4  3.580441E-05  8.996541E+01  2.161728E-08  3.580441E-05
  2.150000E+01 -1.800000E+02     5  4.095523E+02  8.996541E+01  2.472730E-01  4.095523E+02
  2.150000E+01 -1.800000E+02     6  1.144755E-15  9.000000E+01 -1.144755E-15  2.303921E-22
  2.150000E+01 -1.500000E+02     1  2.890595E+01 -9.003459E+01 -1.745218E-02 -2.890594E+01
  2.150000E+01 -1.500000E+02     2  1.668876E+01 -9.003459E+01 -1.007604E-02 -1.668876E+01
  2.150000E+01 -1.500000E+02     3  4.855400E+01  1.104544E-01  4.855391E+01  9.360203E-02
  2.150000E+01 -1.500000E+02     4  2.047778E+02 -9.003459E+01 -1.236368E-01 -2.047778E+02
  2.150000E+01 -1.500000E+02     5  3.546847E+02  8.996541E+01  2.141451E-01  3.546846E+02
  2.150000E+01 -1.500000E+02     6  5.670505E-09 -1.153040E-05  5.670505E-09 -1.141152E-15
  2.150000E+01 -1.200000E+02     1  1.668878E+01 -9.003459E+01 -1.007603E-02 -1.668877E+01
  2.150000E+01 -1.200000E+02     2  2.890580E+01 -9.003459E+01 -1.745214E-02 -2.890579E+01
  2.150000E+01 -1.200000E+02     3  4.855363E+01  1.104553E-01  4.855354E+01  9.360209E-02
  2.150000E+01 -1.200000E+02     4  3.546855E+02 -9.003459E+01 -2.141453E-01 -3.546854E+02
  2.150000E+01 -1.200000E+02     5  2.047776E+02  8.996541E+01  1.236365E-01  2.047776E+02
  2.150000E+01 -1.200000E+02     6  5.671375E-09 -1.152864E-05  5.671375E-09 -1.141152E-15
  2.150000E+01 -9.000000E+01     1  1.458977E-06 -9.003459E+01 -8.808789E-10 -1.458977E-06
  2.150000E+01 -9.000000E+01     2  3.337756E+01 -9.003459E+01 -2.015207E-02 -3.337755E+01
  2.150000E+01 -9.000000E+01     3  4.855479E+01  1.104544E-01  4.855470E+01  9.360351E-02
  2.150000E+01 -9.000000E+01     4  4.095540E+02 -9.003459E+01 -2.472732E-01 -4.095540E+02
  2.150000E+01 -9.000000E+01     5  1.790219E-05  8.996541E+01  1.080865E-08  1.790218E-05
  2.150000E+01 -9.000000E+01     6  5.725541E-16 -9.000000E+01  5.725541E-16 -1.151961E-22
  2.150000E+01 -6.000000E+01     1  1.668876E+01  8.996541E+01  1.007604E-02  1.668876E+01
  2.150000E+01 -6.000000E+01     2  2.890582E+01 -9.003459E+01 -1.745213E-02 -2.890581E+01
  2.150000E+01 -6.000000E+01     3  4.855383E+01  1.104559E-01  4.855373E+01  9.360297E-02
  2.150000E+01 -6.000000E+01     4  3.546855E+02 -9.003459E+01 -2.141455E-01 -3.546855E+02
  2.150000E+01 -6.000000E+01     5  2.047775E+02 -9.003459E+01 -1.236365E-01 -2.047775E+02
  2.150000E+01 -6.000000E+01     6  5.671379E-09  1.800000E+02 -5.671379E-09  1.141154E-15
  2.150000E+01 -3.000000E+01     1  2.890595E+01  8.996541E+01  1.745219E-02  2.890595E+01
  2.150000E+01 -3.000000E+01     2  1.668876E+01 -9.003459E+01 -1.007604E-02 -1.668875E+01
  2.150000E+01 -3.000000E+01     3  4.855400E+01  1.104544E-01  4.855391E+01  9.360203E-02
  2.150000E+01 -3.000000E+01     4  2.047776E+02 -9.003459E+01 -1.236368E-01 -2.047776E+02
  2.150000E+01 -3.000000E+01     5  3.546847E+02 -9.003459E+01 -2.141452E-01 -3.546846E+02
  2.150000E+01 -3.000000E+01     6  5.670503E-09  1.800000E+02 -5.670503E-09  1.141153E-15
  2.150000E+01  0.000000E+00     1  3.337754E+01  8.996541E+01  2.015206E-02  3.337753E+01
  2.150000E+01  0.000000E+00     2  0.000000E+00  9.000000E+01  0.000000E+00  0.000000E+00
  2.150000E+01  0.000000E+00     3  4.855395E+01  1.104559E-01  4.855386E+01  9.360314E-02
  2.150000E+01  0.000000E+00     4  0.000000E+00  9.000000E+01  0.000000E+00  0.000000E+00
  2.150000E+01  0.000000E+00     5  4.095523E+02 -9.003459E+01 -2.472730E-01 -4.095523E+02
  2.150000E+01  0.000000E+00     6  0.000000E+00  9.000000E+01  0.000000E+00  0.000000E+00
  2.150000E+01  3.000000E+01     1  2.890595E+01  8.996541E+01  1.745219E-02  2.890595E+01
  2.150000E+01  3.000000E+01     2  1.668876E+01  8.996541E+01  1.007604E-02  1.668875E+01
  2.150000E+01  3.000000E+01     3  4.855400E+01  1.104544E-01  4.855391E+01  9.360203E-02
  2.150000E+01  3.000000E+01     4  2.047776E+02  8.996541E+01  1.236368E-01  2.047776E+02
  2.150000E+01  3.000000E+01     5  3.546847E+02 -9.003459E+01 -2.141452E-01 -3.546846E+02
  2.150000E+01  3.000000E+01     6  5.670503E-09 -1.153042E-05  5.670503E-09 -1.141153E-15
  2.150000E+01  6.000000E+01     1  1.668876E+01  8.996541E+01  1.007604E-02  1.668876E+01
  2.150000E+01  6.000000E+01     2  2.890582E+01  8.996541E+01  1.745213E-02  2.890581E+01
  2.150000E+01  6.000000E+01     3  4.855383E+01  1.104559E-01  4.855373E+01  9.360297E-02
  2.150000E+01  6.000000E+01     4  3.546855E+02  8.996541E+01  2.141455E-01  3.546855E+02
  2.150000E+01  6.000000E+01     5  2.047775E+02 -9.003459E+01 -1.236365E-01 -2.047775E+02
  2.150000E+01  6.000000E+01     6  5.671379E-09 -1.152864E-05  5.671379E-09 -1.141154E-15
  2.150000E+01  9.000000E+01     1  1.458977E-06 -9.003459E+01 -8.808789E-10 -1.458977E-06
  2.150000E+01  9.000000E+01     2  3.337756E+01  8.996541E+01  2.015207E-02  3.337755E+01
  2.150000E+01  9.000000E+01     3  4.855479E+01  1.104544E-01  4.855470E+01  9.360351E-02
  2.150000E+01  9.000000E+01     4  4.095540E+02  8.996541E+01  2.472732E-01  4.095540E+02
  2.150000E+01  9.000000E+01     5  1.790219E-05  8.996541E+01  1.080865E-08  1.790218E-05
  2.150000E+01  9.000000E+01     6  5.725541E-16  9.000000E+01 -5.725541E-16  1.151961E-22
  2.150000E+01  1.200000E+02     1  1.668878E+01 -9.003459E+01 -1.007603E-02 -1.668877E+01
  2.150000E+01  1.200000E+02     2  2.890580E+01  8.996541E+01  1.745214E-02  2.890579E+01
  2.150000E+01  1.200000E+02     3  4.855363E+01  1.104553E-01  4.855354E+01  9.360209E-02
  2.150000E+01  1.200000E+02     4  3.546855E+02  8.996541E+01  2.141453E-01  3.546854E+02
  2.150000E+01  1.200000E+02     5  2.047776E+02  8.996541E+01  1.236365E-01  2.047776E+02
  2.150000E+01  1.200000E+02     6  5.671375E-09  1.800000E+02 -5.671375E-09  1.141152E-15
  2.150000E+01  1.500000E+02     1  2.890595E+01 -9.003459E+01 -1.745218E-02 -2.890594E+01
  2.150000E+01  1.500000E+02     2  1.668876E+01  8.996541E+01  1.007604E-02  1.668876E+01
  2.150000E+01  1.500000E+02     3  4.855400E+01  1.104544E-01  4.855391E+01  9.360203E-02
  2.150000E+01  1.500000E+02     4  2.047778E+02  8.996541E+01  1.236368E-01  2.047778E+02
  2.150000E+01  1.500000E+02     5  3.546847E+02  8.996541E+01  2.141451E-01  3.546846E+02
  2.150000E+01  1.500000E+02     6  5.670505E-09  1.800000E+02 -5.670505E-09  1.141152E-15
  2.150000E+01  1.800000E+02     1  3.337754E+01 -9.003459E+01 -2.015206E-02 -3.337753E+01
  2.150000E+01  1.800000E+02     2  2.917951E-06 -9.003459E+01 -1.761754E-09 -2.917951E-06
  2.150000E+01  1.800000E+02     3  4.855395E+01  1.104559E-01  4.855386E+01  9.360314E-02
  2.150000E+01  1.800000E+02     4  3.580441E-05 -9.003459E+01 -2.161728E-08 -3.580441E-05
  2.150000E+01  1.800000E+02     5  4.095523E+02  8.996541E+01  2.472730E-01  4.095523E+02
  2.150000E+01  1.800000E+02     6  1.144755E-15 -9.000000E+01  1.144755E-15 -2.303921E-22
  2.200000E+01 -1.800000E+02     1  3.237437E+01 -9.003130E+01 -1.768263E-02 -3.237436E+01
  2.200000E+01 -1.800000E+02     2  2.830257E-06  8.996870E+01  1.545862E-09  2.830257E-06
  2.200000E+01 -1.800000E+02     3  4.977391E+01  1.031286E-01  4.977383E+01  8.958966E-02
  2.200000E+01 -1.800000E+02     4  3.477090E-05  8.996870E+01  1.899154E-08  3.477090E-05
  2.200000E+01 -1.800000E+02     5  3.977315E+02  8.996870E+01  2.172374E-01  3.977315E+02
  2.200000E+01 -1.800000E+02     6  1.071903E-15  9.000000E+01 -1.071903E-15  1.823713E-22
  2.200000E+01 -1.500000E+02     1  2.803706E+01 -9.003130E+01 -1.531368E-02 -2.803706E+01
  2.200000E+01 -1.500000E+02     2  1.618718E+01 -9.003130E+01 -8.841288E-03 -1.618718E+01
  2.200000E+01 -1.500000E+02     3  4.977450E+01  1.031283E-01  4.977442E+01  8.959047E-02
  2.200000E+01 -1.500000E+02     4  1.988660E+02 -9.003130E+01 -1.086187E-01 -1.988660E+02
  2.200000E+01 -1.500000E+02     5  3.444454E+02  8.996870E+01  1.881338E-01  3.444454E+02
  2.200000E+01 -1.500000E+02     6  5.309614E-09 -9.747492E-06  5.309614E-09 -9.033024E-16
  2.200000E+01 -1.200000E+02     1  1.618717E+01 -9.003130E+01 -8.841327E-03 -1.618717E+01
  2.200000E+01 -1.200000E+02     2  2.803698E+01 -9.003130E+01 -1.531361E-02 -2.803697E+01
  2.200000E+01 -1.200000E+02     3  4.977467E+01  1.031288E-01  4.977459E+01  8.959120E-02
  2.200000E+01 -1.200000E+02     4  3.444465E+02 -9.003130E+01 -1.881333E-01 -3.444464E+02
  2.200000E+01 -1.200000E+02     5  1.988659E+02  8.996870E+01  1.086187E-01  1.988659E+02
  2.200000E+01 -1.200000E+02     6  5.310384E-09 -9.746079E-06  5.310384E-09 -9.033024E-16
  2.200000E+01 -9.000000E+01     1  1.415130E-06 -9.003130E+01 -7.729344E-10 -1.415130E-06
  2.200000E+01 -9.000000E+01     2  3.237437E+01 -9.003130E+01 -1.768256E-02 -3.237436E+01
  2.200000E+01 -9.000000E+01     3  4.977421E+01  1.031286E-01  4.977413E+01  8.959021E-02
  2.200000E+01 -9.000000E+01     4  3.977318E+02 -9.003130E+01 -2.172373E-01 -3.977318E+02
  2.200000E+01 -9.000000E+01     5  1.738543E-05  8.996870E+01  9.495782E-09  1.738543E-05
  2.200000E+01 -9.000000E+01     6  5.361073E-16 -9.000000E+01  5.361073E-16 -9.118558E-23
  2.200000E+01 -6.000000E+01     1  1.618718E+01  8.996870E+01  8.841323E-03  1.618718E+01
  2.200000E+01 -6.000000E+01     2  2.803698E+01 -9.003130E+01 -1.531363E-02 -2.803698E+01
  2.200000E+01 -6.000000E+01     3  4.977467E+01  1.031289E-01  4.977459E+01  8.959135E-02
  2.200000E+01 -6.000000E+01     4  3.444466E+02 -9.003130E+01 -1.881334E-01 -3.444465E+02
  2.200000E+01 -6.000000E+01     5  1.988659E+02 -9.003130E+01 -1.086187E-01 -1.988658E+02
  2.200000E+01 -6.000000E+01     6  5.310389E-09  1.800000E+02 -5.310389E-09  9.033034E-16
  2.200000E+01 -3.000000E+01     1  2.803708E+01  8.996870E+01  1.531369E-02  2.803707E+01
  2.200000E+01 -3.000000E+01     2  1.618716E+01 -9.003130E+01 -8.841287E-03 -1.618716E+01
  2.200000E+01 -3.000000E+01     3  4.977450E+01  1.031283E-01  4.977442E+01  8.959047E-02
  2.200000E+01 -3.000000E+01     4  1.988660E+02 -9.003130E+01 -1.086187E-01 -1.988660E+02
  2.200000E+01 -3.000000E+01     5  3.444456E+02 -9.003130E+01 -1.881338E-01 -3.444455E+02
  2.200000E+01 -3.000000E+01     6  5.309622E-09  1.800000E+02 -5.309622E-09  9.033007E-16
  2.200000E+01  0.000000E+00     1  3.237437E+01  8.996870E+01  1.768263E-02  3.237436E+01
  2.200000E+01  0.000000E+00     2  0.000000E+00  9.000000E+01  0.000000E+00  0.000000E+00
  2.200000E+01  0.000000E+00     3  4.977391E+01  1.031286E-01  4.977383E+01  8.958966E-02
  2.200000E+01  0.000000E+00     4  0.000000E+00  9.000000E+01  0.000000E+00  0.000000E+00
  2.200000E+01  0.000000E+00     5  3.977315E+02 -9.003130E+01 -2.172374E-01 -3.977315E+02
  2.200000E+01  0.000000E+00     6  0.000000E+00  9.000000E+01  0.000000E+00  0.000000E+00
  2.200000E+01  3.000000E+01     1  2.803708E+01  8.996870E+01  1.531369E-02  2.803707E+01
  2.200000E+01  3.000000E+01     2  1.618716E+01  8.996870E+01  8.841287E-03  1.618716E+01
  2.200000E+01  3.000000E+01     3  4.977450E+01  1.031283E-01  4.977442E+01  8.959047E-02
  2.200000E+01  3.000000E+01     4  1.988660E+02  8.996870E+01  1.086187E-01  1.988660E+02
  2.200000E+01  3.000000E+01     5  3.444456E+02 -9.003130E+01 -1.881338E-01 -3.444455E+02
  2.200000E+01  3.000000E+01     6  5.309622E-09 -9.747459E-06  5.309622E-09 -9.033007E-16
  2.200000E+01  6.000000E+01     1  1.618718E+01  8.996870E+01  8.841323E-03  1.618718E+01
  2.200000E+01  6.000000E+01     2  2.803698E+01  8.996870E+01  1.531363E-02  2.803698E+01
  2.200000E+01  6.000000E+01     3  4.977467E+01  1.031289E-01  4.977459E+01  8.959135E-02
  2.200000E+01  6.000000E+01     4  3.444466E+02  8.996870E+01  1.881334E-01  3.444465E+02
  2.200000E+01  6.000000E+01     5  1.988659E+02 -9.003130E+01 -1.086187E-01 -1.988658E+02
  2.200000E+01  6.000000E+01     6  5.310389E-09 -9.746080E-06  5.310389E-09 -9.033034E-16
  2.200000E+01  9.000000E+01     1  1.415130E-06 -9.003130E+01 -7.729344E-10 -1.415130E-06
  2.200000E+01  9.000000E+01     2  3.237437E+01  8.996870E+01  1.768256E-02  3.237436E+01
  2.200000E+01  9.000000E+01     3  4.977421E+01  1.031286E-01  4.977413E+01  8.959021E-02
  2.200000E+01  9.000000E+01     4  3.977318E+02  8.996870E+01  2.172373E-01  3.977318E+02
  2.200000E+01  9.000000E+01     5  1.738543E-05  8.996870E+01  9.495782E-09  1.738543E-05
  2.200000E+01  9.000000E+01     6  5.361073E-16  9.000000E+01 -5.361073E-16  9.118558E-23
  2.200000E+01  1.200000E+02     1  1.618717E+01 -9.003130E+01 -8.841327E-03 -1.618717E+01
  2.200000E+01  1.200000E+02     2  2.803698E+01  8.996870E+01  1.531361E-02  2.803697E+01
  2.200000E+01  1.200000E+02     3  4.977467E+01  1.031288E-01  4.977459E+01  8.959120E-02
  2.200000E+01  1.200000E+02     4  3.444465E+02  8.996870E+01  1.881333E-01  3.444464E+02
  2.200000E+01  1.200000E+02     5  1.988659E+02  8.996870E+01  1.086187E-01  1.988659E+02
  2.200000E+01  1.200000E+02     6  5.310384E-09  1.800000E+02 -5.310384E-09  9.033024E-16
  2.200000E+01  1.500000E+02     1  2.803706E+01 -9.003130E+01 -1.531368E-02 -2.803706E+01
  2.200000E+01  1.500000E+02     2  1.618718E+01  8.996870E+01  8.841288E-03  1.618718E+01
  2.200000E+01  1.500000E+02     3  4.977450E+01  1.031283E-01  4.977442E+01  8.959047E-02
  2.200000E+01  1.500000E+02     4  1.988660E+02  8.996870E+01  1.086187E-01  1.988660E+02
  2.200000E+01  1.500000E+02     5  3.444454E+02  8.996870E+01  1.881338E-01  3.444454E+02
  2.200000E+01  1.500000E+02     6  5.309614E-09  1.800000E+02 -5.309614E-09  9.033024E-16
  2.200000E+01  1.800000E+02     1  3.237437E+01 -9.003130E+01 -1.768263E-02 -3.237436E+01
  2.200000E+01  1.800000E+02     2  2.830257E-06 -9.003130E+01 -1.545862E-09 -2.830257E-06
  2.200000E+01  1.800000E+02     3  4.977391E+01  1.031286E-01  4.977383E+01  8.958966E-02
  2.200000E+01  1.800000E+02     4  3.477090E-05 -9.003130E+01 -1.899154E-08 -3.477090E-05
  2.200000E+01  1.800000E+02     5  3.977315E+02  8.996870E+01  2.172374E-01  3.977315E+02
  2.200000E+01  1.800000E+02     6  1.071903E-15 -9.000000E+01  1.071903E-15 -1.823713E-22
  2.250000E+01 -1.800000E+02     1  3.143422E+01 -9.002843E+01 -1.559932E-02 -3.143422E+01
  2.250000E+01 -1.800000E+02     2  2.748049E-06  8.997157E+01  1.363729E-09  2.748049E-06
  2.250000E+01 -1.800000E+02     3  5.092655E+01  9.651382E-02  5.092648E+01  8.578491E-02
  2.250000E+01 -1.800000E+02     4  3.379926E-05  8.997157E+01  1.677308E-08  3.379926E-05
  2.250000E+01 -1.800000E+02     5  3.866184E+02  8.997157E+01  1.918603E-01  3.866183E+02
  2.250000E+01 -1.800000E+02     6  1.006083E-15  9.000000E+01 -1.006083E-15  1.456904E-22
  2.250000E+01 -1.500000E+02     1  2.722280E+01 -9.002843E+01 -1.350941E-02 -2.722279E+01
  2.250000E+01 -1.500000E+02     2  1.571703E+01 -9.002843E+01 -7.799615E-03 -1.571702E+01
  2.250000E+01 -1.500000E+02     3  5.092617E+01  9.651284E-02  5.092610E+01  8.578341E-02
  2.250000E+01 -1.500000E+02     4  1.933094E+02 -9.002843E+01 -9.593052E-02 -1.933094E+02
  2.250000E+01 -1.500000E+02     5  3.348233E+02  8.997157E+01  1.661568E-01  3.348232E+02
  2.250000E+01 -1.500000E+02     6  4.983566E-09 -8.296403E-06  4.983566E-09 -7.216181E-16
  2.250000E+01 -1.200000E+02     1  1.571710E+01 -9.002843E+01 -7.799654E-03 -1.571710E+01
  2.250000E+01 -1.200000E+02     2  2.722265E+01 -9.002843E+01 -1.350932E-02 -2.722265E+01
  2.250000E+01 -1.200000E+02     3  5.092648E+01  9.651364E-02  5.092640E+01  8.578462E-02
  2.250000E+01 -1.200000E+02     4  3.348226E+02 -9.002843E+01 -1.661570E-01 -3.348226E+02
  2.250000E+01 -1.200000E+02     5  1.933090E+02  8.997157E+01  9.593017E-02  1.933090E+02
  2.250000E+01 -1.200000E+02     6  4.984244E-09 -8.295279E-06  4.984244E-09 -7.216185E-16
  2.250000E+01 -9.000000E+01     1  1.374021E-06 -9.002843E+01 -6.818645E-10 -1.374021E-06
  2.250000E+01 -9.000000E+01     2  3.143399E+01 -9.002843E+01 -1.559925E-02 -3.143399E+01
  2.250000E+01 -9.000000E+01     3  5.092615E+01  9.651319E-02  5.092608E+01  8.578368E-02
  2.250000E+01 -9.000000E+01     4  3.866185E+02 -9.002843E+01 -1.918610E-01 -3.866185E+02
  2.250000E+01 -9.000000E+01     5  1.689959E-05  8.997157E+01  8.386554E-09  1.689959E-05
  2.250000E+01 -9.000000E+01     6  5.031793E-16 -9.000000E+01  5.031793E-16 -7.284523E-23
  2.250000E+01 -6.000000E+01     1  1.571711E+01  8.997157E+01  7.799658E-03  1.571711E+01
  2.250000E+01 -6.000000E+01     2  2.722265E+01 -9.002843E+01 -1.350932E-02 -2.722265E+01
  2.250000E+01 -6.000000E+01     3  5.092648E+01  9.651364E-02  5.092640E+01  8.578462E-02
  2.250000E+01 -6.000000E+01     4  3.348226E+02 -9.002843E+01 -1.661570E-01 -3.348226E+02
  2.250000E+01 -6.000000E+01     5  1.933092E+02 -9.002843E+01 -9.593021E-02 -1.933091E+02
  2.250000E+01 -6.000000E+01     6  4.984256E-09  1.800000E+02 -4.984256E-09  7.216182E-16
  2.250000E+01 -3.000000E+01     1  2.722280E+01  8.997157E+01  1.350940E-02  2.722280E+01
  2.250000E+01 -3.000000E+01     2  1.571701E+01 -9.002843E+01 -7.799615E-03 -1.571701E+01
  2.250000E+01 -3.000000E+01     3  5.092617E+01  9.651284E-02  5.092610E+01  8.578341E-02
  2.250000E+01 -3.000000E+01     4  1.933095E+02 -9.002843E+01 -9.593043E-02 -1.933095E+02
  2.250000E+01 -3.000000E+01     5  3.348233E+02 -9.002843E+01 -1.661569E-01 -3.348233E+02
  2.250000E+01 -3.000000E+01     6  4.983566E-09  1.800000E+02 -4.983566E-09  7.216187E-16
  2.250000E+01  0.000000E+00     1  3.143422E+01  8.997157E+01  1.559932E-02  3.143422E+01
  2.250000E+01  0.000000E+00     2  0.000000E+00  9.000000E+01  0.000000E+00  0.000000E+00
  2.250000E+01  0.000000E+00     3  5.092655E+01  9.651382E-02  5.092648E+01  8.578491E-02
  2.250000E+01  0.000000E+00     4  0.000000E+00  9.000000E+01  0.000000E+00  0.000000E+00
  2.250000E+01  0.000000E+00     5  3.866184E+02 -9.002843E+01 -1.918603E-01 -3.866183E+02
  2.250000E+01  0.000000E+00     6  0.000000E+00  9.000000E+01  0.000000E+00  0.000000E+00
  2.250000E+01  3.000000E+01     1  2.722280E+01  8.997157E+01  1.350940E-02  2.722280E+01
  2.250000E+01  3.000000E+01     2  1.571701E+01  8.997157E+01  7.799615E-03  1.571701E+01
  2.250000E+01  3.000000E+01     3  5.092617E+01  9.651284E-02  5.092610E+01  8.578341E-02
  2.250000E+01  3.000000E+01     4  1.933095E+02  8.997157E+01  9.593043E-02  1.933095E+02
  2.250000E+01  3.000000E+01     5  3.348233E+02 -9.002843E+01 -1.661569E-01 -3.348233E+02
  2.250000E+01  3.000000E+01     6  4.983566E-09 -8.296411E-06  4.983566E-09 -7.216187E-16
  2.250000E+01  6.000000E+01     1  1.571711E+01  8.997157E+01  7.799658E-03  1.571711E+01
  2.250000E+01  6.000000E+01     2  2.722265E+01  8.997157E+01  1.350932E-02  2.722265E+01
  2.250000E+01  6.000000E+01     3  5.092648E+01  9.651364E-02  5.092640E+01  8.578462E-02
  2.250000E+01  6.000000E+01     4  3.348226E+02  8.997157E+01  1.661570E-01  3.348226E+02
  2.250000E+01  6.000000E+01     5  1.933092E+02 -9.002843E+01 -9.593021E-02 -1.933091E+02
  2.250000E+01  6.000000E+01     6  4.984256E-09 -8.295256E-06  4.984256E-09 -7.216182E-16
  2.250000E+01  9.000000E+01     1  1.374021E-06 -9.002843E+01 -6.818645E-10 -1.374021E-06
  2.250000E+01  9.000000E+01     2  3.143399E+01  8.997157E+01  1.559925E-02  3.143399E+01
  2.250000E+01  9.000000E+01     3  5.092615E+01  9.651319E-02  5.092608E+01  8.578368E-02
  2.250000E+01  9.000000E+01     4  3.866185E+02  8.997157E+01  1.918610E-01  3.866185E+02
  2.250000E+01  9.000000E+01     5  1.689959E-05  8.997157E+01  8.386554E-09  1.689959E-05
  2.250000E+01  9.000000E+01     6  5.031793E-16  9.000000E+01 -5.031793E-16  7.284523E-23
  2.250000E+01  1.200000E+02     1  1.571710E+01 -9.002843E+01 -7.799654E-03 -1.571710E+01
  2.250000E+01  1.200000E+02     2  2.722265E+01  8.997157E+01  1.350932E-02  2.722265E+01
  2.250000E+01  1.200000E+02     3  5.092648E+01  9.651364E-02  5.092640E+01  8.578462E-02
  2.250000E+01  1.200000E+02     4  3.348226E+02  8.997157E+01  1.661570E-01  3.348226E+02
  2.250000E+01  1.200000E+02     5  1.933090E+02  8.997157E+01  9.593017E-02  1.933090E+02
  2.250000E+01  1.200000E+02     6  4.984244E-09  1.800000E+02 -4.984244E-09  7.216185E-16
  2.250000E+01  1.500000E+02     1  2.722280E+01 -9.002843E+01 -1.350941E-02 -2.722279E+01
  2.250000E+01  1.500000E+02     2  1.571703E+01  8.997157E+01  7.799615E-03  1.571702E+01
  2.250000E+01  1.500000E+02     3  5.092617E+01  9.651284E-02  5.092610E+01  8.578341E-02
  2.250000E+01  1.500000E+02     4  1.933094E+02  8.997157E+01  9.593052E-02  1.933094E+02
  2.250000E+01  1.500000E+02     5  3.348233E+02  8.997157E+01  1.661568E-01  3.348232E+02
  2.250000E+01  1.500000E+02     6  4.983566E-09  1.800000E+02 -4.983566E-09  7.216181E-16
  2.250000E+01  1.800000E+02     1  3.143422E+01 -9.002843E+01 -1.559932E-02 -3.143422E+01
  2.250000E+01  1.800000E+02     2  2.748049E-06 -9.002843E+01 -1.363729E-09 -2.748049E-06
  2.250000E+01  1.800000E+02     3  5.092655E+01  9.651382E-02  5.092648E+01  8.578491E-02
  2.250000E+01  1.800000E+02     4  3.379926E-05 -9.002843E+01 -1.677308E-08 -3.379926E-05
  2.250000E+01  1.800000E+02     5  3.866184E+02  8.997157E+01  1.918603E-01  3.866183E+02
  2.250000E+01  1.800000E+02     6  1.006083E-15 -9.000000E+01  1.006083E-15 -1.456904E-22
  2.300000E+01 -1.800000E+02     1  3.055092E+01 -9.002594E+01 -1.383102E-02 -3.055091E+01
  2.300000E+01 -1.800000E+02     2  2.670828E-06  8.997406E+01  1.209139E-09  2.670828E-06
  2.300000E+01 -1.800000E+02     3  5.201674E+01  9.052860E-02  5.201667E+01  8.218756E-02
  2.300000E+01 -1.800000E+02     4  3.288439E-05  8.997406E+01  1.488749E-08  3.288439E-05
  2.300000E+01 -1.800000E+02     5  3.761528E+02  8.997406E+01  1.702929E-01  3.761528E+02
  2.300000E+01 -1.800000E+02     6  9.464110E-16  9.000000E+01 -9.464110E-16  1.173860E-22
  2.300000E+01 -1.500000E+02     1  2.645783E+01 -9.002594E+01 -1.197794E-02 -2.645783E+01
  2.300000E+01 -1.500000E+02     2  1.527542E+01 -9.002594E+01 -6.915473E-03 -1.527542E+01
  2.300000E+01 -1.500000E+02     3  5.201634E+01  9.052926E-02  5.201627E+01  8.218753E-02
  2.300000E+01 -1.500000E+02     4  1.880764E+02 -9.002594E+01 -8.514662E-02 -1.880764E+02
  2.300000E+01 -1.500000E+02     5  3.257574E+02  8.997406E+01  1.474775E-01  3.257574E+02
  2.300000E+01 -1.500000E+02     6  4.687978E-09 -7.106090E-06  4.687978E-09 -5.814250E-16
  2.300000E+01 -1.200000E+02     1  1.527546E+01 -9.002594E+01 -6.915517E-03 -1.527546E+01
  2.300000E+01 -1.200000E+02     2  2.645774E+01 -9.002594E+01 -1.197798E-02 -2.645774E+01
  2.300000E+01 -1.200000E+02     3  5.201622E+01  9.052879E-02  5.201615E+01  8.218691E-02
  2.300000E+01 -1.200000E+02     4  3.257585E+02 -9.002594E+01 -1.474775E-01 -3.257585E+02
  2.300000E+01 -1.200000E+02     5  1.880761E+02  8.997406E+01  8.514641E-02  1.880761E+02
  2.300000E+01 -1.200000E+02     6  4.688574E-09 -7.105185E-06  4.688574E-09 -5.814249E-16
  2.300000E+01 -9.000000E+01     1  1.335415E-06 -9.002594E+01 -6.045700E-10 -1.335415E-06
  2.300000E+01 -9.000000E+01     2  3.055076E+01 -9.002594E+01 -1.383094E-02 -3.055075E+01
  2.300000E+01 -9.000000E+01     3  5.201635E+01  9.052823E-02  5.201628E+01  8.218662E-02
  2.300000E+01 -9.000000E+01     4  3.761529E+02 -9.002594E+01 -1.702933E-01 -3.761528E+02
  2.300000E+01 -9.000000E+01     5  1.644222E-05  8.997406E+01  7.443762E-09  1.644222E-05
  2.300000E+01 -9.000000E+01     6  4.733280E-16 -9.000000E+01  4.733280E-16 -5.869308E-23
  2.300000E+01 -6.000000E+01     1  1.527545E+01  8.997406E+01  6.915512E-03  1.527544E+01
  2.300000E+01 -6.000000E+01     2  2.645772E+01 -9.002594E+01 -1.197798E-02 -2.645772E+01
  2.300000E+01 -6.000000E+01     3  5.201622E+01  9.052879E-02  5.201615E+01  8.218691E-02
  2.300000E+01 -6.000000E+01     4  3.257590E+02 -9.002594E+01 -1.474775E-01 -3.257589E+02
  2.300000E+01 -6.000000E+01     5  1.880756E+02 -9.002594E+01 -8.514639E-02 -1.880756E+02
  2.300000E+01 -6.000000E+01     6  4.688570E-09  1.800000E+02 -4.688570E-09  5.814242E-16
  2.300000E+01 -3.000000E+01     1  2.645781E+01  8.997406E+01  1.197795E-02  2.645781E+01
  2.300000E+01 -3.000000E+01     2  1.527541E+01 -9.002594E+01 -6.915473E-03 -1.527541E+01
  2.300000E+01 -3.000000E+01     3  5.201634E+01  9.052926E-02  5.201627E+01  8.218753E-02
  2.300000E+01 -3.000000E+01     4  1.880767E+02 -9.002594E+01 -8.514668E-02 -1.880766E+02
  2.300000E+01 -3.000000E+01     5  3.257575E+02 -9.002594E+01 -1.474776E-01 -3.257575E+02
  2.300000E+01 -3.000000E+01     6  4.687976E-09  1.800000E+02 -4.687976E-09  5.814253E-16
  2.300000E+01  0.000000E+00     1  3.055092E+01  8.997406E+01  1.383102E-02  3.055091E+01
  2.300000E+01  0.000000E+00     2  0.000000E+00  9.000000E+01  0.000000E+00  0.000000E+00
  2.300000E+01  0.000000E+00     3  5.201674E+01  9.052860E-02  5.201667E+01  8.218756E-02
  2.300000E+01  0.000000E+00     4  0.000000E+00  9.000000E+01  0.000000E+00  0.000000E+00
  2.300000E+01  0.000000E+00     5  3.761528E+02 -9.002594E+01 -1.702929E-01 -3.761528E+02
  2.300000E+01  0.000000E+00     6  0.000000E+00  9.000000E+01  0.000000E+00  0.000000E+00
  2.300000E+01  3.000000E+01     1  2.645781E+01  8.997406E+01  1.197795E-02  2.645781E+01
  2.300000E+01  3.000000E+01     2  1.527541E+01  8.997406E+01  6.915473E-03  1.527541E+01
  2.300000E+01  3.000000E+01     3  5.201634E+01  9.052926E-02  5.201627E+01  8.218753E-02
  2.300000E+01  3.000000E+01     4  1.880767E+02  8.997406E+01  8.514668E-02  1.880766E+02
  2.300000E+01  3.000000E+01     5  3.257575E+02 -9.002594E+01 -1.474776E-01 -3.257575E+02
  2.300000E+01  3.000000E+01     6  4.687976E-09 -7.106097E-06  4.687976E-09 -5.814253E-16
  2.300000E+01  6.000000E+01     1  1.527545E+01  8.997406E+01  6.915512E-03  1.527544E+01
  2.300000E+01  6.000000E+01     2  2.645772E+01  8.997406E+01  1.197798E-02  2.645772E+01
  2.300000E+01  6.000000E+01     3  5.201622E+01  9.052879E-02  5.201615E+01  8.218691E-02
  2.300000E+01  6.000000E+01     4  3.257590E+02  8.997406E+01  1.474775E-01  3.257589E+02
  2.300000E+01  6.000000E+01     5  1.880756E+02 -9.002594E+01 -8.514639E-02 -1.880756E+02
  2.300000E+01  6.000000E+01     6  4.688570E-09 -7.105184E-06  4.688570E-09 -5.814242E-16
  2.300000E+01  9.000000E+01     1  1.335415E-06 -9.002594E+01 -6.045700E-10 -1.335415E-06
  2.300000E+01  9.000000E+01     2  3.055076E+01  8.997406E+01  1.383094E-02  3.055075E+01
  2.300000E+01  9.000000E+01     3  5.201635E+01  9.052823E-02  5.201628E+01  8.218662E-02
  2.300000E+01  9.000000E+01     4  3.761529E+02  8.997406E+01  1.702933E-01  3.761528E+02
  2.300000E+01  9.000000E+01     5  1.644222E-05  8.997406E+01  7.443762E-09  1.644222E-05
  2.300000E+01  9.000000E+01     6  4.733280E-16  9.000000E+01 -4.733280E-16  5.869308E-23
  2.300000E+01  1.200000E+02     1  1.527546E+01 -9.002594E+01 -6.915517E-03 -1.527546E+01
  2.300000E+01  1.200000E+02     2  2.645774E+01  8.997406E+01  1.197798E-02  2.645774E+01
  2.300000E+01  1.200000E+02     3  5.201622E+01  9.052879E-02  5.201615E+01  8.218691E-02
  2.300000E+01  1.200000E+02     4  3.257585E+02  8.997406E+01  1.474775E-01  3.257585E+02
  2.300000E+01  1.200000E+02     5  1.880761E+02  8.997406E+01  8.514641E-02  1.880761E+02
  2.300000E+01  1.200000E+02     6  4.688574E-09  1.800000E+02 -4.688574E-09  5.814249E-16
  2.300000E+01  1.500000E+02     1  2.645783E+01 -9.002594E+01 -1.197794E-02 -2.645783E+01
  2.300000E+01  1.500000E+02     2  1.527542E+01  8.997406E+01  6.915473E-03  1.527542E+01
  2.300000E+01  1.500000E+02     3  5.201634E+01  9.052926E-02  5.201627E+01  8.218753E-02
  2.300000E+01  1.500000E+02     4  1.880764E+02  8.997406E+01  8.514662E-02  1.880764E+02
  2.300000E+01  1.500000E+02     5  3.257574E+02  8.997406E+01  1.474775E-01  3.257574E+02
  2.300000E+01  1.500000E+02     6  4.687978E-09  1.800000E+02 -4.687978E-09  5.814250E-16
  2.300000E+01  1.800000E+02     1  3.055092E+01 -9.002594E+01 -1.383102E-02 -3.055091E+01
  2.300000E+01  1.800000E+02     2  2.670828E-06 -9.002594E+01 -1.209139E-09 -2.670828E-06
  2.300000E+01  1.800000E+02     3  5.201674E+01  9.052860E-02  5.201667E+01  8.218756E-02
  2.300000E+01  1.800000E+02     4  3.288439E-05 -9.002594E+01 -1.488749E-08 -3.288439E-05
  2.300000E+01  1.800000E+02     5  3.761528E+02  8.997406E+01  1.702929E-01  3.761528E+02
  2.300000E+01  1.800000E+02     6  9.464110E-16 -9.000000E+01  9.464110E-16 -1.173860E-22
  2.350000E+01 -1.800000E+02     1  2.971977E+01 -9.002375E+01 -1.232139E-02 -2.971976E+01
  2.350000E+01 -1.800000E+02     2  2.598173E-06  8.997625E+01  1.077170E-09  2.598173E-06
  2.350000E+01 -1.800000E+02     3  5.304672E+01  8.508427E-02  5.304667E+01  7.877439E-02
  2.350000E+01 -1.800000E+02     4  3.202143E-05  8.997625E+01  1.327560E-08  3.202143E-05
  2.350000E+01 -1.800000E+02     5  3.662794E+02  8.997625E+01  1.518556E-01  3.662793E+02
  2.350000E+01 -1.800000E+02     6  8.921399E-16  9.000000E+01 -8.921399E-16  9.535721E-23
  2.350000E+01 -1.500000E+02     1  2.573800E+01 -9.002375E+01 -1.067061E-02 -2.573800E+01
  2.350000E+01 -1.500000E+02     2  1.485982E+01 -9.002375E+01 -6.160686E-03 -1.485982E+01
  2.350000E+01 -1.500000E+02     3  5.304660E+01  8.508319E-02  5.304654E+01  7.877320E-02
  2.350000E+01 -1.500000E+02     4  1.831402E+02 -9.002375E+01 -7.592778E-02 -1.831401E+02
  2.350000E+01 -1.500000E+02     5  3.172086E+02  8.997625E+01  1.315115E-01  3.172086E+02
  2.350000E+01 -1.500000E+02     6  4.419114E-09 -6.123732E-06  4.419114E-09 -4.723118E-16
  2.350000E+01 -1.200000E+02     1  1.485989E+01 -9.002375E+01 -6.160691E-03 -1.485989E+01
  2.350000E+01 -1.200000E+02     2  2.573791E+01 -9.002375E+01 -1.067061E-02 -2.573791E+01
  2.350000E+01 -1.200000E+02     3  5.304728E+01  8.508255E-02  5.304722E+01  7.877362E-02
  2.350000E+01 -1.200000E+02     4  3.172094E+02 -9.002375E+01 -1.315110E-01 -3.172094E+02
  2.350000E+01 -1.200000E+02     5  1.831395E+02  8.997625E+01  7.592782E-02  1.831395E+02
  2.350000E+01 -1.200000E+02     6  4.419654E-09 -6.122976E-06  4.419654E-09 -4.723112E-16
  2.350000E+01 -9.000000E+01     1  1.299089E-06 -9.002375E+01 -5.385843E-10 -1.299088E-06
  2.350000E+01 -9.000000E+01     2  2.971966E+01 -9.002375E+01 -1.232137E-02 -2.971965E+01
  2.350000E+01 -9.000000E+01     3  5.304639E+01  8.508439E-02  5.304634E+01  7.877402E-02
  2.350000E+01 -9.000000E+01     4  3.662792E+02 -9.002375E+01 -1.518554E-01 -3.662792E+02
  2.350000E+01 -9.000000E+01     5  1.601073E-05  8.997625E+01  6.637792E-09  1.601073E-05
  2.350000E+01 -9.000000E+01     6  4.461784E-16 -9.000000E+01  4.461784E-16 -4.767865E-23
  2.350000E+01 -6.000000E+01     1  1.485989E+01  8.997625E+01  6.160690E-03  1.485989E+01
  2.350000E+01 -6.000000E+01     2  2.573794E+01 -9.002375E+01 -1.067061E-02 -2.573794E+01
  2.350000E+01 -6.000000E+01     3  5.304728E+01  8.508255E-02  5.304722E+01  7.877362E-02
  2.350000E+01 -6.000000E+01     4  3.172099E+02 -9.002375E+01 -1.315110E-01 -3.172098E+02
  2.350000E+01 -6.000000E+01     5  1.831395E+02 -9.002375E+01 -7.592785E-02 -1.831395E+02
  2.350000E+01 -6.000000E+01     6  4.419651E-09  1.800000E+02 -4.419651E-09  4.723114E-16
  2.350000E+01 -3.000000E+01     1  2.573799E+01  8.997625E+01  1.067061E-02  2.573798E+01
  2.350000E+01 -3.000000E+01     2  1.485981E+01 -9.002375E+01 -6.160689E-03 -1.485981E+01
  2.350000E+01 -3.000000E+01     3  5.304660E+01  8.508319E-02  5.304654E+01  7.877320E-02
  2.350000E+01 -3.000000E+01     4  1.831401E+02 -9.002375E+01 -7.592778E-02 -1.831400E+02
  2.350000E+01 -3.000000E+01     5  3.172083E+02 -9.002375E+01 -1.315114E-01 -3.172083E+02
  2.350000E+01 -3.000000E+01     6  4.419118E-09  1.800000E+02 -4.419118E-09  4.723117E-16
  2.350000E+01  0.000000E+00     1  2.971977E+01  8.997625E+01  1.232139E-02  2.971976E+01
  2.350000E+01  0.000000E+00     2  0.000000E+00  9.000000E+01  0.000000E+00  0.000000E+00
  2.350000E+01  0.000000E+00     3  5.304672E+01  8.508427E-02  5.304667E+01  7.877439E-02
  2.350000E+01  0.000000E+00     4  0.000000E+00  9.000000E+01  0.000000E+00  0.000000E+00
  2.350000E+01  0.000000E+00     5  3.662794E+02 -9.002375E+01 -1.518556E-01 -3.662793E+02
  2.350000E+01  0.000000E+00     6  0.000000E+00  9.000000E+01  0.000000E+00  0.000000E+00
  2.350000E+01  3.000000E+01     1  2.573799E+01  8.997625E+01  1.067061E-02  2.573798E+01
  2.350000E+01  3.000000E+01     2  1.485981E+01  8.997625E+01  6.160689E-03  1.485981E+01
  2.350000E+01  3.000000E+01     3  5.304660E+01  8.508319E-02  5.304654E+01  7.877320E-02
  2.350000E+01  3.000000E+01     4  1.831401E+02  8.997625E+01  7.592778E-02  1.831400E+02
  2.350000E+01  3.000000E+01     5  3.172083E+02 -9.002375E+01 -1.315114E-01 -3.172083E+02
  2.350000E+01  3.000000E+01     6  4.419118E-09 -6.123726E-06  4.419118E-09 -4.723117E-16
  2.350000E+01  6.000000E+01     1  1.485989E+01  8.997625E+01  6.160690E-03  1.485989E+01
  2.350000E+01  6.000000E+01     2  2.573794E+01  8.997625E+01  1.067061E-02  2.573794E+01
  2.350000E+01  6.000000E+01     3  5.304728E+01  8.508255E-02  5.304722E+01  7.877362E-02
  2.350000E+01  6.000000E+01     4  3.172099E+02  8.997625E+01  1.315110E-01  3.172098E+02
  2.350000E+01  6.000000E+01     5  1.831395E+02 -9.002375E+01 -7.592785E-02 -1.831395E+02
  2.350000E+01  6.000000E+01     6  4.419651E-09 -6.122983E-06  4.419651E-09 -4.723114E-16
  2.350000E+01  9.000000E+01     1  1.299089E-06 -9.002375E+01 -5.385843E-10 -1.299088E-06
  2.350000E+01  9.000000E+01     2  2.971966E+01  8.997625E+01  1.232137E-02  2.971965E+01
  2.350000E+01  9.000000E+01     3  5.304639E+01  8.508439E-02  5.304634E+01  7.877402E-02
  2.350000E+01  9.000000E+01     4  3.662792E+02  8.997625E+01  1.518554E-01  3.662792E+02
  2.350000E+01  9.000000E+01     5  1.601073E-05  8.997625E+01  6.637792E-09  1.601073E-05
  2.350000E+01  9.000000E+01     6  4.461784E-16  9.000000E+01 -4.461784E-16  4.767865E-23
  2.350000E+01  1.200000E+02     1  1.485989E+01 -9.002375E+01 -6.160691E-03 -1.485989E+01
  2.350000E+01  1.200000E+02     2  2.573791E+01  8.997625E+01  1.067061E-02  2.573791E+01
  2.350000E+01  1.200000E+02     3  5.304728E+01  8.508255E-02  5.304722E+01  7.877362E-02
  2.350000E+01  1.200000E+02     4  3.172094E+02  8.997625E+01  1.315110E-01  3.172094E+02
  2.350000E+01  1.200000E+02     5  1.831395E+02  8.997625E+01  7.592782E-02  1.831395E+02
  2.350000E+01  1.200000E+02     6  4.419654E-09  1.800000E+02 -4.419654E-09  4.723112E-16
  2.350000E+01  1.500000E+02     1  2.573800E+01 -9.002375E+01 -1.067061E-02 -2.573800E+01
  2.350000E+01  1.500000E+02     2  1.485982E+01  8.997625E+01  6.160686E-03  1.485982E+01
  2.350000E+01  1.500000E+02     3  5.304660E+01  8.508319E-02  5.304654E+01  7.877320E-02
  2.350000E+01  1.500000E+02     4  1.831402E+02  8.997625E+01  7.592778E-02  1.831401E+02
  2.350000E+01  1.500000E+02     5  3.172086E+02  8.997625E+01  1.315115E-01  3.172086E+02
  2.350000E+01  1.500000E+02     6  4.419114E-09  1.800000E+02 -4.419114E-09  4.723118E-16
  2.350000E+01  1.800000E+02     1  2.971977E+01 -9.002375E+01 -1.232139E-02 -2.971976E+01
  2.350000E+01  1.800000E+02     2  2.598173E-06 -9.002375E+01 -1.077170E-09 -2.598173E-06
  2.350000E+01  1.800000E+02     3  5.304672E+01  8.508427E-02  5.304667E+01  7.877439E-02
  2.350000E+01  1.800000E+02     4  3.202143E-05 -9.002375E+01 -1.327560E-08 -3.202143E-05
  2.350000E+01  1.800000E+02     5  3.662794E+02  8.997625E+01  1.518556E-01  3.662793E+02
  2.350000E+01  1.800000E+02     6  8.921399E-16 -9.000000E+01  8.921399E-16 -9.535721E-23
  2.400000E+01 -1.800000E+02     1  2.893608E+01 -9.002184E+01 -1.102546E-02 -2.893608E+01
  2.400000E+01 -1.800000E+02     2  2.529656E-06  8.997816E+01  9.638833E-10  2.529656E-06
  2.400000E+01 -1.800000E+02     3  5.402161E+01  8.011198E-02  5.402156E+01  7.553395E-02
  2.400000E+01 -1.800000E+02     4  3.120566E-05  8.997816E+01  1.189032E-08  3.120566E-05
  2.400000E+01 -1.800000E+02     5  3.569509E+02  8.997816E+01  1.360105E-01  3.569509E+02
  2.400000E+01 -1.800000E+02     6  8.426283E-16  9.000000E+01 -8.426283E-16  7.807019E-23
  2.400000E+01 -1.500000E+02     1  2.505915E+01 -9.002184E+01 -9.548360E-03 -2.505914E+01
  2.400000E+01 -1.500000E+02     2  1.446799E+01 -9.002184E+01 -5.512745E-03 -1.446799E+01
  2.400000E+01 -1.500000E+02     3  5.402125E+01  8.011276E-02  5.402119E+01  7.553418E-02
  2.400000E+01 -1.500000E+02     4  1.784759E+02 -9.002184E+01 -6.800484E-02 -1.784759E+02
  2.400000E+01 -1.500000E+02     5  3.091282E+02  8.997816E+01  1.177879E-01  3.091282E+02
  2.400000E+01 -1.500000E+02     6  4.173843E-09 -5.308204E-06  4.173843E-09 -3.866884E-16
  2.400000E+01 -1.200000E+02     1  1.446802E+01 -9.002184E+01 -5.512742E-03 -1.446802E+01
  2.400000E+01 -1.200000E+02     2  2.505926E+01 -9.002184E+01 -9.548400E-03 -2.505926E+01
  2.400000E+01 -1.200000E+02     3  5.402127E+01  8.011209E-02  5.402122E+01  7.553358E-02
  2.400000E+01 -1.200000E+02     4  3.091292E+02 -9.002184E+01 -1.177878E-01 -3.091292E+02
  2.400000E+01 -1.200000E+02     5  1.784756E+02  8.997816E+01  6.800530E-02  1.784756E+02
  2.400000E+01 -1.200000E+02     6  4.174324E-09 -5.307595E-06  4.174324E-09 -3.866885E-16
  2.400000E+01 -9.000000E+01     1  1.264829E-06 -9.002184E+01 -4.819397E-10 -1.264829E-06
  2.400000E+01 -9.000000E+01     2  2.893592E+01 -9.002184E+01 -1.102549E-02 -2.893592E+01
  2.400000E+01 -9.000000E+01     3  5.402157E+01  8.011114E-02  5.402151E+01  7.553310E-02
  2.400000E+01 -9.000000E+01     4  3.569520E+02 -9.002184E+01 -1.360098E-01 -3.569520E+02
  2.400000E+01 -9.000000E+01     5  1.560288E-05  8.997816E+01  5.945185E-09  1.560288E-05
  2.400000E+01 -9.000000E+01     6  4.214103E-16 -9.000000E+01  4.214103E-16 -3.903510E-23
  2.400000E+01 -6.000000E+01     1  1.446803E+01  8.997816E+01  5.512733E-03  1.446803E+01
  2.400000E+01 -6.000000E+01     2  2.505927E+01 -9.002184E+01 -9.548397E-03 -2.505927E+01
  2.400000E+01 -6.000000E+01     3  5.402127E+01  8.011209E-02  5.402122E+01  7.553358E-02
  2.400000E+01 -6.000000E+01     4  3.091294E+02 -9.002184E+01 -1.177878E-01 -3.091293E+02
  2.400000E+01 -6.000000E+01     5  1.784755E+02 -9.002184E+01 -6.800520E-02 -1.784755E+02
  2.400000E+01 -6.000000E+01     6  4.174326E-09  1.800000E+02 -4.174326E-09  3.866886E-16
  2.400000E+01 -3.000000E+01     1  2.505914E+01  8.997816E+01  9.548364E-03  2.505914E+01
  2.400000E+01 -3.000000E+01     2  1.446798E+01 -9.002184E+01 -5.512743E-03 -1.446798E+01
  2.400000E+01 -3.000000E+01     3  5.402125E+01  8.011276E-02  5.402119E+01  7.553418E-02
  2.400000E+01 -3.000000E+01     4  1.784758E+02 -9.002184E+01 -6.800486E-02 -1.784758E+02
  2.400000E+01 -3.000000E+01     5  3.091281E+02 -9.002184E+01 -1.177879E-01 -3.091281E+02
  2.400000E+01 -3.000000E+01     6  4.173845E-09  1.800000E+02 -4.173845E-09  3.866883E-16
  2.400000E+01  0.000000E+00     1  2.893608E+01  8.997816E+01  1.102546E-02  2.893608E+01
  2.400000E+01  0.000000E+00     2  0.000000E+00  9.000000E+01  0.000000E+00  0.000000E+00
  2.400000E+01  0.000000E+00     3  5.402161E+01  8.011198E-02  5.402156E+01  7.553395E-02
  2.400000E+01  0.000000E+00     4  0.000000E+00  9.000000E+01  0.000000E+00  0.000000E+00
  2.400000E+01  0.000000E+00     5  3.569509E+02 -9.002184E+01 -1.360105E-01 -3.569509E+02
  2.400000E+01  0.000000E+00     6  0.000000E+00  9.000000E+01  0.000000E+00  0.000000E+00
  2.400000E+01  3.000000E+01     1  2.505914E+01  8.997816E+01  9.548364E-03  2.505914E+01
  2.400000E+01  3.000000E+01     2  1.446798E+01  8.997816E+01  5.512743E-03  1.446798E+01
  2.400000E+01  3.000000E+01     3  5.402125E+01  8.011276E-02  5.402119E+01  7.553418E-02
  2.400000E+01  3.000000E+01     4  1.784758E+02  8.997816E+01  6.800486E-02  1.784758E+02
  2.400000E+01  3.000000E+01     5  3.091281E+02 -9.002184E+01 -1.177879E-01 -3.091281E+02
  2.400000E+01  3.000000E+01     6  4.173845E-09 -5.308201E-06  4.173845E-09 -3.866883E-16
  2.400000E+01  6.000000E+01     1  1.446803E+01  8.997816E+01  5.512733E-03  1.446803E+01
  2.400000E+01  6.000000E+01     2  2.505927E+01  8.997816E+01  9.548397E-03  2.505927E+01
  2.400000E+01  6.000000E+01     3  5.402127E+01  8.011209E-02  5.402122E+01  7.553358E-02
  2.400000E+01  6.000000E+01     4  3.091294E+02  8.997816E+01  1.177878E-01  3.091293E+02
  2.400000E+01  6.000000E+01     5  1.784755E+02 -9.002184E+01 -6.800520E-02 -1.784755E+02
  2.400000E+01  6.000000E+01     6  4.174326E-09 -5.307592E-06  4.174326E-09 -3.866886E-16
  2.400000E+01  9.000000E+01     1  1.264829E-06 -9.002184E+01 -4.819397E-10 -1.264829E-06
  2.400000E+01  9.000000E+01     2  2.893592E+01  8.997816E+01  1.102549E-02  2.893592E+01
  2.400000E+01  9.000000E+01     3  5.402157E+01  8.011114E-02  5.402151E+01  7.553310E-02
  2.400000E+01  9.000000E+01     4  3.569520E+02  8.997816E+01  1.360098E-01  3.569520E+02
  2.400000E+01  9.000000E+01     5  1.560288E-05  8.997816E+01  5.945185E-09  1.560288E-05
  2.400000E+01  9.000000E+01     6  4.214103E-16  9.000000E+01 -4.214103E-16  3.903510E-23
  2.400000E+01  1.200000E+02     1  1.446802E+01 -9.002184E+01 -5.512742E-03 -1.446802E+01
  2.400000E+01  1.200000E+02     2  2.505926E+01  8.997816E+01  9.548400E-03  2.505926E+01
  2.400000E+01  1.200000E+02     3  5.402127E+01  8.011209E-02  5.402122E+01  7.553358E-02
  2.400000E+01  1.200000E+02     4  3.091292E+02  8.997816E+01  1.177878E-01  3.091292E+02
  2.400000E+01  1.200000E+02     5  1.784756E+02  8.997816E+01  6.800530E-02  1.784756E+02
  2.400000E+01  1.200000E+02     6  4.174324E-09  1.800000E+02 -4.174324E-09  3.866885E-16
  2.400000E+01  1.500000E+02     1  2.505915E+01 -9.002184E+01 -9.548360E-03 -2.505914E+01
  2.400000E+01  1.500000E+02     2  1.446799E+01  8.997816E+01  5.512745E-03  1.446799E+01
  2.400000E+01  1.500000E+02     3  5.402125E+01  8.011276E-02  5.402119E+01  7.553418E-02
  2.400000E+01  1.500000E+02     4  1.784759E+02  8.997816E+01  6.800484E-02  1.784759E+02
  2.400000E+01  1.500000E+02     5  3.091282E+02  8.997816E+01  1.177879E-01  3.091282E+02
  2.400000E+01  1.500000E+02     6  4.173843E-09  1.800000E+02 -4.173843E-09  3.866884E-16
  2.400000E+01  1.800000E+02     1  2.893608E+01 -9.002184E+01 -1.102546E-02 -2.893608E+01
  2.400000E+01  1.800000E+02     2  2.529656E-06 -9.002184E+01 -9.638833E-10 -2.529656E-06
  2.400000E+01  1.800000E+02     3  5.402161E+01  8.011198E-02  5.402156E+01  7.553395E-02
  2.400000E+01  1.800000E+02     4  3.120566E-05 -9.002184E+01 -1.189032E-08 -3.120566E-05
  2.400000E+01  1.800000E+02     5  3.569509E+02  8.997816E+01  1.360105E-01  3.569509E+02
  2.400000E+01  1.800000E+02     6  8.426283E-16 -9.000000E+01  8.426283E-16 -7.807019E-23
  2.450000E+01 -1.800000E+02     1  2.819571E+01 -9.002013E+01 -9.907233E-03 -2.819571E+01
  2.450000E+01 -1.800000E+02     2  2.464945E-06  8.997987E+01  8.661176E-10  2.464945E-06
  2.450000E+01 -1.800000E+02     3  5.494517E+01  7.558999E-02  5.494512E+01  7.248882E-02
  2.450000E+01 -1.800000E+02     4  3.043377E-05  8.997987E+01  1.069357E-08  3.043377E-05
  2.450000E+01 -1.800000E+02     5  3.481214E+02  8.997987E+01  1.223202E-01  3.481214E+02
  2.450000E+01 -1.800000E+02     6  7.973209E-16  9.000000E+01 -7.973209E-16  6.437198E-23
  2.450000E+01 -1.500000E+02     1  2.441812E+01 -9.002013E+01 -8.579925E-03 -2.441812E+01
  2.450000E+01 -1.500000E+02     2  1.409779E+01 -9.002013E+01 -4.953620E-03 -1.409779E+01
  2.450000E+01 -1.500000E+02     3  5.494542E+01  7.559008E-02  5.494537E+01  7.248923E-02
  2.450000E+01 -1.500000E+02     4  1.740603E+02 -9.002013E+01 -6.115993E-02 -1.740603E+02
  2.450000E+01 -1.500000E+02     5  3.014797E+02  8.997987E+01  1.059322E-01  3.014796E+02
  2.450000E+01 -1.500000E+02     6  3.949415E-09 -4.625554E-06  3.949415E-09 -3.188408E-16
  2.450000E+01 -1.200000E+02     1  1.409788E+01 -9.002013E+01 -4.953620E-03 -1.409788E+01
  2.450000E+01 -1.200000E+02     2  2.441817E+01 -9.002013E+01 -8.579919E-03 -2.441817E+01
  2.450000E+01 -1.200000E+02     3  5.494499E+01  7.558972E-02  5.494494E+01  7.248832E-02
  2.450000E+01 -1.200000E+02     4  3.014796E+02 -9.002013E+01 -1.059323E-01 -3.014796E+02
  2.450000E+01 -1.200000E+02     5  1.740595E+02  8.997987E+01  6.116007E-02  1.740595E+02
  2.450000E+01 -1.200000E+02     6  3.949835E-09 -4.625051E-06  3.949835E-09 -3.188400E-16
  2.450000E+01 -9.000000E+01     1  1.232465E-06 -9.002013E+01 -4.330609E-10 -1.232465E-06
  2.450000E+01 -9.000000E+01     2  2.819563E+01 -9.002013E+01 -9.907234E-03 -2.819563E+01
  2.450000E+01 -9.000000E+01     3  5.494528E+01  7.558951E-02  5.494523E+01  7.248851E-02
  2.450000E+01 -9.000000E+01     4  3.481210E+02 -9.002013E+01 -1.223200E-01 -3.481210E+02
  2.450000E+01 -9.000000E+01     5  1.521684E-05  8.997987E+01  5.346767E-09  1.521684E-05
  2.450000E+01 -9.000000E+01     6  3.987462E-16 -9.000000E+01  3.987462E-16 -3.218599E-23
  2.450000E+01 -6.000000E+01     1  1.409788E+01  8.997987E+01  4.953619E-03  1.409788E+01
  2.450000E+01 -6.000000E+01     2  2.441818E+01 -9.002013E+01 -8.579914E-03 -2.441817E+01
  2.450000E+01 -6.000000E+01     3  5.494502E+01  7.559033E-02  5.494497E+01  7.248895E-02
  2.450000E+01 -6.000000E+01     4  3.014798E+02 -9.002013E+01 -1.059324E-01 -3.014798E+02
  2.450000E+01 -6.000000E+01     5  1.740595E+02 -9.002013E+01 -6.116001E-02 -1.740594E+02
  2.450000E+01 -6.000000E+01     6  3.949838E-09  1.800000E+02 -3.949838E-09  3.188404E-16
  2.450000E+01 -3.000000E+01     1  2.441812E+01  8.997987E+01  8.579928E-03  2.441811E+01
  2.450000E+01 -3.000000E+01     2  1.409779E+01 -9.002013E+01 -4.953618E-03 -1.409778E+01
  2.450000E+01 -3.000000E+01     3  5.494542E+01  7.559008E-02  5.494537E+01  7.248923E-02
  2.450000E+01 -3.000000E+01     4  1.740603E+02 -9.002013E+01 -6.115992E-02 -1.740603E+02
  2.450000E+01 -3.000000E+01     5  3.014802E+02 -9.002013E+01 -1.059323E-01 -3.014802E+02
  2.450000E+01 -3.000000E+01     6  3.949413E-09  1.800000E+02 -3.949413E-09  3.188409E-16
  2.450000E+01  0.000000E+00     1  2.819571E+01  8.997987E+01  9.907233E-03  2.819571E+01
  2.450000E+01  0.000000E+00     2  0.000000E+00  9.000000E+01  0.000000E+00  0.000000E+00
  2.450000E+01  0.000000E+00     3  5.494517E+01  7.558999E-02  5.494512E+01  7.248882E-02
  2.450000E+01  0.000000E+00     4  0.000000E+00  9.000000E+01  0.000000E+00  0.000000E+00
  2.450000E+01  0.000000E+00     5  3.481214E+02 -9.002013E+01 -1.223202E-01 -3.481214E+02
  2.450000E+01  0.000000E+00     6  0.000000E+00  9.000000E+01  0.000000E+00  0.000000E+00
  2.450000E+01  3.000000E+01     1  2.441812E+01  8.997987E+01  8.579928E-03  2.441811E+01
  2.450000E+01  3.000000E+01     2  1.409779E+01  8.997987E+01  4.953618E-03  1.409778E+01
  2.450000E+01  3.000000E+01     3  5.494542E+01  7.559008E-02  5.494537E+01  7.248923E-02
  2.450000E+01  3.000000E+01     4  1.740603E+02  8.997987E+01  6.115992E-02  1.740603E+02
  2.450000E+01  3.000000E+01     5  3.014802E+02 -9.002013E+01 -1.059323E-01 -3.014802E+02
  2.450000E+01  3.000000E+01     6  3.949413E-09 -4.625557E-06  3.949413E-09 -3.188409E-16
  2.450000E+01  6.000000E+01     1  1.409788E+01  8.997987E+01  4.953619E-03  1.409788E+01
  2.450000E+01  6.000000E+01     2  2.441818E+01  8.997987E+01  8.579914E-03  2.441817E+01
  2.450000E+01  6.000000E+01     3  5.494502E+01  7.559033E-02  5.494497E+01  7.248895E-02
  2.450000E+01  6.000000E+01     4  3.014798E+02  8.997987E+01  1.059324E-01  3.014798E+02
  2.450000E+01  6.000000E+01     5  1.740595E+02 -9.002013E+01 -6.116001E-02 -1.740594E+02
  2.450000E+01  6.000000E+01     6  3.949838E-09 -4.625052E-06  3.949838E-09 -3.188404E-16
  2.450000E+01  9.000000E+01     1  1.232465E-06 -9.002013E+01 -4.330609E-10 -1.232465E-06
  2.450000E+01  9.000000E+01     2  2.819563E+01  8.997987E+01  9.907234E-03  2.819563E+01
  2.450000E+01  9.000000E+01     3  5.494528E+01  7.558951E-02  5.494523E+01  7.248851E-02
  2.450000E+01  9.000000E+01     4  3.481210E+02  8.997987E+01  1.223200E-01  3.481210E+02
  2.450000E+01  9.000000E+01     5  1.521684E-05  8.997987E+01  5.346767E-09  1.521684E-05
  2.450000E+01  9.000000E+01     6  3.987462E-16  9.000000E+01 -3.987462E-16  3.218599E-23
  2.450000E+01  1.200000E+02     1  1.409788E+01 -9.002013E+01 -4.953620E-03 -1.409788E+01
  2.450000E+01  1.200000E+02     2  2.441817E+01  8.997987E+01  8.579919E-03  2.441817E+01
  2.450000E+01  1.200000E+02     3  5.494499E+01  7.558972E-02  5.494494E+01  7.248832E-02
  2.450000E+01  1.200000E+02     4  3.014796E+02  8.997987E+01  1.059323E-01  3.014796E+02
  2.450000E+01  1.200000E+02     5  1.740595E+02  8.997987E+01  6.116007E-02  1.740595E+02
  2.450000E+01  1.200000E+02     6  3.949835E-09  1.800000E+02 -3.949835E-09  3.188400E-16
  2.450000E+01  1.500000E+02     1  2.441812E+01 -9.002013E+01 -8.579925E-03 -2.441812E+01
  2.450000E+01  1.500000E+02     2  1.409779E+01  8.997987E+01  4.953620E-03  1.409779E+01
  2.450000E+01  1.500000E+02     3  5.494542E+01  7.559008E-02  5.494537E+01  7.248923E-02
  2.450000E+01  1.500000E+02     4  1.740603E+02  8.997987E+01  6.115993E-02  1.740603E+02
  2.450000E+01  1.500000E+02     5  3.014797E+02  8.997987E+01  1.059322E-01  3.014796E+02
  2.450000E+01  1.500000E+02     6  3.949415E-09  1.800000E+02 -3.949415E-09  3.188408E-16
  2.450000E+01  1.800000E+02     1  2.819571E+01 -9.002013E+01 -9.907233E-03 -2.819571E+01
  2.450000E+01  1.800000E+02     2  2.464945E-06 -9.002013E+01 -8.661176E-10 -2.464945E-06
  2.450000E+01  1.800000E+02     3  5.494517E+01  7.558999E-02  5.494512E+01  7.248882E-02
  2.450000E+01  1.800000E+02     4  3.043377E-05 -9.002013E+01 -1.069357E-08 -3.043377E-05
  2.450000E+01  1.800000E+02     5  3.481214E+02  8.997987E+01  1.223202E-01  3.481214E+02
  2.450000E+01  1.800000E+02     6  7.973209E-16 -9.000000E+01  7.973209E-16 -6.437198E-23
  2.500000E+01 -1.800000E+02     1  2.749531E+01 -9.001862E+01 -8.937360E-03 -2.749531E+01
  2.500000E+01 -1.800000E+02     2  2.403709E-06  8.998138E+01  7.813263E-10  2.403709E-06
  2.500000E+01 -1.800000E+02     3  5.581785E+01  7.144449E-02  5.581781E+01  6.960158E-02
  2.500000E+01 -1.800000E+02     4  2.970142E-05  8.998138E+01  9.654539E-09  2.970142E-05
  2.500000E+01 -1.800000E+02     5  3.397454E+02  8.998138E+01  1.104340E-01  3.397454E+02
  2.500000E+01 -1.800000E+02     6  7.557495E-16  9.000000E+01 -7.557495E-16  5.341968E-23
  2.500000E+01 -1.500000E+02     1  2.381164E+01 -9.001862E+01 -7.739984E-03 -2.381164E+01
  2.500000E+01 -1.500000E+02     2  1.374762E+01 -9.001862E+01 -4.468670E-03 -1.374762E+01
  2.500000E+01 -1.500000E+02     3  5.581702E+01  7.144580E-02  5.581697E+01  6.960182E-02
  2.500000E+01 -1.500000E+02     4  1.698725E+02 -9.001862E+01 -5.521707E-02 -1.698725E+02
  2.500000E+01 -1.500000E+02     5  2.942281E+02  8.998138E+01  9.563897E-02  2.942281E+02
  2.500000E+01 -1.500000E+02     6  3.743477E-09 -4.049738E-06  3.743477E-09 -2.645937E-16
  2.500000E+01 -1.200000E+02     1  1.374766E+01 -9.001862E+01 -4.468681E-03 -1.374766E+01
  2.500000E+01 -1.200000E+02     2  2.381154E+01 -9.001862E+01 -7.739966E-03 -2.381154E+01
  2.500000E+01 -1.200000E+02     3  5.581757E+01  7.144461E-02  5.581753E+01  6.960134E-02
  2.500000E+01 -1.200000E+02     4  2.942288E+02 -9.001862E+01 -9.563957E-02 -2.942287E+02
  2.500000E+01 -1.200000E+02     5  1.698725E+02  8.998138E+01  5.521699E-02  1.698725E+02
  2.500000E+01 -1.200000E+02     6  3.743865E-09 -4.049319E-06  3.743865E-09 -2.645937E-16
  2.500000E+01 -9.000000E+01     1  1.201855E-06 -9.001862E+01 -3.906660E-10 -1.201854E-06
  2.500000E+01 -9.000000E+01     2  2.749529E+01 -9.001862E+01 -8.937341E-03 -2.749529E+01
  2.500000E+01 -9.000000E+01     3  5.581796E+01  7.144433E-02  5.581792E+01  6.960156E-02
  2.500000E+01 -9.000000E+01     4  3.397463E+02 -9.001862E+01 -1.104341E-01 -3.397463E+02
  2.500000E+01 -9.000000E+01     5  1.485069E-05  8.998138E+01  4.827266E-09  1.485069E-05
  2.500000E+01 -9.000000E+01     6  3.779517E-16 -9.000000E+01  3.779517E-16 -2.670989E-23
  2.500000E+01 -6.000000E+01     1  1.374765E+01  8.998138E+01  4.468680E-03  1.374765E+01
  2.500000E+01 -6.000000E+01     2  2.381156E+01 -9.001862E+01 -7.739967E-03 -2.381156E+01
  2.500000E+01 -6.000000E+01     3  5.581743E+01  7.144446E-02  5.581739E+01  6.960103E-02
  2.500000E+01 -6.000000E+01     4  2.942289E+02 -9.001862E+01 -9.563958E-02 -2.942289E+02
  2.500000E+01 -6.000000E+01     5  1.698724E+02 -9.001862E+01 -5.521703E-02 -1.698724E+02
  2.500000E+01 -6.000000E+01     6  3.743874E-09  1.800000E+02 -3.743874E-09  2.645937E-16
  2.500000E+01 -3.000000E+01     1  2.381166E+01  8.998138E+01  7.739985E-03  2.381166E+01
  2.500000E+01 -3.000000E+01     2  1.374762E+01 -9.001862E+01 -4.468670E-03 -1.374762E+01
  2.500000E+01 -3.000000E+01     3  5.581702E+01  7.144580E-02  5.581697E+01  6.960182E-02
  2.500000E+01 -3.000000E+01     4  1.698726E+02 -9.001862E+01 -5.521706E-02 -1.698726E+02
  2.500000E+01 -3.000000E+01     5  2.942282E+02 -9.001862E+01 -9.563911E-02 -2.942282E+02
  2.500000E+01 -3.000000E+01     6  3.743480E-09  1.800000E+02 -3.743480E-09  2.645935E-16
  2.500000E+01  0.000000E+00     1  2.749531E+01  8.998138E+01  8.937360E-03  2.749531E+01
  2.500000E+01  0.000000E+00     2  0.000000E+00  9.000000E+01  0.000000E+00  0.000000E+00
  2.500000E+01  0.000000E+00     3  5.581785E+01  7.144449E-02  5.581781E+01  6.960158E-02
  2.500000E+01  0.000000E+00     4  0.000000E+00  9.000000E+01  0.000000E+00  0.000000E+00
  2.500000E+01  0.000000E+00     5  3.397454E+02 -9.001862E+01 -1.104340E-01 -3.397454E+02
  2.500000E+01  0.000000E+00     6  0.000000E+00  9.000000E+01  0.000000E+00  0.000000E+00
  2.500000E+01  3.000000E+01     1  2.381166E+01  8.998138E+01  7.739985E-03  2.381166E+01
  2.500000E+01  3.000000E+01     2  1.374762E+01  8.998138E+01  4.468670E-03  1.374762E+01
  2.500000E+01  3.000000E+01     3  5.581702E+01  7.144580E-02  5.581697E+01  6.960182E-02
  2.500000E+01  3.000000E+01     4  1.698726E+02  8.998138E+01  5.521706E-02  1.698726E+02
  2.500000E+01  3.000000E+01     5  2.942282E+02 -9.001862E+01 -9.563911E-02 -2.942282E+02
  2.500000E+01  3.000000E+01     6  3.743480E-09 -4.049732E-06  3.743480E-09 -2.645935E-16
  2.500000E+01  6.000000E+01     1  1.374765E+01  8.998138E+01  4.468680E-03  1.374765E+01
  2.500000E+01  6.000000E+01     2  2.381156E+01  8.998138E+01  7.739967E-03  2.381156E+01
  2.500000E+01  6.000000E+01     3  5.581743E+01  7.144446E-02  5.581739E+01  6.960103E-02
  2.500000E+01  6.000000E+01     4  2.942289E+02  8.998138E+01  9.563958E-02  2.942289E+02
  2.500000E+01  6.000000E+01     5  1.698724E+02 -9.001862E+01 -5.521703E-02 -1.698724E+02
  2.500000E+01  6.000000E+01     6  3.743874E-09 -4.049309E-06  3.743874E-09 -2.645937E-16
  2.500000E+01  9.000000E+01     1  1.201855E-06 -9.001862E+01 -3.906660E-10 -1.201854E-06
  2.500000E+01  9.000000E+01     2  2.749529E+01  8.998138E+01  8.937341E-03  2.749529E+01
  2.500000E+01  9.000000E+01     3  5.581796E+01  7.144433E-02  5.581792E+01  6.960156E-02
  2.500000E+01  9.000000E+01     4  3.397463E+02  8.998138E+01  1.104341E-01  3.397463E+02
  2.500000E+01  9.000000E+01     5  1.485069E-05  8.998138E+01  4.827266E-09  1.485069E-05
  2.500000E+01  9.000000E+01     6  3.779517E-16  9.000000E+01 -3.779517E-16  2.670989E-23
  2.500000E+01  1.200000E+02     1  1.374766E+01 -9.001862E+01 -4.468681E-03 -1.374766E+01
  2.500000E+01  1.200000E+02     2  2.381154E+01  8.998138E+01  7.739966E-03  2.381154E+01
  2.500000E+01  1.200000E+02     3  5.581757E+01  7.144461E-02  5.581753E+01  6.960134E-02
  2.500000E+01  1.200000E+02     4  2.942288E+02  8.998138E+01  9.563957E-02  2.942287E+02
  2.500000E+01  1.200000E+02     5  1.698725E+02  8.998138E+01  5.521699E-02  1.698725E+02
  2.500000E+01  1.200000E+02     6  3.743865E-09  1.800000E+02 -3.743865E-09  2.645937E-16
  2.500000E+01  1.500000E+02     1  2.381164E+01 -9.001862E+01 -7.739984E-03 -2.381164E+01
  2.500000E+01  1.500000E+02     2  1.374762E+01  8.998138E+01  4.468670E-03  1.374762E+01
  2.500000E+01  1.500000E+02     3  5.581702E+01  7.144580E-02  5.581697E+01  6.960182E-02
  2.500000E+01  1.500000E+02     4  1.698725E+02  8.998138E+01  5.521707E-02  1.698725E+02
  2.500000E+01  1.500000E+02     5  2.942281E+02  8.998138E+01  9.563897E-02  2.942281E+02
  2.500000E+01  1.500000E+02     6  3.743477E-09  1.800000E+02 -3.743477E-09  2.645937E-16
  2.500000E+01  1.800000E+02     1  2.749531E+01 -9.001862E+01 -8.937360E-03 -2.749531E+01
  2.500000E+01  1.800000E+02     2  2.403709E-06 -9.001862E+01 -7.813263E-10 -2.403709E-06
  2.500000E+01  1.800000E+02     3  5.581785E+01  7.144449E-02  5.581781E+01  6.960158E-02
  2.500000E+01  1.800000E+02     4  2.970142E-05 -9.001862E+01 -9.654539E-09 -2.970142E-05
  2.500000E+01  1.800000E+02     5  3.397454E+02  8.998138E+01  1.104340E-01  3.397454E+02
  2.500000E+01  1.800000E+02     6  7.557495E-16 -9.000000E+01  7.557495E-16 -5.341968E-23
  2.550000E+01 -1.800000E+02     1  2.683158E+01 -9.001728E+01 -8.092176E-03 -2.683158E+01
  2.550000E+01 -1.800000E+02     2  2.345677E-06  8.998272E+01  7.074368E-10  2.345677E-06
  2.550000E+01 -1.800000E+02     3  5.664718E+01  6.762986E-02  5.664714E+01  6.686426E-02
  2.550000E+01 -1.800000E+02     4  2.900641E-05  8.998272E+01  8.748106E-09  2.900641E-05
  2.550000E+01 -1.800000E+02     5  3.317955E+02  8.998272E+01  1.000665E-01  3.317955E+02
  2.550000E+01 -1.800000E+02     6  7.175057E-16  9.000000E+01 -7.175057E-16  4.461673E-23
  2.550000E+01 -1.500000E+02     1  2.323665E+01 -9.001728E+01 -7.008077E-03 -2.323664E+01
  2.550000E+01 -1.500000E+02     2  1.341571E+01 -9.001728E+01 -4.046077E-03 -1.341571E+01
  2.550000E+01 -1.500000E+02     3  5.664755E+01  6.763029E-02  5.664751E+01  6.686513E-02
  2.550000E+01 -1.500000E+02     4  1.658976E+02 -9.001728E+01 -5.003311E-02 -1.658976E+02
  2.550000E+01 -1.500000E+02     5  2.873423E+02  8.998272E+01  8.666038E-02  2.873423E+02
  2.550000E+01 -1.500000E+02     6  3.554046E-09 -3.562654E-06  3.554046E-09 -2.209907E-16
  2.550000E+01 -1.200000E+02     1  1.341578E+01 -9.001728E+01 -4.046090E-03 -1.341578E+01
  2.550000E+01 -1.200000E+02     2  2.323666E+01 -9.001728E+01 -7.008003E-03 -2.323666E+01
  2.550000E+01 -1.200000E+02     3  5.664701E+01  6.762975E-02  5.664698E+01  6.686396E-02
  2.550000E+01 -1.200000E+02     4  2.873421E+02 -9.001728E+01 -8.666003E-02 -2.873421E+02
  2.550000E+01 -1.200000E+02     5  1.658972E+02  8.998272E+01  5.003322E-02  1.658972E+02
  2.550000E+01 -1.200000E+02     6  3.554389E-09 -3.562321E-06  3.554389E-09 -2.209914E-16
  2.550000E+01 -9.000000E+01     1  1.172839E-06 -9.001728E+01 -3.537184E-10 -1.172839E-06
  2.550000E+01 -9.000000E+01     2  2.683138E+01 -9.001728E+01 -8.092160E-03 -2.683138E+01
  2.550000E+01 -9.000000E+01     3  5.664697E+01  6.762980E-02  5.664693E+01  6.686395E-02
  2.550000E+01 -9.000000E+01     4  3.317959E+02 -9.001728E+01 -1.000663E-01 -3.317959E+02
  2.550000E+01 -9.000000E+01     5  1.450310E-05  8.998272E+01  4.374060E-09  1.450310E-05
  2.550000E+01 -9.000000E+01     6  3.588220E-16 -9.000000E+01  3.588220E-16 -2.230836E-23
  2.550000E+01 -6.000000E+01     1  1.341578E+01  8.998272E+01  4.046088E-03  1.341578E+01
  2.550000E+01 -6.000000E+01     2  2.323667E+01 -9.001728E+01 -7.008002E-03 -2.323666E+01
  2.550000E+01 -6.000000E+01     3  5.664701E+01  6.762975E-02  5.664698E+01  6.686396E-02
  2.550000E+01 -6.000000E+01     4  2.873420E+02 -9.001728E+01 -8.666009E-02 -2.873420E+02
  2.550000E+01 -6.000000E+01     5  1.658972E+02 -9.001728E+01 -5.003323E-02 -1.658972E+02
  2.550000E+01 -6.000000E+01     6  3.554386E-09  1.800000E+02 -3.554386E-09  2.209910E-16
  2.550000E+01 -3.000000E+01     1  2.323666E+01  8.998272E+01  7.008078E-03  2.323666E+01
  2.550000E+01 -3.000000E+01     2  1.341571E+01 -9.001728E+01 -4.046079E-03 -1.341571E+01
  2.550000E+01 -3.000000E+01     3  5.664755E+01  6.763029E-02  5.664751E+01  6.686513E-02
  2.550000E+01 -3.000000E+01     4  1.658976E+02 -9.001728E+01 -5.003309E-02 -1.658976E+02
  2.550000E+01 -3.000000E+01     5  2.873422E+02 -9.001728E+01 -8.666036E-02 -2.873422E+02
  2.550000E+01 -3.000000E+01     6  3.554044E-09  1.800000E+02 -3.554044E-09  2.209909E-16
  2.550000E+01  0.000000E+00     1  2.683158E+01  8.998272E+01  8.092176E-03  2.683158E+01
  2.550000E+01  0.000000E+00     2  0.000000E+00  9.000000E+01  0.000000E+00  0.000000E+00
  2.550000E+01  0.000000E+00     3  5.664718E+01  6.762986E-02  5.664714E+01  6.686426E-02
  2.550000E+01  0.000000E+00     4  0.000000E+00  9.000000E+01  0.000000E+00  0.000000E+00
  2.550000E+01  0.000000E+00     5  3.317955E+02 -9.001728E+01 -1.000665E-01 -3.317955E+02
  2.550000E+01  0.000000E+00     6  0.000000E+00  9.000000E+01  0.000000E+00  0.000000E+00
  2.550000E+01  3.000000E+01     1  2.323666E+01  8.998272E+01  7.008078E-03  2.323666E+01
  2.550000E+01  3.000000E+01     2  1.341571E+01  8.998272E+01  4.046079E-03  1.341571E+01
  2.550000E+01  3.000000E+01     3  5.664755E+01  6.763029E-02  5.664751E+01  6.686513E-02
  2.550000E+01  3.000000E+01     4  1.658976E+02  8.998272E+01  5.003309E-02  1.658976E+02
  2.550000E+01  3.000000E+01     5  2.873422E+02 -9.001728E+01 -8.666036E-02 -2.873422E+02
  2.550000E+01  3.000000E+01     6  3.554044E-09 -3.562659E-06  3.554044E-09 -2.209909E-16
  2.550000E+01  6.000000E+01     1  1.341578E+01  8.998272E+01  4.046088E-03  1.341578E+01
  2.550000E+01  6.000000E+01     2  2.323667E+01  8.998272E+01  7.008002E-03  2.323666E+01
  2.550000E+01  6.000000E+01     3  5.664701E+01  6.762975E-02  5.664698E+01  6.686396E-02
  2.550000E+01  6.000000E+01     4  2.873420E+02  8.998272E+01  8.666009E-02  2.873420E+02
  2.550000E+01  6.000000E+01     5  1.658972E+02 -9.001728E+01 -5.003323E-02 -1.658972E+02
  2.550000E+01  6.000000E+01     6  3.554386E-09 -3.562318E-06  3.554386E-09 -2.209910E-16
  2.550000E+01  9.000000E+01     1  1.172839E-06 -9.001728E+01 -3.537184E-10 -1.172839E-06
  2.550000E+01  9.000000E+01     2  2.683138E+01  8.998272E+01  8.092160E-03  2.683138E+01
  2.550000E+01  9.000000E+01     3  5.664697E+01  6.762980E-02  5.664693E+01  6.686395E-02
  2.550000E+01  9.000000E+01     4  3.317959E+02  8.998272E+01  1.000663E-01  3.317959E+02
  2.550000E+01  9.000000E+01     5  1.450310E-05  8.998272E+01  4.374060E-09  1.450310E-05
  2.550000E+01  9.000000E+01     6  3.588220E-16  9.000000E+01 -3.588220E-16  2.230836E-23
  2.550000E+01  1.200000E+02     1  1.341578E+01 -9.001728E+01 -4.046090E-03 -1.341578E+01
  2.550000E+01  1.200000E+02     2  2.323666E+01  8.998272E+01  7.008003E-03  2.323666E+01
  2.550000E+01  1.200000E+02     3  5.664701E+01  6.762975E-02  5.664698E+01  6.686396E-02
  2.550000E+01  1.200000E+02     4  2.873421E+02  8.998272E+01  8.666003E-02  2.873421E+02
  2.550000E+01  1.200000E+02     5  1.658972E+02  8.998272E+01  5.003322E-02  1.658972E+02
  2.550000E+01  1.200000E+02     6  3.554389E-09  1.800000E+02 -3.554389E-09  2.209914E-16
  2.550000E+01  1.500000E+02     1  2.323665E+01 -9.001728E+01 -7.008077E-03 -2.323664E+01
  2.550000E+01  1.500000E+02     2  1.341571E+01  8.998272E+01  4.046077E-03  1.341571E+01
  2.550000E+01  1.500000E+02     3  5.664755E+01  6.763029E-02  5.664751E+01  6.686513E-02
  2.550000E+01  1.500000E+02     4  1.658976E+02  8.998272E+01  5.003311E-02  1.658976E+02
  2.550000E+01  1.500000E+02     5  2.873423E+02  8.998272E+01  8.666038E-02  2.873423E+02
  2.550000E+01  1.500000E+02     6  3.554046E-09  1.800000E+02 -3.554046E-09  2.209907E-16
  2.550000E+01  1.800000E+02     1  2.683158E+01 -9.001728E+01 -8.092176E-03 -2.683158E+01
  2.550000E+01  1.800000E+02     2  2.345677E-06 -9.001728E+01 -7.074368E-10 -2.345677E-06
  2.550000E+01  1.800000E+02     3  5.664718E+01  6.762986E-02  5.664714E+01  6.686426E-02
  2.550000E+01  1.800000E+02     4  2.900641E-05 -9.001728E+01 -8.748106E-09 -2.900641E-05
  2.550000E+01  1.800000E+02     5  3.317955E+02  8.998272E+01  1.000665E-01  3.317955E+02
  2.550000E+01  1.800000E+02     6  7.175057E-16 -9.000000E+01  7.175057E-16 -4.461673E-23
  2.600000E+01 -1.800000E+02     1  2.620123E+01 -9.001608E+01 -7.352326E-03 -2.620123E+01
  2.600000E+01 -1.800000E+02     2  2.290595E-06  8.998392E+01  6.427552E-10  2.290595E-06
  2.600000E+01 -1.800000E+02     3  5.743350E+01  6.411981E-02  5.743346E+01  6.427392E-02
  2.600000E+01 -1.800000E+02     4  2.834535E-05  8.998392E+01  7.953933E-09  2.834534E-05
  2.600000E+01 -1.800000E+02     5  3.242322E+02  8.998392E+01  9.098255E-02  3.242322E+02
  2.600000E+01 -1.800000E+02     6  6.822333E-16  9.000000E+01 -6.822333E-16  3.747879E-23
  2.600000E+01 -1.500000E+02     1  2.269087E+01 -9.001608E+01 -6.367274E-03 -2.269087E+01
  2.600000E+01 -1.500000E+02     2  1.310064E+01 -9.001608E+01 -3.676135E-03 -1.310064E+01
  2.600000E+01 -1.500000E+02     3  5.743371E+01  6.411927E-02  5.743367E+01  6.427362E-02
  2.600000E+01 -1.500000E+02     4  1.621165E+02 -9.001608E+01 -4.549111E-02 -1.621165E+02
  2.600000E+01 -1.500000E+02     5  2.807941E+02  8.998392E+01  7.879296E-02  2.807941E+02
  2.600000E+01 -1.500000E+02     6  3.379329E-09 -3.147412E-06  3.379329E-09 -1.856357E-16
  2.600000E+01 -1.200000E+02     1  1.310063E+01 -9.001608E+01 -3.676163E-03 -1.310062E+01
  2.600000E+01 -1.200000E+02     2  2.269100E+01 -9.001608E+01 -6.367241E-03 -2.269100E+01
  2.600000E+01 -1.200000E+02     3  5.743359E+01  6.411923E-02  5.743356E+01  6.427344E-02
  2.600000E+01 -1.200000E+02     4  2.807934E+02 -9.001608E+01 -7.879291E-02 -2.807934E+02
  2.600000E+01 -1.200000E+02     5  1.621162E+02  8.998392E+01  4.549128E-02  1.621162E+02
  2.600000E+01 -1.200000E+02     6  3.379639E-09 -3.147123E-06  3.379639E-09 -1.856357E-16
  2.600000E+01 -9.000000E+01     1  1.145302E-06 -9.001608E+01 -3.213778E-10 -1.145302E-06
  2.600000E+01 -9.000000E+01     2  2.620127E+01 -9.001608E+01 -7.352281E-03 -2.620127E+01
  2.600000E+01 -9.000000E+01     3  5.743311E+01  6.411994E-02  5.743307E+01  6.427361E-02
  2.600000E+01 -9.000000E+01     4  3.242325E+02 -9.001608E+01 -9.098234E-02 -3.242325E+02
  2.600000E+01 -9.000000E+01     5  1.417261E-05  8.998392E+01  3.976973E-09  1.417261E-05
  2.600000E+01 -9.000000E+01     6  3.411806E-16 -9.000000E+01  3.411806E-16 -1.873939E-23
  2.600000E+01 -6.000000E+01     1  1.310061E+01  8.998392E+01  3.676163E-03  1.310061E+01
  2.600000E+01 -6.000000E+01     2  2.269100E+01 -9.001608E+01 -6.367245E-03 -2.269100E+01
  2.600000E+01 -6.000000E+01     3  5.743357E+01  6.411934E-02  5.743353E+01  6.427352E-02
  2.600000E+01 -6.000000E+01     4  2.807937E+02 -9.001608E+01 -7.879290E-02 -2.807937E+02
  2.600000E+01 -6.000000E+01     5  1.621161E+02 -9.001608E+01 -4.549125E-02 -1.621161E+02
  2.600000E+01 -6.000000E+01     6  3.379641E-09  1.800000E+02 -3.379641E-09  1.856358E-16
  2.600000E+01 -3.000000E+01     1  2.269090E+01  8.998392E+01  6.367267E-03  2.269090E+01
  2.600000E+01 -3.000000E+01     2  1.310064E+01 -9.001608E+01 -3.676134E-03 -1.310064E+01
  2.600000E+01 -3.000000E+01     3  5.743370E+01  6.411923E-02  5.743366E+01  6.427356E-02
  2.600000E+01 -3.000000E+01     4  1.621167E+02 -9.001608E+01 -4.549112E-02 -1.621167E+02
  2.600000E+01 -3.000000E+01     5  2.807942E+02 -9.001608E+01 -7.879295E-02 -2.807942E+02
  2.600000E+01 -3.000000E+01     6  3.379327E-09  1.800000E+02 -3.379327E-09  1.856356E-16
  2.600000E+01  0.000000E+00     1  2.620123E+01  8.998392E+01  7.352326E-03  2.620123E+01
  2.600000E+01  0.000000E+00     2  0.000000E+00  9.000000E+01  0.000000E+00  0.000000E+00
  2.600000E+01  0.000000E+00     3  5.743350E+01  6.411981E-02  5.743346E+01  6.427392E-02
  2.600000E+01  0.000000E+00     4  0.000000E+00  9.000000E+01  0.000000E+00  0.000000E+00
  2.600000E+01  0.000000E+00     5  3.242322E+02 -9.001608E+01 -9.098255E-02 -3.242322E+02
  2.600000E+01  0.000000E+00     6  0.000000E+00  9.000000E+01  0.000000E+00  0.000000E+00
  2.600000E+01  3.000000E+01     1  2.269090E+01  8.998392E+01  6.367267E-03  2.269090E+01
  2.600000E+01  3.000000E+01     2  1.310064E+01  8.998392E+01  3.676134E-03  1.310064E+01
  2.600000E+01  3.000000E+01     3  5.743370E+01  6.411923E-02  5.743366E+01  6.427356E-02
  2.600000E+01  3.000000E+01     4  1.621167E+02  8.998392E+01  4.549112E-02  1.621167E+02
  2.600000E+01  3.000000E+01     5  2.807942E+02 -9.001608E+01 -7.879295E-02 -2.807942E+02
  2.600000E+01  3.000000E+01     6  3.379327E-09 -3.147413E-06  3.379327E-09 -1.856356E-16
  2.600000E+01  6.000000E+01     1  1.310061E+01  8.998392E+01  3.676163E-03  1.310061E+01
  2.600000E+01  6.000000E+01     2  2.269100E+01  8.998392E+01  6.367245E-03  2.269100E+01
  2.600000E+01  6.000000E+01     3  5.743357E+01  6.411934E-02  5.743353E+01  6.427352E-02
  2.600000E+01  6.000000E+01     4  2.807937E+02  8.998392E+01  7.879290E-02  2.807937E+02
  2.600000E+01  6.000000E+01     5  1.621161E+02 -9.001608E+01 -4.549125E-02 -1.621161E+02
  2.600000E+01  6.000000E+01     6  3.379641E-09 -3.147124E-06  3.379641E-09 -1.856358E-16
  2.600000E+01  9.000000E+01     1  1.145302E-06 -9.001608E+01 -3.213778E-10 -1.145302E-06
  2.600000E+01  9.000000E+01     2  2.620127E+01  8.998392E+01  7.352281E-03  2.620127E+01
  2.600000E+01  9.000000E+01     3  5.743311E+01  6.411994E-02  5.743307E+01  6.427361E-02
  2.600000E+01  9.000000E+01     4  3.242325E+02  8.998392E+01  9.098234E-02  3.242325E+02
  2.600000E+01  9.000000E+01     5  1.417261E-05  8.998392E+01  3.976973E-09  1.417261E-05
  2.600000E+01  9.000000E+01     6  3.411806E-16  9.000000E+01 -3.411806E-16  1.873939E-23
  2.600000E+01  1.200000E+02     1  1.310063E+01 -9.001608E+01 -3.676163E-03 -1.310062E+01
  2.600000E+01  1.200000E+02     2  2.269100E+01  8.998392E+01  6.367241E-03  2.269100E+01
  2.600000E+01  1.200000E+02     3  5.743359E+01  6.411923E-02  5.743356E+01  6.427344E-02
  2.600000E+01  1.200000E+02     4  2.807934E+02  8.998392E+01  7.879291E-02  2.807934E+02
  2.600000E+01  1.200000E+02     5  1.621162E+02  8.998392E+01  4.549128E-02  1.621162E+02
  2.600000E+01  1.200000E+02     6  3.379639E-09  1.800000E+02 -3.379639E-09  1.856357E-16
  2.600000E+01  1.500000E+02     1  2.269087E+01 -9.001608E+01 -6.367274E-03 -2.269087E+01
  2.600000E+01  1.500000E+02     2  1.310064E+01  8.998392E+01  3.676135E-03  1.310064E+01
  2.600000E+01  1.500000E+02     3  5.743371E+01  6.411927E-02  5.743367E+01  6.427362E-02
  2.600000E+01  1.500000E+02     4  1.621165E+02  8.998392E+01  4.549111E-02  1.621165E+02
  2.600000E+01  1.500000E+02     5  2.807941E+02  8.998392E+01  7.879296E-02  2.807941E+02
  2.600000E+01  1.500000E+02     6  3.379329E-09  1.800000E+02 -3.379329E-09  1.856357E-16
  2.600000E+01  1.800000E+02     1  2.620123E+01 -9.001608E+01 -7.352326E-03 -2.620123E+01
  2.600000E+01  1.800000E+02     2  2.290595E-06 -9.001608E+01 -6.427552E-10 -2.290595E-06
  2.600000E+01  1.800000E+02     3  5.743350E+01  6.411981E-02  5.743346E+01  6.427392E-02
  2.600000E+01  1.800000E+02     4  2.834535E-05 -9.001608E+01 -7.953933E-09 -2.834534E-05
  2.600000E+01  1.800000E+02     5  3.242322E+02  8.998392E+01  9.098255E-02  3.242322E+02
  2.600000E+01  1.800000E+02     6  6.822333E-16 -9.000000E+01  6.822333E-16 -3.747879E-23
  2.650000E+01 -1.800000E+02     1  2.560241E+01 -9.001500E+01 -6.701852E-03 -2.560241E+01
  2.650000E+01 -1.800000E+02     2  2.238228E-06  8.998501E+01  5.858928E-10  2.238228E-06
  2.650000E+01 -1.800000E+02     3  5.817910E+01  6.088857E-02  5.817907E+01  6.182727E-02
  2.650000E+01 -1.800000E+02     4  2.771581E-05  8.998501E+01  7.255067E-09  2.771580E-05
  2.650000E+01 -1.800000E+02     5  3.170330E+02  8.998501E+01  8.298849E-02  3.170330E+02
  2.650000E+01 -1.800000E+02     6  6.496295E-16  9.000000E+01 -6.496295E-16  3.166446E-23
  2.650000E+01 -1.500000E+02     1  2.217222E+01 -9.001500E+01 -5.803960E-03 -2.217222E+01
  2.650000E+01 -1.500000E+02     2  1.280115E+01 -9.001500E+01 -3.350912E-03 -1.280115E+01
  2.650000E+01 -1.500000E+02     3  5.817900E+01  6.088850E-02  5.817897E+01  6.182709E-02
  2.650000E+01 -1.500000E+02     4  1.585170E+02 -9.001500E+01 -4.149429E-02 -1.585170E+02
  2.650000E+01 -1.500000E+02     5  2.745590E+02  8.998501E+01  7.187027E-02  2.745590E+02
  2.650000E+01 -1.500000E+02     6  3.217812E-09 -2.792614E-06  3.217812E-09 -1.568372E-16
  2.650000E+01 -1.200000E+02     1  1.280120E+01 -9.001500E+01 -3.350927E-03 -1.280120E+01
  2.650000E+01 -1.200000E+02     2  2.217222E+01 -9.001500E+01 -5.803937E-03 -2.217222E+01
  2.650000E+01 -1.200000E+02     3  5.817909E+01  6.088777E-02  5.817906E+01  6.182644E-02
  2.650000E+01 -1.200000E+02     4  2.745582E+02 -9.001500E+01 -7.186995E-02 -2.745582E+02
  2.650000E+01 -1.200000E+02     5  1.585166E+02  8.998501E+01  4.149421E-02  1.585166E+02
  2.650000E+01 -1.200000E+02     6  3.218093E-09 -2.792370E-06  3.218093E-09 -1.568371E-16
  2.650000E+01 -9.000000E+01     1  1.119113E-06 -9.001500E+01 -2.929466E-10 -1.119113E-06
  2.650000E+01 -9.000000E+01     2  2.560235E+01 -9.001500E+01 -6.701826E-03 -2.560235E+01
  2.650000E+01 -9.000000E+01     3  5.818044E+01  6.088724E-02  5.818040E+01  6.182733E-02
  2.650000E+01 -9.000000E+01     4  3.170330E+02 -9.001500E+01 -8.298849E-02 -3.170330E+02
  2.650000E+01 -9.000000E+01     5  1.385787E-05  8.998501E+01  3.627529E-09  1.385787E-05
  2.650000E+01 -9.000000E+01     6  3.248716E-16 -9.000000E+01  3.248716E-16 -1.583222E-23
  2.650000E+01 -6.000000E+01     1  1.280119E+01  8.998501E+01  3.350925E-03  1.280119E+01
  2.650000E+01 -6.000000E+01     2  2.217222E+01 -9.001500E+01 -5.803939E-03 -2.217222E+01
  2.650000E+01 -6.000000E+01     3  5.817912E+01  6.088743E-02  5.817908E+01  6.182612E-02
  2.650000E+01 -6.000000E+01     4  2.745583E+02 -9.001500E+01 -7.186998E-02 -2.745583E+02
  2.650000E+01 -6.000000E+01     5  1.585164E+02 -9.001500E+01 -4.149420E-02 -1.585164E+02
  2.650000E+01 -6.000000E+01     6  3.218098E-09  1.800000E+02 -3.218098E-09  1.568372E-16
  2.650000E+01 -3.000000E+01     1  2.217222E+01  8.998501E+01  5.803961E-03  2.217222E+01
  2.650000E+01 -3.000000E+01     2  1.280116E+01 -9.001500E+01 -3.350910E-03 -1.280116E+01
  2.650000E+01 -3.000000E+01     3  5.817900E+01  6.088850E-02  5.817897E+01  6.182709E-02
  2.650000E+01 -3.000000E+01     4  1.585167E+02 -9.001500E+01 -4.149423E-02 -1.585167E+02
  2.650000E+01 -3.000000E+01     5  2.745589E+02 -9.001500E+01 -7.187018E-02 -2.745589E+02
  2.650000E+01 -3.000000E+01     6  3.217818E-09  1.800000E+02 -3.217818E-09  1.568373E-16
  2.650000E+01  0.000000E+00     1  2.560241E+01  8.998501E+01  6.701852E-03  2.560241E+01
  2.650000E+01  0.000000E+00     2  0.000000E+00  9.000000E+01  0.000000E+00  0.000000E+00
  2.650000E+01  0.000000E+00     3  5.817910E+01  6.088857E-02  5.817907E+01  6.182727E-02
  2.650000E+01  0.000000E+00     4  0.000000E+00  9.000000E+01  0.000000E+00  0.000000E+00
  2.650000E+01  0.000000E+00     5  3.170330E+02 -9.001500E+01 -8.298849E-02 -3.170330E+02
  2.650000E+01  0.000000E+00     6  0.000000E+00  9.000000E+01  0.000000E+00  0.000000E+00
  2.650000E+01  3.000000E+01     1  2.217222E+01  8.998501E+01  5.803961E-03  2.217222E+01
  2.650000E+01  3.000000E+01     2  1.280116E+01  8.998501E+01  3.350910E-03  1.280116E+01
  2.650000E+01  3.000000E+01     3  5.817900E+01  6.088850E-02  5.817897E+01  6.182709E-02
  2.650000E+01  3.000000E+01     4  1.585167E+02  8.998501E+01  4.149423E-02  1.585167E+02
  2.650000E+01  3.000000E+01     5  2.745589E+02 -9.001500E+01 -7.187018E-02 -2.745589E+02
  2.650000E+01  3.000000E+01     6  3.217818E-09 -2.792611E-06  3.217818E-09 -1.568373E-16
  2.650000E+01  6.000000E+01     1  1.280119E+01  8.998501E+01  3.350925E-03  1.280119E+01
  2.650000E+01  6.000000E+01     2  2.217222E+01  8.998501E+01  5.803939E-03  2.217222E+01
  2.650000E+01  6.000000E+01     3  5.817912E+01  6.088743E-02  5.817908E+01  6.182612E-02
  2.650000E+01  6.000000E+01     4  2.745583E+02  8.998501E+01  7.186998E-02  2.745583E+02
  2.650000E+01  6.000000E+01     5  1.585164E+02 -9.001500E+01 -4.149420E-02 -1.585164E+02
  2.650000E+01  6.000000E+01     6  3.218098E-09 -2.792367E-06  3.218098E-09 -1.568372E-16
  2.650000E+01  9.000000E+01     1  1.119113E-06 -9.001500E+01 -2.929466E-10 -1.119113E-06
  2.650000E+01  9.000000E+01     2  2.560235E+01  8.998501E+01  6.701826E-03  2.560235E+01
  2.650000E+01  9.000000E+01     3  5.818044E+01  6.088724E-02  5.818040E+01  6.182733E-02
  2.650000E+01  9.000000E+01     4  3.170330E+02  8.998501E+01  8.298849E-02  3.170330E+02
  2.650000E+01  9.000000E+01     5  1.385787E-05  8.998501E+01  3.627529E-09  1.385787E-05
  2.650000E+01  9.000000E+01     6  3.248716E-16  9.000000E+01 -3.248716E-16  1.583222E-23
  2.650000E+01  1.200000E+02     1  1.280120E+01 -9.001500E+01 -3.350927E-03 -1.280120E+01
  2.650000E+01  1.200000E+02     2  2.217222E+01  8.998501E+01  5.803937E-03  2.217222E+01
  2.650000E+01  1.200000E+02     3  5.817909E+01  6.088777E-02  5.817906E+01  6.182644E-02
  2.650000E+01  1.200000E+02     4  2.745582E+02  8.998501E+01  7.186995E-02  2.745582E+02
  2.650000E+01  1.200000E+02     5  1.585166E+02  8.998501E+01  4.149421E-02  1.585166E+02
  2.650000E+01  1.200000E+02     6  3.218093E-09  1.800000E+02 -3.218093E-09  1.568371E-16
  2.650000E+01  1.500000E+02     1  2.217222E+01 -9.001500E+01 -5.803960E-03 -2.217222E+01
  2.650000E+01  1.500000E+02     2  1.280115E+01  8.998501E+01  3.350912E-03  1.280115E+01
  2.650000E+01  1.500000E+02     3  5.817900E+01  6.088850E-02  5.817897E+01  6.182709E-02
  2.650000E+01  1.500000E+02     4  1.585170E+02  8.998501E+01  4.149429E-02  1.585170E+02
  2.650000E+01  1.500000E+02     5  2.745590E+02  8.998501E+01  7.187027E-02  2.745590E+02
  2.650000E+01  1.500000E+02     6  3.217812E-09  1.800000E+02 -3.217812E-09  1.568372E-16
  2.650000E+01  1.800000E+02     1  2.560241E+01 -9.001500E+01 -6.701852E-03 -2.560241E+01
  2.650000E+01  1.800000E+02     2  2.238228E-06 -9.001500E+01 -5.858928E-10 -2.238228E-06
  2.650000E+01  1.800000E+02     3  5.817910E+01  6.088857E-02  5.817907E+01  6.182727E-02
  2.650000E+01  1.800000E+02     4  2.771581E-05 -9.001500E+01 -7.255067E-09 -2.771580E-05
  2.650000E+01  1.800000E+02     5  3.170330E+02  8.998501E+01  8.298849E-02  3.170330E+02
  2.650000E+01  1.800000E+02     6  6.496295E-16 -9.000000E+01  6.496295E-16 -3.166446E-23
  2.700000E+01 -1.800000E+02     1  2.503213E+01 -9.001402E+01 -6.127662E-03 -2.503213E+01
  2.700000E+01 -1.800000E+02     2  2.188379E-06  8.998598E+01  5.356970E-10  2.188379E-06
  2.700000E+01 -1.800000E+02     3  5.888935E+01  5.790171E-02  5.888932E+01  5.951213E-02
  2.700000E+01 -1.800000E+02     4  2.711564E-05  8.998598E+01  6.637672E-09  2.711564E-05
  2.700000E+01 -1.800000E+02     5  3.101665E+02  8.998598E+01  7.592596E-02  3.101665E+02
  2.700000E+01 -1.800000E+02     6  6.194193E-16  9.000000E+01 -6.194193E-16  2.688931E-23
  2.700000E+01 -1.500000E+02     1  2.167842E+01 -9.001402E+01 -5.306709E-03 -2.167842E+01
  2.700000E+01 -1.500000E+02     2  1.251606E+01 -9.001402E+01 -3.063830E-03 -1.251606E+01
  2.700000E+01 -1.500000E+02     3  5.888960E+01  5.790156E-02  5.888957E+01  5.951223E-02
  2.700000E+01 -1.500000E+02     4  1.550826E+02 -9.001402E+01 -3.796303E-02 -1.550826E+02
  2.700000E+01 -1.500000E+02     5  2.686152E+02  8.998598E+01  6.575468E-02  2.686152E+02
  2.700000E+01 -1.500000E+02     6  3.068181E-09 -2.487122E-06  3.068181E-09 -1.331851E-16
  2.700000E+01 -1.200000E+02     1  1.251603E+01 -9.001402E+01 -3.063831E-03 -1.251603E+01
  2.700000E+01 -1.200000E+02     2  2.167843E+01 -9.001402E+01 -5.306683E-03 -2.167843E+01
  2.700000E+01 -1.200000E+02     3  5.888880E+01  5.790205E-02  5.888877E+01  5.951191E-02
  2.700000E+01 -1.200000E+02     4  2.686136E+02 -9.001402E+01 -6.575438E-02 -2.686136E+02
  2.700000E+01 -1.200000E+02     5  1.550832E+02  8.998598E+01  3.796297E-02  1.550832E+02
  2.700000E+01 -1.200000E+02     6  3.068432E-09 -2.486916E-06  3.068432E-09 -1.331849E-16
  2.700000E+01 -9.000000E+01     1  1.094187E-06 -9.001402E+01 -2.678485E-10 -1.094187E-06
  2.700000E+01 -9.000000E+01     2  2.503208E+01 -9.001402E+01 -6.127649E-03 -2.503208E+01
  2.700000E+01 -9.000000E+01     3  5.888974E+01  5.790126E-02  5.888971E+01  5.951205E-02
  2.700000E+01 -9.000000E+01     4  3.101658E+02 -9.001402E+01 -7.592598E-02 -3.101658E+02
  2.700000E+01 -9.000000E+01     5  1.355771E-05  8.998598E+01  3.318837E-09  1.355771E-05
  2.700000E+01 -9.000000E+01     6  3.097628E-16 -9.000000E+01  3.097628E-16 -1.344467E-23
  2.700000E+01 -6.000000E+01     1  1.251603E+01  8.998598E+01  3.063832E-03  1.251603E+01
  2.700000E+01 -6.000000E+01     2  2.167844E+01 -9.001402E+01 -5.306683E-03 -2.167844E+01
  2.700000E+01 -6.000000E+01     3  5.888880E+01  5.790205E-02  5.888877E+01  5.951191E-02
  2.700000E+01 -6.000000E+01     4  2.686137E+02 -9.001402E+01 -6.575450E-02 -2.686137E+02
  2.700000E+01 -6.000000E+01     5  1.550830E+02 -9.001402E+01 -3.796300E-02 -1.550830E+02
  2.700000E+01 -6.000000E+01     6  3.068431E-09  1.800000E+02 -3.068431E-09  1.331850E-16
  2.700000E+01 -3.000000E+01     1  2.167842E+01  8.998598E+01  5.306710E-03  2.167842E+01
  2.700000E+01 -3.000000E+01     2  1.251605E+01 -9.001402E+01 -3.063825E-03 -1.251605E+01
  2.700000E+01 -3.000000E+01     3  5.888960E+01  5.790156E-02  5.888957E+01  5.951223E-02
  2.700000E+01 -3.000000E+01     4  1.550825E+02 -9.001402E+01 -3.796298E-02 -1.550825E+02
  2.700000E+01 -3.000000E+01     5  2.686152E+02 -9.001402E+01 -6.575461E-02 -2.686152E+02
  2.700000E+01 -3.000000E+01     6  3.068181E-09  1.800000E+02 -3.068181E-09  1.331854E-16
  2.700000E+01  0.000000E+00     1  2.503213E+01  8.998598E+01  6.127662E-03  2.503213E+01
  2.700000E+01  0.000000E+00     2  0.000000E+00  9.000000E+01  0.000000E+00  0.000000E+00
  2.700000E+01  0.000000E+00     3  5.888935E+01  5.790171E-02  5.888932E+01  5.951213E-02
  2.700000E+01  0.000000E+00     4  0.000000E+00  9.000000E+01  0.000000E+00  0.000000E+00
  2.700000E+01  0.000000E+00     5  3.101665E+02 -9.001402E+01 -7.592596E-02 -3.101665E+02
  2.700000E+01  0.000000E+00     6  0.000000E+00  9.000000E+01  0.000000E+00  0.000000E+00
  2.700000E+01  3.000000E+01     1  2.167842E+01  8.998598E+01  5.306710E-03  2.167842E+01
  2.700000E+01  3.000000E+01     2  1.251605E+01  8.998598E+01  3.063825E-03  1.251605E+01
  2.700000E+01  3.000000E+01     3  5.888960E+01  5.790156E-02  5.888957E+01  5.951223E-02
  2.700000E+01  3.000000E+01     4  1.550825E+02  8.998598E+01  3.796298E-02  1.550825E+02
  2.700000E+01  3.000000E+01     5  2.686152E+02 -9.001402E+01 -6.575461E-02 -2.686152E+02
  2.700000E+01  3.000000E+01     6  3.068181E-09 -2.487128E-06  3.068181E-09 -1.331854E-16
  2.700000E+01  6.000000E+01     1  1.251603E+01  8.998598E+01  3.063832E-03  1.251603E+01
  2.700000E+01  6.000000E+01     2  2.167844E+01  8.998598E+01  5.306683E-03  2.167844E+01
  2.700000E+01  6.000000E+01     3  5.888880E+01  5.790205E-02  5.888877E+01  5.951191E-02
  2.700000E+01  6.000000E+01     4  2.686137E+02  8.998598E+01  6.575450E-02  2.686137E+02
  2.700000E+01  6.000000E+01     5  1.550830E+02 -9.001402E+01 -3.796300E-02 -1.550830E+02
  2.700000E+01  6.000000E+01     6  3.068431E-09 -2.486918E-06  3.068431E-09 -1.331850E-16
  2.700000E+01  9.000000E+01     1  1.094187E-06 -9.001402E+01 -2.678485E-10 -1.094187E-06
  2.700000E+01  9.000000E+01     2  2.503208E+01  8.998598E+01  6.127649E-03  2.503208E+01
  2.700000E+01  9.000000E+01     3  5.888974E+01  5.790126E-02  5.888971E+01  5.951205E-02
  2.700000E+01  9.000000E+01     4  3.101658E+02  8.998598E+01  7.592598E-02  3.101658E+02
  2.700000E+01  9.000000E+01     5  1.355771E-05  8.998598E+01  3.318837E-09  1.355771E-05
  2.700000E+01  9.000000E+01     6  3.097628E-16  9.000000E+01 -3.097628E-16  1.344467E-23
  2.700000E+01  1.200000E+02     1  1.251603E+01 -9.001402E+01 -3.063831E-03 -1.251603E+01
  2.700000E+01  1.200000E+02     2  2.167843E+01  8.998598E+01  5.306683E-03  2.167843E+01
  2.700000E+01  1.200000E+02     3  5.888880E+01  5.790205E-02  5.888877E+01  5.951191E-02
  2.700000E+01  1.200000E+02     4  2.686136E+02  8.998598E+01  6.575438E-02  2.686136E+02
  2.700000E+01  1.200000E+02     5  1.550832E+02  8.998598E+01  3.796297E-02  1.550832E+02
  2.700000E+01  1.200000E+02     6  3.068432E-09  1.800000E+02 -3.068432E-09  1.331849E-16
  2.700000E+01  1.500000E+02     1  2.167842E+01 -9.001402E+01 -5.306709E-03 -2.167842E+01
  2.700000E+01  1.500000E+02     2  1.251606E+01  8.998598E+01  3.063830E-03  1.251606E+01
  2.700000E+01  1.500000E+02     3  5.888960E+01  5.790156E-02  5.888957E+01  5.951223E-02
  2.700000E+01  1.500000E+02     4  1.550826E+02  8.998598E+01  3.796303E-02  1.550826E+02
  2.700000E+01  1.500000E+02     5  2.686152E+02  8.998598E+01  6.575468E-02  2.686152E+02
  2.700000E+01  1.500000E+02     6  3.068181E-09  1.800000E+02 -3.068181E-09  1.331851E-16
  2.700000E+01  1.800000E+02     1  2.503213E+01 -9.001402E+01 -6.127662E-03 -2.503213E+01
  2.700000E+01  1.800000E+02     2  2.188379E-06 -9.001402E+01 -5.356970E-10 -2.188379E-06
  2.700000E+01  1.800000E+02     3  5.888935E+01  5.790171E-02  5.888932E+01  5.951213E-02
  2.700000E+01  1.800000E+02     4  2.711564E-05 -9.001402E+01 -6.637672E-09 -2.711564E-05
  2.700000E+01  1.800000E+02     5  3.101665E+02  8.998598E+01  7.592596E-02  3.101665E+02
  2.700000E+01  1.800000E+02     6  6.194193E-16 -9.000000E+01  6.194193E-16 -2.688931E-23
  2.750000E+01 -1.800000E+02     1  2.448860E+01 -9.001315E+01 -5.618830E-03 -2.448860E+01
  2.750000E+01 -1.800000E+02     2  2.140861E-06  8.998685E+01  4.912142E-10  2.140861E-06
  2.750000E+01 -1.800000E+02     3  5.956073E+01  5.514927E-02  5.956070E+01  5.732936E-02
  2.750000E+01 -1.800000E+02     4  2.654263E-05  8.998685E+01  6.090137E-09  2.654263E-05
  2.750000E+01 -1.800000E+02     5  3.036129E+02  8.998685E+01  6.966312E-02  3.036129E+02
  2.750000E+01 -1.800000E+02     6  5.913727E-16  9.000000E+01 -5.913727E-16  2.295386E-23
  2.750000E+01 -1.500000E+02     1  2.120768E+01 -9.001315E+01 -4.866065E-03 -2.120768E+01
  2.750000E+01 -1.500000E+02     2  1.224430E+01 -9.001315E+01 -2.809419E-03 -1.224430E+01
  2.750000E+01 -1.500000E+02     3  5.956124E+01  5.514846E-02  5.956121E+01  5.732900E-02
  2.750000E+01 -1.500000E+02     4  1.518067E+02 -9.001315E+01 -3.483155E-02 -1.518067E+02
  2.750000E+01 -1.500000E+02     5  2.629359E+02  8.998685E+01  6.032971E-02  2.629359E+02
  2.750000E+01 -1.500000E+02     6  2.929235E-09 -2.223827E-06  2.929235E-09 -1.136927E-16
  2.750000E+01 -1.200000E+02     1  1.224435E+01 -9.001315E+01 -2.809417E-03 -1.224435E+01
  2.750000E+01 -1.200000E+02     2  2.120778E+01 -9.001315E+01 -4.866058E-03 -2.120778E+01
  2.750000E+01 -1.200000E+02     3  5.956007E+01  5.514964E-02  5.956005E+01  5.732912E-02
  2.750000E+01 -1.200000E+02     4  2.629366E+02 -9.001315E+01 -6.032977E-02 -2.629366E+02
  2.750000E+01 -1.200000E+02     5  1.518069E+02  8.998685E+01  3.483151E-02  1.518069E+02
  2.750000E+01 -1.200000E+02     6  2.929474E-09 -2.223644E-06  2.929474E-09 -1.136926E-16
  2.750000E+01 -9.000000E+01     1  1.070430E-06 -9.001315E+01 -2.456075E-10 -1.070430E-06
  2.750000E+01 -9.000000E+01     2  2.448864E+01 -9.001315E+01 -5.618836E-03 -2.448864E+01
  2.750000E+01 -9.000000E+01     3  5.956043E+01  5.514944E-02  5.956041E+01  5.732925E-02
  2.750000E+01 -9.000000E+01     4  3.036131E+02 -9.001315E+01 -6.966299E-02 -3.036131E+02
  2.750000E+01 -9.000000E+01     5  1.327129E-05  8.998685E+01  3.045076E-09  1.327129E-05
  2.750000E+01 -9.000000E+01     6  2.957334E-16 -9.000000E+01  2.957334E-16 -1.147695E-23
  2.750000E+01 -6.000000E+01     1  1.224436E+01  8.998685E+01  2.809415E-03  1.224436E+01
  2.750000E+01 -6.000000E+01     2  2.120776E+01 -9.001315E+01 -4.866060E-03 -2.120776E+01
  2.750000E+01 -6.000000E+01     3  5.956019E+01  5.514937E-02  5.956017E+01  5.732895E-02
  2.750000E+01 -6.000000E+01     4  2.629363E+02 -9.001315E+01 -6.032981E-02 -2.629363E+02
  2.750000E+01 -6.000000E+01     5  1.518066E+02 -9.001315E+01 -3.483154E-02 -1.518066E+02
  2.750000E+01 -6.000000E+01     6  2.929474E-09  1.800000E+02 -2.929474E-09  1.136928E-16
  2.750000E+01 -3.000000E+01     1  2.120769E+01  8.998685E+01  4.866066E-03  2.120769E+01
  2.750000E+01 -3.000000E+01     2  1.224430E+01 -9.001315E+01 -2.809420E-03 -1.224430E+01
  2.750000E+01 -3.000000E+01     3  5.956116E+01  5.514848E-02  5.956114E+01  5.732896E-02
  2.750000E+01 -3.000000E+01     4  1.518069E+02 -9.001315E+01 -3.483155E-02 -1.518069E+02
  2.750000E+01 -3.000000E+01     5  2.629363E+02 -9.001315E+01 -6.032968E-02 -2.629363E+02
  2.750000E+01 -3.000000E+01     6  2.929236E-09  1.800000E+02 -2.929236E-09  1.136928E-16
  2.750000E+01  0.000000E+00     1  2.448860E+01  8.998685E+01  5.618830E-03  2.448860E+01
  2.750000E+01  0.000000E+00     2  0.000000E+00  9.000000E+01  0.000000E+00  0.000000E+00
  2.750000E+01  0.000000E+00     3  5.956073E+01  5.514927E-02  5.956070E+01  5.732936E-02
  2.750000E+01  0.000000E+00     4  0.000000E+00  9.000000E+01  0.000000E+00  0.000000E+00
  2.750000E+01  0.000000E+00     5  3.036129E+02 -9.001315E+01 -6.966312E-02 -3.036129E+02
  2.750000E+01  0.000000E+00     6  0.000000E+00  9.000000E+01  0.000000E+00  0.000000E+00
  2.750000E+01  3.000000E+01     1  2.120769E+01  8.998685E+01  4.866066E-03  2.120769E+01
  2.750000E+01  3.000000E+01     2  1.224430E+01  8.998685E+01  2.809420E-03  1.224430E+01
  2.750000E+01  3.000000E+01     3  5.956116E+01  5.514848E-02  5.956114E+01  5.732896E-02
  2.750000E+01  3.000000E+01     4  1.518069E+02  8.998685E+01  3.483155E-02  1.518069E+02
  2.750000E+01  3.000000E+01     5  2.629363E+02 -9.001315E+01 -6.032968E-02 -2.629363E+02
  2.750000E+01  3.000000E+01     6  2.929236E-09 -2.223828E-06  2.929236E-09 -1.136928E-16
  2.750000E+01  6.000000E+01     1  1.224436E+01  8.998685E+01  2.809415E-03  1.224436E+01
  2.750000E+01  6.000000E+01     2  2.120776E+01  8.998685E+01  4.866060E-03  2.120776E+01
  2.750000E+01  6.000000E+01     3  5.956019E+01  5.514937E-02  5.956017E+01  5.732895E-02
  2.750000E+01  6.000000E+01     4  2.629363E+02  8.998685E+01  6.032981E-02  2.629363E+02
  2.750000E+01  6.000000E+01     5  1.518066E+02 -9.001315E+01 -3.483154E-02 -1.518066E+02
  2.750000E+01  6.000000E+01     6  2.929474E-09 -2.223646E-06  2.929474E-09 -1.136928E-16
  2.750000E+01  9.000000E+01     1  1.070430E-06 -9.001315E+01 -2.456075E-10 -1.070430E-06
  2.750000E+01  9.000000E+01     2  2.448864E+01  8.998685E+01  5.618836E-03  2.448864E+01
  2.750000E+01  9.000000E+01     3  5.956043E+01  5.514944E-02  5.956041E+01  5.732925E-02
  2.750000E+01  9.000000E+01     4  3.036131E+02  8.998685E+01  6.966299E-02  3.036131E+02
  2.750000E+01  9.000000E+01     5  1.327129E-05  8.998685E+01  3.045076E-09  1.327129E-05
  2.750000E+01  9.000000E+01     6  2.957334E-16  9.000000E+01 -2.957334E-16  1.147695E-23
  2.750000E+01  1.200000E+02     1  1.224435E+01 -9.001315E+01 -2.809417E-03 -1.224435E+01
  2.750000E+01  1.200000E+02     2  2.120778E+01  8.998685E+01  4.866058E-03  2.120778E+01
  2.750000E+01  1.200000E+02     3  5.956007E+01  5.514964E-02  5.956005E+01  5.732912E-02
  2.750000E+01  1.200000E+02     4  2.629366E+02  8.998685E+01  6.032977E-02  2.629366E+02
  2.750000E+01  1.200000E+02     5  1.518069E+02  8.998685E+01  3.483151E-02  1.518069E+02
  2.750000E+01  1.200000E+02     6  2.929474E-09  1.800000E+02 -2.929474E-09  1.136926E-16
  2.750000E+01  1.500000E+02     1  2.120768E+01 -9.001315E+01 -4.866065E-03 -2.120768E+01
  2.750000E+01  1.500000E+02     2  1.224430E+01  8.998685E+01  2.809419E-03  1.224430E+01
  2.750000E+01  1.500000E+02     3  5.956124E+01  5.514846E-02  5.956121E+01  5.732900E-02
  2.750000E+01  1.500000E+02     4  1.518067E+02  8.998685E+01  3.483155E-02  1.518067E+02
  2.750000E+01  1.500000E+02     5  2.629359E+02  8.998685E+01  6.032971E-02  2.629359E+02
  2.750000E+01  1.500000E+02     6  2.929235E-09  1.800000E+02 -2.929235E-09  1.136927E-16
  2.750000E+01  1.800000E+02     1  2.448860E+01 -9.001315E+01 -5.618830E-03 -2.448860E+01
  2.750000E+01  1.800000E+02     2  2.140861E-06 -9.001315E+01 -4.912142E-10 -2.140861E-06
  2.750000E+01  1.800000E+02     3  5.956073E+01  5.514927E-02  5.956070E+01  5.732936E-02
  2.750000E+01  1.800000E+02     4  2.654263E-05 -9.001315E+01 -6.090137E-09 -2.654263E-05
  2.750000E+01  1.800000E+02     5  3.036129E+02  8.998685E+01  6.966312E-02  3.036129E+02
  2.750000E+01  1.800000E+02     6  5.913727E-16 -9.000000E+01  5.913727E-16 -2.295386E-23
  2.800000E+01 -1.800000E+02     1  2.396982E+01 -9.001235E+01 -5.166308E-03 -2.396982E+01
  2.800000E+01 -1.800000E+02     2  2.095506E-06  8.998766E+01  4.516523E-10  2.095506E-06
  2.800000E+01 -1.800000E+02     3  6.020278E+01  5.258005E-02  6.020275E+01  5.524778E-02
  2.800000E+01 -1.800000E+02     4  2.599497E-05  8.998766E+01  5.602760E-09  2.599497E-05
  2.800000E+01 -1.800000E+02     5  2.973465E+02  8.998766E+01  6.408855E-02  2.973465E+02
  2.800000E+01 -1.800000E+02     6  5.652796E-16  9.000000E+01 -5.652796E-16  1.968003E-23
  2.800000E+01 -1.500000E+02     1  2.075847E+01 -9.001235E+01 -4.474154E-03 -2.075847E+01
  2.800000E+01 -1.500000E+02     2  1.198490E+01 -9.001235E+01 -2.583147E-03 -1.198490E+01
  2.800000E+01 -1.500000E+02     3  6.020216E+01  5.258006E-02  6.020214E+01  5.524722E-02
  2.800000E+01 -1.500000E+02     4  1.486737E+02 -9.001235E+01 -3.204427E-02 -1.486737E+02
  2.800000E+01 -1.500000E+02     5  2.575096E+02  8.998766E+01  5.550193E-02  2.575096E+02
  2.800000E+01 -1.500000E+02     6  2.799980E-09 -1.994666E-06  2.799980E-09 -9.747705E-17
  2.800000E+01 -1.200000E+02     1  1.198489E+01 -9.001235E+01 -2.583157E-03 -1.198489E+01
  2.800000E+01 -1.200000E+02     2  2.075847E+01 -9.001235E+01 -4.474164E-03 -2.075847E+01
  2.800000E+01 -1.200000E+02     3  6.020259E+01  5.257978E-02  6.020257E+01  5.524732E-02
  2.800000E+01 -1.200000E+02     4  2.575095E+02 -9.001235E+01 -5.550215E-02 -2.575095E+02
  2.800000E+01 -1.200000E+02     5  1.486736E+02  8.998766E+01  3.204431E-02  1.486736E+02
  2.800000E+01 -1.200000E+02     6  2.800197E-09 -1.994510E-06  2.800197E-09 -9.747703E-17
  2.800000E+01 -9.000000E+01     1  1.047759E-06 -9.001235E+01 -2.258278E-10 -1.047759E-06
  2.800000E+01 -9.000000E+01     2  2.396982E+01 -9.001235E+01 -5.166295E-03 -2.396982E+01
  2.800000E+01 -9.000000E+01     3  6.020226E+01  5.258033E-02  6.020223E+01  5.524760E-02
  2.800000E+01 -9.000000E+01     4  2.973472E+02 -9.001235E+01 -6.408854E-02 -2.973472E+02
  2.800000E+01 -9.000000E+01     5  1.299746E-05  8.998766E+01  2.801385E-09  1.299746E-05
  2.800000E+01 -9.000000E+01     6  2.826830E-16 -9.000000E+01  2.826830E-16 -9.840009E-24
  2.800000E+01 -6.000000E+01     1  1.198489E+01  8.998766E+01  2.583154E-03  1.198489E+01
  2.800000E+01 -6.000000E+01     2  2.075848E+01 -9.001235E+01 -4.474164E-03 -2.075848E+01
  2.800000E+01 -6.000000E+01     3  6.020259E+01  5.257978E-02  6.020257E+01  5.524732E-02
  2.800000E+01 -6.000000E+01     4  2.575096E+02 -9.001235E+01 -5.550212E-02 -2.575096E+02
  2.800000E+01 -6.000000E+01     5  1.486735E+02 -9.001235E+01 -3.204430E-02 -1.486735E+02
  2.800000E+01 -6.000000E+01     6  2.800195E-09  1.800000E+02 -2.800195E-09  9.747722E-17
  2.800000E+01 -3.000000E+01     1  2.075847E+01  8.998766E+01  4.474155E-03  2.075847E+01
  2.800000E+01 -3.000000E+01     2  1.198489E+01 -9.001235E+01 -2.583146E-03 -1.198489E+01
  2.800000E+01 -3.000000E+01     3  6.020216E+01  5.258006E-02  6.020214E+01  5.524722E-02
  2.800000E+01 -3.000000E+01     4  1.486737E+02 -9.001235E+01 -3.204426E-02 -1.486737E+02
  2.800000E+01 -3.000000E+01     5  2.575096E+02 -9.001235E+01 -5.550186E-02 -2.575096E+02
  2.800000E+01 -3.000000E+01     6  2.799979E-09  1.800000E+02 -2.799979E-09  9.747717E-17
  2.800000E+01  0.000000E+00     1  2.396982E+01  8.998766E+01  5.166308E-03  2.396982E+01
  2.800000E+01  0.000000E+00     2  0.000000E+00  9.000000E+01  0.000000E+00  0.000000E+00
  2.800000E+01  0.000000E+00     3  6.020278E+01  5.258005E-02  6.020275E+01  5.524778E-02
  2.800000E+01  0.000000E+00     4  0.000000E+00  9.000000E+01  0.000000E+00  0.000000E+00
  2.800000E+01  0.000000E+00     5  2.973465E+02 -9.001235E+01 -6.408855E-02 -2.973465E+02
  2.800000E+01  0.000000E+00     6  0.000000E+00  9.000000E+01  0.000000E+00  0.000000E+00
  2.800000E+01  3.000000E+01     1  2.075847E+01  8.998766E+01  4.474155E-03  2.075847E+01
  2.800000E+01  3.000000E+01     2  1.198489E+01  8.998766E+01  2.583146E-03  1.198489E+01
  2.800000E+01  3.000000E+01     3  6.020216E+01  5.258006E-02  6.020214E+01  5.524722E-02
  2.800000E+01  3.000000E+01     4  1.486737E+02  8.998766E+01  3.204426E-02  1.486737E+02
  2.800000E+01  3.000000E+01     5  2.575096E+02 -9.001235E+01 -5.550186E-02 -2.575096E+02
  2.800000E+01  3.000000E+01     6  2.799979E-09 -1.994669E-06  2.799979E-09 -9.747717E-17
  2.800000E+01  6.000000E+01     1  1.198489E+01  8.998766E+01  2.583154E-03  1.198489E+01
  2.800000E+01  6.000000E+01     2  2.075848E+01  8.998766E+01  4.474164E-03  2.075848E+01
  2.800000E+01  6.000000E+01     3  6.020259E+01  5.257978E-02  6.020257E+01  5.524732E-02
  2.800000E+01  6.000000E+01     4  2.575096E+02  8.998766E+01  5.550212E-02  2.575096E+02
  2.800000E+01  6.000000E+01     5  1.486735E+02 -9.001235E+01 -3.204430E-02 -1.486735E+02
  2.800000E+01  6.000000E+01     6  2.800195E-09 -1.994516E-06  2.800195E-09 -9.747722E-17
  2.800000E+01  9.000000E+01     1  1.047759E-06 -9.001235E+01 -2.258278E-10 -1.047759E-06
  2.800000E+01  9.000000E+01     2  2.396982E+01  8.998766E+01  5.166295E-03  2.396982E+01
  2.800000E+01  9.000000E+01     3  6.020226E+01  5.258033E-02  6.020223E+01  5.524760E-02
  2.800000E+01  9.000000E+01     4  2.973472E+02  8.998766E+01  6.408854E-02  2.973472E+02
  2.800000E+01  9.000000E+01     5  1.299746E-05  8.998766E+01  2.801385E-09  1.299746E-05
  2.800000E+01  9.000000E+01     6  2.826830E-16  9.000000E+01 -2.826830E-16  9.840009E-24
  2.800000E+01  1.200000E+02     1  1.198489E+01 -9.001235E+01 -2.583157E-03 -1.198489E+01
  2.800000E+01  1.200000E+02     2  2.075847E+01  8.998766E+01  4.474164E-03  2.075847E+01
  2.800000E+01  1.200000E+02     3  6.020259E+01  5.257978E-02  6.020257E+01  5.524732E-02
  2.800000E+01  1.200000E+02     4  2.575095E+02  8.998766E+01  5.550215E-02  2.575095E+02
  2.800000E+01  1.200000E+02     5  1.486736E+02  8.998766E+01  3.204431E-02  1.486736E+02
  2.800000E+01  1.200000E+02     6  2.800197E-09  1.800000E+02 -2.800197E-09  9.747703E-17
  2.800000E+01  1.500000E+02     1  2.075847E+01 -9.001235E+01 -4.474154E-03 -2.075847E+01
  2.800000E+01  1.500000E+02     2  1.198490E+01  8.998766E+01  2.583147E-03  1.198490E+01
  2.800000E+01  1.500000E+02     3  6.020216E+01  5.258006E-02  6.020214E+01  5.524722E-02
  2.800000E+01  1.500000E+02     4  1.486737E+02  8.998766E+01  3.204427E-02  1.486737E+02
  2.800000E+01  1.500000E+02     5  2.575096E+02  8.998766E+01  5.550193E-02  2.575096E+02
  2.800000E+01  1.500000E+02     6  2.799980E-09  1.800000E+02 -2.799980E-09  9.747705E-17
  2.800000E+01  1.800000E+02     1  2.396982E+01 -9.001235E+01 -5.166308E-03 -2.396982E+01
  2.800000E+01  1.800000E+02     2  2.095506E-06 -9.001235E+01 -4.516523E-10 -2.095506E-06
  2.800000E+01  1.800000E+02     3  6.020278E+01  5.258005E-02  6.020275E+01  5.524778E-02
  2.800000E+01  1.800000E+02     4  2.599497E-05 -9.001235E+01 -5.602760E-09 -2.599497E-05
  2.800000E+01  1.800000E+02     5  2.973465E+02  8.998766E+01  6.408855E-02  2.973465E+02
  2.800000E+01  1.800000E+02     6  5.652796E-16 -9.000000E+01  5.652796E-16 -1.968003E-23
  2.850000E+01 -1.800000E+02     1  2.347410E+01 -9.001163E+01 -4.762412E-03 -2.347410E+01
  2.850000E+01 -1.800000E+02     2  2.052179E-06  8.998838E+01  4.163428E-10  2.052179E-06
  2.850000E+01 -1.800000E+02     3  6.081234E+01  5.019299E-02  6.081232E+01  5.327361E-02
  2.850000E+01 -1.800000E+02     4  2.547088E-05  8.998838E+01  5.167492E-09  2.547088E-05
  2.850000E+01 -1.800000E+02     5  2.913517E+02  8.998838E+01  5.910900E-02  2.913517E+02
  2.850000E+01 -1.800000E+02     6  5.409573E-16  9.000000E+01 -5.409573E-16  1.695215E-23
  2.850000E+01 -1.500000E+02     1  2.032916E+01 -9.001163E+01 -4.124374E-03 -2.032916E+01
  2.850000E+01 -1.500000E+02     2  1.173707E+01 -9.001163E+01 -2.381200E-03 -1.173707E+01
  2.850000E+01 -1.500000E+02     3  6.081241E+01  5.019329E-02  6.081239E+01  5.327398E-02
  2.850000E+01 -1.500000E+02     4  1.456763E+02 -9.001163E+01 -2.955471E-02 -1.456763E+02
  2.850000E+01 -1.500000E+02     5  2.523180E+02  8.998838E+01  5.119013E-02  2.523180E+02
  2.850000E+01 -1.500000E+02     6  2.679502E-09 -1.795430E-06  2.679502E-09 -8.396531E-17
  2.850000E+01 -1.200000E+02     1  1.173705E+01 -9.001163E+01 -2.381207E-03 -1.173705E+01
  2.850000E+01 -1.200000E+02     2  2.032916E+01 -9.001163E+01 -4.124365E-03 -2.032916E+01
  2.850000E+01 -1.200000E+02     3  6.081208E+01  5.019283E-02  6.081206E+01  5.327321E-02
  2.850000E+01 -1.200000E+02     4  2.523191E+02 -9.001163E+01 -5.119017E-02 -2.523191E+02
  2.850000E+01 -1.200000E+02     5  1.456764E+02  8.998838E+01  2.955447E-02  1.456764E+02
  2.850000E+01 -1.200000E+02     6  2.679697E-09 -1.795299E-06  2.679697E-09 -8.396532E-17
  2.850000E+01 -9.000000E+01     1  1.026089E-06 -9.001163E+01 -2.081730E-10 -1.026089E-06
  2.850000E+01 -9.000000E+01     2  2.347414E+01 -9.001163E+01 -4.762401E-03 -2.347414E+01
  2.850000E+01 -9.000000E+01     3  6.081272E+01  5.019311E-02  6.081269E+01  5.327407E-02
  2.850000E+01 -9.000000E+01     4  2.913523E+02 -9.001163E+01 -5.910939E-02 -2.913523E+02
  2.850000E+01 -9.000000E+01     5  1.273542E-05  8.998838E+01  2.583747E-09  1.273542E-05
  2.850000E+01 -9.000000E+01     6  2.705168E-16 -9.000000E+01  2.705168E-16 -8.476071E-24
  2.850000E+01 -6.000000E+01     1  1.173703E+01  8.998838E+01  2.381206E-03  1.173703E+01
  2.850000E+01 -6.000000E+01     2  2.032916E+01 -9.001163E+01 -4.124364E-03 -2.032916E+01
  2.850000E+01 -6.000000E+01     3  6.081208E+01  5.019283E-02  6.081206E+01  5.327321E-02
  2.850000E+01 -6.000000E+01     4  2.523191E+02 -9.001163E+01 -5.119012E-02 -2.523191E+02
  2.850000E+01 -6.000000E+01     5  1.456764E+02 -9.001162E+01 -2.955447E-02 -1.456764E+02
  2.850000E+01 -6.000000E+01     6  2.679699E-09  1.800000E+02 -2.679699E-09  8.396543E-17
  2.850000E+01 -3.000000E+01     1  2.032915E+01  8.998838E+01  4.124375E-03  2.032915E+01
  2.850000E+01 -3.000000E+01     2  1.173707E+01 -9.001163E+01 -2.381201E-03 -1.173707E+01
  2.850000E+01 -3.000000E+01     3  6.081241E+01  5.019329E-02  6.081239E+01  5.327398E-02
  2.850000E+01 -3.000000E+01     4  1.456763E+02 -9.001163E+01 -2.955468E-02 -1.456763E+02
  2.850000E+01 -3.000000E+01     5  2.523181E+02 -9.001163E+01 -5.119013E-02 -2.523181E+02
  2.850000E+01 -3.000000E+01     6  2.679506E-09  1.800000E+02 -2.679506E-09  8.396534E-17
  2.850000E+01  0.000000E+00     1  2.347410E+01  8.998838E+01  4.762412E-03  2.347410E+01
  2.850000E+01  0.000000E+00     2  0.000000E+00  9.000000E+01  0.000000E+00  0.000000E+00
  2.850000E+01  0.000000E+00     3  6.081234E+01  5.019299E-02  6.081232E+01  5.327361E-02
  2.850000E+01  0.000000E+00     4  0.000000E+00  9.000000E+01  0.000000E+00  0.000000E+00
  2.850000E+01  0.000000E+00     5  2.913517E+02 -9.001163E+01 -5.910900E-02 -2.913517E+02
  2.850000E+01  0.000000E+00     6  0.000000E+00  9.000000E+01  0.000000E+00  0.000000E+00
  2.850000E+01  3.000000E+01     1  2.032915E+01  8.998838E+01  4.124375E-03  2.032915E+01
  2.850000E+01  3.000000E+01     2  1.173707E+01  8.998838E+01  2.381201E-03  1.173707E+01
  2.850000E+01  3.000000E+01     3  6.081241E+01  5.019329E-02  6.081239E+01  5.327398E-02
  2.850000E+01  3.000000E+01     4  1.456763E+02  8.998838E+01  2.955468E-02  1.456763E+02
  2.850000E+01  3.000000E+01     5  2.523181E+02 -9.001163E+01 -5.119013E-02 -2.523181E+02
  2.850000E+01  3.000000E+01     6  2.679506E-09 -1.795428E-06  2.679506E-09 -8.396534E-17
  2.850000E+01  6.000000E+01     1  1.173703E+01  8.998838E+01  2.381206E-03  1.173703E+01
  2.850000E+01  6.000000E+01     2  2.032916E+01  8.998838E+01  4.124364E-03  2.032916E+01
  2.850000E+01  6.000000E+01     3  6.081208E+01  5.019283E-02  6.081206E+01  5.327321E-02
  2.850000E+01  6.000000E+01     4  2.523191E+02  8.998838E+01  5.119012E-02  2.523191E+02
  2.850000E+01  6.000000E+01     5  1.456764E+02 -9.001162E+01 -2.955447E-02 -1.456764E+02
  2.850000E+01  6.000000E+01     6  2.679699E-09 -1.795300E-06  2.679699E-09 -8.396543E-17
  2.850000E+01  9.000000E+01     1  1.026089E-06 -9.001163E+01 -2.081730E-10 -1.026089E-06
  2.850000E+01  9.000000E+01     2  2.347414E+01  8.998838E+01  4.762401E-03  2.347414E+01
  2.850000E+01  9.000000E+01     3  6.081272E+01  5.019311E-02  6.081269E+01  5.327407E-02
  2.850000E+01  9.000000E+01     4  2.913523E+02  8.998838E+01  5.910939E-02  2.913523E+02
  2.850000E+01  9.000000E+01     5  1.273542E-05  8.998838E+01  2.583747E-09  1.273542E-05
  2.850000E+01  9.000000E+01     6  2.705168E-16  9.000000E+01 -2.705168E-16  8.476071E-24
  2.850000E+01  1.200000E+02     1  1.173705E+01 -9.001163E+01 -2.381207E-03 -1.173705E+01
  2.850000E+01  1.200000E+02     2  2.032916E+01  8.998838E+01  4.124365E-03  2.032916E+01
  2.850000E+01  1.200000E+02     3  6.081208E+01  5.019283E-02  6.081206E+01  5.327321E-02
  2.850000E+01  1.200000E+02     4  2.523191E+02  8.998838E+01  5.119017E-02  2.523191E+02
  2.850000E+01  1.200000E+02     5  1.456764E+02  8.998838E+01  2.955447E-02  1.456764E+02
  2.850000E+01  1.200000E+02     6  2.679697E-09  1.800000E+02 -2.679697E-09  8.396532E-17
  2.850000E+01  1.500000E+02     1  2.032916E+01 -9.001163E+01 -4.124374E-03 -2.032916E+01
  2.850000E+01  1.500000E+02     2  1.173707E+01  8.998838E+01  2.381200E-03  1.173707E+01
  2.850000E+01  1.500000E+02     3  6.081241E+01  5.019329E-02  6.081239E+01  5.327398E-02
  2.850000E+01  1.500000E+02     4  1.456763E+02  8.998838E+01  2.955471E-02  1.456763E+02
  2.850000E+01  1.500000E+02     5  2.523180E+02  8.998838E+01  5.119013E-02  2.523180E+02
  2.850000E+01  1.500000E+02     6  2.679502E-09  1.800000E+02 -2.679502E-09  8.396531E-17
  2.850000E+01  1.800000E+02     1  2.347410E+01 -9.001163E+01 -4.762412E-03 -2.347410E+01
  2.850000E+01  1.800000E+02     2  2.052179E-06 -9.001163E+01 -4.163428E-10 -2.052179E-06
  2.850000E+01  1.800000E+02     3  6.081234E+01  5.019299E-02  6.081232E+01  5.327361E-02
  2.850000E+01  1.800000E+02     4  2.547088E-05 -9.001163E+01 -5.167492E-09 -2.547088E-05
  2.850000E+01  1.800000E+02     5  2.913517E+02  8.998838E+01  5.910900E-02  2.913517E+02
  2.850000E+01  1.800000E+02     6  5.409573E-16 -9.000000E+01  5.409573E-16 -1.695215E-23
  2.900000E+01 -1.800000E+02     1  2.299986E+01 -9.001096E+01 -4.400737E-03 -2.299986E+01
  2.900000E+01 -1.800000E+02     2  2.010713E-06  8.998904E+01  3.847241E-10  2.010713E-06
  2.900000E+01 -1.800000E+02     3  6.139114E+01  4.797629E-02  6.139112E+01  5.140552E-02
  2.900000E+01 -1.800000E+02     4  2.496877E-05  8.998904E+01  4.777444E-09  2.496877E-05
  2.900000E+01 -1.800000E+02     5  2.856094E+02  8.998904E+01  5.464763E-02  2.856094E+02
  2.900000E+01 -1.800000E+02     6  5.182424E-16  9.000000E+01 -5.182424E-16  1.466882E-23
  2.900000E+01 -1.500000E+02     1  1.991852E+01 -9.001096E+01 -3.811155E-03 -1.991852E+01
  2.900000E+01 -1.500000E+02     2  1.149997E+01 -9.001096E+01 -2.200360E-03 -1.149997E+01
  2.900000E+01 -1.500000E+02     3  6.139141E+01  4.797699E-02  6.139139E+01  5.140649E-02
  2.900000E+01 -1.500000E+02     4  1.428043E+02 -9.001096E+01 -2.732376E-02 -1.428043E+02
  2.900000E+01 -1.500000E+02     5  2.473446E+02  8.998904E+01  4.732619E-02  2.473446E+02
  2.900000E+01 -1.500000E+02     6  2.566991E-09 -1.621692E-06  2.566991E-09 -7.265575E-17
  2.900000E+01 -1.200000E+02     1  1.149992E+01 -9.001096E+01 -2.200372E-03 -1.149992E+01
  2.900000E+01 -1.200000E+02     2  1.991854E+01 -9.001096E+01 -3.811139E-03 -1.991854E+01
  2.900000E+01 -1.200000E+02     3  6.139193E+01  4.797643E-02  6.139190E+01  5.140631E-02
  2.900000E+01 -1.200000E+02     4  2.473450E+02 -9.001096E+01 -4.732608E-02 -2.473450E+02
  2.900000E+01 -1.200000E+02     5  1.428045E+02  8.998904E+01  2.732385E-02  1.428045E+02
  2.900000E+01 -1.200000E+02     6  2.567172E-09 -1.621577E-06  2.567172E-09 -7.265572E-17
  2.900000E+01 -9.000000E+01     1  1.005356E-06 -9.001096E+01 -1.923620E-10 -1.005356E-06
  2.900000E+01 -9.000000E+01     2  2.299990E+01 -9.001096E+01 -4.400725E-03 -2.299990E+01
  2.900000E+01 -9.000000E+01     3  6.139162E+01  4.797670E-02  6.139160E+01  5.140635E-02
  2.900000E+01 -9.000000E+01     4  2.856084E+02 -9.001096E+01 -5.464754E-02 -2.856084E+02
  2.900000E+01 -9.000000E+01     5  1.248435E-05  8.998904E+01  2.388726E-09  1.248435E-05
  2.900000E+01 -9.000000E+01     6  2.591578E-16 -9.000000E+01  2.591578E-16 -7.334417E-24
  2.900000E+01 -6.000000E+01     1  1.149993E+01  8.998904E+01  2.200372E-03  1.149993E+01
  2.900000E+01 -6.000000E+01     2  1.991856E+01 -9.001096E+01 -3.811138E-03 -1.991856E+01
  2.900000E+01 -6.000000E+01     3  6.139191E+01  4.797661E-02  6.139189E+01  5.140650E-02
  2.900000E+01 -6.000000E+01     4  2.473452E+02 -9.001096E+01 -4.732608E-02 -2.473452E+02
  2.900000E+01 -6.000000E+01     5  1.428046E+02 -9.001096E+01 -2.732385E-02 -1.428046E+02
  2.900000E+01 -6.000000E+01     6  2.567179E-09  1.800000E+02 -2.567179E-09  7.265580E-17
  2.900000E+01 -3.000000E+01     1  1.991854E+01  8.998904E+01  3.811154E-03  1.991854E+01
  2.900000E+01 -3.000000E+01     2  1.149996E+01 -9.001096E+01 -2.200360E-03 -1.149996E+01
  2.900000E+01 -3.000000E+01     3  6.139141E+01  4.797699E-02  6.139139E+01  5.140649E-02
  2.900000E+01 -3.000000E+01     4  1.428042E+02 -9.001096E+01 -2.732376E-02 -1.428042E+02
  2.900000E+01 -3.000000E+01     5  2.473446E+02 -9.001096E+01 -4.732624E-02 -2.473446E+02
  2.900000E+01 -3.000000E+01     6  2.566991E-09  1.800000E+02 -2.566991E-09  7.265575E-17
  2.900000E+01  0.000000E+00     1  2.299986E+01  8.998904E+01  4.400737E-03  2.299986E+01
  2.900000E+01  0.000000E+00     2  0.000000E+00  9.000000E+01  0.000000E+00  0.000000E+00
  2.900000E+01  0.000000E+00     3  6.139114E+01  4.797629E-02  6.139112E+01  5.140552E-02
  2.900000E+01  0.000000E+00     4  0.000000E+00  9.000000E+01  0.000000E+00  0.000000E+00
  2.900000E+01  0.000000E+00     5  2.856094E+02 -9.001096E+01 -5.464763E-02 -2.856094E+02
  2.900000E+01  0.000000E+00     6  0.000000E+00  9.000000E+01  0.000000E+00  0.000000E+00
  2.900000E+01  3.000000E+01     1  1.991854E+01  8.998904E+01  3.811154E-03  1.991854E+01
  2.900000E+01  3.000000E+01     2  1.149996E+01  8.998904E+01  2.200360E-03  1.149996E+01
  2.900000E+01  3.000000E+01     3  6.139141E+01  4.797699E-02  6.139139E+01  5.140649E-02
  2.900000E+01  3.000000E+01     4  1.428042E+02  8.998904E+01  2.732376E-02  1.428042E+02
  2.900000E+01  3.000000E+01     5  2.473446E+02 -9.001096E+01 -4.732624E-02 -2.473446E+02
  2.900000E+01  3.000000E+01     6  2.566991E-09 -1.621692E-06  2.566991E-09 -7.265575E-17
  2.900000E+01  6.000000E+01     1  1.149993E+01  8.998904E+01  2.200372E-03  1.149993E+01
  2.900000E+01  6.000000E+01     2  1.991856E+01  8.998904E+01  3.811138E-03  1.991856E+01
  2.900000E+01  6.000000E+01     3  6.139191E+01  4.797661E-02  6.139189E+01  5.140650E-02
  2.900000E+01  6.000000E+01     4  2.473452E+02  8.998904E+01  4.732608E-02  2.473452E+02
  2.900000E+01  6.000000E+01     5  1.428046E+02 -9.001096E+01 -2.732385E-02 -1.428046E+02
  2.900000E+01  6.000000E+01     6  2.567179E-09 -1.621574E-06  2.567179E-09 -7.265580E-17
  2.900000E+01  9.000000E+01     1  1.005356E-06 -9.001096E+01 -1.923620E-10 -1.005356E-06
  2.900000E+01  9.000000E+01     2  2.299990E+01  8.998904E+01  4.400725E-03  2.299990E+01
  2.900000E+01  9.000000E+01     3  6.139162E+01  4.797670E-02  6.139160E+01  5.140635E-02
  2.900000E+01  9.000000E+01     4  2.856084E+02  8.998904E+01  5.464754E-02  2.856084E+02
  2.900000E+01  9.000000E+01     5  1.248435E-05  8.998904E+01  2.388726E-09  1.248435E-05
  2.900000E+01  9.000000E+01     6  2.591578E-16  9.000000E+01 -2.591578E-16  7.334417E-24
  2.900000E+01  1.200000E+02     1  1.149992E+01 -9.001096E+01 -2.200372E-03 -1.149992E+01
  2.900000E+01  1.200000E+02     2  1.991854E+01  8.998904E+01  3.811139E-03  1.991854E+01
  2.900000E+01  1.200000E+02     3  6.139193E+01  4.797643E-02  6.139190E+01  5.140631E-02
  2.900000E+01  1.200000E+02     4  2.473450E+02  8.998904E+01  4.732608E-02  2.473450E+02
  2.900000E+01  1.200000E+02     5  1.428045E+02  8.998904E+01  2.732385E-02  1.428045E+02
  2.900000E+01  1.200000E+02     6  2.567172E-09  1.800000E+02 -2.567172E-09  7.265572E-17
  2.900000E+01  1.500000E+02     1  1.991852E+01 -9.001096E+01 -3.811155E-03 -1.991852E+01
  2.900000E+01  1.500000E+02     2  1.149997E+01  8.998904E+01  2.200360E-03  1.149997E+01
  2.900000E+01  1.500000E+02     3  6.139141E+01  4.797699E-02  6.139139E+01  5.140649E-02
  2.900000E+01  1.500000E+02     4  1.428043E+02  8.998904E+01  2.732376E-02  1.428043E+02
  2.900000E+01  1.500000E+02     5  2.473446E+02  8.998904E+01  4.732619E-02  2.473446E+02
  2.900000E+01  1.500000E+02     6  2.566991E-09  1.800000E+02 -2.566991E-09  7.265575E-17
  2.900000E+01  1.800000E+02     1  2.299986E+01 -9.001096E+01 -4.400737E-03 -2.299986E+01
  2.900000E+01  1.800000E+02     2  2.010713E-06 -9.001096E+01 -3.847241E-10 -2.010713E-06
  2.900000E+01  1.800000E+02     3  6.139114E+01  4.797629E-02  6.139112E+01  5.140552E-02
  2.900000E+01  1.800000E+02     4  2.496877E-05 -9.001096E+01 -4.777444E-09 -2.496877E-05
  2.900000E+01  1.800000E+02     5  2.856094E+02  8.998904E+01  5.464763E-02  2.856094E+02
  2.900000E+01  1.800000E+02     6  5.182424E-16 -9.000000E+01  5.182424E-16 -1.466882E-23
  2.950000E+01 -1.800000E+02     1  2.254563E+01 -9.001036E+01 -4.075848E-03 -2.254563E+01
  2.950000E+01 -1.800000E+02     2  1.971015E-06  8.998964E+01  3.563217E-10  1.971015E-06
  2.950000E+01 -1.800000E+02     3  6.194437E+01  4.590891E-02  6.194435E+01  4.963364E-02
  2.950000E+01 -1.800000E+02     4  2.448734E-05  8.998964E+01  4.426847E-09  2.448734E-05
  2.950000E+01 -1.800000E+02     5  2.801028E+02  8.998964E+01  5.063732E-02  2.801028E+02
  2.950000E+01 -1.800000E+02     6  4.969973E-16  9.000000E+01 -4.969973E-16  1.272031E-23
  2.950000E+01 -1.500000E+02     1  1.952508E+01 -9.001036E+01 -3.529802E-03 -1.952508E+01
  2.950000E+01 -1.500000E+02     2  1.127288E+01 -9.001036E+01 -2.037921E-03 -1.127288E+01
  2.950000E+01 -1.500000E+02     3  6.194378E+01  4.590907E-02  6.194376E+01  4.963334E-02
  2.950000E+01 -1.500000E+02     4  1.400510E+02 -9.001036E+01 -2.531869E-02 -1.400510E+02
  2.950000E+01 -1.500000E+02     5  2.425740E+02  8.998964E+01  4.385298E-02  2.425740E+02
  2.950000E+01 -1.500000E+02     6  2.461754E-09 -1.466397E-06  2.461754E-09 -6.300479E-17
  2.950000E+01 -1.200000E+02     1  1.127283E+01 -9.001036E+01 -2.037924E-03 -1.127283E+01
  2.950000E+01 -1.200000E+02     2  1.952522E+01 -9.001036E+01 -3.529776E-03 -1.952522E+01
  2.950000E+01 -1.200000E+02     3  6.194477E+01  4.590966E-02  6.194475E+01  4.963477E-02
  2.950000E+01 -1.200000E+02     4  2.425752E+02 -9.001036E+01 -4.385302E-02 -2.425752E+02
  2.950000E+01 -1.200000E+02     5  1.400517E+02  8.998964E+01  2.531864E-02  1.400517E+02
  2.950000E+01 -1.200000E+02     6  2.461918E-09 -1.466302E-06  2.461918E-09 -6.300492E-17
  2.950000E+01 -9.000000E+01     1  9.855020E-07 -9.001036E+01 -1.781604E-10 -9.855020E-07
  2.950000E+01 -9.000000E+01     2  2.254574E+01 -9.001036E+01 -4.075846E-03 -2.254574E+01
  2.950000E+01 -9.000000E+01     3  6.194495E+01  4.590895E-02  6.194493E+01  4.963414E-02
  2.950000E+01 -9.000000E+01     4  2.801020E+02 -9.001036E+01 -5.063739E-02 -2.801020E+02
  2.950000E+01 -9.000000E+01     5  1.224363E-05  8.998964E+01  2.213427E-09  1.224363E-05
  2.950000E+01 -9.000000E+01     6  2.485325E-16 -9.000000E+01  2.485325E-16 -6.360150E-24
  2.950000E+01 -6.000000E+01     1  1.127283E+01  8.998964E+01  2.037923E-03  1.127283E+01
  2.950000E+01 -6.000000E+01     2  1.952521E+01 -9.001036E+01 -3.529773E-03 -1.952521E+01
  2.950000E+01 -6.000000E+01     3  6.194477E+01  4.590966E-02  6.194475E+01  4.963477E-02
  2.950000E+01 -6.000000E+01     4  2.425751E+02 -9.001036E+01 -4.385298E-02 -2.425751E+02
  2.950000E+01 -6.000000E+01     5  1.400518E+02 -9.001036E+01 -2.531866E-02 -1.400518E+02
  2.950000E+01 -6.000000E+01     6  2.461921E-09  1.800000E+02 -2.461921E-09  6.300484E-17
  2.950000E+01 -3.000000E+01     1  1.952507E+01  8.998964E+01  3.529800E-03  1.952507E+01
  2.950000E+01 -3.000000E+01     2  1.127288E+01 -9.001036E+01 -2.037922E-03 -1.127288E+01
  2.950000E+01 -3.000000E+01     3  6.194378E+01  4.590907E-02  6.194376E+01  4.963334E-02
  2.950000E+01 -3.000000E+01     4  1.400510E+02 -9.001036E+01 -2.531869E-02 -1.400510E+02
  2.950000E+01 -3.000000E+01     5  2.425740E+02 -9.001036E+01 -4.385300E-02 -2.425740E+02
  2.950000E+01 -3.000000E+01     6  2.461755E-09  1.800000E+02 -2.461755E-09  6.300475E-17
  2.950000E+01  0.000000E+00     1  2.254563E+01  8.998964E+01  4.075848E-03  2.254563E+01
  2.950000E+01  0.000000E+00     2  0.000000E+00  9.000000E+01  0.000000E+00  0.000000E+00
  2.950000E+01  0.000000E+00     3  6.194437E+01  4.590891E-02  6.194435E+01  4.963364E-02
  2.950000E+01  0.000000E+00     4  0.000000E+00  9.000000E+01  0.000000E+00  0.000000E+00
  2.950000E+01  0.000000E+00     5  2.801028E+02 -9.001036E+01 -5.063732E-02 -2.801028E+02
  2.950000E+01  0.000000E+00     6  0.000000E+00  9.000000E+01  0.000000E+00  0.000000E+00
  2.950000E+01  3.000000E+01     1  1.952507E+01  8.998964E+01  3.529800E-03  1.952507E+01
  2.950000E+01  3.000000E+01     2  1.127288E+01  8.998964E+01  2.037922E-03  1.127288E+01
  2.950000E+01  3.000000E+01     3  6.194378E+01  4.590907E-02  6.194376E+01  4.963334E-02
  2.950000E+01  3.000000E+01     4  1.400510E+02  8.998964E+01  2.531869E-02  1.400510E+02
  2.950000E+01  3.000000E+01     5  2.425740E+02 -9.001036E+01 -4.385300E-02 -2.425740E+02
  2.950000E+01  3.000000E+01     6  2.461755E-09 -1.466395E-06  2.461755E-09 -6.300475E-17
  2.950000E+01  6.000000E+01     1  1.127283E+01  8.998964E+01  2.037923E-03  1.127283E+01
  2.950000E+01  6.000000E+01     2  1.952521E+01  8.998964E+01  3.529773E-03  1.952521E+01
  2.950000E+01  6.000000E+01     3  6.194477E+01  4.590966E-02  6.194475E+01  4.963477E-02
  2.950000E+01  6.000000E+01     4  2.425751E+02  8.998964E+01  4.385298E-02  2.425751E+02
  2.950000E+01  6.000000E+01     5  1.400518E+02 -9.001036E+01 -2.531866E-02 -1.400518E+02
  2.950000E+01  6.000000E+01     6  2.461921E-09 -1.466299E-06  2.461921E-09 -6.300484E-17
  2.950000E+01  9.000000E+01     1  9.855020E-07 -9.001036E+01 -1.781604E-10 -9.855020E-07
  2.950000E+01  9.000000E+01     2  2.254574E+01  8.998964E+01  4.075846E-03  2.254574E+01
  2.950000E+01  9.000000E+01     3  6.194495E+01  4.590895E-02  6.194493E+01  4.963414E-02
  2.950000E+01  9.000000E+01     4  2.801020E+02  8.998964E+01  5.063739E-02  2.801020E+02
  2.950000E+01  9.000000E+01     5  1.224363E-05  8.998964E+01  2.213427E-09  1.224363E-05
  2.950000E+01  9.000000E+01     6  2.485325E-16  9.000000E+01 -2.485325E-16  6.360150E-24
  2.950000E+01  1.200000E+02     1  1.127283E+01 -9.001036E+01 -2.037924E-03 -1.127283E+01
  2.950000E+01  1.200000E+02     2  1.952522E+01  8.998964E+01  3.529776E-03  1.952522E+01
  2.950000E+01  1.200000E+02     3  6.194477E+01  4.590966E-02  6.194475E+01  4.963477E-02
  2.950000E+01  1.200000E+02     4  2.425752E+02  8.998964E+01  4.385302E-02  2.425752E+02
  2.950000E+01  1.200000E+02     5  1.400517E+02  8.998964E+01  2.531864E-02  1.400517E+02
  2.950000E+01  1.200000E+02     6  2.461918E-09  1.800000E+02 -2.461918E-09  6.300492E-17
  2.950000E+01  1.500000E+02     1  1.952508E+01 -9.001036E+01 -3.529802E-03 -1.952508E+01
  2.950000E+01  1.500000E+02     2  1.127288E+01  8.998964E+01  2.037921E-03  1.127288E+01
  2.950000E+01  1.500000E+02     3  6.194378E+01  4.590907E-02  6.194376E+01  4.963334E-02
  2.950000E+01  1.500000E+02     4  1.400510E+02  8.998964E+01  2.531869E-02  1.400510E+02
  2.950000E+01  1.500000E+02     5  2.425740E+02  8.998964E+01  4.385298E-02  2.425740E+02
  2.950000E+01  1.500000E+02     6  2.461754E-09  1.800000E+02 -2.461754E-09  6.300479E-17
  2.950000E+01  1.800000E+02     1  2.254563E+01 -9.001036E+01 -4.075848E-03 -2.254563E+01
  2.950000E+01  1.800000E+02     2  1.971015E-06 -9.001036E+01 -3.563217E-10 -1.971015E-06
  2.950000E+01  1.800000E+02     3  6.194437E+01  4.590891E-02  6.194435E+01  4.963364E-02
  2.950000E+01  1.800000E+02     4  2.448734E-05 -9.001036E+01 -4.426847E-09 -2.448734E-05
  2.950000E+01  1.800000E+02     5  2.801028E+02  8.998964E+01  5.063732E-02  2.801028E+02
  2.950000E+01  1.800000E+02     6  4.969973E-16 -9.000000E+01  4.969973E-16 -1.272031E-23
  3.000000E+01 -1.800000E+02     1  2.211023E+01 -9.000980E+01 -3.783139E-03 -2.211023E+01
  3.000000E+01 -1.800000E+02     2  1.932941E-06  8.999020E+01  3.307308E-10  1.932941E-06
  3.000000E+01 -1.800000E+02     3  6.247129E+01  4.397536E-02  6.247127E+01  4.794764E-02
  3.000000E+01 -1.800000E+02     4  2.402517E-05  8.999020E+01  4.110758E-09  2.402517E-05
  3.000000E+01 -1.800000E+02     5  2.748163E+02  8.999020E+01  4.702158E-02  2.748163E+02
  3.000000E+01 -1.800000E+02     6  4.770919E-16  9.000000E+01 -4.770919E-16  1.109267E-23
  3.000000E+01 -1.500000E+02     1  1.914805E+01 -9.000980E+01 -3.276291E-03 -1.914805E+01
  3.000000E+01 -1.500000E+02     2  1.105515E+01 -9.000980E+01 -1.891563E-03 -1.105515E+01
  3.000000E+01 -1.500000E+02     3  6.247104E+01  4.397541E-02  6.247102E+01  4.794750E-02
  3.000000E+01 -1.500000E+02     4  1.374083E+02 -9.000980E+01 -2.351081E-02 -1.374083E+02
  3.000000E+01 -1.500000E+02     5  2.379974E+02  8.999020E+01  4.072206E-02  2.379974E+02
  3.000000E+01 -1.500000E+02     6  2.363155E-09 -1.332118E-06  2.363155E-09 -5.494302E-17
  3.000000E+01 -1.200000E+02     1  1.105509E+01 -9.000980E+01 -1.891569E-03 -1.105509E+01
  3.000000E+01 -1.200000E+02     2  1.914806E+01 -9.000980E+01 -3.276282E-03 -1.914806E+01
  3.000000E+01 -1.200000E+02     3  6.247181E+01  4.397511E-02  6.247179E+01  4.794776E-02
  3.000000E+01 -1.200000E+02     4  2.379984E+02 -9.000980E+01 -4.072212E-02 -2.379984E+02
  3.000000E+01 -1.200000E+02     5  1.374075E+02  8.999020E+01  2.351074E-02  1.374075E+02
  3.000000E+01 -1.200000E+02     6  2.363308E-09 -1.332032E-06  2.363308E-09 -5.494301E-17
  3.000000E+01 -9.000000E+01     1  9.664699E-07 -9.000980E+01 -1.653656E-10 -9.664699E-07
  3.000000E+01 -9.000000E+01     2  2.211027E+01 -9.000980E+01 -3.783126E-03 -2.211027E+01
  3.000000E+01 -9.000000E+01     3  6.247107E+01  4.397578E-02  6.247105E+01  4.794792E-02
  3.000000E+01 -9.000000E+01     4  2.748170E+02 -9.000980E+01 -4.702160E-02 -2.748170E+02
  3.000000E+01 -9.000000E+01     5  1.201258E-05  8.999020E+01  2.055385E-09  1.201258E-05
  3.000000E+01 -9.000000E+01     6  2.385759E-16 -9.000000E+01  2.385759E-16 -5.546335E-24
  3.000000E+01 -6.000000E+01     1  1.105510E+01  8.999020E+01  1.891570E-03  1.105510E+01
  3.000000E+01 -6.000000E+01     2  1.914806E+01 -9.000980E+01 -3.276285E-03 -1.914806E+01
  3.000000E+01 -6.000000E+01     3  6.247181E+01  4.397511E-02  6.247179E+01  4.794776E-02
  3.000000E+01 -6.000000E+01     4  2.379985E+02 -9.000980E+01 -4.072208E-02 -2.379985E+02
  3.000000E+01 -6.000000E+01     5  1.374075E+02 -9.000980E+01 -2.351077E-02 -1.374075E+02
  3.000000E+01 -6.000000E+01     6  2.363309E-09  1.800000E+02 -2.363309E-09  5.494301E-17
  3.000000E+01 -3.000000E+01     1  1.914806E+01  8.999020E+01  3.276289E-03  1.914806E+01
  3.000000E+01 -3.000000E+01     2  1.105515E+01 -9.000980E+01 -1.891563E-03 -1.105515E+01
  3.000000E+01 -3.000000E+01     3  6.247104E+01  4.397541E-02  6.247102E+01  4.794750E-02
  3.000000E+01 -3.000000E+01     4  1.374082E+02 -9.000980E+01 -2.351082E-02 -1.374082E+02
  3.000000E+01 -3.000000E+01     5  2.379975E+02 -9.000980E+01 -4.072206E-02 -2.379975E+02
  3.000000E+01 -3.000000E+01     6  2.363155E-09  1.800000E+02 -2.363155E-09  5.494306E-17
  3.000000E+01  0.000000E+00     1  2.211023E+01  8.999020E+01  3.783139E-03  2.211023E+01
  3.000000E+01  0.000000E+00     2  0.000000E+00  9.000000E+01  0.000000E+00  0.000000E+00
  3.000000E+01  0.000000E+00     3  6.247129E+01  4.397536E-02  6.247127E+01  4.794764E-02
  3.000000E+01  0.000000E+00     4  0.000000E+00  9.000000E+01  0.000000E+00  0.000000E+00
  3.000000E+01  0.000000E+00     5  2.748163E+02 -9.000980E+01 -4.702158E-02 -2.748163E+02
  3.000000E+01  0.000000E+00     6  0.000000E+00  9.000000E+01  0.000000E+00  0.000000E+00
  3.000000E+01  3.000000E+01     1  1.914806E+01  8.999020E+01  3.276289E-03  1.914806E+01
  3.000000E+01  3.000000E+01     2  1.105515E+01  8.999020E+01  1.891563E-03  1.105515E+01
  3.000000E+01  3.000000E+01     3  6.247104E+01  4.397541E-02  6.247102E+01  4.794750E-02
  3.000000E+01  3.000000E+01     4  1.374082E+02  8.999020E+01  2.351082E-02  1.374082E+02
  3.000000E+01  3.000000E+01     5  2.379975E+02 -9.000980E+01 -4.072206E-02 -2.379975E+02
  3.000000E+01  3.000000E+01     6  2.363155E-09 -1.332120E-06  2.363155E-09 -5.494306E-17
  3.000000E+01  6.000000E+01     1  1.105510E+01  8.999020E+01  1.891570E-03  1.105510E+01
  3.000000E+01  6.000000E+01     2  1.914806E+01  8.999020E+01  3.276285E-03  1.914806E+01
  3.000000E+01  6.000000E+01     3  6.247181E+01  4.397511E-02  6.247179E+01  4.794776E-02
  3.000000E+01  6.000000E+01     4  2.379985E+02  8.999020E+01  4.072208E-02  2.379985E+02
  3.000000E+01  6.000000E+01     5  1.374075E+02 -9.000980E+01 -2.351077E-02 -1.374075E+02
  3.000000E+01  6.000000E+01     6  2.363309E-09 -1.332032E-06  2.363309E-09 -5.494301E-17
  3.000000E+01  9.000000E+01     1  9.664699E-07 -9.000980E+01 -1.653656E-10 -9.664699E-07
  3.000000E+01  9.000000E+01     2  2.211027E+01  8.999020E+01  3.783126E-03  2.211027E+01
  3.000000E+01  9.000000E+01     3  6.247107E+01  4.397578E-02  6.247105E+01  4.794792E-02
  3.000000E+01  9.000000E+01     4  2.748170E+02  8.999020E+01  4.702160E-02  2.748170E+02
  3.000000E+01  9.000000E+01     5  1.201258E-05  8.999020E+01  2.055385E-09  1.201258E-05
  3.000000E+01  9.000000E+01     6  2.385759E-16  9.000000E+01 -2.385759E-16  5.546335E-24
  3.000000E+01  1.200000E+02     1  1.105509E+01 -9.000980E+01 -1.891569E-03 -1.105509E+01
  3.000000E+01  1.200000E+02     2  1.914806E+01  8.999020E+01  3.276282E-03  1.914806E+01
  3.000000E+01  1.200000E+02     3  6.247181E+01  4.397511E-02  6.247179E+01  4.794776E-02
  3.000000E+01  1.200000E+02     4  2.379984E+02  8.999020E+01  4.072212E-02  2.379984E+02
  3.000000E+01  1.200000E+02     5  1.374075E+02  8.999020E+01  2.351074E-02  1.374075E+02
  3.000000E+01  1.200000E+02     6  2.363308E-09  1.800000E+02 -2.363308E-09  5.494301E-17
  3.000000E+01  1.500000E+02     1  1.914805E+01 -9.000980E+01 -3.276291E-03 -1.914805E+01
  3.000000E+01  1.500000E+02     2  1.105515E+01  8.999020E+01  1.891563E-03  1.105515E+01
  3.000000E+01  1.500000E+02     3  6.247104E+01  4.397541E-02  6.247102E+01  4.794750E-02
  3.000000E+01  1.500000E+02     4  1.374083E+02  8.999020E+01  2.351081E-02  1.374083E+02
  3.000000E+01  1.500000E+02     5  2.379974E+02  8.999020E+01  4.072206E-02  2.379974E+02
  3.000000E+01  1.500000E+02     6  2.363155E-09  1.800000E+02 -2.363155E-09  5.494302E-17
  3.000000E+01  1.800000E+02     1  2.211023E+01 -9.000980E+01 -3.783139E-03 -2.211023E+01
  3.000000E+01  1.800000E+02     2  1.932941E-06 -9.000980E+01 -3.307308E-10 -1.932941E-06
  3.000000E+01  1.800000E+02     3  6.247129E+01  4.397536E-02  6.247127E+01  4.794764E-02
  3.000000E+01  1.800000E+02     4  2.402517E-05 -9.000980E+01 -4.110758E-09 -2.402517E-05
  3.000000E+01  1.800000E+02     5  2.748163E+02  8.999020E+01  4.702158E-02  2.748163E+02
  3.000000E+01  1.800000E+02     6  4.770919E-16 -9.000000E+01  4.770919E-16 -1.109267E-23
  3.050000E+01 -1.800000E+02     1  2.169233E+01 -9.000929E+01 -3.518656E-03 -2.169233E+01
  3.050000E+01 -1.800000E+02     2  1.896410E-06  8.999071E+01  3.076091E-10  1.896410E-06
  3.050000E+01 -1.800000E+02     3  6.297540E+01  4.216399E-02  6.297538E+01  4.634362E-02
  3.050000E+01 -1.800000E+02     4  2.358113E-05  8.999071E+01  3.825009E-09  2.358113E-05
  3.050000E+01 -1.800000E+02     5  2.697370E+02  8.999071E+01  4.375285E-02  2.697370E+02
  3.050000E+01 -1.800000E+02     6  4.584104E-16  9.000000E+01 -4.584104E-16  9.691823E-24
  3.050000E+01 -1.500000E+02     1  1.878612E+01 -9.000929E+01 -3.047237E-03 -1.878612E+01
  3.050000E+01 -1.500000E+02     2  1.084620E+01 -9.000929E+01 -1.759318E-03 -1.084620E+01
  3.050000E+01 -1.500000E+02     3  6.297504E+01  4.216373E-02  6.297503E+01  4.634307E-02
  3.050000E+01 -1.500000E+02     4  1.348688E+02 -9.000929E+01 -2.187647E-02 -1.348688E+02
  3.050000E+01 -1.500000E+02     5  2.335974E+02  8.999071E+01  3.789112E-02  2.335974E+02
  3.050000E+01 -1.500000E+02     6  2.270623E-09 -1.211323E-06  2.270623E-09 -4.800454E-17
  3.050000E+01 -1.200000E+02     1  1.084615E+01 -9.000929E+01 -1.759328E-03 -1.084615E+01
  3.050000E+01 -1.200000E+02     2  1.878620E+01 -9.000929E+01 -3.047229E-03 -1.878620E+01
  3.050000E+01 -1.200000E+02     3  6.297517E+01  4.216306E-02  6.297515E+01  4.634243E-02
  3.050000E+01 -1.200000E+02     4  2.335974E+02 -9.000929E+01 -3.789118E-02 -2.335974E+02
  3.050000E+01 -1.200000E+02     5  1.348689E+02  8.999071E+01  2.187639E-02  1.348689E+02
  3.050000E+01 -1.200000E+02     6  2.270760E-09 -1.211249E-06  2.270760E-09 -4.800451E-17
  3.050000E+01 -9.000000E+01     1  9.482084E-07 -9.000929E+01 -1.538049E-10 -9.482084E-07
  3.050000E+01 -9.000000E+01     2  2.169239E+01 -9.000929E+01 -3.518636E-03 -2.169239E+01
  3.050000E+01 -9.000000E+01     3  6.297404E+01  4.216401E-02  6.297402E+01  4.634264E-02
  3.050000E+01 -9.000000E+01     4  2.697369E+02 -9.000929E+01 -4.375298E-02 -2.697369E+02
  3.050000E+01 -9.000000E+01     5  1.179051E-05  8.999071E+01  1.912509E-09  1.179051E-05
  3.050000E+01 -9.000000E+01     6  2.292335E-16 -9.000000E+01  2.292335E-16 -4.845920E-24
  3.050000E+01 -6.000000E+01     1  1.084616E+01  8.999071E+01  1.759327E-03  1.084616E+01
  3.050000E+01 -6.000000E+01     2  1.878621E+01 -9.000929E+01 -3.047229E-03 -1.878621E+01
  3.050000E+01 -6.000000E+01     3  6.297520E+01  4.216323E-02  6.297519E+01  4.634264E-02
  3.050000E+01 -6.000000E+01     4  2.335977E+02 -9.000929E+01 -3.789119E-02 -2.335977E+02
  3.050000E+01 -6.000000E+01     5  1.348688E+02 -9.000929E+01 -2.187638E-02 -1.348688E+02
  3.050000E+01 -6.000000E+01     6  2.270760E-09  1.800000E+02 -2.270760E-09  4.800449E-17
  3.050000E+01 -3.000000E+01     1  1.878613E+01  8.999071E+01  3.047239E-03  1.878613E+01
  3.050000E+01 -3.000000E+01     2  1.084619E+01 -9.000929E+01 -1.759317E-03 -1.084619E+01
  3.050000E+01 -3.000000E+01     3  6.297504E+01  4.216373E-02  6.297503E+01  4.634307E-02
  3.050000E+01 -3.000000E+01     4  1.348689E+02 -9.000929E+01 -2.187647E-02 -1.348689E+02
  3.050000E+01 -3.000000E+01     5  2.335974E+02 -9.000929E+01 -3.789119E-02 -2.335974E+02
  3.050000E+01 -3.000000E+01     6  2.270620E-09  1.800000E+02 -2.270620E-09  4.800457E-17
  3.050000E+01  0.000000E+00     1  2.169233E+01  8.999071E+01  3.518656E-03  2.169233E+01
  3.050000E+01  0.000000E+00     2  0.000000E+00  9.000000E+01  0.000000E+00  0.000000E+00
  3.050000E+01  0.000000E+00     3  6.297540E+01  4.216399E-02  6.297538E+01  4.634362E-02
  3.050000E+01  0.000000E+00     4  0.000000E+00  9.000000E+01  0.000000E+00  0.000000E+00
  3.050000E+01  0.000000E+00     5  2.697370E+02 -9.000929E+01 -4.375285E-02 -2.697370E+02
  3.050000E+01  0.000000E+00     6  0.000000E+00  9.000000E+01  0.000000E+00  0.000000E+00
  3.050000E+01  3.000000E+01     1  1.878613E+01  8.999071E+01  3.047239E-03  1.878613E+01
  3.050000E+01  3.000000E+01     2  1.084619E+01  8.999071E+01  1.759317E-03  1.084619E+01
  3.050000E+01  3.000000E+01     3  6.297504E+01  4.216373E-02  6.297503E+01  4.634307E-02
  3.050000E+01  3.000000E+01     4  1.348689E+02  8.999071E+01  2.187647E-02  1.348689E+02
  3.050000E+01  3.000000E+01     5  2.335974E+02 -9.000929E+01 -3.789119E-02 -2.335974E+02
  3.050000E+01  3.000000E+01     6  2.270620E-09 -1.211325E-06  2.270620E-09 -4.800457E-17
  3.050000E+01  6.000000E+01     1  1.084616E+01  8.999071E+01  1.759327E-03  1.084616E+01
  3.050000E+01  6.000000E+01     2  1.878621E+01  8.999071E+01  3.047229E-03  1.878621E+01
  3.050000E+01  6.000000E+01     3  6.297520E+01  4.216323E-02  6.297519E+01  4.634264E-02
  3.050000E+01  6.000000E+01     4  2.335977E+02  8.999071E+01  3.789119E-02  2.335977E+02
  3.050000E+01  6.000000E+01     5  1.348688E+02 -9.000929E+01 -2.187638E-02 -1.348688E+02
  3.050000E+01  6.000000E+01     6  2.270760E-09 -1.211248E-06  2.270760E-09 -4.800449E-17
  3.050000E+01  9.000000E+01     1  9.482084E-07 -9.000929E+01 -1.538049E-10 -9.482084E-07
  3.050000E+01  9.000000E+01     2  2.169239E+01  8.999071E+01  3.518636E-03  2.169239E+01
  3.050000E+01  9.000000E+01     3  6.297404E+01  4.216401E-02  6.297402E+01  4.634264E-02
  3.050000E+01  9.000000E+01     4  2.697369E+02  8.999071E+01  4.375298E-02  2.697369E+02
  3.050000E+01  9.000000E+01     5  1.179051E-05  8.999071E+01  1.912509E-09  1.179051E-05
  3.050000E+01  9.000000E+01     6  2.292335E-16  9.000000E+01 -2.292335E-16  4.845920E-24
  3.050000E+01  1.200000E+02     1  1.084615E+01 -9.000929E+01 -1.759328E-03 -1.084615E+01
  3.050000E+01  1.200000E+02     2  1.878620E+01  8.999071E+01  3.047229E-03  1.878620E+01
  3.050000E+01  1.200000E+02     3  6.297517E+01  4.216306E-02  6.297515E+01  4.634243E-02
  3.050000E+01  1.200000E+02     4  2.335974E+02  8.999071E+01  3.789118E-02  2.335974E+02
  3.050000E+01  1.200000E+02     5  1.348689E+02  8.999071E+01  2.187639E-02  1.348689E+02
  3.050000E+01  1.200000E+02     6  2.270760E-09  1.800000E+02 -2.270760E-09  4.800451E-17
  3.050000E+01  1.500000E+02     1  1.878612E+01 -9.000929E+01 -3.047237E-03 -1.878612E+01
  3.050000E+01  1.500000E+02     2  1.084620E+01  8.999071E+01  1.759318E-03  1.084620E+01
  3.050000E+01  1.500000E+02     3  6.297504E+01  4.216373E-02  6.297503E+01  4.634307E-02
  3.050000E+01  1.500000E+02     4  1.348688E+02  8.999071E+01  2.187647E-02  1.348688E+02
  3.050000E+01  1.500000E+02     5  2.335974E+02  8.999071E+01  3.789112E-02  2.335974E+02
  3.050000E+01  1.500000E+02     6  2.270623E-09  1.800000E+02 -2.270623E-09  4.800454E-17
  3.050000E+01  1.800000E+02     1  2.169233E+01 -9.000929E+01 -3.518656E-03 -2.169233E+01
  3.050000E+01  1.800000E+02     2  1.896410E-06 -9.000929E+01 -3.076091E-10 -1.896410E-06
  3.050000E+01  1.800000E+02     3  6.297540E+01  4.216399E-02  6.297538E+01  4.634362E-02
  3.050000E+01  1.800000E+02     4  2.358113E-05 -9.000929E+01 -3.825009E-09 -2.358113E-05
  3.050000E+01  1.800000E+02     5  2.697370E+02  8.999071E+01  4.375285E-02  2.697370E+02
  3.050000E+01  1.800000E+02     6  4.584104E-16 -9.000000E+01  4.584104E-16 -9.691823E-24
