	5.00E-01	-1.80E+02	1	0.000000E+00	8.810167E+01	0.000000E+00	1.469036E-01
	5.00E-01	-1.80E+02	2	0.000000E+00	-9.212866E+01	0.000000E+00	-1.831215E-06
	5.00E-01	-1.80E+02	3	1.114683E-06	1.785435E+02	-1.114323E-06	1.416597E-06
	5.00E-01	-1.80E+02	4	0.000000E+00	-9.212848E+01	0.000000E+00	-4.020485E-07
	5.00E-01	-1.80E+02	5	0.000000E+00	-9.190137E+01	0.000000E+00	-3.223645E-02
	5.00E-01	-1.80E+02	6	0.000000E+00	9.000000E+01	0.000000E+00	7.051990E-16
	5.00E-01	-1.50E+02	1	0.000000E+00	8.744463E+01	0.000000E+00	1.544740E-01
	5.00E-01	-1.50E+02	2	0.000000E+00	-9.063584E+01	0.000000E+00	-1.041306E-01
	5.00E-01	-1.50E+02	3	1.263878E-07	1.781839E+02	-1.263243E-07	2.002691E-07
	5.00E-01	-1.50E+02	4	0.000000E+00	-9.063657E+01	0.000000E+00	-2.287118E-02
	5.00E-01	-1.50E+02	5	0.000000E+00	-9.255656E+01	0.000000E+00	-3.389036E-02
	5.00E-01	-1.50E+02	6	0.000000E+00	8.432107E+00	0.000000E+00	6.042629E-11
	5.00E-01	-1.20E+02	1	0.000000E+00	-9.063589E+01	0.000000E+00	-1.041312E-01
	5.00E-01	-1.20E+02	2	0.000000E+00	8.744463E+01	0.000000E+00	1.544755E-01
	5.00E-01	-1.20E+02	3	1.133094E-07	1.783557E+02	-1.132628E-07	1.625657E-07
	5.00E-01	-1.20E+02	4	0.000000E+00	8.744398E+01	0.000000E+00	3.390564E-02
	5.00E-01	-1.20E+02	5	0.000000E+00	8.936207E+01	0.000000E+00	2.286417E-02
	5.00E-01	-1.20E+02	6	0.000000E+00	8.472552E-01	0.000000E+00	8.845182E-11
	5.00E-01	-9.00E+01	1	0.000000E+00	8.787132E+01	0.000000E+00	9.156150E-07
	5.00E-01	-9.00E+01	2	0.000000E+00	8.810172E+01	0.000000E+00	1.469028E-01
	5.00E-01	-9.00E+01	3	1.097514E-06	1.785783E+02	-1.097176E-06	1.361485E-06
	5.00E-01	-9.00E+01	4	0.000000E+00	8.810039E+01	0.000000E+00	3.224602E-02
	5.00E-01	-9.00E+01	5	0.000000E+00	-9.212782E+01	0.000000E+00	-2.010391E-07
	5.00E-01	-9.00E+01	6	0.000000E+00	9.000000E+01	0.000000E+00	6.182479E-16
	5.00E-01	-6.00E+01	1	0.000000E+00	8.936413E+01	0.000000E+00	1.041304E-01
	5.00E-01	-6.00E+01	2	0.000000E+00	8.744463E+01	0.000000E+00	1.544753E-01
	5.00E-01	-6.00E+01	3	1.133027E-07	1.783557E+02	-1.132561E-07	1.625585E-07
	5.00E-01	-6.00E+01	4	0.000000E+00	8.744397E+01	0.000000E+00	3.390554E-02
	5.00E-01	-6.00E+01	5	0.000000E+00	-9.063792E+01	0.000000E+00	-2.286401E-02
	5.00E-01	-6.00E+01	6	0.000000E+00	-1.791527E+02	0.000000E+00	-8.845356E-11
	5.00E-01	-3.00E+01	1	0.000000E+00	-9.255537E+01	0.000000E+00	-1.544738E-01
	5.00E-01	-3.00E+01	2	0.000000E+00	-9.063583E+01	0.000000E+00	-1.041301E-01
	5.00E-01	-3.00E+01	3	1.263840E-07	1.781839E+02	-1.263206E-07	2.002656E-07
	5.00E-01	-3.00E+01	4	0.000000E+00	-9.063657E+01	0.000000E+00	-2.287116E-02
	5.00E-01	-3.00E+01	5	0.000000E+00	8.744344E+01	0.000000E+00	3.389031E-02
	5.00E-01	-3.00E+01	6	0.000000E+00	-1.715680E+02	0.000000E+00	-6.042666E-11
	5.00E-01	0.00E+00	1	0.000000E+00	-9.189834E+01	0.000000E+00	-1.469036E-01
	5.00E-01	0.00E+00	2	0.000000E+00	9.000000E+01	0.000000E+00	0.000000E+00
	5.00E-01	0.00E+00	3	1.114683E-06	1.785435E+02	-1.114323E-06	1.416597E-06
	5.00E-01	0.00E+00	4	0.000000E+00	9.000000E+01	0.000000E+00	0.000000E+00
	5.00E-01	0.00E+00	5	0.000000E+00	8.809863E+01	0.000000E+00	3.223645E-02
	5.00E-01	0.00E+00	6	0.000000E+00	9.000000E+01	0.000000E+00	0.000000E+00
	5.00E-01	3.00E+01	1	0.000000E+00	-9.255537E+01	0.000000E+00	-1.544738E-01
	5.00E-01	3.00E+01	2	0.000000E+00	8.936417E+01	0.000000E+00	1.041301E-01
	5.00E-01	3.00E+01	3	1.263840E-07	1.781839E+02	-1.263206E-07	2.002656E-07
	5.00E-01	3.00E+01	4	0.000000E+00	8.936343E+01	0.000000E+00	2.287116E-02
	5.00E-01	3.00E+01	5	0.000000E+00	8.744344E+01	0.000000E+00	3.389031E-02
	5.00E-01	3.00E+01	6	0.000000E+00	8.431998E+00	0.000000E+00	6.042666E-11
	5.00E-01	6.00E+01	1	0.000000E+00	8.936413E+01	0.000000E+00	1.041304E-01
	5.00E-01	6.00E+01	2	0.000000E+00	-9.255537E+01	0.000000E+00	-1.544753E-01
	5.00E-01	6.00E+01	3	1.133027E-07	1.783557E+02	-1.132561E-07	1.625585E-07
	5.00E-01	6.00E+01	4	0.000000E+00	-9.255603E+01	0.000000E+00	-3.390554E-02
	5.00E-01	6.00E+01	5	0.000000E+00	-9.063792E+01	0.000000E+00	-2.286401E-02
	5.00E-01	6.00E+01	6	0.000000E+00	8.472596E-01	0.000000E+00	8.845356E-11
	5.00E-01	9.00E+01	1	0.000000E+00	8.787132E+01	0.000000E+00	9.156150E-07
	5.00E-01	9.00E+01	2	0.000000E+00	-9.189828E+01	0.000000E+00	-1.469028E-01
	5.00E-01	9.00E+01	3	1.097514E-06	1.785783E+02	-1.097176E-06	1.361485E-06
	5.00E-01	9.00E+01	4	0.000000E+00	-9.189961E+01	0.000000E+00	-3.224602E-02
	5.00E-01	9.00E+01	5	0.000000E+00	-9.212782E+01	0.000000E+00	-2.010391E-07
	5.00E-01	9.00E+01	6	0.000000E+00	-9.000000E+01	0.000000E+00	-6.182479E-16
	5.00E-01	1.20E+02	1	0.000000E+00	-9.063589E+01	0.000000E+00	-1.041312E-01
	5.00E-01	1.20E+02	2	0.000000E+00	-9.255537E+01	0.000000E+00	-1.544755E-01
	5.00E-01	1.20E+02	3	1.133094E-07	1.783557E+02	-1.132628E-07	1.625657E-07
	5.00E-01	1.20E+02	4	0.000000E+00	-9.255602E+01	0.000000E+00	-3.390564E-02
	5.00E-01	1.20E+02	5	0.000000E+00	8.936207E+01	0.000000E+00	2.286417E-02
	5.00E-01	1.20E+02	6	0.000000E+00	-1.791528E+02	0.000000E+00	-8.845182E-11
	5.00E-01	1.50E+02	1	0.000000E+00	8.744463E+01	0.000000E+00	1.544740E-01
	5.00E-01	1.50E+02	2	0.000000E+00	8.936416E+01	0.000000E+00	1.041306E-01
	5.00E-01	1.50E+02	3	1.263878E-07	1.781839E+02	-1.263243E-07	2.002691E-07
	5.00E-01	1.50E+02	4	0.000000E+00	8.936343E+01	0.000000E+00	2.287118E-02
	5.00E-01	1.50E+02	5	0.000000E+00	-9.255656E+01	0.000000E+00	-3.389036E-02
	5.00E-01	1.50E+02	6	0.000000E+00	-1.715679E+02	0.000000E+00	-6.042629E-11
	5.00E-01	1.80E+02	1	0.000000E+00	8.810167E+01	0.000000E+00	1.469036E-01
	5.00E-01	1.80E+02	2	0.000000E+00	8.787134E+01	0.000000E+00	1.831215E-06
	5.00E-01	1.80E+02	3	1.114683E-06	1.785435E+02	-1.114323E-06	1.416597E-06
	5.00E-01	1.80E+02	4	0.000000E+00	8.787153E+01	0.000000E+00	4.020485E-07
	5.00E-01	1.80E+02	5	0.000000E+00	-9.190137E+01	0.000000E+00	-3.223645E-02
	5.00E-01	1.80E+02	6	0.000000E+00	-9.000000E+01	0.000000E+00	-7.051990E-16
	1.00E+00	-1.80E+02	1	0.000000E+00	-1.365146E+02	0.000000E+00	-9.552949E-01
	1.00E+00	-1.80E+02	2	0.000000E+00	1.353327E+02	0.000000E+00	8.168924E-09
	1.00E+00	-1.80E+02	3	1.286304E-06	2.499561E+01	1.165829E-06	2.717631E-05
	1.00E+00	-1.80E+02	4	0.000000E+00	1.375715E+02	0.000000E+00	2.028296E-09
	1.00E+00	-1.80E+02	5	0.000000E+00	4.348526E+01	0.000000E+00	2.641261E-01
	1.00E+00	-1.80E+02	6	0.000000E+00	-9.000000E+01	0.000000E+00	-2.861350E-14
	1.00E+00	-1.50E+02	1	0.000000E+00	-1.357582E+02	0.000000E+00	-9.300705E-01
	1.00E+00	-1.50E+02	2	0.000000E+00	-1.364777E+02	0.000000E+00	-4.840399E-01
	1.00E+00	-1.50E+02	3	1.368047E-06	2.346338E+01	1.254930E-06	2.723528E-05
	1.00E+00	-1.50E+02	4	0.000000E+00	-1.364353E+02	0.000000E+00	-1.339695E-01
	1.00E+00	-1.50E+02	5	0.000000E+00	4.425350E+01	0.000000E+00	2.572028E-01
	1.00E+00	-1.50E+02	6	0.000000E+00	-1.041900E+02	0.000000E+00	-5.746241E-08
	1.00E+00	-1.20E+02	1	0.000000E+00	-1.364765E+02	0.000000E+00	-4.840537E-01
	1.00E+00	-1.20E+02	2	0.000000E+00	-1.357579E+02	0.000000E+00	-9.300621E-01
	1.00E+00	-1.20E+02	3	1.381328E-06	2.353144E+01	1.266458E-06	2.757491E-05
	1.00E+00	-1.20E+02	4	0.000000E+00	-1.357450E+02	0.000000E+00	-2.572125E-01
	1.00E+00	-1.20E+02	5	0.000000E+00	4.356738E+01	0.000000E+00	1.339769E-01
	1.00E+00	-1.20E+02	6	0.000000E+00	1.476047E+02	0.000000E+00	3.595878E-08
	1.00E+00	-9.00E+01	1	0.000000E+00	-4.459182E+01	0.000000E+00	-4.075972E-09
	1.00E+00	-9.00E+01	2	0.000000E+00	-1.365143E+02	0.000000E+00	-9.552917E-01
	1.00E+00	-9.00E+01	3	1.325429E-06	2.336000E+01	1.216786E-06	2.627711E-05
	1.00E+00	-9.00E+01	4	0.000000E+00	-1.365153E+02	0.000000E+00	-2.641205E-01
	1.00E+00	-9.00E+01	5	0.000000E+00	1.376555E+02	0.000000E+00	1.010320E-09
	1.00E+00	-9.00E+01	6	0.000000E+00	-9.000000E+01	0.000000E+00	-1.984491E-14
	1.00E+00	-6.00E+01	1	0.000000E+00	4.352353E+01	0.000000E+00	4.840531E-01
	1.00E+00	-6.00E+01	2	0.000000E+00	-1.357579E+02	0.000000E+00	-9.300634E-01
	1.00E+00	-6.00E+01	3	1.381328E-06	2.353137E+01	1.266459E-06	2.757483E-05
	1.00E+00	-6.00E+01	4	0.000000E+00	-1.357450E+02	0.000000E+00	-2.572131E-01
	1.00E+00	-6.00E+01	5	0.000000E+00	-1.364326E+02	0.000000E+00	-1.339772E-01
	1.00E+00	-6.00E+01	6	0.000000E+00	-3.239535E+01	0.000000E+00	-3.595883E-08
	1.00E+00	-3.00E+01	1	0.000000E+00	4.424179E+01	0.000000E+00	9.300705E-01
	1.00E+00	-3.00E+01	2	0.000000E+00	-1.364777E+02	0.000000E+00	-4.840398E-01
	1.00E+00	-3.00E+01	3	1.368043E-06	2.346332E+01	1.254927E-06	2.723513E-05
	1.00E+00	-3.00E+01	4	0.000000E+00	-1.364353E+02	0.000000E+00	-1.339700E-01
	1.00E+00	-3.00E+01	5	0.000000E+00	-1.357465E+02	0.000000E+00	-2.572027E-01
	1.00E+00	-3.00E+01	6	0.000000E+00	7.581010E+01	0.000000E+00	5.746244E-08
	1.00E+00	0.00E+00	1	0.000000E+00	4.348543E+01	0.000000E+00	9.552949E-01
	1.00E+00	0.00E+00	2	0.000000E+00	9.000000E+01	0.000000E+00	0.000000E+00
	1.00E+00	0.00E+00	3	1.286304E-06	2.499561E+01	1.165829E-06	2.717631E-05
	1.00E+00	0.00E+00	4	0.000000E+00	9.000000E+01	0.000000E+00	0.000000E+00
	1.00E+00	0.00E+00	5	0.000000E+00	-1.365147E+02	0.000000E+00	-2.641261E-01
	1.00E+00	0.00E+00	6	0.000000E+00	9.000000E+01	0.000000E+00	0.000000E+00
	1.00E+00	3.00E+01	1	0.000000E+00	4.424179E+01	0.000000E+00	9.300705E-01
	1.00E+00	3.00E+01	2	0.000000E+00	4.352232E+01	0.000000E+00	4.840398E-01
	1.00E+00	3.00E+01	3	1.368043E-06	2.346332E+01	1.254927E-06	2.723513E-05
	1.00E+00	3.00E+01	4	0.000000E+00	4.356474E+01	0.000000E+00	1.339700E-01
	1.00E+00	3.00E+01	5	0.000000E+00	-1.357465E+02	0.000000E+00	-2.572027E-01
	1.00E+00	3.00E+01	6	0.000000E+00	-1.041899E+02	0.000000E+00	-5.746244E-08
	1.00E+00	6.00E+01	1	0.000000E+00	4.352353E+01	0.000000E+00	4.840531E-01
	1.00E+00	6.00E+01	2	0.000000E+00	4.424206E+01	0.000000E+00	9.300634E-01
	1.00E+00	6.00E+01	3	1.381328E-06	2.353137E+01	1.266459E-06	2.757483E-05
	1.00E+00	6.00E+01	4	0.000000E+00	4.425500E+01	0.000000E+00	2.572131E-01
	1.00E+00	6.00E+01	5	0.000000E+00	-1.364326E+02	0.000000E+00	-1.339772E-01
	1.00E+00	6.00E+01	6	0.000000E+00	1.476046E+02	0.000000E+00	3.595883E-08
	1.00E+00	9.00E+01	1	0.000000E+00	-4.459182E+01	0.000000E+00	-4.075972E-09
	1.00E+00	9.00E+01	2	0.000000E+00	4.348571E+01	0.000000E+00	9.552917E-01
	1.00E+00	9.00E+01	3	1.325429E-06	2.336000E+01	1.216786E-06	2.627711E-05
	1.00E+00	9.00E+01	4	0.000000E+00	4.348476E+01	0.000000E+00	2.641205E-01
	1.00E+00	9.00E+01	5	0.000000E+00	1.376555E+02	0.000000E+00	1.010320E-09
	1.00E+00	9.00E+01	6	0.000000E+00	9.000000E+01	0.000000E+00	1.984491E-14
	1.00E+00	1.20E+02	1	0.000000E+00	-1.364765E+02	0.000000E+00	-4.840537E-01
	1.00E+00	1.20E+02	2	0.000000E+00	4.424208E+01	0.000000E+00	9.300621E-01
	1.00E+00	1.20E+02	3	1.381328E-06	2.353144E+01	1.266458E-06	2.757491E-05
	1.00E+00	1.20E+02	4	0.000000E+00	4.425502E+01	0.000000E+00	2.572125E-01
	1.00E+00	1.20E+02	5	0.000000E+00	4.356738E+01	0.000000E+00	1.339769E-01
	1.00E+00	1.20E+02	6	0.000000E+00	-3.239532E+01	0.000000E+00	-3.595878E-08
	1.00E+00	1.50E+02	1	0.000000E+00	-1.357582E+02	0.000000E+00	-9.300705E-01
	1.00E+00	1.50E+02	2	0.000000E+00	4.352232E+01	0.000000E+00	4.840399E-01
	1.00E+00	1.50E+02	3	1.368047E-06	2.346338E+01	1.254930E-06	2.723528E-05
	1.00E+00	1.50E+02	4	0.000000E+00	4.356467E+01	0.000000E+00	1.339695E-01
	1.00E+00	1.50E+02	5	0.000000E+00	4.425350E+01	0.000000E+00	2.572028E-01
	1.00E+00	1.50E+02	6	0.000000E+00	7.581004E+01	0.000000E+00	5.746241E-08
	1.00E+00	1.80E+02	1	0.000000E+00	-1.365146E+02	0.000000E+00	-9.552949E-01
	1.00E+00	1.80E+02	2	0.000000E+00	-4.466727E+01	0.000000E+00	-8.168924E-09
	1.00E+00	1.80E+02	3	1.286304E-06	2.499561E+01	1.165829E-06	2.717631E-05
	1.00E+00	1.80E+02	4	0.000000E+00	-4.242854E+01	0.000000E+00	-2.028296E-09
	1.00E+00	1.80E+02	5	0.000000E+00	4.348526E+01	0.000000E+00	2.641261E-01
	1.00E+00	1.80E+02	6	0.000000E+00	9.000000E+01	0.000000E+00	2.861350E-14
	1.50E+00	-1.80E+02	1	0.000000E+00	-6.704021E+01	0.000000E+00	-4.355796E+00
	1.50E+00	-1.80E+02	2	0.000000E+00	1.129682E+02	0.000000E+00	3.800133E-07
	1.50E+00	-1.80E+02	3	6.586436E-07	1.264139E+02	-3.909806E-07	2.650215E-05
	1.50E+00	-1.80E+02	4	0.000000E+00	1.129849E+02	0.000000E+00	2.128645E-07
	1.50E+00	-1.80E+02	5	0.000000E+00	1.129608E+02	0.000000E+00	2.441311E+00
	1.50E+00	-1.80E+02	6	0.000000E+00	9.000000E+01	0.000000E+00	6.916542E-14
	1.50E+00	-1.50E+02	1	0.000000E+00	-6.704104E+01	0.000000E+00	-3.771909E+00
	1.50E+00	-1.50E+02	2	0.000000E+00	-6.704250E+01	0.000000E+00	-2.177341E+00
	1.50E+00	-1.50E+02	3	4.739244E-07	1.054196E+02	-1.260094E-07	2.284327E-05
	1.50E+00	-1.50E+02	4	0.000000E+00	-6.704635E+01	0.000000E+00	-1.220493E+00
	1.50E+00	-1.50E+02	5	0.000000E+00	1.129585E+02	0.000000E+00	2.114064E+00
	1.50E+00	-1.50E+02	6	0.000000E+00	-1.668595E+02	0.000000E+00	-2.389906E-08
	1.50E+00	-1.20E+02	1	0.000000E+00	-6.704276E+01	0.000000E+00	-2.177352E+00
	1.50E+00	-1.20E+02	2	0.000000E+00	-6.704117E+01	0.000000E+00	-3.771915E+00
	1.50E+00	-1.20E+02	3	4.617356E-07	1.020819E+02	-9.664576E-08	2.257540E-05
	1.50E+00	-1.20E+02	4	0.000000E+00	-6.704111E+01	0.000000E+00	-2.114073E+00
	1.50E+00	-1.20E+02	5	0.000000E+00	1.129536E+02	0.000000E+00	1.220499E+00
	1.50E+00	-1.20E+02	6	0.000000E+00	-3.247744E+01	0.000000E+00	-1.076034E-07
	1.50E+00	-9.00E+01	1	0.000000E+00	-6.703195E+01	0.000000E+00	-1.900015E-07
	1.50E+00	-9.00E+01	2	0.000000E+00	-6.704053E+01	0.000000E+00	-4.355788E+00
	1.50E+00	-9.00E+01	3	6.155818E-07	1.234860E+02	-3.396368E-07	2.567040E-05
	1.50E+00	-9.00E+01	4	0.000000E+00	-6.703965E+01	0.000000E+00	-2.441312E+00
	1.50E+00	-9.00E+01	5	0.000000E+00	1.129853E+02	0.000000E+00	1.064270E-07
	1.50E+00	-9.00E+01	6	0.000000E+00	9.000000E+01	0.000000E+00	1.855968E-14
	1.50E+00	-6.00E+01	1	0.000000E+00	1.129572E+02	0.000000E+00	2.177351E+00
	1.50E+00	-6.00E+01	2	0.000000E+00	-6.704118E+01	0.000000E+00	-3.771912E+00
	1.50E+00	-6.00E+01	3	4.617452E-07	1.020792E+02	-9.662662E-08	2.257609E-05
	1.50E+00	-6.00E+01	4	0.000000E+00	-6.704110E+01	0.000000E+00	-2.114074E+00
	1.50E+00	-6.00E+01	5	0.000000E+00	-6.704639E+01	0.000000E+00	-1.220499E+00
	1.50E+00	-6.00E+01	6	0.000000E+00	1.475225E+02	0.000000E+00	1.076035E-07
	1.50E+00	-3.00E+01	1	0.000000E+00	1.129590E+02	0.000000E+00	3.771906E+00
	1.50E+00	-3.00E+01	2	0.000000E+00	-6.704252E+01	0.000000E+00	-2.177341E+00
	1.50E+00	-3.00E+01	3	4.739348E-07	1.054211E+02	-1.260245E-07	2.284360E-05
	1.50E+00	-3.00E+01	4	0.000000E+00	-6.704631E+01	0.000000E+00	-1.220495E+00
	1.50E+00	-3.00E+01	5	0.000000E+00	-6.704153E+01	0.000000E+00	-2.114063E+00
	1.50E+00	-3.00E+01	6	0.000000E+00	1.314050E+01	0.000000E+00	2.389907E-08
	1.50E+00	0.00E+00	1	0.000000E+00	1.129598E+02	0.000000E+00	4.355796E+00
	1.50E+00	0.00E+00	2	0.000000E+00	9.000000E+01	0.000000E+00	0.000000E+00
	1.50E+00	0.00E+00	3	6.586436E-07	1.264139E+02	-3.909806E-07	2.650215E-05
	1.50E+00	0.00E+00	4	0.000000E+00	9.000000E+01	0.000000E+00	0.000000E+00
	1.50E+00	0.00E+00	5	0.000000E+00	-6.703918E+01	0.000000E+00	-2.441311E+00
	1.50E+00	0.00E+00	6	0.000000E+00	9.000000E+01	0.000000E+00	0.000000E+00
	1.50E+00	3.00E+01	1	0.000000E+00	1.129590E+02	0.000000E+00	3.771906E+00
	1.50E+00	3.00E+01	2	0.000000E+00	1.129575E+02	0.000000E+00	2.177341E+00
	1.50E+00	3.00E+01	3	4.739348E-07	1.054211E+02	-1.260245E-07	2.284360E-05
	1.50E+00	3.00E+01	4	0.000000E+00	1.129537E+02	0.000000E+00	1.220495E+00
	1.50E+00	3.00E+01	5	0.000000E+00	-6.704153E+01	0.000000E+00	-2.114063E+00
	1.50E+00	3.00E+01	6	0.000000E+00	-1.668595E+02	0.000000E+00	-2.389907E-08
	1.50E+00	6.00E+01	1	0.000000E+00	1.129572E+02	0.000000E+00	2.177351E+00
	1.50E+00	6.00E+01	2	0.000000E+00	1.129588E+02	0.000000E+00	3.771912E+00
	1.50E+00	6.00E+01	3	4.617452E-07	1.020792E+02	-9.662662E-08	2.257609E-05
	1.50E+00	6.00E+01	4	0.000000E+00	1.129589E+02	0.000000E+00	2.114074E+00
	1.50E+00	6.00E+01	5	0.000000E+00	-6.704639E+01	0.000000E+00	-1.220499E+00
	1.50E+00	6.00E+01	6	0.000000E+00	-3.247748E+01	0.000000E+00	-1.076035E-07
	1.50E+00	9.00E+01	1	0.000000E+00	-6.703195E+01	0.000000E+00	-1.900015E-07
	1.50E+00	9.00E+01	2	0.000000E+00	1.129595E+02	0.000000E+00	4.355788E+00
	1.50E+00	9.00E+01	3	6.155818E-07	1.234860E+02	-3.396368E-07	2.567040E-05
	1.50E+00	9.00E+01	4	0.000000E+00	1.129604E+02	0.000000E+00	2.441312E+00
	1.50E+00	9.00E+01	5	0.000000E+00	1.129853E+02	0.000000E+00	1.064270E-07
	1.50E+00	9.00E+01	6	0.000000E+00	-9.000000E+01	0.000000E+00	-1.855968E-14
	1.50E+00	1.20E+02	1	0.000000E+00	-6.704276E+01	0.000000E+00	-2.177352E+00
	1.50E+00	1.20E+02	2	0.000000E+00	1.129588E+02	0.000000E+00	3.771915E+00
	1.50E+00	1.20E+02	3	4.617356E-07	1.020819E+02	-9.664576E-08	2.257540E-05
	1.50E+00	1.20E+02	4	0.000000E+00	1.129589E+02	0.000000E+00	2.114073E+00
	1.50E+00	1.20E+02	5	0.000000E+00	1.129536E+02	0.000000E+00	1.220499E+00
	1.50E+00	1.20E+02	6	0.000000E+00	1.475226E+02	0.000000E+00	1.076034E-07
	1.50E+00	1.50E+02	1	0.000000E+00	-6.704104E+01	0.000000E+00	-3.771909E+00
	1.50E+00	1.50E+02	2	0.000000E+00	1.129575E+02	0.000000E+00	2.177341E+00
	1.50E+00	1.50E+02	3	4.739244E-07	1.054196E+02	-1.260094E-07	2.284327E-05
	1.50E+00	1.50E+02	4	0.000000E+00	1.129537E+02	0.000000E+00	1.220493E+00
	1.50E+00	1.50E+02	5	0.000000E+00	1.129585E+02	0.000000E+00	2.114064E+00
	1.50E+00	1.50E+02	6	0.000000E+00	1.314048E+01	0.000000E+00	2.389906E-08
	1.50E+00	1.80E+02	1	0.000000E+00	-6.704021E+01	0.000000E+00	-4.355796E+00
	1.50E+00	1.80E+02	2	0.000000E+00	-6.703185E+01	0.000000E+00	-3.800133E-07
	1.50E+00	1.80E+02	3	6.586436E-07	1.264139E+02	-3.909806E-07	2.650215E-05
	1.50E+00	1.80E+02	4	0.000000E+00	-6.701510E+01	0.000000E+00	-2.128645E-07
	1.50E+00	1.80E+02	5	0.000000E+00	1.129608E+02	0.000000E+00	2.441311E+00
	1.50E+00	1.80E+02	6	0.000000E+00	-9.000000E+01	0.000000E+00	-6.916542E-14
	2.00E+00	-1.80E+02	1	0.000000E+00	7.344254E+01	0.000000E+00	1.066777E+01
	2.00E+00	-1.80E+02	2	0.000000E+00	-1.065568E+02	0.000000E+00	-9.325972E-07
	2.00E+00	-1.80E+02	3	8.256682E-08	-1.111255E+02	-2.975804E-08	-3.850889E-06
	2.00E+00	-1.80E+02	4	0.000000E+00	-1.065566E+02	0.000000E+00	-9.267760E-07
	2.00E+00	-1.80E+02	5	0.000000E+00	-1.065575E+02	0.000000E+00	-1.060086E+01
	2.00E+00	-1.80E+02	6	0.000000E+00	-9.000000E+01	0.000000E+00	-4.858251E-14
	2.00E+00	-1.50E+02	1	0.000000E+00	7.344254E+01	0.000000E+00	9.238597E+00
	2.00E+00	-1.50E+02	2	0.000000E+00	7.344279E+01	0.000000E+00	5.333910E+00
	2.00E+00	-1.50E+02	3	8.537144E-08	-1.100633E+02	-2.928740E-08	-4.009529E-06
	2.00E+00	-1.50E+02	4	0.000000E+00	7.344274E+01	0.000000E+00	5.300490E+00
	2.00E+00	-1.50E+02	5	0.000000E+00	-1.065576E+02	0.000000E+00	-9.180676E+00
	2.00E+00	-1.50E+02	6	0.000000E+00	1.310446E+02	0.000000E+00	2.150640E-07
	2.00E+00	-1.20E+02	1	0.000000E+00	7.344250E+01	0.000000E+00	5.333874E+00
	2.00E+00	-1.20E+02	2	0.000000E+00	7.344244E+01	0.000000E+00	9.238579E+00
	2.00E+00	-1.20E+02	3	9.063880E-08	-1.227730E+02	-4.906394E-08	-3.810552E-06
	2.00E+00	-1.20E+02	4	0.000000E+00	7.344244E+01	0.000000E+00	9.180677E+00
	2.00E+00	-1.20E+02	5	0.000000E+00	-1.065576E+02	0.000000E+00	-5.300444E+00
	2.00E+00	-1.20E+02	6	0.000000E+00	4.349177E+01	0.000000E+00	1.699269E-07
	2.00E+00	-9.00E+01	1	0.000000E+00	7.344276E+01	0.000000E+00	4.663048E-07
	2.00E+00	-9.00E+01	2	0.000000E+00	7.344247E+01	0.000000E+00	1.066768E+01
	2.00E+00	-9.00E+01	3	8.555612E-08	-9.700237E+01	-1.043017E-08	-4.245898E-06
	2.00E+00	-9.00E+01	4	0.000000E+00	7.344252E+01	0.000000E+00	1.060086E+01
	2.00E+00	-9.00E+01	5	0.000000E+00	-1.065572E+02	0.000000E+00	-4.633841E-07
	2.00E+00	-9.00E+01	6	0.000000E+00	9.000000E+01	0.000000E+00	1.557484E-14
	2.00E+00	-6.00E+01	1	0.000000E+00	-1.065575E+02	0.000000E+00	-5.333871E+00
	2.00E+00	-6.00E+01	2	0.000000E+00	7.344244E+01	0.000000E+00	9.238579E+00
	2.00E+00	-6.00E+01	3	9.065862E-08	-1.227980E+02	-4.910780E-08	-3.810318E-06
	2.00E+00	-6.00E+01	4	0.000000E+00	7.344244E+01	0.000000E+00	9.180679E+00
	2.00E+00	-6.00E+01	5	0.000000E+00	7.344241E+01	0.000000E+00	5.300440E+00
	2.00E+00	-6.00E+01	6	0.000000E+00	-1.365083E+02	0.000000E+00	-1.699265E-07
	2.00E+00	-3.00E+01	1	0.000000E+00	-1.065575E+02	0.000000E+00	-9.238595E+00
	2.00E+00	-3.00E+01	2	0.000000E+00	7.344278E+01	0.000000E+00	5.333909E+00
	2.00E+00	-3.00E+01	3	8.534122E-08	-1.100846E+02	-2.930676E-08	-4.007567E-06
	2.00E+00	-3.00E+01	4	0.000000E+00	7.344277E+01	0.000000E+00	5.300488E+00
	2.00E+00	-3.00E+01	5	0.000000E+00	7.344246E+01	0.000000E+00	9.180685E+00
	2.00E+00	-3.00E+01	6	0.000000E+00	-4.895532E+01	0.000000E+00	-2.150637E-07
	2.00E+00	0.00E+00	1	0.000000E+00	-1.065575E+02	0.000000E+00	-1.066777E+01
	2.00E+00	0.00E+00	2	0.000000E+00	9.000000E+01	0.000000E+00	0.000000E+00
	2.00E+00	0.00E+00	3	8.256682E-08	-1.111255E+02	-2.975804E-08	-3.850889E-06
	2.00E+00	0.00E+00	4	0.000000E+00	9.000000E+01	0.000000E+00	0.000000E+00
	2.00E+00	0.00E+00	5	0.000000E+00	7.344247E+01	0.000000E+00	1.060086E+01
	2.00E+00	0.00E+00	6	0.000000E+00	9.000000E+01	0.000000E+00	0.000000E+00
	2.00E+00	3.00E+01	1	0.000000E+00	-1.065575E+02	0.000000E+00	-9.238595E+00
	2.00E+00	3.00E+01	2	0.000000E+00	-1.065572E+02	0.000000E+00	-5.333909E+00
	2.00E+00	3.00E+01	3	8.534122E-08	-1.100846E+02	-2.930676E-08	-4.007567E-06
	2.00E+00	3.00E+01	4	0.000000E+00	-1.065572E+02	0.000000E+00	-5.300488E+00
	2.00E+00	3.00E+01	5	0.000000E+00	7.344246E+01	0.000000E+00	9.180685E+00
	2.00E+00	3.00E+01	6	0.000000E+00	1.310447E+02	0.000000E+00	2.150637E-07
	2.00E+00	6.00E+01	1	0.000000E+00	-1.065575E+02	0.000000E+00	-5.333871E+00
	2.00E+00	6.00E+01	2	0.000000E+00	-1.065576E+02	0.000000E+00	-9.238579E+00
	2.00E+00	6.00E+01	3	9.065862E-08	-1.227980E+02	-4.910780E-08	-3.810318E-06
	2.00E+00	6.00E+01	4	0.000000E+00	-1.065576E+02	0.000000E+00	-9.180679E+00
	2.00E+00	6.00E+01	5	0.000000E+00	7.344241E+01	0.000000E+00	5.300440E+00
	2.00E+00	6.00E+01	6	0.000000E+00	4.349169E+01	0.000000E+00	1.699265E-07
	2.00E+00	9.00E+01	1	0.000000E+00	7.344276E+01	0.000000E+00	4.663048E-07
	2.00E+00	9.00E+01	2	0.000000E+00	-1.065575E+02	0.000000E+00	-1.066768E+01
	2.00E+00	9.00E+01	3	8.555612E-08	-9.700237E+01	-1.043017E-08	-4.245898E-06
	2.00E+00	9.00E+01	4	0.000000E+00	-1.065575E+02	0.000000E+00	-1.060086E+01
	2.00E+00	9.00E+01	5	0.000000E+00	-1.065572E+02	0.000000E+00	-4.633841E-07
	2.00E+00	9.00E+01	6	0.000000E+00	-9.000000E+01	0.000000E+00	-1.557484E-14
	2.00E+00	1.20E+02	1	0.000000E+00	7.344250E+01	0.000000E+00	5.333874E+00
	2.00E+00	1.20E+02	2	0.000000E+00	-1.065576E+02	0.000000E+00	-9.238579E+00
	2.00E+00	1.20E+02	3	9.063880E-08	-1.227730E+02	-4.906394E-08	-3.810552E-06
	2.00E+00	1.20E+02	4	0.000000E+00	-1.065576E+02	0.000000E+00	-9.180677E+00
	2.00E+00	1.20E+02	5	0.000000E+00	-1.065576E+02	0.000000E+00	-5.300444E+00
	2.00E+00	1.20E+02	6	0.000000E+00	-1.365082E+02	0.000000E+00	-1.699269E-07
	2.00E+00	1.50E+02	1	0.000000E+00	7.344254E+01	0.000000E+00	9.238597E+00
	2.00E+00	1.50E+02	2	0.000000E+00	-1.065572E+02	0.000000E+00	-5.333910E+00
	2.00E+00	1.50E+02	3	8.537144E-08	-1.100633E+02	-2.928740E-08	-4.009529E-06
	2.00E+00	1.50E+02	4	0.000000E+00	-1.065573E+02	0.000000E+00	-5.300490E+00
	2.00E+00	1.50E+02	5	0.000000E+00	-1.065576E+02	0.000000E+00	-9.180676E+00
	2.00E+00	1.50E+02	6	0.000000E+00	-4.895538E+01	0.000000E+00	-2.150640E-07
	2.00E+00	1.80E+02	1	0.000000E+00	7.344254E+01	0.000000E+00	1.066777E+01
	2.00E+00	1.80E+02	2	0.000000E+00	7.344323E+01	0.000000E+00	9.325972E-07
	2.00E+00	1.80E+02	3	8.256682E-08	-1.111255E+02	-2.975804E-08	-3.850889E-06
	2.00E+00	1.80E+02	4	0.000000E+00	7.344339E+01	0.000000E+00	9.267760E-07
	2.00E+00	1.80E+02	5	0.000000E+00	-1.065575E+02	0.000000E+00	-1.060086E+01
	2.00E+00	1.80E+02	6	0.000000E+00	9.000000E+01	0.000000E+00	4.858251E-14
	2.50E+00	-1.80E+02	1	0.000000E+00	-2.438287E+01	0.000000E+00	-8.973326E+00
	2.50E+00	-1.80E+02	2	0.000000E+00	1.556171E+02	0.000000E+00	7.844705E-07
	2.50E+00	-1.80E+02	3	1.510780E-07	-3.181717E+01	1.283763E-07	-3.982496E-06
	2.50E+00	-1.80E+02	4	0.000000E+00	1.556173E+02	0.000000E+00	1.217913E-06
	2.50E+00	-1.80E+02	5	0.000000E+00	1.556172E+02	0.000000E+00	1.393150E+01
	2.50E+00	-1.80E+02	6	0.000000E+00	-9.000000E+01	0.000000E+00	-3.020844E-14
	2.50E+00	-1.50E+02	1	0.000000E+00	-2.438288E+01	0.000000E+00	-7.771077E+00
	2.50E+00	-1.50E+02	2	0.000000E+00	-2.438276E+01	0.000000E+00	-4.486607E+00
	2.50E+00	-1.50E+02	3	1.347207E-07	-3.376474E+01	1.119969E-07	-3.743781E-06
	2.50E+00	-1.50E+02	4	0.000000E+00	-2.438283E+01	0.000000E+00	-6.965666E+00
	2.50E+00	-1.50E+02	5	0.000000E+00	1.556172E+02	0.000000E+00	1.206496E+01
	2.50E+00	-1.50E+02	6	0.000000E+00	2.681489E+01	0.000000E+00	9.637156E-08
	2.50E+00	-1.20E+02	1	0.000000E+00	-2.438332E+01	0.000000E+00	-4.486727E+00
	2.50E+00	-1.20E+02	2	0.000000E+00	-2.438309E+01	0.000000E+00	-7.771138E+00
	2.50E+00	-1.20E+02	3	1.278239E-07	-3.614071E+01	1.032269E-07	-3.769338E-06
	2.50E+00	-1.20E+02	4	0.000000E+00	-2.438299E+01	0.000000E+00	-1.206504E+01
	2.50E+00	-1.20E+02	5	0.000000E+00	1.556167E+02	0.000000E+00	6.965849E+00
	2.50E+00	-1.20E+02	6	0.000000E+00	-1.000192E+00	0.000000E+00	-1.010281E-08
	2.50E+00	-9.00E+01	1	0.000000E+00	-2.438339E+01	0.000000E+00	-3.922452E-07
	2.50E+00	-9.00E+01	2	0.000000E+00	-2.438318E+01	0.000000E+00	-8.973464E+00
	2.50E+00	-9.00E+01	3	1.474196E-07	-3.319600E+01	1.233611E-07	-4.035647E-06
	2.50E+00	-9.00E+01	4	0.000000E+00	-2.438312E+01	0.000000E+00	-1.393170E+01
	2.50E+00	-9.00E+01	5	0.000000E+00	1.556171E+02	0.000000E+00	6.089635E-07
	2.50E+00	-9.00E+01	6	0.000000E+00	-9.000000E+01	0.000000E+00	-6.392482E-15
	2.50E+00	-6.00E+01	1	0.000000E+00	1.556167E+02	0.000000E+00	4.486723E+00
	2.50E+00	-6.00E+01	2	0.000000E+00	-2.438309E+01	0.000000E+00	-7.771133E+00
	2.50E+00	-6.00E+01	3	1.277932E-07	-3.615146E+01	1.031879E-07	-3.769400E-06
	2.50E+00	-6.00E+01	4	0.000000E+00	-2.438298E+01	0.000000E+00	-1.206504E+01
	2.50E+00	-6.00E+01	5	0.000000E+00	-2.438324E+01	0.000000E+00	-6.965837E+00
	2.50E+00	-6.00E+01	6	0.000000E+00	1.789998E+02	0.000000E+00	1.010283E-08
	2.50E+00	-3.00E+01	1	0.000000E+00	1.556171E+02	0.000000E+00	7.771076E+00
	2.50E+00	-3.00E+01	2	0.000000E+00	-2.438280E+01	0.000000E+00	-4.486610E+00
	2.50E+00	-3.00E+01	3	1.348199E-07	-3.374156E+01	1.121097E-07	-3.744270E-06
	2.50E+00	-3.00E+01	4	0.000000E+00	-2.438283E+01	0.000000E+00	-6.965669E+00
	2.50E+00	-3.00E+01	5	0.000000E+00	-2.438283E+01	0.000000E+00	-1.206496E+01
	2.50E+00	-3.00E+01	6	0.000000E+00	-1.531851E+02	0.000000E+00	-9.637150E-08
	2.50E+00	0.00E+00	1	0.000000E+00	1.556171E+02	0.000000E+00	8.973326E+00
	2.50E+00	0.00E+00	2	0.000000E+00	9.000000E+01	0.000000E+00	0.000000E+00
	2.50E+00	0.00E+00	3	1.510780E-07	-3.181717E+01	1.283763E-07	-3.982496E-06
	2.50E+00	0.00E+00	4	0.000000E+00	9.000000E+01	0.000000E+00	0.000000E+00
	2.50E+00	0.00E+00	5	0.000000E+00	-2.438282E+01	0.000000E+00	-1.393150E+01
	2.50E+00	0.00E+00	6	0.000000E+00	9.000000E+01	0.000000E+00	0.000000E+00
	2.50E+00	3.00E+01	1	0.000000E+00	1.556171E+02	0.000000E+00	7.771076E+00
	2.50E+00	3.00E+01	2	0.000000E+00	1.556172E+02	0.000000E+00	4.486610E+00
	2.50E+00	3.00E+01	3	1.348199E-07	-3.374156E+01	1.121097E-07	-3.744270E-06
	2.50E+00	3.00E+01	4	0.000000E+00	1.556172E+02	0.000000E+00	6.965669E+00
	2.50E+00	3.00E+01	5	0.000000E+00	-2.438283E+01	0.000000E+00	-1.206496E+01
	2.50E+00	3.00E+01	6	0.000000E+00	2.681487E+01	0.000000E+00	9.637150E-08
	2.50E+00	6.00E+01	1	0.000000E+00	1.556167E+02	0.000000E+00	4.486723E+00
	2.50E+00	6.00E+01	2	0.000000E+00	1.556169E+02	0.000000E+00	7.771133E+00
	2.50E+00	6.00E+01	3	1.277932E-07	-3.615146E+01	1.031879E-07	-3.769400E-06
	2.50E+00	6.00E+01	4	0.000000E+00	1.556170E+02	0.000000E+00	1.206504E+01
	2.50E+00	6.00E+01	5	0.000000E+00	-2.438324E+01	0.000000E+00	-6.965837E+00
	2.50E+00	6.00E+01	6	0.000000E+00	-1.000193E+00	0.000000E+00	-1.010283E-08
	2.50E+00	9.00E+01	1	0.000000E+00	-2.438339E+01	0.000000E+00	-3.922452E-07
	2.50E+00	9.00E+01	2	0.000000E+00	1.556168E+02	0.000000E+00	8.973464E+00
	2.50E+00	9.00E+01	3	1.474196E-07	-3.319600E+01	1.233611E-07	-4.035647E-06
	2.50E+00	9.00E+01	4	0.000000E+00	1.556169E+02	0.000000E+00	1.393170E+01
	2.50E+00	9.00E+01	5	0.000000E+00	1.556171E+02	0.000000E+00	6.089635E-07
	2.50E+00	9.00E+01	6	0.000000E+00	9.000000E+01	0.000000E+00	6.392482E-15
	2.50E+00	1.20E+02	1	0.000000E+00	-2.438332E+01	0.000000E+00	-4.486727E+00
	2.50E+00	1.20E+02	2	0.000000E+00	1.556169E+02	0.000000E+00	7.771138E+00
	2.50E+00	1.20E+02	3	1.278239E-07	-3.614071E+01	1.032269E-07	-3.769338E-06
	2.50E+00	1.20E+02	4	0.000000E+00	1.556170E+02	0.000000E+00	1.206504E+01
	2.50E+00	1.20E+02	5	0.000000E+00	1.556167E+02	0.000000E+00	6.965849E+00
	2.50E+00	1.20E+02	6	0.000000E+00	1.789998E+02	0.000000E+00	1.010281E-08
	2.50E+00	1.50E+02	1	0.000000E+00	-2.438288E+01	0.000000E+00	-7.771077E+00
	2.50E+00	1.50E+02	2	0.000000E+00	1.556172E+02	0.000000E+00	4.486607E+00
	2.50E+00	1.50E+02	3	1.347207E-07	-3.376474E+01	1.119969E-07	-3.743781E-06
	2.50E+00	1.50E+02	4	0.000000E+00	1.556172E+02	0.000000E+00	6.965666E+00
	2.50E+00	1.50E+02	5	0.000000E+00	1.556172E+02	0.000000E+00	1.206496E+01
	2.50E+00	1.50E+02	6	0.000000E+00	-1.531851E+02	0.000000E+00	-9.637156E-08
	2.50E+00	1.80E+02	1	0.000000E+00	-2.438287E+01	0.000000E+00	-8.973326E+00
	2.50E+00	1.80E+02	2	0.000000E+00	-2.438289E+01	0.000000E+00	-7.844705E-07
	2.50E+00	1.80E+02	3	1.510780E-07	-3.181717E+01	1.283763E-07	-3.982496E-06
	2.50E+00	1.80E+02	4	0.000000E+00	-2.438269E+01	0.000000E+00	-1.217913E-06
	2.50E+00	1.80E+02	5	0.000000E+00	1.556172E+02	0.000000E+00	1.393150E+01
	2.50E+00	1.80E+02	6	0.000000E+00	9.000000E+01	0.000000E+00	3.020844E-14
	3.00E+00	-1.80E+02	1	0.000000E+00	-7.303518E+01	0.000000E+00	-3.577253E+01
	3.00E+00	-1.80E+02	2	0.000000E+00	1.069647E+02	0.000000E+00	3.127312E-06
	3.00E+00	-1.80E+02	3	9.397080E-05	-8.788550E+01	3.467206E-06	-4.695341E-03
	3.00E+00	-1.80E+02	4	0.000000E+00	1.069648E+02	0.000000E+00	6.994359E-06
	3.00E+00	-1.80E+02	5	0.000000E+00	1.069648E+02	0.000000E+00	8.000595E+01
	3.00E+00	-1.80E+02	6	0.000000E+00	9.000000E+01	0.000000E+00	4.938618E-14
	3.00E+00	-1.50E+02	1	0.000000E+00	-7.303519E+01	0.000000E+00	-3.097986E+01
	3.00E+00	-1.50E+02	2	0.000000E+00	-7.303528E+01	0.000000E+00	-1.788619E+01
	3.00E+00	-1.50E+02	3	9.396952E-05	-8.788526E+01	3.467552E-06	-4.695276E-03
	3.00E+00	-1.50E+02	4	0.000000E+00	-7.303524E+01	0.000000E+00	-4.000307E+01
	3.00E+00	-1.50E+02	5	0.000000E+00	1.069648E+02	0.000000E+00	6.928649E+01
	3.00E+00	-1.50E+02	6	0.000000E+00	-2.506660E+01	0.000000E+00	-2.471994E-07
	3.00E+00	-1.20E+02	1	0.000000E+00	-7.303535E+01	0.000000E+00	-1.788636E+01
	3.00E+00	-1.20E+02	2	0.000000E+00	-7.303528E+01	0.000000E+00	-3.097988E+01
	3.00E+00	-1.20E+02	3	9.396438E-05	-8.789483E+01	3.451682E-06	-4.695048E-03
	3.00E+00	-1.20E+02	4	0.000000E+00	-7.303526E+01	0.000000E+00	-6.928642E+01
	3.00E+00	-1.20E+02	5	0.000000E+00	1.069648E+02	0.000000E+00	4.000314E+01
	3.00E+00	-1.20E+02	6	0.000000E+00	-1.982820E+01	0.000000E+00	-2.523702E-07
	3.00E+00	-9.00E+01	1	0.000000E+00	-7.303541E+01	0.000000E+00	-1.563676E-06
	3.00E+00	-9.00E+01	2	0.000000E+00	-7.303526E+01	0.000000E+00	-3.577249E+01
	3.00E+00	-9.00E+01	3	9.396094E-05	-8.790266E+01	3.438718E-06	-4.694900E-03
	3.00E+00	-9.00E+01	4	0.000000E+00	-7.303528E+01	0.000000E+00	-8.000593E+01
	3.00E+00	-9.00E+01	5	0.000000E+00	1.069648E+02	0.000000E+00	3.497206E-06
	3.00E+00	-9.00E+01	6	0.000000E+00	-9.000000E+01	0.000000E+00	-2.573717E-14
	3.00E+00	-6.00E+01	1	0.000000E+00	1.069647E+02	0.000000E+00	1.788634E+01
	3.00E+00	-6.00E+01	2	0.000000E+00	-7.303526E+01	0.000000E+00	-3.097986E+01
	3.00E+00	-6.00E+01	3	9.396410E-05	-8.789481E+01	3.451706E-06	-4.695034E-03
	3.00E+00	-6.00E+01	4	0.000000E+00	-7.303525E+01	0.000000E+00	-6.928644E+01
	3.00E+00	-6.00E+01	5	0.000000E+00	-7.303522E+01	0.000000E+00	-4.000314E+01
	3.00E+00	-6.00E+01	6	0.000000E+00	1.601718E+02	0.000000E+00	2.523703E-07
	3.00E+00	-3.00E+01	1	0.000000E+00	1.069648E+02	0.000000E+00	3.097984E+01
	3.00E+00	-3.00E+01	2	0.000000E+00	-7.303528E+01	0.000000E+00	-1.788619E+01
	3.00E+00	-3.00E+01	3	9.396944E-05	-8.788494E+01	3.468074E-06	-4.695271E-03
	3.00E+00	-3.00E+01	4	0.000000E+00	-7.303526E+01	0.000000E+00	-4.000308E+01
	3.00E+00	-3.00E+01	5	0.000000E+00	-7.303525E+01	0.000000E+00	-6.928648E+01
	3.00E+00	-3.00E+01	6	0.000000E+00	1.549334E+02	0.000000E+00	2.471994E-07
	3.00E+00	0.00E+00	1	0.000000E+00	1.069648E+02	0.000000E+00	3.577253E+01
	3.00E+00	0.00E+00	2	0.000000E+00	9.000000E+01	0.000000E+00	0.000000E+00
	3.00E+00	0.00E+00	3	9.397080E-05	-8.788550E+01	3.467206E-06	-4.695341E-03
	3.00E+00	0.00E+00	4	0.000000E+00	9.000000E+01	0.000000E+00	0.000000E+00
	3.00E+00	0.00E+00	5	0.000000E+00	-7.303517E+01	0.000000E+00	-8.000595E+01
	3.00E+00	0.00E+00	6	0.000000E+00	9.000000E+01	0.000000E+00	0.000000E+00
	3.00E+00	3.00E+01	1	0.000000E+00	1.069648E+02	0.000000E+00	3.097984E+01
	3.00E+00	3.00E+01	2	0.000000E+00	1.069647E+02	0.000000E+00	1.788619E+01
	3.00E+00	3.00E+01	3	9.396944E-05	-8.788494E+01	3.468074E-06	-4.695271E-03
	3.00E+00	3.00E+01	4	0.000000E+00	1.069648E+02	0.000000E+00	4.000308E+01
	3.00E+00	3.00E+01	5	0.000000E+00	-7.303525E+01	0.000000E+00	-6.928648E+01
	3.00E+00	3.00E+01	6	0.000000E+00	-2.506659E+01	0.000000E+00	-2.471994E-07
	3.00E+00	6.00E+01	1	0.000000E+00	1.069647E+02	0.000000E+00	1.788634E+01
	3.00E+00	6.00E+01	2	0.000000E+00	1.069647E+02	0.000000E+00	3.097986E+01
	3.00E+00	6.00E+01	3	9.396410E-05	-8.789481E+01	3.451706E-06	-4.695034E-03
	3.00E+00	6.00E+01	4	0.000000E+00	1.069648E+02	0.000000E+00	6.928644E+01
	3.00E+00	6.00E+01	5	0.000000E+00	-7.303522E+01	0.000000E+00	-4.000314E+01
	3.00E+00	6.00E+01	6	0.000000E+00	-1.982820E+01	0.000000E+00	-2.523703E-07
	3.00E+00	9.00E+01	1	0.000000E+00	-7.303541E+01	0.000000E+00	-1.563676E-06
	3.00E+00	9.00E+01	2	0.000000E+00	1.069647E+02	0.000000E+00	3.577249E+01
	3.00E+00	9.00E+01	3	9.396094E-05	-8.790266E+01	3.438718E-06	-4.694900E-03
	3.00E+00	9.00E+01	4	0.000000E+00	1.069647E+02	0.000000E+00	8.000593E+01
	3.00E+00	9.00E+01	5	0.000000E+00	1.069648E+02	0.000000E+00	3.497206E-06
	3.00E+00	9.00E+01	6	0.000000E+00	9.000000E+01	0.000000E+00	2.573717E-14
	3.00E+00	1.20E+02	1	0.000000E+00	-7.303535E+01	0.000000E+00	-1.788636E+01
	3.00E+00	1.20E+02	2	0.000000E+00	1.069647E+02	0.000000E+00	3.097988E+01
	3.00E+00	1.20E+02	3	9.396438E-05	-8.789483E+01	3.451682E-06	-4.695048E-03
	3.00E+00	1.20E+02	4	0.000000E+00	1.069647E+02	0.000000E+00	6.928642E+01
	3.00E+00	1.20E+02	5	0.000000E+00	1.069648E+02	0.000000E+00	4.000314E+01
	3.00E+00	1.20E+02	6	0.000000E+00	1.601718E+02	0.000000E+00	2.523702E-07
	3.00E+00	1.50E+02	1	0.000000E+00	-7.303519E+01	0.000000E+00	-3.097986E+01
	3.00E+00	1.50E+02	2	0.000000E+00	1.069647E+02	0.000000E+00	1.788619E+01
	3.00E+00	1.50E+02	3	9.396952E-05	-8.788526E+01	3.467552E-06	-4.695276E-03
	3.00E+00	1.50E+02	4	0.000000E+00	1.069648E+02	0.000000E+00	4.000307E+01
	3.00E+00	1.50E+02	5	0.000000E+00	1.069648E+02	0.000000E+00	6.928649E+01
	3.00E+00	1.50E+02	6	0.000000E+00	1.549334E+02	0.000000E+00	2.471994E-07
	3.00E+00	1.80E+02	1	0.000000E+00	-7.303518E+01	0.000000E+00	-3.577253E+01
	3.00E+00	1.80E+02	2	0.000000E+00	-7.303535E+01	0.000000E+00	-3.127312E-06
	3.00E+00	1.80E+02	3	9.397080E-05	-8.788550E+01	3.467206E-06	-4.695341E-03
	3.00E+00	1.80E+02	4	0.000000E+00	-7.303517E+01	0.000000E+00	-6.994359E-06
	3.00E+00	1.80E+02	5	0.000000E+00	1.069648E+02	0.000000E+00	8.000595E+01
	3.00E+00	1.80E+02	6	0.000000E+00	-9.000000E+01	0.000000E+00	-4.938618E-14
	3.50E+00	-1.80E+02	1	0.000000E+00	-9.737666E+01	0.000000E+00	-5.785282E+01
	3.50E+00	-1.80E+02	2	0.000000E+00	8.262337E+01	0.000000E+00	5.057657E-06
	3.50E+00	-1.80E+02	3	1.878650E-03	-1.191673E+02	-9.155810E-04	-8.202191E-02
	3.50E+00	-1.80E+02	4	0.000000E+00	8.262337E+01	0.000000E+00	1.544117E-05
	3.50E+00	-1.80E+02	5	0.000000E+00	8.262334E+01	0.000000E+00	1.766280E+02
	3.50E+00	-1.80E+02	6	0.000000E+00	9.000000E+01	0.000000E+00	5.888767E-14
	3.50E+00	-1.50E+02	1	0.000000E+00	-9.737662E+01	0.000000E+00	-5.010213E+01
	3.50E+00	-1.50E+02	2	0.000000E+00	-9.737664E+01	0.000000E+00	-2.892641E+01
	3.50E+00	-1.50E+02	3	1.878646E-03	-1.191671E+02	-9.155750E-04	-8.202185E-02
	3.50E+00	-1.50E+02	4	0.000000E+00	-9.737658E+01	0.000000E+00	-8.831372E+01
	3.50E+00	-1.50E+02	5	0.000000E+00	8.262331E+01	0.000000E+00	1.529612E+02
	3.50E+00	-1.50E+02	6	0.000000E+00	-2.079948E+01	0.000000E+00	-2.917963E-07
	3.50E+00	-1.20E+02	1	0.000000E+00	-9.737663E+01	0.000000E+00	-2.892658E+01
	3.50E+00	-1.20E+02	2	0.000000E+00	-9.737663E+01	0.000000E+00	-5.010192E+01
	3.50E+00	-1.20E+02	3	1.878650E-03	-1.191672E+02	-9.155786E-04	-8.202196E-02
	3.50E+00	-1.20E+02	4	0.000000E+00	-9.737664E+01	0.000000E+00	-1.529615E+02
	3.50E+00	-1.20E+02	5	0.000000E+00	8.262344E+01	0.000000E+00	8.831426E+01
	3.50E+00	-1.20E+02	6	0.000000E+00	-1.914931E+01	0.000000E+00	-2.920374E-07
	3.50E+00	-9.00E+01	1	0.000000E+00	-9.737665E+01	0.000000E+00	-2.528835E-06
	3.50E+00	-9.00E+01	2	0.000000E+00	-9.737663E+01	0.000000E+00	-5.785284E+01
	3.50E+00	-9.00E+01	3	1.878653E-03	-1.191671E+02	-9.155764E-04	-8.202219E-02
	3.50E+00	-9.00E+01	4	0.000000E+00	-9.737665E+01	0.000000E+00	-1.766281E+02
	3.50E+00	-9.00E+01	5	0.000000E+00	8.262340E+01	0.000000E+00	7.720634E-06
	3.50E+00	-9.00E+01	6	0.000000E+00	-9.000000E+01	0.000000E+00	-2.949255E-14
	3.50E+00	-6.00E+01	1	0.000000E+00	8.262337E+01	0.000000E+00	2.892657E+01
	3.50E+00	-6.00E+01	2	0.000000E+00	-9.737663E+01	0.000000E+00	-5.010192E+01
	3.50E+00	-6.00E+01	3	1.878647E-03	-1.191672E+02	-9.155774E-04	-8.202183E-02
	3.50E+00	-6.00E+01	4	0.000000E+00	-9.737664E+01	0.000000E+00	-1.529615E+02
	3.50E+00	-6.00E+01	5	0.000000E+00	-9.737656E+01	0.000000E+00	-8.831428E+01
	3.50E+00	-6.00E+01	6	0.000000E+00	1.608507E+02	0.000000E+00	2.920373E-07
	3.50E+00	-3.00E+01	1	0.000000E+00	8.262339E+01	0.000000E+00	5.010213E+01
	3.50E+00	-3.00E+01	2	0.000000E+00	-9.737664E+01	0.000000E+00	-2.892642E+01
	3.50E+00	-3.00E+01	3	1.878645E-03	-1.191671E+02	-9.155728E-04	-8.202185E-02
	3.50E+00	-3.00E+01	4	0.000000E+00	-9.737658E+01	0.000000E+00	-8.831376E+01
	3.50E+00	-3.00E+01	5	0.000000E+00	-9.737669E+01	0.000000E+00	-1.529613E+02
	3.50E+00	-3.00E+01	6	0.000000E+00	1.592005E+02	0.000000E+00	2.917962E-07
	3.50E+00	0.00E+00	1	0.000000E+00	8.262334E+01	0.000000E+00	5.785282E+01
	3.50E+00	0.00E+00	2	0.000000E+00	9.000000E+01	0.000000E+00	0.000000E+00
	3.50E+00	0.00E+00	3	1.878650E-03	-1.191673E+02	-9.155810E-04	-8.202191E-02
	3.50E+00	0.00E+00	4	0.000000E+00	9.000000E+01	0.000000E+00	0.000000E+00
	3.50E+00	0.00E+00	5	0.000000E+00	-9.737666E+01	0.000000E+00	-1.766280E+02
	3.50E+00	0.00E+00	6	0.000000E+00	9.000000E+01	0.000000E+00	0.000000E+00
	3.50E+00	3.00E+01	1	0.000000E+00	8.262339E+01	0.000000E+00	5.010213E+01
	3.50E+00	3.00E+01	2	0.000000E+00	8.262336E+01	0.000000E+00	2.892642E+01
	3.50E+00	3.00E+01	3	1.878645E-03	-1.191671E+02	-9.155728E-04	-8.202185E-02
	3.50E+00	3.00E+01	4	0.000000E+00	8.262342E+01	0.000000E+00	8.831376E+01
	3.50E+00	3.00E+01	5	0.000000E+00	-9.737669E+01	0.000000E+00	-1.529613E+02
	3.50E+00	3.00E+01	6	0.000000E+00	-2.079947E+01	0.000000E+00	-2.917962E-07
	3.50E+00	6.00E+01	1	0.000000E+00	8.262337E+01	0.000000E+00	2.892657E+01
	3.50E+00	6.00E+01	2	0.000000E+00	8.262337E+01	0.000000E+00	5.010192E+01
	3.50E+00	6.00E+01	3	1.878647E-03	-1.191672E+02	-9.155774E-04	-8.202183E-02
	3.50E+00	6.00E+01	4	0.000000E+00	8.262336E+01	0.000000E+00	1.529615E+02
	3.50E+00	6.00E+01	5	0.000000E+00	-9.737656E+01	0.000000E+00	-8.831428E+01
	3.50E+00	6.00E+01	6	0.000000E+00	-1.914930E+01	0.000000E+00	-2.920373E-07
	3.50E+00	9.00E+01	1	0.000000E+00	-9.737665E+01	0.000000E+00	-2.528835E-06
	3.50E+00	9.00E+01	2	0.000000E+00	8.262337E+01	0.000000E+00	5.785284E+01
	3.50E+00	9.00E+01	3	1.878653E-03	-1.191671E+02	-9.155764E-04	-8.202219E-02
	3.50E+00	9.00E+01	4	0.000000E+00	8.262335E+01	0.000000E+00	1.766281E+02
	3.50E+00	9.00E+01	5	0.000000E+00	8.262340E+01	0.000000E+00	7.720634E-06
	3.50E+00	9.00E+01	6	0.000000E+00	9.000000E+01	0.000000E+00	2.949255E-14
	3.50E+00	1.20E+02	1	0.000000E+00	-9.737663E+01	0.000000E+00	-2.892658E+01
	3.50E+00	1.20E+02	2	0.000000E+00	8.262337E+01	0.000000E+00	5.010192E+01
	3.50E+00	1.20E+02	3	1.878650E-03	-1.191672E+02	-9.155786E-04	-8.202196E-02
	3.50E+00	1.20E+02	4	0.000000E+00	8.262336E+01	0.000000E+00	1.529615E+02
	3.50E+00	1.20E+02	5	0.000000E+00	8.262344E+01	0.000000E+00	8.831426E+01
	3.50E+00	1.20E+02	6	0.000000E+00	1.608507E+02	0.000000E+00	2.920374E-07
	3.50E+00	1.50E+02	1	0.000000E+00	-9.737662E+01	0.000000E+00	-5.010213E+01
	3.50E+00	1.50E+02	2	0.000000E+00	8.262336E+01	0.000000E+00	2.892641E+01
	3.50E+00	1.50E+02	3	1.878646E-03	-1.191671E+02	-9.155750E-04	-8.202185E-02
	3.50E+00	1.50E+02	4	0.000000E+00	8.262342E+01	0.000000E+00	8.831372E+01
	3.50E+00	1.50E+02	5	0.000000E+00	8.262331E+01	0.000000E+00	1.529612E+02
	3.50E+00	1.50E+02	6	0.000000E+00	1.592005E+02	0.000000E+00	2.917963E-07
	3.50E+00	1.80E+02	1	0.000000E+00	-9.737666E+01	0.000000E+00	-5.785282E+01
	3.50E+00	1.80E+02	2	0.000000E+00	-9.737663E+01	0.000000E+00	-5.057657E-06
	3.50E+00	1.80E+02	3	1.878650E-03	-1.191673E+02	-9.155810E-04	-8.202191E-02
	3.50E+00	1.80E+02	4	0.000000E+00	-9.737663E+01	0.000000E+00	-1.544117E-05
	3.50E+00	1.80E+02	5	0.000000E+00	8.262334E+01	0.000000E+00	1.766280E+02
	3.50E+00	1.80E+02	6	0.000000E+00	-9.000000E+01	0.000000E+00	-5.888767E-14
	4.00E+00	-1.80E+02	1	0.000000E+00	-1.079699E+02	0.000000E+00	-7.907873E+01
	4.00E+00	-1.80E+02	2	0.000000E+00	7.203015E+01	0.000000E+00	6.913265E-06
	4.00E+00	-1.80E+02	3	1.143387E-02	-1.384652E+02	-8.558856E-03	-3.790758E-01
	4.00E+00	-1.80E+02	4	0.000000E+00	7.203001E+01	0.000000E+00	2.765805E-05
	4.00E+00	-1.80E+02	5	0.000000E+00	7.202998E+01	0.000000E+00	3.163723E+02
	4.00E+00	-1.80E+02	6	0.000000E+00	9.000000E+01	0.000000E+00	2.900146E-14
	4.00E+00	-1.50E+02	1	0.000000E+00	-1.079700E+02	0.000000E+00	-6.848382E+01
	4.00E+00	-1.50E+02	2	0.000000E+00	-1.079698E+02	0.000000E+00	-3.953937E+01
	4.00E+00	-1.50E+02	3	1.143385E-02	-1.384651E+02	-8.558832E-03	-3.790758E-01
	4.00E+00	-1.50E+02	4	0.000000E+00	-1.079700E+02	0.000000E+00	-1.581849E+02
	4.00E+00	-1.50E+02	5	0.000000E+00	7.203005E+01	0.000000E+00	2.739870E+02
	4.00E+00	-1.50E+02	6	0.000000E+00	-1.056535E+01	0.000000E+00	-1.436546E-07
	4.00E+00	-1.20E+02	1	0.000000E+00	-1.079699E+02	0.000000E+00	-3.953944E+01
	4.00E+00	-1.20E+02	2	0.000000E+00	-1.079699E+02	0.000000E+00	-6.848392E+01
	4.00E+00	-1.20E+02	3	1.143387E-02	-1.384654E+02	-8.558886E-03	-3.790739E-01
	4.00E+00	-1.20E+02	4	0.000000E+00	-1.079700E+02	0.000000E+00	-2.739862E+02
	4.00E+00	-1.20E+02	5	0.000000E+00	7.202990E+01	0.000000E+00	1.581848E+02
	4.00E+00	-1.20E+02	6	0.000000E+00	-1.012552E+01	0.000000E+00	-1.436699E-07
	4.00E+00	-9.00E+01	1	0.000000E+00	-1.079699E+02	0.000000E+00	-3.456637E-06
	4.00E+00	-9.00E+01	2	0.000000E+00	-1.079699E+02	0.000000E+00	-7.907842E+01
	4.00E+00	-9.00E+01	3	1.143394E-02	-1.384655E+02	-8.558956E-03	-3.790753E-01
	4.00E+00	-9.00E+01	4	0.000000E+00	-1.079700E+02	0.000000E+00	-3.163722E+02
	4.00E+00	-9.00E+01	5	0.000000E+00	7.203001E+01	0.000000E+00	1.382907E-05
	4.00E+00	-9.00E+01	6	0.000000E+00	-9.000000E+01	0.000000E+00	-1.450381E-14
	4.00E+00	-6.00E+01	1	0.000000E+00	7.203012E+01	0.000000E+00	3.953941E+01
	4.00E+00	-6.00E+01	2	0.000000E+00	-1.079699E+02	0.000000E+00	-6.848389E+01
	4.00E+00	-6.00E+01	3	1.143387E-02	-1.384654E+02	-8.558886E-03	-3.790738E-01
	4.00E+00	-6.00E+01	4	0.000000E+00	-1.079700E+02	0.000000E+00	-2.739863E+02
	4.00E+00	-6.00E+01	5	0.000000E+00	-1.079701E+02	0.000000E+00	-1.581848E+02
	4.00E+00	-6.00E+01	6	0.000000E+00	1.698745E+02	0.000000E+00	1.436699E-07
	4.00E+00	-3.00E+01	1	0.000000E+00	7.202999E+01	0.000000E+00	6.848383E+01
	4.00E+00	-3.00E+01	2	0.000000E+00	-1.079698E+02	0.000000E+00	-3.953940E+01
	4.00E+00	-3.00E+01	3	1.143384E-02	-1.384650E+02	-8.558802E-03	-3.790762E-01
	4.00E+00	-3.00E+01	4	0.000000E+00	-1.079700E+02	0.000000E+00	-1.581849E+02
	4.00E+00	-3.00E+01	5	0.000000E+00	-1.079699E+02	0.000000E+00	-2.739870E+02
	4.00E+00	-3.00E+01	6	0.000000E+00	1.694347E+02	0.000000E+00	1.436546E-07
	4.00E+00	0.00E+00	1	0.000000E+00	7.203008E+01	0.000000E+00	7.907873E+01
	4.00E+00	0.00E+00	2	0.000000E+00	9.000000E+01	0.000000E+00	0.000000E+00
	4.00E+00	0.00E+00	3	1.143387E-02	-1.384652E+02	-8.558856E-03	-3.790758E-01
	4.00E+00	0.00E+00	4	0.000000E+00	9.000000E+01	0.000000E+00	0.000000E+00
	4.00E+00	0.00E+00	5	0.000000E+00	-1.079700E+02	0.000000E+00	-3.163723E+02
	4.00E+00	0.00E+00	6	0.000000E+00	9.000000E+01	0.000000E+00	0.000000E+00
	4.00E+00	3.00E+01	1	0.000000E+00	7.202999E+01	0.000000E+00	6.848383E+01
	4.00E+00	3.00E+01	2	0.000000E+00	7.203017E+01	0.000000E+00	3.953940E+01
	4.00E+00	3.00E+01	3	1.143384E-02	-1.384650E+02	-8.558802E-03	-3.790762E-01
	4.00E+00	3.00E+01	4	0.000000E+00	7.203000E+01	0.000000E+00	1.581849E+02
	4.00E+00	3.00E+01	5	0.000000E+00	-1.079699E+02	0.000000E+00	-2.739870E+02
	4.00E+00	3.00E+01	6	0.000000E+00	-1.056535E+01	0.000000E+00	-1.436546E-07
	4.00E+00	6.00E+01	1	0.000000E+00	7.203012E+01	0.000000E+00	3.953941E+01
	4.00E+00	6.00E+01	2	0.000000E+00	7.203008E+01	0.000000E+00	6.848389E+01
	4.00E+00	6.00E+01	3	1.143387E-02	-1.384654E+02	-8.558886E-03	-3.790738E-01
	4.00E+00	6.00E+01	4	0.000000E+00	7.203004E+01	0.000000E+00	2.739863E+02
	4.00E+00	6.00E+01	5	0.000000E+00	-1.079701E+02	0.000000E+00	-1.581848E+02
	4.00E+00	6.00E+01	6	0.000000E+00	-1.012552E+01	0.000000E+00	-1.436699E-07
	4.00E+00	9.00E+01	1	0.000000E+00	-1.079699E+02	0.000000E+00	-3.456637E-06
	4.00E+00	9.00E+01	2	0.000000E+00	7.203008E+01	0.000000E+00	7.907842E+01
	4.00E+00	9.00E+01	3	1.143394E-02	-1.384655E+02	-8.558956E-03	-3.790753E-01
	4.00E+00	9.00E+01	4	0.000000E+00	7.203003E+01	0.000000E+00	3.163722E+02
	4.00E+00	9.00E+01	5	0.000000E+00	7.203001E+01	0.000000E+00	1.382907E-05
	4.00E+00	9.00E+01	6	0.000000E+00	9.000000E+01	0.000000E+00	1.450381E-14
	4.00E+00	1.20E+02	1	0.000000E+00	-1.079699E+02	0.000000E+00	-3.953944E+01
	4.00E+00	1.20E+02	2	0.000000E+00	7.203008E+01	0.000000E+00	6.848392E+01
	4.00E+00	1.20E+02	3	1.143387E-02	-1.384654E+02	-8.558886E-03	-3.790739E-01
	4.00E+00	1.20E+02	4	0.000000E+00	7.203004E+01	0.000000E+00	2.739862E+02
	4.00E+00	1.20E+02	5	0.000000E+00	7.202990E+01	0.000000E+00	1.581848E+02
	4.00E+00	1.20E+02	6	0.000000E+00	1.698745E+02	0.000000E+00	1.436699E-07
	4.00E+00	1.50E+02	1	0.000000E+00	-1.079700E+02	0.000000E+00	-6.848382E+01
	4.00E+00	1.50E+02	2	0.000000E+00	7.203016E+01	0.000000E+00	3.953937E+01
	4.00E+00	1.50E+02	3	1.143385E-02	-1.384651E+02	-8.558832E-03	-3.790758E-01
	4.00E+00	1.50E+02	4	0.000000E+00	7.202999E+01	0.000000E+00	1.581849E+02
	4.00E+00	1.50E+02	5	0.000000E+00	7.203005E+01	0.000000E+00	2.739870E+02
	4.00E+00	1.50E+02	6	0.000000E+00	1.694346E+02	0.000000E+00	1.436546E-07
	4.00E+00	1.80E+02	1	0.000000E+00	-1.079699E+02	0.000000E+00	-7.907873E+01
	4.00E+00	1.80E+02	2	0.000000E+00	-1.079698E+02	0.000000E+00	-6.913265E-06
	4.00E+00	1.80E+02	3	1.143387E-02	-1.384652E+02	-8.558856E-03	-3.790758E-01
	4.00E+00	1.80E+02	4	0.000000E+00	-1.079700E+02	0.000000E+00	-2.765805E-05
	4.00E+00	1.80E+02	5	0.000000E+00	7.202998E+01	0.000000E+00	3.163723E+02
	4.00E+00	1.80E+02	6	0.000000E+00	-9.000000E+01	0.000000E+00	-2.900146E-14
	4.50E+00	-1.80E+02	1	0.000000E+00	-1.105136E+02	0.000000E+00	-1.011672E+02
	4.50E+00	-1.80E+02	2	0.000000E+00	6.948640E+01	0.000000E+00	8.844323E-06
	4.50E+00	-1.80E+02	3	3.620786E-02	-1.508922E+02	-3.163504E-02	-8.806731E-01
	4.50E+00	-1.80E+02	4	0.000000E+00	6.948631E+01	0.000000E+00	4.446221E-05
	4.50E+00	-1.80E+02	5	0.000000E+00	6.948637E+01	0.000000E+00	5.085897E+02
	4.50E+00	-1.80E+02	6	0.000000E+00	9.000000E+01	0.000000E+00	1.073730E-14
	4.50E+00	-1.50E+02	1	0.000000E+00	-1.105137E+02	0.000000E+00	-8.761327E+01
	4.50E+00	-1.50E+02	2	0.000000E+00	-1.105136E+02	0.000000E+00	-5.058380E+01
	4.50E+00	-1.50E+02	3	3.620802E-02	-1.508922E+02	-3.163516E-02	-8.806765E-01
	4.50E+00	-1.50E+02	4	0.000000E+00	-1.105137E+02	0.000000E+00	-2.542924E+02
	4.50E+00	-1.50E+02	5	0.000000E+00	6.948639E+01	0.000000E+00	4.404531E+02
	4.50E+00	-1.50E+02	6	0.000000E+00	-4.732929E+00	0.000000E+00	-5.318344E-08
	4.50E+00	-1.20E+02	1	0.000000E+00	-1.105136E+02	0.000000E+00	-5.058388E+01
	4.50E+00	-1.20E+02	2	0.000000E+00	-1.105136E+02	0.000000E+00	-8.761353E+01
	4.50E+00	-1.20E+02	3	3.620808E-02	-1.508922E+02	-3.163522E-02	-8.806775E-01
	4.50E+00	-1.20E+02	4	0.000000E+00	-1.105136E+02	0.000000E+00	-4.404521E+02
	4.50E+00	-1.20E+02	5	0.000000E+00	6.948618E+01	0.000000E+00	2.542921E+02
	4.50E+00	-1.20E+02	6	0.000000E+00	-4.606856E+00	0.000000E+00	-5.318475E-08
	4.50E+00	-9.00E+01	1	0.000000E+00	-1.105136E+02	0.000000E+00	-4.422182E-06
	4.50E+00	-9.00E+01	2	0.000000E+00	-1.105136E+02	0.000000E+00	-1.011671E+02
	4.50E+00	-9.00E+01	3	3.620802E-02	-1.508923E+02	-3.163518E-02	-8.806759E-01
	4.50E+00	-9.00E+01	4	0.000000E+00	-1.105136E+02	0.000000E+00	-5.085883E+02
	4.50E+00	-9.00E+01	5	0.000000E+00	6.948627E+01	0.000000E+00	2.223116E-05
	4.50E+00	-9.00E+01	6	0.000000E+00	-9.000000E+01	0.000000E+00	-5.368907E-15
	4.50E+00	-6.00E+01	1	0.000000E+00	6.948641E+01	0.000000E+00	5.058390E+01
	4.50E+00	-6.00E+01	2	0.000000E+00	-1.105136E+02	0.000000E+00	-8.761355E+01
	4.50E+00	-6.00E+01	3	3.620810E-02	-1.508923E+02	-3.163526E-02	-8.806772E-01
	4.50E+00	-6.00E+01	4	0.000000E+00	-1.105136E+02	0.000000E+00	-4.404523E+02
	4.50E+00	-6.00E+01	5	0.000000E+00	-1.105138E+02	0.000000E+00	-2.542920E+02
	4.50E+00	-6.00E+01	6	0.000000E+00	1.753931E+02	0.000000E+00	5.318476E-08
	4.50E+00	-3.00E+01	1	0.000000E+00	6.948631E+01	0.000000E+00	8.761327E+01
	4.50E+00	-3.00E+01	2	0.000000E+00	-1.105136E+02	0.000000E+00	-5.058378E+01
	4.50E+00	-3.00E+01	3	3.620800E-02	-1.508923E+02	-3.163516E-02	-8.806755E-01
	4.50E+00	-3.00E+01	4	0.000000E+00	-1.105137E+02	0.000000E+00	-2.542923E+02
	4.50E+00	-3.00E+01	5	0.000000E+00	-1.105136E+02	0.000000E+00	-4.404531E+02
	4.50E+00	-3.00E+01	6	0.000000E+00	1.752671E+02	0.000000E+00	5.318343E-08
	4.50E+00	0.00E+00	1	0.000000E+00	6.948637E+01	0.000000E+00	1.011672E+02
	4.50E+00	0.00E+00	2	0.000000E+00	9.000000E+01	0.000000E+00	0.000000E+00
	4.50E+00	0.00E+00	3	3.620786E-02	-1.508922E+02	-3.163504E-02	-8.806731E-01
	4.50E+00	0.00E+00	4	0.000000E+00	9.000000E+01	0.000000E+00	0.000000E+00
	4.50E+00	0.00E+00	5	0.000000E+00	-1.105136E+02	0.000000E+00	-5.085897E+02
	4.50E+00	0.00E+00	6	0.000000E+00	9.000000E+01	0.000000E+00	0.000000E+00
	4.50E+00	3.00E+01	1	0.000000E+00	6.948631E+01	0.000000E+00	8.761327E+01
	4.50E+00	3.00E+01	2	0.000000E+00	6.948643E+01	0.000000E+00	5.058378E+01
	4.50E+00	3.00E+01	3	3.620800E-02	-1.508923E+02	-3.163516E-02	-8.806755E-01
	4.50E+00	3.00E+01	4	0.000000E+00	6.948626E+01	0.000000E+00	2.542923E+02
	4.50E+00	3.00E+01	5	0.000000E+00	-1.105136E+02	0.000000E+00	-4.404531E+02
	4.50E+00	3.00E+01	6	0.000000E+00	-4.732932E+00	0.000000E+00	-5.318343E-08
	4.50E+00	6.00E+01	1	0.000000E+00	6.948641E+01	0.000000E+00	5.058390E+01
	4.50E+00	6.00E+01	2	0.000000E+00	6.948643E+01	0.000000E+00	8.761355E+01
	4.50E+00	6.00E+01	3	3.620810E-02	-1.508923E+02	-3.163526E-02	-8.806772E-01
	4.50E+00	6.00E+01	4	0.000000E+00	6.948639E+01	0.000000E+00	4.404523E+02
	4.50E+00	6.00E+01	5	0.000000E+00	-1.105138E+02	0.000000E+00	-2.542920E+02
	4.50E+00	6.00E+01	6	0.000000E+00	-4.606858E+00	0.000000E+00	-5.318476E-08
	4.50E+00	9.00E+01	1	0.000000E+00	-1.105136E+02	0.000000E+00	-4.422182E-06
	4.50E+00	9.00E+01	2	0.000000E+00	6.948637E+01	0.000000E+00	1.011671E+02
	4.50E+00	9.00E+01	3	3.620802E-02	-1.508923E+02	-3.163518E-02	-8.806759E-01
	4.50E+00	9.00E+01	4	0.000000E+00	6.948638E+01	0.000000E+00	5.085883E+02
	4.50E+00	9.00E+01	5	0.000000E+00	6.948627E+01	0.000000E+00	2.223116E-05
	4.50E+00	9.00E+01	6	0.000000E+00	9.000000E+01	0.000000E+00	5.368907E-15
	4.50E+00	1.20E+02	1	0.000000E+00	-1.105136E+02	0.000000E+00	-5.058388E+01
	4.50E+00	1.20E+02	2	0.000000E+00	6.948643E+01	0.000000E+00	8.761353E+01
	4.50E+00	1.20E+02	3	3.620808E-02	-1.508922E+02	-3.163522E-02	-8.806775E-01
	4.50E+00	1.20E+02	4	0.000000E+00	6.948638E+01	0.000000E+00	4.404521E+02
	4.50E+00	1.20E+02	5	0.000000E+00	6.948618E+01	0.000000E+00	2.542921E+02
	4.50E+00	1.20E+02	6	0.000000E+00	1.753931E+02	0.000000E+00	5.318475E-08
	4.50E+00	1.50E+02	1	0.000000E+00	-1.105137E+02	0.000000E+00	-8.761327E+01
	4.50E+00	1.50E+02	2	0.000000E+00	6.948643E+01	0.000000E+00	5.058380E+01
	4.50E+00	1.50E+02	3	3.620802E-02	-1.508922E+02	-3.163516E-02	-8.806765E-01
	4.50E+00	1.50E+02	4	0.000000E+00	6.948627E+01	0.000000E+00	2.542924E+02
	4.50E+00	1.50E+02	5	0.000000E+00	6.948639E+01	0.000000E+00	4.404531E+02
	4.50E+00	1.50E+02	6	0.000000E+00	1.752671E+02	0.000000E+00	5.318344E-08
	4.50E+00	1.80E+02	1	0.000000E+00	-1.105136E+02	0.000000E+00	-1.011672E+02
	4.50E+00	1.80E+02	2	0.000000E+00	-1.105136E+02	0.000000E+00	-8.844323E-06
	4.50E+00	1.80E+02	3	3.620786E-02	-1.508922E+02	-3.163504E-02	-8.806731E-01
	4.50E+00	1.80E+02	4	0.000000E+00	-1.105137E+02	0.000000E+00	-4.446221E-05
	4.50E+00	1.80E+02	5	0.000000E+00	6.948637E+01	0.000000E+00	5.085897E+02
	4.50E+00	1.80E+02	6	0.000000E+00	-9.000000E+01	0.000000E+00	-1.073730E-14
	5.00E+00	-1.80E+02	1	0.000000E+00	-1.088608E+02	0.000000E+00	-1.212804E+02
	5.00E+00	-1.80E+02	2	0.000000E+00	7.113926E+01	0.000000E+00	1.060265E-05
	5.00E+00	-1.80E+02	3	7.724538E-02	-1.591718E+02	-7.219744E-02	-1.373297E+00
	5.00E+00	-1.80E+02	4	0.000000E+00	7.113935E+01	0.000000E+00	6.408166E-05
	5.00E+00	-1.80E+02	5	0.000000E+00	7.113922E+01	0.000000E+00	7.330043E+02
	5.00E+00	-1.80E+02	6	0.000000E+00	9.000000E+01	0.000000E+00	3.937205E-15
	5.00E+00	-1.50E+02	1	0.000000E+00	-1.088608E+02	0.000000E+00	-1.050318E+02
	5.00E+00	-1.50E+02	2	0.000000E+00	-1.088608E+02	0.000000E+00	-6.064008E+01
	5.00E+00	-1.50E+02	3	7.724514E-02	-1.591716E+02	-7.219712E-02	-1.373304E+00
	5.00E+00	-1.50E+02	4	0.000000E+00	-1.088607E+02	0.000000E+00	-3.665006E+02
	5.00E+00	-1.50E+02	5	0.000000E+00	7.113919E+01	0.000000E+00	6.347991E+02
	5.00E+00	-1.50E+02	6	0.000000E+00	-2.162951E+00	0.000000E+00	-1.950137E-08
	5.00E+00	-1.20E+02	1	0.000000E+00	-1.088608E+02	0.000000E+00	-6.064017E+01
	5.00E+00	-1.20E+02	2	0.000000E+00	-1.088607E+02	0.000000E+00	-1.050317E+02
	5.00E+00	-1.20E+02	3	7.724452E-02	-1.591715E+02	-7.219650E-02	-1.373302E+00
	5.00E+00	-1.20E+02	4	0.000000E+00	-1.088607E+02	0.000000E+00	-6.348000E+02
	5.00E+00	-1.20E+02	5	0.000000E+00	7.113915E+01	0.000000E+00	3.665001E+02
	5.00E+00	-1.20E+02	6	0.000000E+00	-2.122626E+00	0.000000E+00	-1.950151E-08
	5.00E+00	-9.00E+01	1	0.000000E+00	-1.088608E+02	0.000000E+00	-5.301346E-06
	5.00E+00	-9.00E+01	2	0.000000E+00	-1.088608E+02	0.000000E+00	-1.212803E+02
	5.00E+00	-9.00E+01	3	7.724488E-02	-1.591717E+02	-7.219694E-02	-1.373293E+00
	5.00E+00	-9.00E+01	4	0.000000E+00	-1.088607E+02	0.000000E+00	-7.330042E+02
	5.00E+00	-9.00E+01	5	0.000000E+00	7.113918E+01	0.000000E+00	3.204075E-05
	5.00E+00	-9.00E+01	6	0.000000E+00	-9.000000E+01	0.000000E+00	-1.968631E-15
	5.00E+00	-6.00E+01	1	0.000000E+00	7.113918E+01	0.000000E+00	6.064017E+01
	5.00E+00	-6.00E+01	2	0.000000E+00	-1.088607E+02	0.000000E+00	-1.050317E+02
	5.00E+00	-6.00E+01	3	7.724476E-02	-1.591715E+02	-7.219672E-02	-1.373304E+00
	5.00E+00	-6.00E+01	4	0.000000E+00	-1.088606E+02	0.000000E+00	-6.348004E+02
	5.00E+00	-6.00E+01	5	0.000000E+00	-1.088608E+02	0.000000E+00	-3.665003E+02
	5.00E+00	-6.00E+01	6	0.000000E+00	1.778774E+02	0.000000E+00	1.950150E-08
	5.00E+00	-3.00E+01	1	0.000000E+00	7.113923E+01	0.000000E+00	1.050318E+02
	5.00E+00	-3.00E+01	2	0.000000E+00	-1.088608E+02	0.000000E+00	-6.064008E+01
	5.00E+00	-3.00E+01	3	7.724522E-02	-1.591716E+02	-7.219722E-02	-1.373304E+00
	5.00E+00	-3.00E+01	4	0.000000E+00	-1.088607E+02	0.000000E+00	-3.665005E+02
	5.00E+00	-3.00E+01	5	0.000000E+00	-1.088608E+02	0.000000E+00	-6.347992E+02
	5.00E+00	-3.00E+01	6	0.000000E+00	1.778371E+02	0.000000E+00	1.950139E-08
	5.00E+00	0.00E+00	1	0.000000E+00	7.113918E+01	0.000000E+00	1.212804E+02
	5.00E+00	0.00E+00	2	0.000000E+00	9.000000E+01	0.000000E+00	0.000000E+00
	5.00E+00	0.00E+00	3	7.724538E-02	-1.591718E+02	-7.219744E-02	-1.373297E+00
	5.00E+00	0.00E+00	4	0.000000E+00	9.000000E+01	0.000000E+00	0.000000E+00
	5.00E+00	0.00E+00	5	0.000000E+00	-1.088608E+02	0.000000E+00	-7.330043E+02
	5.00E+00	0.00E+00	6	0.000000E+00	9.000000E+01	0.000000E+00	0.000000E+00
	5.00E+00	3.00E+01	1	0.000000E+00	7.113923E+01	0.000000E+00	1.050318E+02
	5.00E+00	3.00E+01	2	0.000000E+00	7.113923E+01	0.000000E+00	6.064008E+01
	5.00E+00	3.00E+01	3	7.724522E-02	-1.591716E+02	-7.219722E-02	-1.373304E+00
	5.00E+00	3.00E+01	4	0.000000E+00	7.113926E+01	0.000000E+00	3.665005E+02
	5.00E+00	3.00E+01	5	0.000000E+00	-1.088608E+02	0.000000E+00	-6.347992E+02
	5.00E+00	3.00E+01	6	0.000000E+00	-2.162952E+00	0.000000E+00	-1.950139E-08
	5.00E+00	6.00E+01	1	0.000000E+00	7.113918E+01	0.000000E+00	6.064017E+01
	5.00E+00	6.00E+01	2	0.000000E+00	7.113925E+01	0.000000E+00	1.050317E+02
	5.00E+00	6.00E+01	3	7.724476E-02	-1.591715E+02	-7.219672E-02	-1.373304E+00
	5.00E+00	6.00E+01	4	0.000000E+00	7.113935E+01	0.000000E+00	6.348004E+02
	5.00E+00	6.00E+01	5	0.000000E+00	-1.088608E+02	0.000000E+00	-3.665003E+02
	5.00E+00	6.00E+01	6	0.000000E+00	-2.122625E+00	0.000000E+00	-1.950150E-08
	5.00E+00	9.00E+01	1	0.000000E+00	-1.088608E+02	0.000000E+00	-5.301346E-06
	5.00E+00	9.00E+01	2	0.000000E+00	7.113924E+01	0.000000E+00	1.212803E+02
	5.00E+00	9.00E+01	3	7.724488E-02	-1.591717E+02	-7.219694E-02	-1.373293E+00
	5.00E+00	9.00E+01	4	0.000000E+00	7.113932E+01	0.000000E+00	7.330042E+02
	5.00E+00	9.00E+01	5	0.000000E+00	7.113918E+01	0.000000E+00	3.204075E-05
	5.00E+00	9.00E+01	6	0.000000E+00	9.000000E+01	0.000000E+00	1.968631E-15
	5.00E+00	1.20E+02	1	0.000000E+00	-1.088608E+02	0.000000E+00	-6.064017E+01
	5.00E+00	1.20E+02	2	0.000000E+00	7.113925E+01	0.000000E+00	1.050317E+02
	5.00E+00	1.20E+02	3	7.724452E-02	-1.591715E+02	-7.219650E-02	-1.373302E+00
	5.00E+00	1.20E+02	4	0.000000E+00	7.113934E+01	0.000000E+00	6.348000E+02
	5.00E+00	1.20E+02	5	0.000000E+00	7.113915E+01	0.000000E+00	3.665001E+02
	5.00E+00	1.20E+02	6	0.000000E+00	1.778774E+02	0.000000E+00	1.950151E-08
	5.00E+00	1.50E+02	1	0.000000E+00	-1.088608E+02	0.000000E+00	-1.050318E+02
	5.00E+00	1.50E+02	2	0.000000E+00	7.113923E+01	0.000000E+00	6.064008E+01
	5.00E+00	1.50E+02	3	7.724514E-02	-1.591716E+02	-7.219712E-02	-1.373304E+00
	5.00E+00	1.50E+02	4	0.000000E+00	7.113926E+01	0.000000E+00	3.665006E+02
	5.00E+00	1.50E+02	5	0.000000E+00	7.113919E+01	0.000000E+00	6.347991E+02
	5.00E+00	1.50E+02	6	0.000000E+00	1.778371E+02	0.000000E+00	1.950137E-08
	5.00E+00	1.80E+02	1	0.000000E+00	-1.088608E+02	0.000000E+00	-1.212804E+02
	5.00E+00	1.80E+02	2	0.000000E+00	-1.088607E+02	0.000000E+00	-1.060265E-05
	5.00E+00	1.80E+02	3	7.724538E-02	-1.591718E+02	-7.219744E-02	-1.373297E+00
	5.00E+00	1.80E+02	4	0.000000E+00	-1.088606E+02	0.000000E+00	-6.408166E-05
	5.00E+00	1.80E+02	5	0.000000E+00	7.113922E+01	0.000000E+00	7.330043E+02
	5.00E+00	1.80E+02	6	0.000000E+00	-9.000000E+01	0.000000E+00	-3.937205E-15
	5.50E+00	-1.80E+02	1	0.000000E+00	-1.056535E+02	0.000000E+00	-1.355067E+02
	5.50E+00	-1.80E+02	2	0.000000E+00	7.434644E+01	0.000000E+00	1.184637E-05
	5.50E+00	-1.80E+02	3	1.276661E-01	-1.648543E+02	-1.232315E-01	-1.667795E+00
	5.50E+00	-1.80E+02	4	0.000000E+00	7.434648E+01	0.000000E+00	8.265310E-05
	5.50E+00	-1.80E+02	5	0.000000E+00	7.434637E+01	0.000000E+00	9.454453E+02
	5.50E+00	-1.80E+02	6	0.000000E+00	9.000000E+01	0.000000E+00	1.523743E-15
	5.50E+00	-1.50E+02	1	0.000000E+00	-1.056536E+02	0.000000E+00	-1.173523E+02
	5.50E+00	-1.50E+02	2	0.000000E+00	-1.056535E+02	0.000000E+00	-6.775321E+01
	5.50E+00	-1.50E+02	3	1.276661E-01	-1.648543E+02	-1.232316E-01	-1.667791E+00
	5.50E+00	-1.50E+02	4	0.000000E+00	-1.056537E+02	0.000000E+00	-4.727190E+02
	5.50E+00	-1.50E+02	5	0.000000E+00	7.434641E+01	0.000000E+00	8.187776E+02
	5.50E+00	-1.50E+02	6	0.000000E+00	-1.042087E+00	0.000000E+00	-7.547260E-09
	5.50E+00	-1.20E+02	1	0.000000E+00	-1.056535E+02	0.000000E+00	-6.775362E+01
	5.50E+00	-1.20E+02	2	0.000000E+00	-1.056535E+02	0.000000E+00	-1.173521E+02
	5.50E+00	-1.20E+02	3	1.276669E-01	-1.648544E+02	-1.232324E-01	-1.667793E+00
	5.50E+00	-1.20E+02	4	0.000000E+00	-1.056536E+02	0.000000E+00	-8.187758E+02
	5.50E+00	-1.20E+02	5	0.000000E+00	7.434626E+01	0.000000E+00	4.727199E+02
	5.50E+00	-1.20E+02	6	0.000000E+00	-1.027768E+00	0.000000E+00	-7.547278E-09
	5.50E+00	-9.00E+01	1	0.000000E+00	-1.056536E+02	0.000000E+00	-5.923203E-06
	5.50E+00	-9.00E+01	2	0.000000E+00	-1.056535E+02	0.000000E+00	-1.355063E+02
	5.50E+00	-9.00E+01	3	1.276661E-01	-1.648541E+02	-1.232314E-01	-1.667813E+00
	5.50E+00	-9.00E+01	4	0.000000E+00	-1.056536E+02	0.000000E+00	-9.454426E+02
	5.50E+00	-9.00E+01	5	0.000000E+00	7.434641E+01	0.000000E+00	4.132652E-05
	5.50E+00	-9.00E+01	6	0.000000E+00	-9.000000E+01	0.000000E+00	-7.618760E-16
	5.50E+00	-6.00E+01	1	0.000000E+00	7.434653E+01	0.000000E+00	6.775358E+01
	5.50E+00	-6.00E+01	2	0.000000E+00	-1.056535E+02	0.000000E+00	-1.173522E+02
	5.50E+00	-6.00E+01	3	1.276668E-01	-1.648544E+02	-1.232323E-01	-1.667789E+00
	5.50E+00	-6.00E+01	4	0.000000E+00	-1.056536E+02	0.000000E+00	-8.187758E+02
	5.50E+00	-6.00E+01	5	0.000000E+00	-1.056537E+02	0.000000E+00	-4.727197E+02
	5.50E+00	-6.00E+01	6	0.000000E+00	1.789722E+02	0.000000E+00	7.547278E-09
	5.50E+00	-3.00E+01	1	0.000000E+00	7.434641E+01	0.000000E+00	1.173522E+02
	5.50E+00	-3.00E+01	2	0.000000E+00	-1.056535E+02	0.000000E+00	-6.775320E+01
	5.50E+00	-3.00E+01	3	1.276662E-01	-1.648544E+02	-1.232317E-01	-1.667788E+00
	5.50E+00	-3.00E+01	4	0.000000E+00	-1.056536E+02	0.000000E+00	-4.727194E+02
	5.50E+00	-3.00E+01	5	0.000000E+00	-1.056536E+02	0.000000E+00	-8.187776E+02
	5.50E+00	-3.00E+01	6	0.000000E+00	1.789579E+02	0.000000E+00	7.547259E-09
	5.50E+00	0.00E+00	1	0.000000E+00	7.434646E+01	0.000000E+00	1.355067E+02
	5.50E+00	0.00E+00	2	0.000000E+00	9.000000E+01	0.000000E+00	0.000000E+00
	5.50E+00	0.00E+00	3	1.276661E-01	-1.648543E+02	-1.232315E-01	-1.667795E+00
	5.50E+00	0.00E+00	4	0.000000E+00	9.000000E+01	0.000000E+00	0.000000E+00
	5.50E+00	0.00E+00	5	0.000000E+00	-1.056536E+02	0.000000E+00	-9.454453E+02
	5.50E+00	0.00E+00	6	0.000000E+00	9.000000E+01	0.000000E+00	0.000000E+00
	5.50E+00	3.00E+01	1	0.000000E+00	7.434641E+01	0.000000E+00	1.173522E+02
	5.50E+00	3.00E+01	2	0.000000E+00	7.434648E+01	0.000000E+00	6.775320E+01
	5.50E+00	3.00E+01	3	1.276662E-01	-1.648544E+02	-1.232317E-01	-1.667788E+00
	5.50E+00	3.00E+01	4	0.000000E+00	7.434636E+01	0.000000E+00	4.727194E+02
	5.50E+00	3.00E+01	5	0.000000E+00	-1.056536E+02	0.000000E+00	-8.187776E+02
	5.50E+00	3.00E+01	6	0.000000E+00	-1.042087E+00	0.000000E+00	-7.547259E-09
	5.50E+00	6.00E+01	1	0.000000E+00	7.434653E+01	0.000000E+00	6.775358E+01
	5.50E+00	6.00E+01	2	0.000000E+00	7.434655E+01	0.000000E+00	1.173522E+02
	5.50E+00	6.00E+01	3	1.276668E-01	-1.648544E+02	-1.232323E-01	-1.667789E+00
	5.50E+00	6.00E+01	4	0.000000E+00	7.434643E+01	0.000000E+00	8.187758E+02
	5.50E+00	6.00E+01	5	0.000000E+00	-1.056537E+02	0.000000E+00	-4.727197E+02
	5.50E+00	6.00E+01	6	0.000000E+00	-1.027769E+00	0.000000E+00	-7.547278E-09
	5.50E+00	9.00E+01	1	0.000000E+00	-1.056536E+02	0.000000E+00	-5.923203E-06
	5.50E+00	9.00E+01	2	0.000000E+00	7.434647E+01	0.000000E+00	1.355063E+02
	5.50E+00	9.00E+01	3	1.276661E-01	-1.648541E+02	-1.232314E-01	-1.667813E+00
	5.50E+00	9.00E+01	4	0.000000E+00	7.434642E+01	0.000000E+00	9.454426E+02
	5.50E+00	9.00E+01	5	0.000000E+00	7.434641E+01	0.000000E+00	4.132652E-05
	5.50E+00	9.00E+01	6	0.000000E+00	9.000000E+01	0.000000E+00	7.618760E-16
	5.50E+00	1.20E+02	1	0.000000E+00	-1.056535E+02	0.000000E+00	-6.775362E+01
	5.50E+00	1.20E+02	2	0.000000E+00	7.434654E+01	0.000000E+00	1.173521E+02
	5.50E+00	1.20E+02	3	1.276669E-01	-1.648544E+02	-1.232324E-01	-1.667793E+00
	5.50E+00	1.20E+02	4	0.000000E+00	7.434644E+01	0.000000E+00	8.187758E+02
	5.50E+00	1.20E+02	5	0.000000E+00	7.434626E+01	0.000000E+00	4.727199E+02
	5.50E+00	1.20E+02	6	0.000000E+00	1.789722E+02	0.000000E+00	7.547278E-09
	5.50E+00	1.50E+02	1	0.000000E+00	-1.056536E+02	0.000000E+00	-1.173523E+02
	5.50E+00	1.50E+02	2	0.000000E+00	7.434649E+01	0.000000E+00	6.775321E+01
	5.50E+00	1.50E+02	3	1.276661E-01	-1.648543E+02	-1.232316E-01	-1.667791E+00
	5.50E+00	1.50E+02	4	0.000000E+00	7.434634E+01	0.000000E+00	4.727190E+02
	5.50E+00	1.50E+02	5	0.000000E+00	7.434641E+01	0.000000E+00	8.187776E+02
	5.50E+00	1.50E+02	6	0.000000E+00	1.789579E+02	0.000000E+00	7.547260E-09
	5.50E+00	1.80E+02	1	0.000000E+00	-1.056535E+02	0.000000E+00	-1.355067E+02
	5.50E+00	1.80E+02	2	0.000000E+00	-1.056536E+02	0.000000E+00	-1.184637E-05
	5.50E+00	1.80E+02	3	1.276661E-01	-1.648543E+02	-1.232315E-01	-1.667795E+00
	5.50E+00	1.80E+02	4	0.000000E+00	-1.056535E+02	0.000000E+00	-8.265310E-05
	5.50E+00	1.80E+02	5	0.000000E+00	7.434637E+01	0.000000E+00	9.454453E+02
	5.50E+00	1.80E+02	6	0.000000E+00	-9.000000E+01	0.000000E+00	-1.523743E-15
	6.00E+00	-1.80E+02	1	0.000000E+00	-1.023551E+02	0.000000E+00	-1.425767E+02
	6.00E+00	-1.80E+02	2	0.000000E+00	7.764491E+01	0.000000E+00	1.246438E-05
	6.00E+00	-1.80E+02	3	1.772863E-01	-1.688514E+02	-1.739408E-01	-1.713948E+00
	6.00E+00	-1.80E+02	4	0.000000E+00	7.764484E+01	0.000000E+00	9.710471E-05
	6.00E+00	-1.80E+02	5	0.000000E+00	7.764490E+01	0.000000E+00	1.110755E+03
	6.00E+00	-1.80E+02	6	0.000000E+00	9.000000E+01	0.000000E+00	6.259426E-16
	6.00E+00	-1.50E+02	1	0.000000E+00	-1.023551E+02	0.000000E+00	-1.234750E+02
	6.00E+00	-1.50E+02	2	0.000000E+00	-1.023551E+02	0.000000E+00	-7.128790E+01
	6.00E+00	-1.50E+02	3	1.772864E-01	-1.688514E+02	-1.739408E-01	-1.713951E+00
	6.00E+00	-1.50E+02	4	0.000000E+00	-1.023550E+02	0.000000E+00	-5.553790E+02
	6.00E+00	-1.50E+02	5	0.000000E+00	7.764484E+01	0.000000E+00	9.619420E+02
	6.00E+00	-1.50E+02	6	0.000000E+00	-5.299592E-01	0.000000E+00	-3.100354E-09
	6.00E+00	-1.20E+02	1	0.000000E+00	-1.023551E+02	0.000000E+00	-7.128828E+01
	6.00E+00	-1.20E+02	2	0.000000E+00	-1.023551E+02	0.000000E+00	-1.234739E+02
	6.00E+00	-1.20E+02	3	1.772859E-01	-1.688515E+02	-1.739404E-01	-1.713941E+00
	6.00E+00	-1.20E+02	4	0.000000E+00	-1.023551E+02	0.000000E+00	-9.619415E+02
	6.00E+00	-1.20E+02	5	0.000000E+00	7.764491E+01	0.000000E+00	5.553787E+02
	6.00E+00	-1.20E+02	6	0.000000E+00	-5.244035E-01	0.000000E+00	-3.100357E-09
	6.00E+00	-9.00E+01	1	0.000000E+00	-1.023552E+02	0.000000E+00	-6.232200E-06
	6.00E+00	-9.00E+01	2	0.000000E+00	-1.023551E+02	0.000000E+00	-1.425758E+02
	6.00E+00	-9.00E+01	3	1.772873E-01	-1.688515E+02	-1.739418E-01	-1.713941E+00
	6.00E+00	-9.00E+01	4	0.000000E+00	-1.023551E+02	0.000000E+00	-1.110754E+03
	6.00E+00	-9.00E+01	5	0.000000E+00	7.764487E+01	0.000000E+00	4.855260E-05
	6.00E+00	-9.00E+01	6	0.000000E+00	-9.000000E+01	0.000000E+00	-3.129722E-16
	6.00E+00	-6.00E+01	1	0.000000E+00	7.764490E+01	0.000000E+00	7.128825E+01
	6.00E+00	-6.00E+01	2	0.000000E+00	-1.023551E+02	0.000000E+00	-1.234739E+02
	6.00E+00	-6.00E+01	3	1.772855E-01	-1.688514E+02	-1.739399E-01	-1.713944E+00
	6.00E+00	-6.00E+01	4	0.000000E+00	-1.023551E+02	0.000000E+00	-9.619415E+02
	6.00E+00	-6.00E+01	5	0.000000E+00	-1.023551E+02	0.000000E+00	-5.553790E+02
	6.00E+00	-6.00E+01	6	0.000000E+00	1.794756E+02	0.000000E+00	3.100358E-09
	6.00E+00	-3.00E+01	1	0.000000E+00	7.764488E+01	0.000000E+00	1.234750E+02
	6.00E+00	-3.00E+01	2	0.000000E+00	-1.023551E+02	0.000000E+00	-7.128790E+01
	6.00E+00	-3.00E+01	3	1.772867E-01	-1.688515E+02	-1.739412E-01	-1.713946E+00
	6.00E+00	-3.00E+01	4	0.000000E+00	-1.023550E+02	0.000000E+00	-5.553789E+02
	6.00E+00	-3.00E+01	5	0.000000E+00	-1.023552E+02	0.000000E+00	-9.619421E+02
	6.00E+00	-3.00E+01	6	0.000000E+00	1.794700E+02	0.000000E+00	3.100355E-09
	6.00E+00	0.00E+00	1	0.000000E+00	7.764492E+01	0.000000E+00	1.425767E+02
	6.00E+00	0.00E+00	2	0.000000E+00	9.000000E+01	0.000000E+00	0.000000E+00
	6.00E+00	0.00E+00	3	1.772863E-01	-1.688514E+02	-1.739408E-01	-1.713948E+00
	6.00E+00	0.00E+00	4	0.000000E+00	9.000000E+01	0.000000E+00	0.000000E+00
	6.00E+00	0.00E+00	5	0.000000E+00	-1.023551E+02	0.000000E+00	-1.110755E+03
	6.00E+00	0.00E+00	6	0.000000E+00	9.000000E+01	0.000000E+00	0.000000E+00
	6.00E+00	3.00E+01	1	0.000000E+00	7.764488E+01	0.000000E+00	1.234750E+02
	6.00E+00	3.00E+01	2	0.000000E+00	7.764491E+01	0.000000E+00	7.128790E+01
	6.00E+00	3.00E+01	3	1.772867E-01	-1.688515E+02	-1.739412E-01	-1.713946E+00
	6.00E+00	3.00E+01	4	0.000000E+00	7.764498E+01	0.000000E+00	5.553789E+02
	6.00E+00	3.00E+01	5	0.000000E+00	-1.023552E+02	0.000000E+00	-9.619421E+02
	6.00E+00	3.00E+01	6	0.000000E+00	-5.299592E-01	0.000000E+00	-3.100355E-09
	6.00E+00	6.00E+01	1	0.000000E+00	7.764490E+01	0.000000E+00	7.128825E+01
	6.00E+00	6.00E+01	2	0.000000E+00	7.764487E+01	0.000000E+00	1.234739E+02
	6.00E+00	6.00E+01	3	1.772855E-01	-1.688514E+02	-1.739399E-01	-1.713944E+00
	6.00E+00	6.00E+01	4	0.000000E+00	7.764488E+01	0.000000E+00	9.619415E+02
	6.00E+00	6.00E+01	5	0.000000E+00	-1.023551E+02	0.000000E+00	-5.553790E+02
	6.00E+00	6.00E+01	6	0.000000E+00	-5.244039E-01	0.000000E+00	-3.100358E-09
	6.00E+00	9.00E+01	1	0.000000E+00	-1.023552E+02	0.000000E+00	-6.232200E-06
	6.00E+00	9.00E+01	2	0.000000E+00	7.764493E+01	0.000000E+00	1.425758E+02
	6.00E+00	9.00E+01	3	1.772873E-01	-1.688515E+02	-1.739418E-01	-1.713941E+00
	6.00E+00	9.00E+01	4	0.000000E+00	7.764493E+01	0.000000E+00	1.110754E+03
	6.00E+00	9.00E+01	5	0.000000E+00	7.764487E+01	0.000000E+00	4.855260E-05
	6.00E+00	9.00E+01	6	0.000000E+00	9.000000E+01	0.000000E+00	3.129722E-16
	6.00E+00	1.20E+02	1	0.000000E+00	-1.023551E+02	0.000000E+00	-7.128828E+01
	6.00E+00	1.20E+02	2	0.000000E+00	7.764487E+01	0.000000E+00	1.234739E+02
	6.00E+00	1.20E+02	3	1.772859E-01	-1.688515E+02	-1.739404E-01	-1.713941E+00
	6.00E+00	1.20E+02	4	0.000000E+00	7.764488E+01	0.000000E+00	9.619415E+02
	6.00E+00	1.20E+02	5	0.000000E+00	7.764491E+01	0.000000E+00	5.553787E+02
	6.00E+00	1.20E+02	6	0.000000E+00	1.794756E+02	0.000000E+00	3.100357E-09
	6.00E+00	1.50E+02	1	0.000000E+00	-1.023551E+02	0.000000E+00	-1.234750E+02
	6.00E+00	1.50E+02	2	0.000000E+00	7.764491E+01	0.000000E+00	7.128790E+01
	6.00E+00	1.50E+02	3	1.772864E-01	-1.688514E+02	-1.739408E-01	-1.713951E+00
	6.00E+00	1.50E+02	4	0.000000E+00	7.764498E+01	0.000000E+00	5.553790E+02
	6.00E+00	1.50E+02	5	0.000000E+00	7.764484E+01	0.000000E+00	9.619420E+02
	6.00E+00	1.50E+02	6	0.000000E+00	1.794700E+02	0.000000E+00	3.100354E-09
	6.00E+00	1.80E+02	1	0.000000E+00	-1.023551E+02	0.000000E+00	-1.425767E+02
	6.00E+00	1.80E+02	2	0.000000E+00	-1.023551E+02	0.000000E+00	-1.246438E-05
	6.00E+00	1.80E+02	3	1.772863E-01	-1.688514E+02	-1.739408E-01	-1.713948E+00
	6.00E+00	1.80E+02	4	0.000000E+00	-1.023552E+02	0.000000E+00	-9.710471E-05
	6.00E+00	1.80E+02	5	0.000000E+00	7.764490E+01	0.000000E+00	1.110755E+03
	6.00E+00	1.80E+02	6	0.000000E+00	-9.000000E+01	0.000000E+00	-6.259426E-16
	6.50E+00	-1.80E+02	1	0.000000E+00	-9.953858E+01	0.000000E+00	-1.437202E+02
	6.50E+00	-1.80E+02	2	0.000000E+00	8.046145E+01	0.000000E+00	1.256435E-05
	6.50E+00	-1.80E+02	3	2.172922E-01	-1.717133E+02	-2.150236E-01	-1.565876E+00
	6.50E+00	-1.80E+02	4	0.000000E+00	8.046139E+01	0.000000E+00	1.065284E-04
	6.50E+00	-1.80E+02	5	0.000000E+00	8.046143E+01	0.000000E+00	1.218552E+03
	6.50E+00	-1.80E+02	6	0.000000E+00	9.000000E+01	0.000000E+00	2.713458E-16
	6.50E+00	-1.50E+02	1	0.000000E+00	-9.953860E+01	0.000000E+00	-1.244655E+02
	6.50E+00	-1.50E+02	2	0.000000E+00	-9.953857E+01	0.000000E+00	-7.185965E+01
	6.50E+00	-1.50E+02	3	2.172940E-01	-1.717133E+02	-2.150252E-01	-1.565892E+00
	6.50E+00	-1.50E+02	4	0.000000E+00	-9.953861E+01	0.000000E+00	-6.092722E+02
	6.50E+00	-1.50E+02	5	0.000000E+00	8.046148E+01	0.000000E+00	1.055301E+03
	6.50E+00	-1.50E+02	6	0.000000E+00	-2.828012E-01	0.000000E+00	-1.343998E-09
	6.50E+00	-1.20E+02	1	0.000000E+00	-9.953860E+01	0.000000E+00	-7.185989E+01
	6.50E+00	-1.20E+02	2	0.000000E+00	-9.953855E+01	0.000000E+00	-1.244648E+02
	6.50E+00	-1.20E+02	3	2.172930E-01	-1.717132E+02	-2.150244E-01	-1.565896E+00
	6.50E+00	-1.20E+02	4	0.000000E+00	-9.953851E+01	0.000000E+00	-1.055298E+03
	6.50E+00	-1.20E+02	5	0.000000E+00	8.046139E+01	0.000000E+00	6.092729E+02
	6.50E+00	-1.20E+02	6	0.000000E+00	-2.804843E-01	0.000000E+00	-1.343997E-09
	6.50E+00	-9.00E+01	1	0.000000E+00	-9.953857E+01	0.000000E+00	-6.282195E-06
	6.50E+00	-9.00E+01	2	0.000000E+00	-9.953856E+01	0.000000E+00	-1.437196E+02
	6.50E+00	-9.00E+01	3	2.172920E-01	-1.717134E+02	-2.150234E-01	-1.565861E+00
	6.50E+00	-9.00E+01	4	0.000000E+00	-9.953854E+01	0.000000E+00	-1.218552E+03
	6.50E+00	-9.00E+01	5	0.000000E+00	8.046132E+01	0.000000E+00	5.326411E-05
	6.50E+00	-9.00E+01	6	0.000000E+00	-9.000000E+01	0.000000E+00	-1.356730E-16
	6.50E+00	-6.00E+01	1	0.000000E+00	8.046141E+01	0.000000E+00	7.185992E+01
	6.50E+00	-6.00E+01	2	0.000000E+00	-9.953854E+01	0.000000E+00	-1.244649E+02
	6.50E+00	-6.00E+01	3	2.172934E-01	-1.717133E+02	-2.150248E-01	-1.565893E+00
	6.50E+00	-6.00E+01	4	0.000000E+00	-9.953849E+01	0.000000E+00	-1.055299E+03
	6.50E+00	-6.00E+01	5	0.000000E+00	-9.953863E+01	0.000000E+00	-6.092726E+02
	6.50E+00	-6.00E+01	6	0.000000E+00	1.797195E+02	0.000000E+00	1.343998E-09
	6.50E+00	-3.00E+01	1	0.000000E+00	8.046140E+01	0.000000E+00	1.244655E+02
	6.50E+00	-3.00E+01	2	0.000000E+00	-9.953857E+01	0.000000E+00	-7.185964E+01
	6.50E+00	-3.00E+01	3	2.172942E-01	-1.717133E+02	-2.150254E-01	-1.565891E+00
	6.50E+00	-3.00E+01	4	0.000000E+00	-9.953861E+01	0.000000E+00	-6.092722E+02
	6.50E+00	-3.00E+01	5	0.000000E+00	-9.953852E+01	0.000000E+00	-1.055301E+03
	6.50E+00	-3.00E+01	6	0.000000E+00	1.797172E+02	0.000000E+00	1.343998E-09
	6.50E+00	0.00E+00	1	0.000000E+00	8.046142E+01	0.000000E+00	1.437202E+02
	6.50E+00	0.00E+00	2	0.000000E+00	9.000000E+01	0.000000E+00	0.000000E+00
	6.50E+00	0.00E+00	3	2.172922E-01	-1.717133E+02	-2.150236E-01	-1.565876E+00
	6.50E+00	0.00E+00	4	0.000000E+00	9.000000E+01	0.000000E+00	0.000000E+00
	6.50E+00	0.00E+00	5	0.000000E+00	-9.953857E+01	0.000000E+00	-1.218552E+03
	6.50E+00	0.00E+00	6	0.000000E+00	9.000000E+01	0.000000E+00	0.000000E+00
	6.50E+00	3.00E+01	1	0.000000E+00	8.046140E+01	0.000000E+00	1.244655E+02
	6.50E+00	3.00E+01	2	0.000000E+00	8.046143E+01	0.000000E+00	7.185964E+01
	6.50E+00	3.00E+01	3	2.172942E-01	-1.717133E+02	-2.150254E-01	-1.565891E+00
	6.50E+00	3.00E+01	4	0.000000E+00	8.046140E+01	0.000000E+00	6.092722E+02
	6.50E+00	3.00E+01	5	0.000000E+00	-9.953852E+01	0.000000E+00	-1.055301E+03
	6.50E+00	3.00E+01	6	0.000000E+00	-2.828013E-01	0.000000E+00	-1.343998E-09
	6.50E+00	6.00E+01	1	0.000000E+00	8.046141E+01	0.000000E+00	7.185992E+01
	6.50E+00	6.00E+01	2	0.000000E+00	8.046146E+01	0.000000E+00	1.244649E+02
	6.50E+00	6.00E+01	3	2.172934E-01	-1.717133E+02	-2.150248E-01	-1.565893E+00
	6.50E+00	6.00E+01	4	0.000000E+00	8.046151E+01	0.000000E+00	1.055299E+03
	6.50E+00	6.00E+01	5	0.000000E+00	-9.953863E+01	0.000000E+00	-6.092726E+02
	6.50E+00	6.00E+01	6	0.000000E+00	-2.804841E-01	0.000000E+00	-1.343998E-09
	6.50E+00	9.00E+01	1	0.000000E+00	-9.953857E+01	0.000000E+00	-6.282195E-06
	6.50E+00	9.00E+01	2	0.000000E+00	8.046144E+01	0.000000E+00	1.437196E+02
	6.50E+00	9.00E+01	3	2.172920E-01	-1.717134E+02	-2.150234E-01	-1.565861E+00
	6.50E+00	9.00E+01	4	0.000000E+00	8.046146E+01	0.000000E+00	1.218552E+03
	6.50E+00	9.00E+01	5	0.000000E+00	8.046132E+01	0.000000E+00	5.326411E-05
	6.50E+00	9.00E+01	6	0.000000E+00	9.000000E+01	0.000000E+00	1.356730E-16
	6.50E+00	1.20E+02	1	0.000000E+00	-9.953860E+01	0.000000E+00	-7.185989E+01
	6.50E+00	1.20E+02	2	0.000000E+00	8.046145E+01	0.000000E+00	1.244648E+02
	6.50E+00	1.20E+02	3	2.172930E-01	-1.717132E+02	-2.150244E-01	-1.565896E+00
	6.50E+00	1.20E+02	4	0.000000E+00	8.046149E+01	0.000000E+00	1.055298E+03
	6.50E+00	1.20E+02	5	0.000000E+00	8.046139E+01	0.000000E+00	6.092729E+02
	6.50E+00	1.20E+02	6	0.000000E+00	1.797195E+02	0.000000E+00	1.343997E-09
	6.50E+00	1.50E+02	1	0.000000E+00	-9.953860E+01	0.000000E+00	-1.244655E+02
	6.50E+00	1.50E+02	2	0.000000E+00	8.046143E+01	0.000000E+00	7.185965E+01
	6.50E+00	1.50E+02	3	2.172940E-01	-1.717133E+02	-2.150252E-01	-1.565892E+00
	6.50E+00	1.50E+02	4	0.000000E+00	8.046139E+01	0.000000E+00	6.092722E+02
	6.50E+00	1.50E+02	5	0.000000E+00	8.046148E+01	0.000000E+00	1.055301E+03
	6.50E+00	1.50E+02	6	0.000000E+00	1.797172E+02	0.000000E+00	1.343998E-09
	6.50E+00	1.80E+02	1	0.000000E+00	-9.953858E+01	0.000000E+00	-1.437202E+02
	6.50E+00	1.80E+02	2	0.000000E+00	-9.953856E+01	0.000000E+00	-1.256435E-05
	6.50E+00	1.80E+02	3	2.172922E-01	-1.717133E+02	-2.150236E-01	-1.565876E+00
	6.50E+00	1.80E+02	4	0.000000E+00	-9.953861E+01	0.000000E+00	-1.065284E-04
	6.50E+00	1.80E+02	5	0.000000E+00	8.046143E+01	0.000000E+00	1.218552E+03
	6.50E+00	1.80E+02	6	0.000000E+00	-9.000000E+01	0.000000E+00	-2.713458E-16
	7.00E+00	-1.80E+02	1	0.000000E+00	-9.731094E+01	0.000000E+00	-1.408823E+02
	7.00E+00	-1.80E+02	2	0.000000E+00	8.268903E+01	0.000000E+00	1.231624E-05
	7.00E+00	-1.80E+02	3	2.422518E-01	-1.737840E+02	-2.408276E-01	-1.311506E+00
	7.00E+00	-1.80E+02	4	0.000000E+00	8.268907E+01	0.000000E+00	1.114825E-04
	7.00E+00	-1.80E+02	5	0.000000E+00	8.268906E+01	0.000000E+00	1.275219E+03
	7.00E+00	-1.80E+02	6	0.000000E+00	9.000000E+01	0.000000E+00	1.232551E-16
	7.00E+00	-1.50E+02	1	0.000000E+00	-9.731096E+01	0.000000E+00	-1.220076E+02
	7.00E+00	-1.50E+02	2	0.000000E+00	-9.731093E+01	0.000000E+00	-7.044086E+01
	7.00E+00	-1.50E+02	3	2.422520E-01	-1.737841E+02	-2.408278E-01	-1.311504E+00
	7.00E+00	-1.50E+02	4	0.000000E+00	-9.731092E+01	0.000000E+00	-6.376077E+02
	7.00E+00	-1.50E+02	5	0.000000E+00	8.268906E+01	0.000000E+00	1.104374E+03
	7.00E+00	-1.50E+02	6	0.000000E+00	-1.572634E-01	0.000000E+00	-6.104921E-10
	7.00E+00	-1.20E+02	1	0.000000E+00	-9.731096E+01	0.000000E+00	-7.044094E+01
	7.00E+00	-1.20E+02	2	0.000000E+00	-9.731093E+01	0.000000E+00	-1.220074E+02
	7.00E+00	-1.20E+02	3	2.422516E-01	-1.737840E+02	-2.408274E-01	-1.311521E+00
	7.00E+00	-1.20E+02	4	0.000000E+00	-9.731094E+01	0.000000E+00	-1.104371E+03
	7.00E+00	-1.20E+02	5	0.000000E+00	8.268905E+01	0.000000E+00	6.376077E+02
	7.00E+00	-1.20E+02	6	0.000000E+00	-1.562392E-01	0.000000E+00	-6.104924E-10
	7.00E+00	-9.00E+01	1	0.000000E+00	-9.731100E+01	0.000000E+00	-6.158133E-06
	7.00E+00	-9.00E+01	2	0.000000E+00	-9.731094E+01	0.000000E+00	-1.408815E+02
	7.00E+00	-9.00E+01	3	2.422530E-01	-1.737840E+02	-2.408286E-01	-1.311521E+00
	7.00E+00	-9.00E+01	4	0.000000E+00	-9.731091E+01	0.000000E+00	-1.275215E+03
	7.00E+00	-9.00E+01	5	0.000000E+00	8.268902E+01	0.000000E+00	5.574121E-05
	7.00E+00	-9.00E+01	6	0.000000E+00	-9.000000E+01	0.000000E+00	-6.162756E-17
	7.00E+00	-6.00E+01	1	0.000000E+00	8.268904E+01	0.000000E+00	7.044094E+01
	7.00E+00	-6.00E+01	2	0.000000E+00	-9.731094E+01	0.000000E+00	-1.220074E+02
	7.00E+00	-6.00E+01	3	2.422528E-01	-1.737840E+02	-2.408286E-01	-1.311520E+00
	7.00E+00	-6.00E+01	4	0.000000E+00	-9.731094E+01	0.000000E+00	-1.104370E+03
	7.00E+00	-6.00E+01	5	0.000000E+00	-9.731095E+01	0.000000E+00	-6.376077E+02
	7.00E+00	-6.00E+01	6	0.000000E+00	1.798438E+02	0.000000E+00	6.104930E-10
	7.00E+00	-3.00E+01	1	0.000000E+00	8.268904E+01	0.000000E+00	1.220076E+02
	7.00E+00	-3.00E+01	2	0.000000E+00	-9.731093E+01	0.000000E+00	-7.044085E+01
	7.00E+00	-3.00E+01	3	2.422520E-01	-1.737841E+02	-2.408278E-01	-1.311505E+00
	7.00E+00	-3.00E+01	4	0.000000E+00	-9.731091E+01	0.000000E+00	-6.376080E+02
	7.00E+00	-3.00E+01	5	0.000000E+00	-9.731095E+01	0.000000E+00	-1.104375E+03
	7.00E+00	-3.00E+01	6	0.000000E+00	1.798427E+02	0.000000E+00	6.104920E-10
	7.00E+00	0.00E+00	1	0.000000E+00	8.268906E+01	0.000000E+00	1.408823E+02
	7.00E+00	0.00E+00	2	0.000000E+00	9.000000E+01	0.000000E+00	0.000000E+00
	7.00E+00	0.00E+00	3	2.422518E-01	-1.737840E+02	-2.408276E-01	-1.311506E+00
	7.00E+00	0.00E+00	4	0.000000E+00	9.000000E+01	0.000000E+00	0.000000E+00
	7.00E+00	0.00E+00	5	0.000000E+00	-9.731094E+01	0.000000E+00	-1.275219E+03
	7.00E+00	0.00E+00	6	0.000000E+00	9.000000E+01	0.000000E+00	0.000000E+00
	7.00E+00	3.00E+01	1	0.000000E+00	8.268904E+01	0.000000E+00	1.220076E+02
	7.00E+00	3.00E+01	2	0.000000E+00	8.268908E+01	0.000000E+00	7.044085E+01
	7.00E+00	3.00E+01	3	2.422520E-01	-1.737841E+02	-2.408278E-01	-1.311505E+00
	7.00E+00	3.00E+01	4	0.000000E+00	8.268909E+01	0.000000E+00	6.376080E+02
	7.00E+00	3.00E+01	5	0.000000E+00	-9.731095E+01	0.000000E+00	-1.104375E+03
	7.00E+00	3.00E+01	6	0.000000E+00	-1.572635E-01	0.000000E+00	-6.104920E-10
	7.00E+00	6.00E+01	1	0.000000E+00	8.268904E+01	0.000000E+00	7.044094E+01
	7.00E+00	6.00E+01	2	0.000000E+00	8.268907E+01	0.000000E+00	1.220074E+02
	7.00E+00	6.00E+01	3	2.422528E-01	-1.737840E+02	-2.408286E-01	-1.311520E+00
	7.00E+00	6.00E+01	4	0.000000E+00	8.268906E+01	0.000000E+00	1.104370E+03
	7.00E+00	6.00E+01	5	0.000000E+00	-9.731095E+01	0.000000E+00	-6.376077E+02
	7.00E+00	6.00E+01	6	0.000000E+00	-1.562393E-01	0.000000E+00	-6.104930E-10
	7.00E+00	9.00E+01	1	0.000000E+00	-9.731100E+01	0.000000E+00	-6.158133E-06
	7.00E+00	9.00E+01	2	0.000000E+00	8.268906E+01	0.000000E+00	1.408815E+02
	7.00E+00	9.00E+01	3	2.422530E-01	-1.737840E+02	-2.408286E-01	-1.311521E+00
	7.00E+00	9.00E+01	4	0.000000E+00	8.268909E+01	0.000000E+00	1.275215E+03
	7.00E+00	9.00E+01	5	0.000000E+00	8.268902E+01	0.000000E+00	5.574121E-05
	7.00E+00	9.00E+01	6	0.000000E+00	9.000000E+01	0.000000E+00	6.162756E-17
	7.00E+00	1.20E+02	1	0.000000E+00	-9.731096E+01	0.000000E+00	-7.044094E+01
	7.00E+00	1.20E+02	2	0.000000E+00	8.268907E+01	0.000000E+00	1.220074E+02
	7.00E+00	1.20E+02	3	2.422516E-01	-1.737840E+02	-2.408274E-01	-1.311521E+00
	7.00E+00	1.20E+02	4	0.000000E+00	8.268906E+01	0.000000E+00	1.104371E+03
	7.00E+00	1.20E+02	5	0.000000E+00	8.268905E+01	0.000000E+00	6.376077E+02
	7.00E+00	1.20E+02	6	0.000000E+00	1.798438E+02	0.000000E+00	6.104924E-10
	7.00E+00	1.50E+02	1	0.000000E+00	-9.731096E+01	0.000000E+00	-1.220076E+02
	7.00E+00	1.50E+02	2	0.000000E+00	8.268908E+01	0.000000E+00	7.044086E+01
	7.00E+00	1.50E+02	3	2.422520E-01	-1.737841E+02	-2.408278E-01	-1.311504E+00
	7.00E+00	1.50E+02	4	0.000000E+00	8.268909E+01	0.000000E+00	6.376077E+02
	7.00E+00	1.50E+02	5	0.000000E+00	8.268906E+01	0.000000E+00	1.104374E+03
	7.00E+00	1.50E+02	6	0.000000E+00	1.798427E+02	0.000000E+00	6.104921E-10
	7.00E+00	1.80E+02	1	0.000000E+00	-9.731094E+01	0.000000E+00	-1.408823E+02
	7.00E+00	1.80E+02	2	0.000000E+00	-9.731097E+01	0.000000E+00	-1.231624E-05
	7.00E+00	1.80E+02	3	2.422518E-01	-1.737840E+02	-2.408276E-01	-1.311506E+00
	7.00E+00	1.80E+02	4	0.000000E+00	-9.731093E+01	0.000000E+00	-1.114825E-04
	7.00E+00	1.80E+02	5	0.000000E+00	8.268906E+01	0.000000E+00	1.275219E+03
	7.00E+00	1.80E+02	6	0.000000E+00	-9.000000E+01	0.000000E+00	-1.232551E-16
	7.50E+00	-1.80E+02	1	0.000000E+00	-9.560484E+01	0.000000E+00	-1.356974E+02
	7.50E+00	-1.80E+02	2	0.000000E+00	8.439516E+01	0.000000E+00	1.186298E-05
	7.50E+00	-1.80E+02	3	2.501042E-01	-1.752909E+02	-2.492598E-01	-1.026643E+00
	7.50E+00	-1.80E+02	4	0.000000E+00	8.439515E+01	0.000000E+00	1.130094E-04
	7.50E+00	-1.80E+02	5	0.000000E+00	8.439518E+01	0.000000E+00	1.292679E+03
	7.50E+00	-1.80E+02	6	0.000000E+00	9.000000E+01	0.000000E+00	5.830400E-17
	7.50E+00	-1.50E+02	1	0.000000E+00	-9.560486E+01	0.000000E+00	-1.175172E+02
	7.50E+00	-1.50E+02	2	0.000000E+00	-9.560487E+01	0.000000E+00	-6.784814E+01
	7.50E+00	-1.50E+02	3	2.501018E-01	-1.752908E+02	-2.492574E-01	-1.026652E+00
	7.50E+00	-1.50E+02	4	0.000000E+00	-9.560487E+01	0.000000E+00	-6.463370E+02
	7.50E+00	-1.50E+02	5	0.000000E+00	8.439517E+01	0.000000E+00	1.119495E+03
	7.50E+00	-1.50E+02	6	0.000000E+00	-9.057581E-02	0.000000E+00	-2.887855E-10
	7.50E+00	-1.20E+02	1	0.000000E+00	-9.560487E+01	0.000000E+00	-6.784834E+01
	7.50E+00	-1.20E+02	2	0.000000E+00	-9.560483E+01	0.000000E+00	-1.175171E+02
	7.50E+00	-1.20E+02	3	2.501012E-01	-1.752908E+02	-2.492570E-01	-1.026647E+00
	7.50E+00	-1.20E+02	4	0.000000E+00	-9.560481E+01	0.000000E+00	-1.119496E+03
	7.50E+00	-1.20E+02	5	0.000000E+00	8.439517E+01	0.000000E+00	6.463397E+02
	7.50E+00	-1.20E+02	6	0.000000E+00	-9.010010E-02	0.000000E+00	-2.887853E-10
	7.50E+00	-9.00E+01	1	0.000000E+00	-9.560487E+01	0.000000E+00	-5.931516E-06
	7.50E+00	-9.00E+01	2	0.000000E+00	-9.560484E+01	0.000000E+00	-1.356968E+02
	7.50E+00	-9.00E+01	3	2.501014E-01	-1.752908E+02	-2.492572E-01	-1.026650E+00
	7.50E+00	-9.00E+01	4	0.000000E+00	-9.560486E+01	0.000000E+00	-1.292678E+03
	7.50E+00	-9.00E+01	5	0.000000E+00	8.439513E+01	0.000000E+00	5.650480E-05
	7.50E+00	-9.00E+01	6	0.000000E+00	-9.000000E+01	0.000000E+00	-2.915201E-17
	7.50E+00	-6.00E+01	1	0.000000E+00	8.439513E+01	0.000000E+00	6.784833E+01
	7.50E+00	-6.00E+01	2	0.000000E+00	-9.560482E+01	0.000000E+00	-1.175171E+02
	7.50E+00	-6.00E+01	3	2.501008E-01	-1.752908E+02	-2.492566E-01	-1.026649E+00
	7.50E+00	-6.00E+01	4	0.000000E+00	-9.560481E+01	0.000000E+00	-1.119497E+03
	7.50E+00	-6.00E+01	5	0.000000E+00	-9.560482E+01	0.000000E+00	-6.463400E+02
	7.50E+00	-6.00E+01	6	0.000000E+00	1.799099E+02	0.000000E+00	2.887855E-10
	7.50E+00	-3.00E+01	1	0.000000E+00	8.439515E+01	0.000000E+00	1.175172E+02
	7.50E+00	-3.00E+01	2	0.000000E+00	-9.560486E+01	0.000000E+00	-6.784814E+01
	7.50E+00	-3.00E+01	3	2.501020E-01	-1.752908E+02	-2.492578E-01	-1.026652E+00
	7.50E+00	-3.00E+01	4	0.000000E+00	-9.560487E+01	0.000000E+00	-6.463375E+02
	7.50E+00	-3.00E+01	5	0.000000E+00	-9.560483E+01	0.000000E+00	-1.119495E+03
	7.50E+00	-3.00E+01	6	0.000000E+00	1.799094E+02	0.000000E+00	2.887852E-10
	7.50E+00	0.00E+00	1	0.000000E+00	8.439516E+01	0.000000E+00	1.356974E+02
	7.50E+00	0.00E+00	2	0.000000E+00	9.000000E+01	0.000000E+00	0.000000E+00
	7.50E+00	0.00E+00	3	2.501042E-01	-1.752909E+02	-2.492598E-01	-1.026643E+00
	7.50E+00	0.00E+00	4	0.000000E+00	9.000000E+01	0.000000E+00	0.000000E+00
	7.50E+00	0.00E+00	5	0.000000E+00	-9.560483E+01	0.000000E+00	-1.292679E+03
	7.50E+00	0.00E+00	6	0.000000E+00	9.000000E+01	0.000000E+00	0.000000E+00
	7.50E+00	3.00E+01	1	0.000000E+00	8.439515E+01	0.000000E+00	1.175172E+02
	7.50E+00	3.00E+01	2	0.000000E+00	8.439514E+01	0.000000E+00	6.784814E+01
	7.50E+00	3.00E+01	3	2.501020E-01	-1.752908E+02	-2.492578E-01	-1.026652E+00
	7.50E+00	3.00E+01	4	0.000000E+00	8.439513E+01	0.000000E+00	6.463375E+02
	7.50E+00	3.00E+01	5	0.000000E+00	-9.560483E+01	0.000000E+00	-1.119495E+03
	7.50E+00	3.00E+01	6	0.000000E+00	-9.057572E-02	0.000000E+00	-2.887852E-10
	7.50E+00	6.00E+01	1	0.000000E+00	8.439513E+01	0.000000E+00	6.784833E+01
	7.50E+00	6.00E+01	2	0.000000E+00	8.439518E+01	0.000000E+00	1.175171E+02
	7.50E+00	6.00E+01	3	2.501008E-01	-1.752908E+02	-2.492566E-01	-1.026649E+00
	7.50E+00	6.00E+01	4	0.000000E+00	8.439520E+01	0.000000E+00	1.119497E+03
	7.50E+00	6.00E+01	5	0.000000E+00	-9.560482E+01	0.000000E+00	-6.463400E+02
	7.50E+00	6.00E+01	6	0.000000E+00	-9.010032E-02	0.000000E+00	-2.887855E-10
	7.50E+00	9.00E+01	1	0.000000E+00	-9.560487E+01	0.000000E+00	-5.931516E-06
	7.50E+00	9.00E+01	2	0.000000E+00	8.439517E+01	0.000000E+00	1.356968E+02
	7.50E+00	9.00E+01	3	2.501014E-01	-1.752908E+02	-2.492572E-01	-1.026650E+00
	7.50E+00	9.00E+01	4	0.000000E+00	8.439514E+01	0.000000E+00	1.292678E+03
	7.50E+00	9.00E+01	5	0.000000E+00	8.439513E+01	0.000000E+00	5.650480E-05
	7.50E+00	9.00E+01	6	0.000000E+00	9.000000E+01	0.000000E+00	2.915201E-17
	7.50E+00	1.20E+02	1	0.000000E+00	-9.560487E+01	0.000000E+00	-6.784834E+01
	7.50E+00	1.20E+02	2	0.000000E+00	8.439518E+01	0.000000E+00	1.175171E+02
	7.50E+00	1.20E+02	3	2.501012E-01	-1.752908E+02	-2.492570E-01	-1.026647E+00
	7.50E+00	1.20E+02	4	0.000000E+00	8.439520E+01	0.000000E+00	1.119496E+03
	7.50E+00	1.20E+02	5	0.000000E+00	8.439517E+01	0.000000E+00	6.463397E+02
	7.50E+00	1.20E+02	6	0.000000E+00	1.799099E+02	0.000000E+00	2.887853E-10
	7.50E+00	1.50E+02	1	0.000000E+00	-9.560486E+01	0.000000E+00	-1.175172E+02
	7.50E+00	1.50E+02	2	0.000000E+00	8.439514E+01	0.000000E+00	6.784814E+01
	7.50E+00	1.50E+02	3	2.501018E-01	-1.752908E+02	-2.492574E-01	-1.026652E+00
	7.50E+00	1.50E+02	4	0.000000E+00	8.439513E+01	0.000000E+00	6.463370E+02
	7.50E+00	1.50E+02	5	0.000000E+00	8.439517E+01	0.000000E+00	1.119495E+03
	7.50E+00	1.50E+02	6	0.000000E+00	1.799094E+02	0.000000E+00	2.887855E-10
	7.50E+00	1.80E+02	1	0.000000E+00	-9.560484E+01	0.000000E+00	-1.356974E+02
	7.50E+00	1.80E+02	2	0.000000E+00	-9.560484E+01	0.000000E+00	-1.186298E-05
	7.50E+00	1.80E+02	3	2.501042E-01	-1.752909E+02	-2.492598E-01	-1.026643E+00
	7.50E+00	1.80E+02	4	0.000000E+00	-9.560485E+01	0.000000E+00	-1.130094E-04
	7.50E+00	1.80E+02	5	0.000000E+00	8.439518E+01	0.000000E+00	1.292679E+03
	7.50E+00	1.80E+02	6	0.000000E+00	-9.000000E+01	0.000000E+00	-5.830400E-17
	8.00E+00	-1.80E+02	1	0.000000E+00	-9.431361E+01	0.000000E+00	-1.292862E+02
	8.00E+00	-1.80E+02	2	0.000000E+00	8.568641E+01	0.000000E+00	1.130256E-05
	8.00E+00	-1.80E+02	3	2.412952E-01	-1.763910E+02	-2.408166E-01	-7.594469E-01
	8.00E+00	-1.80E+02	4	0.000000E+00	8.568639E+01	0.000000E+00	1.121130E-04
	8.00E+00	-1.80E+02	5	0.000000E+00	8.568639E+01	0.000000E+00	1.282429E+03
	8.00E+00	-1.80E+02	6	0.000000E+00	9.000000E+01	0.000000E+00	2.857844E-17
	8.00E+00	-1.50E+02	1	0.000000E+00	-9.431364E+01	0.000000E+00	-1.119650E+02
	8.00E+00	-1.50E+02	2	0.000000E+00	-9.431360E+01	0.000000E+00	-6.464310E+01
	8.00E+00	-1.50E+02	3	2.412914E-01	-1.763909E+02	-2.408128E-01	-7.594507E-01
	8.00E+00	-1.50E+02	4	0.000000E+00	-9.431358E+01	0.000000E+00	-6.412168E+02
	8.00E+00	-1.50E+02	5	0.000000E+00	8.568636E+01	0.000000E+00	1.110617E+03
	8.00E+00	-1.50E+02	6	0.000000E+00	-5.375734E-02	0.000000E+00	-1.415516E-10
	8.00E+00	-1.20E+02	1	0.000000E+00	-9.431361E+01	0.000000E+00	-6.464307E+01
	8.00E+00	-1.20E+02	2	0.000000E+00	-9.431360E+01	0.000000E+00	-1.119651E+02
	8.00E+00	-1.20E+02	3	2.412942E-01	-1.763910E+02	-2.408156E-01	-7.594445E-01
	8.00E+00	-1.20E+02	4	0.000000E+00	-9.431361E+01	0.000000E+00	-1.110620E+03
	8.00E+00	-1.20E+02	5	0.000000E+00	8.568641E+01	0.000000E+00	6.412188E+02
	8.00E+00	-1.20E+02	6	0.000000E+00	-5.352726E-02	0.000000E+00	-1.415518E-10
	8.00E+00	-9.00E+01	1	0.000000E+00	-9.431362E+01	0.000000E+00	-5.651279E-06
	8.00E+00	-9.00E+01	2	0.000000E+00	-9.431360E+01	0.000000E+00	-1.292860E+02
	8.00E+00	-9.00E+01	3	2.412966E-01	-1.763910E+02	-2.408180E-01	-7.594435E-01
	8.00E+00	-9.00E+01	4	0.000000E+00	-9.431360E+01	0.000000E+00	-1.282427E+03
	8.00E+00	-9.00E+01	5	0.000000E+00	8.568636E+01	0.000000E+00	5.605646E-05
	8.00E+00	-9.00E+01	6	0.000000E+00	-9.000000E+01	0.000000E+00	-1.428923E-17
	8.00E+00	-6.00E+01	1	0.000000E+00	8.568639E+01	0.000000E+00	6.464304E+01
	8.00E+00	-6.00E+01	2	0.000000E+00	-9.431360E+01	0.000000E+00	-1.119652E+02
	8.00E+00	-6.00E+01	3	2.412946E-01	-1.763910E+02	-2.408160E-01	-7.594463E-01
	8.00E+00	-6.00E+01	4	0.000000E+00	-9.431361E+01	0.000000E+00	-1.110619E+03
	8.00E+00	-6.00E+01	5	0.000000E+00	-9.431360E+01	0.000000E+00	-6.412184E+02
	8.00E+00	-6.00E+01	6	0.000000E+00	1.799465E+02	0.000000E+00	1.415516E-10
	8.00E+00	-3.00E+01	1	0.000000E+00	8.568636E+01	0.000000E+00	1.119649E+02
	8.00E+00	-3.00E+01	2	0.000000E+00	-9.431359E+01	0.000000E+00	-6.464310E+01
	8.00E+00	-3.00E+01	3	2.412916E-01	-1.763909E+02	-2.408130E-01	-7.594505E-01
	8.00E+00	-3.00E+01	4	0.000000E+00	-9.431357E+01	0.000000E+00	-6.412175E+02
	8.00E+00	-3.00E+01	5	0.000000E+00	-9.431365E+01	0.000000E+00	-1.110616E+03
	8.00E+00	-3.00E+01	6	0.000000E+00	1.799462E+02	0.000000E+00	1.415517E-10
	8.00E+00	0.00E+00	1	0.000000E+00	8.568639E+01	0.000000E+00	1.292862E+02
	8.00E+00	0.00E+00	2	0.000000E+00	9.000000E+01	0.000000E+00	0.000000E+00
	8.00E+00	0.00E+00	3	2.412952E-01	-1.763910E+02	-2.408166E-01	-7.594469E-01
	8.00E+00	0.00E+00	4	0.000000E+00	9.000000E+01	0.000000E+00	0.000000E+00
	8.00E+00	0.00E+00	5	0.000000E+00	-9.431361E+01	0.000000E+00	-1.282429E+03
	8.00E+00	0.00E+00	6	0.000000E+00	9.000000E+01	0.000000E+00	0.000000E+00
	8.00E+00	3.00E+01	1	0.000000E+00	8.568636E+01	0.000000E+00	1.119649E+02
	8.00E+00	3.00E+01	2	0.000000E+00	8.568641E+01	0.000000E+00	6.464310E+01
	8.00E+00	3.00E+01	3	2.412916E-01	-1.763909E+02	-2.408130E-01	-7.594505E-01
	8.00E+00	3.00E+01	4	0.000000E+00	8.568643E+01	0.000000E+00	6.412175E+02
	8.00E+00	3.00E+01	5	0.000000E+00	-9.431365E+01	0.000000E+00	-1.110616E+03
	8.00E+00	3.00E+01	6	0.000000E+00	-5.375736E-02	0.000000E+00	-1.415517E-10
	8.00E+00	6.00E+01	1	0.000000E+00	8.568639E+01	0.000000E+00	6.464304E+01
	8.00E+00	6.00E+01	2	0.000000E+00	8.568640E+01	0.000000E+00	1.119652E+02
	8.00E+00	6.00E+01	3	2.412946E-01	-1.763910E+02	-2.408160E-01	-7.594463E-01
	8.00E+00	6.00E+01	4	0.000000E+00	8.568639E+01	0.000000E+00	1.110619E+03
	8.00E+00	6.00E+01	5	0.000000E+00	-9.431360E+01	0.000000E+00	-6.412184E+02
	8.00E+00	6.00E+01	6	0.000000E+00	-5.352721E-02	0.000000E+00	-1.415516E-10
	8.00E+00	9.00E+01	1	0.000000E+00	-9.431362E+01	0.000000E+00	-5.651279E-06
	8.00E+00	9.00E+01	2	0.000000E+00	8.568640E+01	0.000000E+00	1.292860E+02
	8.00E+00	9.00E+01	3	2.412966E-01	-1.763910E+02	-2.408180E-01	-7.594435E-01
	8.00E+00	9.00E+01	4	0.000000E+00	8.568640E+01	0.000000E+00	1.282427E+03
	8.00E+00	9.00E+01	5	0.000000E+00	8.568636E+01	0.000000E+00	5.605646E-05
	8.00E+00	9.00E+01	6	0.000000E+00	9.000000E+01	0.000000E+00	1.428923E-17
	8.00E+00	1.20E+02	1	0.000000E+00	-9.431361E+01	0.000000E+00	-6.464307E+01
	8.00E+00	1.20E+02	2	0.000000E+00	8.568640E+01	0.000000E+00	1.119651E+02
	8.00E+00	1.20E+02	3	2.412942E-01	-1.763910E+02	-2.408156E-01	-7.594445E-01
	8.00E+00	1.20E+02	4	0.000000E+00	8.568639E+01	0.000000E+00	1.110620E+03
	8.00E+00	1.20E+02	5	0.000000E+00	8.568641E+01	0.000000E+00	6.412188E+02
	8.00E+00	1.20E+02	6	0.000000E+00	1.799465E+02	0.000000E+00	1.415518E-10
	8.00E+00	1.50E+02	1	0.000000E+00	-9.431364E+01	0.000000E+00	-1.119650E+02
	8.00E+00	1.50E+02	2	0.000000E+00	8.568641E+01	0.000000E+00	6.464310E+01
	8.00E+00	1.50E+02	3	2.412914E-01	-1.763909E+02	-2.408128E-01	-7.594507E-01
	8.00E+00	1.50E+02	4	0.000000E+00	8.568643E+01	0.000000E+00	6.412168E+02
	8.00E+00	1.50E+02	5	0.000000E+00	8.568636E+01	0.000000E+00	1.110617E+03
	8.00E+00	1.50E+02	6	0.000000E+00	1.799462E+02	0.000000E+00	1.415516E-10
	8.00E+00	1.80E+02	1	0.000000E+00	-9.431361E+01	0.000000E+00	-1.292862E+02
	8.00E+00	1.80E+02	2	0.000000E+00	-9.431359E+01	0.000000E+00	-1.130256E-05
	8.00E+00	1.80E+02	3	2.412952E-01	-1.763910E+02	-2.408166E-01	-7.594469E-01
	8.00E+00	1.80E+02	4	0.000000E+00	-9.431362E+01	0.000000E+00	-1.121130E-04
	8.00E+00	1.80E+02	5	0.000000E+00	8.568639E+01	0.000000E+00	1.282429E+03
	8.00E+00	1.80E+02	6	0.000000E+00	-9.000000E+01	0.000000E+00	-2.857844E-17
	8.50E+00	-1.80E+02	1	0.000000E+00	-9.333855E+01	0.000000E+00	-1.223562E+02
	8.50E+00	-1.80E+02	2	0.000000E+00	8.666147E+01	0.000000E+00	1.069669E-05
	8.50E+00	-1.80E+02	3	2.177066E-01	-1.771972E+02	-2.174462E-01	-5.322754E-01
	8.50E+00	-1.80E+02	4	0.000000E+00	8.666146E+01	0.000000E+00	1.095986E-04
	8.50E+00	-1.80E+02	5	0.000000E+00	8.666145E+01	0.000000E+00	1.253671E+03
	8.50E+00	-1.80E+02	6	0.000000E+00	9.000000E+01	0.000000E+00	1.445806E-17
	8.50E+00	-1.50E+02	1	0.000000E+00	-9.333855E+01	0.000000E+00	-1.059634E+02
	8.50E+00	-1.50E+02	2	0.000000E+00	-9.333854E+01	0.000000E+00	-6.117800E+01
	8.50E+00	-1.50E+02	3	2.177078E-01	-1.771971E+02	-2.174474E-01	-5.322976E-01
	8.50E+00	-1.50E+02	4	0.000000E+00	-9.333853E+01	0.000000E+00	-6.268329E+02
	8.50E+00	-1.50E+02	5	0.000000E+00	8.666147E+01	0.000000E+00	1.085703E+03
	8.50E+00	-1.50E+02	6	0.000000E+00	-3.274664E-02	0.000000E+00	-7.161213E-11
	8.50E+00	-1.20E+02	1	0.000000E+00	-9.333855E+01	0.000000E+00	-6.117810E+01
	8.50E+00	-1.20E+02	2	0.000000E+00	-9.333853E+01	0.000000E+00	-1.059634E+02
	8.50E+00	-1.20E+02	3	2.177088E-01	-1.771972E+02	-2.174482E-01	-5.322899E-01
	8.50E+00	-1.20E+02	4	0.000000E+00	-9.333855E+01	0.000000E+00	-1.085705E+03
	8.50E+00	-1.20E+02	5	0.000000E+00	8.666145E+01	0.000000E+00	6.268350E+02
	8.50E+00	-1.20E+02	6	0.000000E+00	-3.263133E-02	0.000000E+00	-7.161222E-11
	8.50E+00	-9.00E+01	1	0.000000E+00	-9.333854E+01	0.000000E+00	-5.348356E-06
	8.50E+00	-9.00E+01	2	0.000000E+00	-9.333853E+01	0.000000E+00	-1.223561E+02
	8.50E+00	-9.00E+01	3	2.177104E-01	-1.771972E+02	-2.174500E-01	-5.322795E-01
	8.50E+00	-9.00E+01	4	0.000000E+00	-9.333854E+01	0.000000E+00	-1.253666E+03
	8.50E+00	-9.00E+01	5	0.000000E+00	8.666144E+01	0.000000E+00	5.479922E-05
	8.50E+00	-9.00E+01	6	0.000000E+00	-9.000000E+01	0.000000E+00	-7.229032E-18
	8.50E+00	-6.00E+01	1	0.000000E+00	8.666145E+01	0.000000E+00	6.117807E+01
	8.50E+00	-6.00E+01	2	0.000000E+00	-9.333852E+01	0.000000E+00	-1.059634E+02
	8.50E+00	-6.00E+01	3	2.177078E-01	-1.771971E+02	-2.174472E-01	-5.322905E-01
	8.50E+00	-6.00E+01	4	0.000000E+00	-9.333854E+01	0.000000E+00	-1.085705E+03
	8.50E+00	-6.00E+01	5	0.000000E+00	-9.333855E+01	0.000000E+00	-6.268347E+02
	8.50E+00	-6.00E+01	6	0.000000E+00	1.799674E+02	0.000000E+00	7.161219E-11
	8.50E+00	-3.00E+01	1	0.000000E+00	8.666145E+01	0.000000E+00	1.059635E+02
	8.50E+00	-3.00E+01	2	0.000000E+00	-9.333853E+01	0.000000E+00	-6.117800E+01
	8.50E+00	-3.00E+01	3	2.177066E-01	-1.771971E+02	-2.174460E-01	-5.323004E-01
	8.50E+00	-3.00E+01	4	0.000000E+00	-9.333853E+01	0.000000E+00	-6.268329E+02
	8.50E+00	-3.00E+01	5	0.000000E+00	-9.333854E+01	0.000000E+00	-1.085704E+03
	8.50E+00	-3.00E+01	6	0.000000E+00	1.799673E+02	0.000000E+00	7.161224E-11
	8.50E+00	0.00E+00	1	0.000000E+00	8.666145E+01	0.000000E+00	1.223562E+02
	8.50E+00	0.00E+00	2	0.000000E+00	9.000000E+01	0.000000E+00	0.000000E+00
	8.50E+00	0.00E+00	3	2.177066E-01	-1.771972E+02	-2.174462E-01	-5.322754E-01
	8.50E+00	0.00E+00	4	0.000000E+00	9.000000E+01	0.000000E+00	0.000000E+00
	8.50E+00	0.00E+00	5	0.000000E+00	-9.333855E+01	0.000000E+00	-1.253671E+03
	8.50E+00	0.00E+00	6	0.000000E+00	9.000000E+01	0.000000E+00	0.000000E+00
	8.50E+00	3.00E+01	1	0.000000E+00	8.666145E+01	0.000000E+00	1.059635E+02
	8.50E+00	3.00E+01	2	0.000000E+00	8.666147E+01	0.000000E+00	6.117800E+01
	8.50E+00	3.00E+01	3	2.177066E-01	-1.771971E+02	-2.174460E-01	-5.323004E-01
	8.50E+00	3.00E+01	4	0.000000E+00	8.666147E+01	0.000000E+00	6.268329E+02
	8.50E+00	3.00E+01	5	0.000000E+00	-9.333854E+01	0.000000E+00	-1.085704E+03
	8.50E+00	3.00E+01	6	0.000000E+00	-3.274669E-02	0.000000E+00	-7.161224E-11
	8.50E+00	6.00E+01	1	0.000000E+00	8.666145E+01	0.000000E+00	6.117807E+01
	8.50E+00	6.00E+01	2	0.000000E+00	8.666148E+01	0.000000E+00	1.059634E+02
	8.50E+00	6.00E+01	3	2.177078E-01	-1.771971E+02	-2.174472E-01	-5.322905E-01
	8.50E+00	6.00E+01	4	0.000000E+00	8.666146E+01	0.000000E+00	1.085705E+03
	8.50E+00	6.00E+01	5	0.000000E+00	-9.333855E+01	0.000000E+00	-6.268347E+02
	8.50E+00	6.00E+01	6	0.000000E+00	-3.263130E-02	0.000000E+00	-7.161219E-11
	8.50E+00	9.00E+01	1	0.000000E+00	-9.333854E+01	0.000000E+00	-5.348356E-06
	8.50E+00	9.00E+01	2	0.000000E+00	8.666147E+01	0.000000E+00	1.223561E+02
	8.50E+00	9.00E+01	3	2.177104E-01	-1.771972E+02	-2.174500E-01	-5.322795E-01
	8.50E+00	9.00E+01	4	0.000000E+00	8.666147E+01	0.000000E+00	1.253666E+03
	8.50E+00	9.00E+01	5	0.000000E+00	8.666144E+01	0.000000E+00	5.479922E-05
	8.50E+00	9.00E+01	6	0.000000E+00	9.000000E+01	0.000000E+00	7.229032E-18
	8.50E+00	1.20E+02	1	0.000000E+00	-9.333855E+01	0.000000E+00	-6.117810E+01
	8.50E+00	1.20E+02	2	0.000000E+00	8.666148E+01	0.000000E+00	1.059634E+02
	8.50E+00	1.20E+02	3	2.177088E-01	-1.771972E+02	-2.174482E-01	-5.322899E-01
	8.50E+00	1.20E+02	4	0.000000E+00	8.666146E+01	0.000000E+00	1.085705E+03
	8.50E+00	1.20E+02	5	0.000000E+00	8.666145E+01	0.000000E+00	6.268350E+02
	8.50E+00	1.20E+02	6	0.000000E+00	1.799674E+02	0.000000E+00	7.161222E-11
	8.50E+00	1.50E+02	1	0.000000E+00	-9.333855E+01	0.000000E+00	-1.059634E+02
	8.50E+00	1.50E+02	2	0.000000E+00	8.666147E+01	0.000000E+00	6.117800E+01
	8.50E+00	1.50E+02	3	2.177078E-01	-1.771971E+02	-2.174474E-01	-5.322976E-01
	8.50E+00	1.50E+02	4	0.000000E+00	8.666147E+01	0.000000E+00	6.268329E+02
	8.50E+00	1.50E+02	5	0.000000E+00	8.666147E+01	0.000000E+00	1.085703E+03
	8.50E+00	1.50E+02	6	0.000000E+00	1.799673E+02	0.000000E+00	7.161213E-11
	8.50E+00	1.80E+02	1	0.000000E+00	-9.333855E+01	0.000000E+00	-1.223562E+02
	8.50E+00	1.80E+02	2	0.000000E+00	-9.333853E+01	0.000000E+00	-1.069669E-05
	8.50E+00	1.80E+02	3	2.177066E-01	-1.771972E+02	-2.174462E-01	-5.322754E-01
	8.50E+00	1.80E+02	4	0.000000E+00	-9.333854E+01	0.000000E+00	-1.095986E-04
	8.50E+00	1.80E+02	5	0.000000E+00	8.666145E+01	0.000000E+00	1.253671E+03
	8.50E+00	1.80E+02	6	0.000000E+00	-9.000000E+01	0.000000E+00	-1.445806E-17
	9.00E+00	-1.80E+02	1	0.000000E+00	-9.260047E+01	0.000000E+00	-1.153323E+02
	9.00E+00	-1.80E+02	2	0.000000E+00	8.739954E+01	0.000000E+00	1.008262E-05
	9.00E+00	-1.80E+02	3	1.819907E-01	-1.777907E+02	-1.818554E-01	-3.507866E-01
	9.00E+00	-1.80E+02	4	0.000000E+00	8.739953E+01	0.000000E+00	1.060602E-04
	9.00E+00	-1.80E+02	5	0.000000E+00	8.739955E+01	0.000000E+00	1.213198E+03
	9.00E+00	-1.80E+02	6	0.000000E+00	9.000000E+01	0.000000E+00	7.525650E-18
	9.00E+00	-1.50E+02	1	0.000000E+00	-9.260047E+01	0.000000E+00	-9.988042E+01
	9.00E+00	-1.50E+02	2	0.000000E+00	-9.260047E+01	0.000000E+00	-5.766587E+01
	9.00E+00	-1.50E+02	3	1.819923E-01	-1.777908E+02	-1.818571E-01	-3.507800E-01
	9.00E+00	-1.50E+02	4	0.000000E+00	-9.260046E+01	0.000000E+00	-6.065956E+02
	9.00E+00	-1.50E+02	5	0.000000E+00	8.739954E+01	0.000000E+00	1.050661E+03
	9.00E+00	-1.50E+02	6	0.000000E+00	-2.040930E-02	0.000000E+00	-3.727515E-11
	9.00E+00	-1.20E+02	1	0.000000E+00	-9.260047E+01	0.000000E+00	-5.766596E+01
	9.00E+00	-1.20E+02	2	0.000000E+00	-9.260046E+01	0.000000E+00	-9.988040E+01
	9.00E+00	-1.20E+02	3	1.819986E-01	-1.777908E+02	-1.818633E-01	-3.507798E-01
	9.00E+00	-1.20E+02	4	0.000000E+00	-9.260045E+01	0.000000E+00	-1.050659E+03
	9.00E+00	-1.20E+02	5	0.000000E+00	8.739953E+01	0.000000E+00	6.065951E+02
	9.00E+00	-1.20E+02	6	0.000000E+00	-2.034970E-02	0.000000E+00	-3.727520E-11
	9.00E+00	-9.00E+01	1	0.000000E+00	-9.260048E+01	0.000000E+00	-5.041313E-06
	9.00E+00	-9.00E+01	2	0.000000E+00	-9.260046E+01	0.000000E+00	-1.153320E+02
	9.00E+00	-9.00E+01	3	1.819897E-01	-1.777907E+02	-1.818545E-01	-3.507830E-01
	9.00E+00	-9.00E+01	4	0.000000E+00	-9.260044E+01	0.000000E+00	-1.213197E+03
	9.00E+00	-9.00E+01	5	0.000000E+00	8.739953E+01	0.000000E+00	5.303015E-05
	9.00E+00	-9.00E+01	6	0.000000E+00	-9.000000E+01	0.000000E+00	-3.762824E-18
	9.00E+00	-6.00E+01	1	0.000000E+00	8.739953E+01	0.000000E+00	5.766596E+01
	9.00E+00	-6.00E+01	2	0.000000E+00	-9.260046E+01	0.000000E+00	-9.988035E+01
	9.00E+00	-6.00E+01	3	1.819978E-01	-1.777908E+02	-1.818625E-01	-3.507804E-01
	9.00E+00	-6.00E+01	4	0.000000E+00	-9.260045E+01	0.000000E+00	-1.050659E+03
	9.00E+00	-6.00E+01	5	0.000000E+00	-9.260047E+01	0.000000E+00	-6.065958E+02
	9.00E+00	-6.00E+01	6	0.000000E+00	1.799797E+02	0.000000E+00	3.727516E-11
	9.00E+00	-3.00E+01	1	0.000000E+00	8.739953E+01	0.000000E+00	9.988046E+01
	9.00E+00	-3.00E+01	2	0.000000E+00	-9.260047E+01	0.000000E+00	-5.766586E+01
	9.00E+00	-3.00E+01	3	1.819927E-01	-1.777908E+02	-1.818574E-01	-3.507822E-01
	9.00E+00	-3.00E+01	4	0.000000E+00	-9.260045E+01	0.000000E+00	-6.065959E+02
	9.00E+00	-3.00E+01	5	0.000000E+00	-9.260046E+01	0.000000E+00	-1.050661E+03
	9.00E+00	-3.00E+01	6	0.000000E+00	1.799796E+02	0.000000E+00	3.727517E-11
	9.00E+00	0.00E+00	1	0.000000E+00	8.739954E+01	0.000000E+00	1.153323E+02
	9.00E+00	0.00E+00	2	0.000000E+00	9.000000E+01	0.000000E+00	0.000000E+00
	9.00E+00	0.00E+00	3	1.819907E-01	-1.777907E+02	-1.818554E-01	-3.507866E-01
	9.00E+00	0.00E+00	4	0.000000E+00	9.000000E+01	0.000000E+00	0.000000E+00
	9.00E+00	0.00E+00	5	0.000000E+00	-9.260046E+01	0.000000E+00	-1.213198E+03
	9.00E+00	0.00E+00	6	0.000000E+00	9.000000E+01	0.000000E+00	0.000000E+00
	9.00E+00	3.00E+01	1	0.000000E+00	8.739953E+01	0.000000E+00	9.988046E+01
	9.00E+00	3.00E+01	2	0.000000E+00	8.739953E+01	0.000000E+00	5.766586E+01
	9.00E+00	3.00E+01	3	1.819927E-01	-1.777908E+02	-1.818574E-01	-3.507822E-01
	9.00E+00	3.00E+01	4	0.000000E+00	8.739955E+01	0.000000E+00	6.065959E+02
	9.00E+00	3.00E+01	5	0.000000E+00	-9.260046E+01	0.000000E+00	-1.050661E+03
	9.00E+00	3.00E+01	6	0.000000E+00	-2.040930E-02	0.000000E+00	-3.727517E-11
	9.00E+00	6.00E+01	1	0.000000E+00	8.739953E+01	0.000000E+00	5.766596E+01
	9.00E+00	6.00E+01	2	0.000000E+00	8.739954E+01	0.000000E+00	9.988035E+01
	9.00E+00	6.00E+01	3	1.819978E-01	-1.777908E+02	-1.818625E-01	-3.507804E-01
	9.00E+00	6.00E+01	4	0.000000E+00	8.739955E+01	0.000000E+00	1.050659E+03
	9.00E+00	6.00E+01	5	0.000000E+00	-9.260047E+01	0.000000E+00	-6.065958E+02
	9.00E+00	6.00E+01	6	0.000000E+00	-2.034968E-02	0.000000E+00	-3.727516E-11
	9.00E+00	9.00E+01	1	0.000000E+00	-9.260048E+01	0.000000E+00	-5.041313E-06
	9.00E+00	9.00E+01	2	0.000000E+00	8.739954E+01	0.000000E+00	1.153320E+02
	9.00E+00	9.00E+01	3	1.819897E-01	-1.777907E+02	-1.818545E-01	-3.507830E-01
	9.00E+00	9.00E+01	4	0.000000E+00	8.739956E+01	0.000000E+00	1.213197E+03
	9.00E+00	9.00E+01	5	0.000000E+00	8.739953E+01	0.000000E+00	5.303015E-05
	9.00E+00	9.00E+01	6	0.000000E+00	9.000000E+01	0.000000E+00	3.762824E-18
	9.00E+00	1.20E+02	1	0.000000E+00	-9.260047E+01	0.000000E+00	-5.766596E+01
	9.00E+00	1.20E+02	2	0.000000E+00	8.739954E+01	0.000000E+00	9.988040E+01
	9.00E+00	1.20E+02	3	1.819986E-01	-1.777908E+02	-1.818633E-01	-3.507798E-01
	9.00E+00	1.20E+02	4	0.000000E+00	8.739955E+01	0.000000E+00	1.050659E+03
	9.00E+00	1.20E+02	5	0.000000E+00	8.739953E+01	0.000000E+00	6.065951E+02
	9.00E+00	1.20E+02	6	0.000000E+00	1.799797E+02	0.000000E+00	3.727520E-11
	9.00E+00	1.50E+02	1	0.000000E+00	-9.260047E+01	0.000000E+00	-9.988042E+01
	9.00E+00	1.50E+02	2	0.000000E+00	8.739954E+01	0.000000E+00	5.766587E+01
	9.00E+00	1.50E+02	3	1.819923E-01	-1.777908E+02	-1.818571E-01	-3.507800E-01
	9.00E+00	1.50E+02	4	0.000000E+00	8.739955E+01	0.000000E+00	6.065956E+02
	9.00E+00	1.50E+02	5	0.000000E+00	8.739954E+01	0.000000E+00	1.050661E+03
	9.00E+00	1.50E+02	6	0.000000E+00	1.799796E+02	0.000000E+00	3.727515E-11
	9.00E+00	1.80E+02	1	0.000000E+00	-9.260047E+01	0.000000E+00	-1.153323E+02
	9.00E+00	1.80E+02	2	0.000000E+00	-9.260046E+01	0.000000E+00	-1.008262E-05
	9.00E+00	1.80E+02	3	1.819907E-01	-1.777907E+02	-1.818554E-01	-3.507866E-01
	9.00E+00	1.80E+02	4	0.000000E+00	-9.260047E+01	0.000000E+00	-1.060602E-04
	9.00E+00	1.80E+02	5	0.000000E+00	8.739955E+01	0.000000E+00	1.213198E+03
	9.00E+00	1.80E+02	6	0.000000E+00	-9.000000E+01	0.000000E+00	-7.525650E-18
	9.50E+00	-1.80E+02	1	0.000000E+00	-9.203917E+01	0.000000E+00	-1.084615E+02
	9.50E+00	-1.80E+02	2	0.000000E+00	8.796085E+01	0.000000E+00	9.482009E-06
	9.50E+00	-1.80E+02	3	1.368998E-01	-1.782311E+02	-1.368346E-01	-2.112952E-01
	9.50E+00	-1.80E+02	4	0.000000E+00	8.796085E+01	0.000000E+00	1.019205E-04
	9.50E+00	-1.80E+02	5	0.000000E+00	8.796082E+01	0.000000E+00	1.165831E+03
	9.50E+00	-1.80E+02	6	0.000000E+00	9.000000E+01	0.000000E+00	4.020088E-18
	9.50E+00	-1.50E+02	1	0.000000E+00	-9.203917E+01	0.000000E+00	-9.393049E+01
	9.50E+00	-1.50E+02	2	0.000000E+00	-9.203915E+01	0.000000E+00	-5.423083E+01
	9.50E+00	-1.50E+02	3	1.368994E-01	-1.782312E+02	-1.368341E-01	-2.112867E-01
	9.50E+00	-1.50E+02	4	0.000000E+00	-9.203917E+01	0.000000E+00	-5.829178E+02
	9.50E+00	-1.50E+02	5	0.000000E+00	8.796084E+01	0.000000E+00	1.009645E+03
	9.50E+00	-1.50E+02	6	0.000000E+00	-1.298182E-02	0.000000E+00	-1.991182E-11
	9.50E+00	-1.20E+02	1	0.000000E+00	-9.203917E+01	0.000000E+00	-5.423081E+01
	9.50E+00	-1.20E+02	2	0.000000E+00	-9.203917E+01	0.000000E+00	-9.393018E+01
	9.50E+00	-1.20E+02	3	1.369002E-01	-1.782311E+02	-1.368350E-01	-2.112973E-01
	9.50E+00	-1.20E+02	4	0.000000E+00	-9.203916E+01	0.000000E+00	-1.009642E+03
	9.50E+00	-1.20E+02	5	0.000000E+00	8.796083E+01	0.000000E+00	5.829189E+02
	9.50E+00	-1.20E+02	6	0.000000E+00	-1.295019E-02	0.000000E+00	-1.991181E-11
	9.50E+00	-9.00E+01	1	0.000000E+00	-9.203916E+01	0.000000E+00	-4.741004E-06
	9.50E+00	-9.00E+01	2	0.000000E+00	-9.203915E+01	0.000000E+00	-1.084617E+02
	9.50E+00	-9.00E+01	3	1.368943E-01	-1.782310E+02	-1.368291E-01	-2.112954E-01
	9.50E+00	-9.00E+01	4	0.000000E+00	-9.203918E+01	0.000000E+00	-1.165830E+03
	9.50E+00	-9.00E+01	5	0.000000E+00	8.796084E+01	0.000000E+00	5.096025E-05
	9.50E+00	-9.00E+01	6	0.000000E+00	-9.000000E+01	0.000000E+00	-2.010043E-18
	9.50E+00	-6.00E+01	1	0.000000E+00	8.796084E+01	0.000000E+00	5.423077E+01
	9.50E+00	-6.00E+01	2	0.000000E+00	-9.203917E+01	0.000000E+00	-9.393026E+01
	9.50E+00	-6.00E+01	3	1.368989E-01	-1.782310E+02	-1.368337E-01	-2.112976E-01
	9.50E+00	-6.00E+01	4	0.000000E+00	-9.203916E+01	0.000000E+00	-1.009641E+03
	9.50E+00	-6.00E+01	5	0.000000E+00	-9.203917E+01	0.000000E+00	-5.829183E+02
	9.50E+00	-6.00E+01	6	0.000000E+00	1.799871E+02	0.000000E+00	1.991182E-11
	9.50E+00	-3.00E+01	1	0.000000E+00	8.796084E+01	0.000000E+00	9.393049E+01
	9.50E+00	-3.00E+01	2	0.000000E+00	-9.203916E+01	0.000000E+00	-5.423082E+01
	9.50E+00	-3.00E+01	3	1.368993E-01	-1.782312E+02	-1.368340E-01	-2.112840E-01
	9.50E+00	-3.00E+01	4	0.000000E+00	-9.203916E+01	0.000000E+00	-5.829182E+02
	9.50E+00	-3.00E+01	5	0.000000E+00	-9.203916E+01	0.000000E+00	-1.009645E+03
	9.50E+00	-3.00E+01	6	0.000000E+00	1.799870E+02	0.000000E+00	1.991184E-11
	9.50E+00	0.00E+00	1	0.000000E+00	8.796083E+01	0.000000E+00	1.084615E+02
	9.50E+00	0.00E+00	2	0.000000E+00	9.000000E+01	0.000000E+00	0.000000E+00
	9.50E+00	0.00E+00	3	1.368998E-01	-1.782311E+02	-1.368346E-01	-2.112952E-01
	9.50E+00	0.00E+00	4	0.000000E+00	9.000000E+01	0.000000E+00	0.000000E+00
	9.50E+00	0.00E+00	5	0.000000E+00	-9.203918E+01	0.000000E+00	-1.165831E+03
	9.50E+00	0.00E+00	6	0.000000E+00	9.000000E+01	0.000000E+00	0.000000E+00
	9.50E+00	3.00E+01	1	0.000000E+00	8.796084E+01	0.000000E+00	9.393049E+01
	9.50E+00	3.00E+01	2	0.000000E+00	8.796085E+01	0.000000E+00	5.423082E+01
	9.50E+00	3.00E+01	3	1.368993E-01	-1.782312E+02	-1.368340E-01	-2.112840E-01
	9.50E+00	3.00E+01	4	0.000000E+00	8.796084E+01	0.000000E+00	5.829182E+02
	9.50E+00	3.00E+01	5	0.000000E+00	-9.203916E+01	0.000000E+00	-1.009645E+03
	9.50E+00	3.00E+01	6	0.000000E+00	-1.298185E-02	0.000000E+00	-1.991184E-11
	9.50E+00	6.00E+01	1	0.000000E+00	8.796084E+01	0.000000E+00	5.423077E+01
	9.50E+00	6.00E+01	2	0.000000E+00	8.796084E+01	0.000000E+00	9.393026E+01
	9.50E+00	6.00E+01	3	1.368989E-01	-1.782310E+02	-1.368337E-01	-2.112976E-01
	9.50E+00	6.00E+01	4	0.000000E+00	8.796084E+01	0.000000E+00	1.009641E+03
	9.50E+00	6.00E+01	5	0.000000E+00	-9.203917E+01	0.000000E+00	-5.829183E+02
	9.50E+00	6.00E+01	6	0.000000E+00	-1.295019E-02	0.000000E+00	-1.991182E-11
	9.50E+00	9.00E+01	1	0.000000E+00	-9.203916E+01	0.000000E+00	-4.741004E-06
	9.50E+00	9.00E+01	2	0.000000E+00	8.796085E+01	0.000000E+00	1.084617E+02
	9.50E+00	9.00E+01	3	1.368943E-01	-1.782310E+02	-1.368291E-01	-2.112954E-01
	9.50E+00	9.00E+01	4	0.000000E+00	8.796082E+01	0.000000E+00	1.165830E+03
	9.50E+00	9.00E+01	5	0.000000E+00	8.796084E+01	0.000000E+00	5.096025E-05
	9.50E+00	9.00E+01	6	0.000000E+00	9.000000E+01	0.000000E+00	2.010043E-18
	9.50E+00	1.20E+02	1	0.000000E+00	-9.203917E+01	0.000000E+00	-5.423081E+01
	9.50E+00	1.20E+02	2	0.000000E+00	8.796083E+01	0.000000E+00	9.393018E+01
	9.50E+00	1.20E+02	3	1.369002E-01	-1.782311E+02	-1.368350E-01	-2.112973E-01
	9.50E+00	1.20E+02	4	0.000000E+00	8.796084E+01	0.000000E+00	1.009642E+03
	9.50E+00	1.20E+02	5	0.000000E+00	8.796083E+01	0.000000E+00	5.829189E+02
	9.50E+00	1.20E+02	6	0.000000E+00	1.799871E+02	0.000000E+00	1.991181E-11
	9.50E+00	1.50E+02	1	0.000000E+00	-9.203917E+01	0.000000E+00	-9.393049E+01
	9.50E+00	1.50E+02	2	0.000000E+00	8.796085E+01	0.000000E+00	5.423083E+01
	9.50E+00	1.50E+02	3	1.368994E-01	-1.782312E+02	-1.368341E-01	-2.112867E-01
	9.50E+00	1.50E+02	4	0.000000E+00	8.796084E+01	0.000000E+00	5.829178E+02
	9.50E+00	1.50E+02	5	0.000000E+00	8.796084E+01	0.000000E+00	1.009645E+03
	9.50E+00	1.50E+02	6	0.000000E+00	1.799870E+02	0.000000E+00	1.991182E-11
	9.50E+00	1.80E+02	1	0.000000E+00	-9.203917E+01	0.000000E+00	-1.084615E+02
	9.50E+00	1.80E+02	2	0.000000E+00	-9.203915E+01	0.000000E+00	-9.482009E-06
	9.50E+00	1.80E+02	3	1.368998E-01	-1.782311E+02	-1.368346E-01	-2.112952E-01
	9.50E+00	1.80E+02	4	0.000000E+00	-9.203915E+01	0.000000E+00	-1.019205E-04
	9.50E+00	1.80E+02	5	0.000000E+00	8.796082E+01	0.000000E+00	1.165831E+03
	9.50E+00	1.80E+02	6	0.000000E+00	-9.000000E+01	0.000000E+00	-4.020088E-18
	1.00E+01	-1.80E+02	1	0.000000E+00	-9.160979E+01	0.000000E+00	-1.018834E+02
	1.00E+01	-1.80E+02	2	0.000000E+00	8.839021E+01	0.000000E+00	8.906897E-06
	1.00E+01	-1.80E+02	3	8.493920E-02	-1.785605E+02	-8.491240E-02	-1.066922E-01
	1.00E+01	-1.80E+02	4	0.000000E+00	8.839021E+01	0.000000E+00	9.747110E-05
	1.00E+01	-1.80E+02	5	0.000000E+00	8.839021E+01	0.000000E+00	1.114940E+03
	1.00E+01	-1.80E+02	6	0.000000E+00	9.000000E+01	0.000000E+00	2.199231E-18
	1.00E+01	-1.50E+02	1	0.000000E+00	-9.160980E+01	0.000000E+00	-8.823327E+01
	1.00E+01	-1.50E+02	2	0.000000E+00	-9.160979E+01	0.000000E+00	-5.094138E+01
	1.00E+01	-1.50E+02	3	8.494346E-02	-1.785605E+02	-8.491666E-02	-1.066927E-01
	1.00E+01	-1.50E+02	4	0.000000E+00	-9.160979E+01	0.000000E+00	-5.574694E+02
	1.00E+01	-1.50E+02	5	0.000000E+00	8.839020E+01	0.000000E+00	9.655602E+02
	1.00E+01	-1.50E+02	6	0.000000E+00	-8.410496E-03	0.000000E+00	-1.089300E-11
	1.00E+01	-1.20E+02	1	0.000000E+00	-9.160980E+01	0.000000E+00	-5.094144E+01
	1.00E+01	-1.20E+02	2	0.000000E+00	-9.160979E+01	0.000000E+00	-8.823328E+01
	1.00E+01	-1.20E+02	3	8.493300E-02	-1.785603E+02	-8.490620E-02	-1.066948E-01
	1.00E+01	-1.20E+02	4	0.000000E+00	-9.160979E+01	0.000000E+00	-9.655610E+02
	1.00E+01	-1.20E+02	5	0.000000E+00	8.839021E+01	0.000000E+00	5.574715E+02
	1.00E+01	-1.20E+02	6	0.000000E+00	-8.393210E-03	0.000000E+00	-1.089300E-11
	1.00E+01	-9.00E+01	1	0.000000E+00	-9.160980E+01	0.000000E+00	-4.453444E-06
	1.00E+01	-9.00E+01	2	0.000000E+00	-9.160979E+01	0.000000E+00	-1.018828E+02
	1.00E+01	-9.00E+01	3	8.494652E-02	-1.785607E+02	-8.491972E-02	-1.066833E-01
	1.00E+01	-9.00E+01	4	0.000000E+00	-9.160979E+01	0.000000E+00	-1.114938E+03
	1.00E+01	-9.00E+01	5	0.000000E+00	8.839021E+01	0.000000E+00	4.873559E-05
	1.00E+01	-9.00E+01	6	0.000000E+00	-9.000000E+01	0.000000E+00	-1.099614E-18
	1.00E+01	-6.00E+01	1	0.000000E+00	8.839021E+01	0.000000E+00	5.094141E+01
	1.00E+01	-6.00E+01	2	0.000000E+00	-9.160979E+01	0.000000E+00	-8.823324E+01
	1.00E+01	-6.00E+01	3	8.493436E-02	-1.785603E+02	-8.490756E-02	-1.066962E-01
	1.00E+01	-6.00E+01	4	0.000000E+00	-9.160979E+01	0.000000E+00	-9.655608E+02
	1.00E+01	-6.00E+01	5	0.000000E+00	-9.160979E+01	0.000000E+00	-5.574714E+02
	1.00E+01	-6.00E+01	6	0.000000E+00	1.799916E+02	0.000000E+00	1.089300E-11
	1.00E+01	-3.00E+01	1	0.000000E+00	8.839021E+01	0.000000E+00	8.823322E+01
	1.00E+01	-3.00E+01	2	0.000000E+00	-9.160979E+01	0.000000E+00	-5.094136E+01
	1.00E+01	-3.00E+01	3	8.494248E-02	-1.785605E+02	-8.491568E-02	-1.066901E-01
	1.00E+01	-3.00E+01	4	0.000000E+00	-9.160979E+01	0.000000E+00	-5.574695E+02
	1.00E+01	-3.00E+01	5	0.000000E+00	-9.160981E+01	0.000000E+00	-9.655590E+02
	1.00E+01	-3.00E+01	6	0.000000E+00	1.799916E+02	0.000000E+00	1.089301E-11
	1.00E+01	0.00E+00	1	0.000000E+00	8.839021E+01	0.000000E+00	1.018834E+02
	1.00E+01	0.00E+00	2	0.000000E+00	9.000000E+01	0.000000E+00	0.000000E+00
	1.00E+01	0.00E+00	3	8.493920E-02	-1.785605E+02	-8.491240E-02	-1.066922E-01
	1.00E+01	0.00E+00	4	0.000000E+00	9.000000E+01	0.000000E+00	0.000000E+00
	1.00E+01	0.00E+00	5	0.000000E+00	-9.160979E+01	0.000000E+00	-1.114940E+03
	1.00E+01	0.00E+00	6	0.000000E+00	9.000000E+01	0.000000E+00	0.000000E+00
	1.00E+01	3.00E+01	1	0.000000E+00	8.839021E+01	0.000000E+00	8.823322E+01
	1.00E+01	3.00E+01	2	0.000000E+00	8.839021E+01	0.000000E+00	5.094136E+01
	1.00E+01	3.00E+01	3	8.494248E-02	-1.785605E+02	-8.491568E-02	-1.066901E-01
	1.00E+01	3.00E+01	4	0.000000E+00	8.839021E+01	0.000000E+00	5.574695E+02
	1.00E+01	3.00E+01	5	0.000000E+00	-9.160981E+01	0.000000E+00	-9.655590E+02
	1.00E+01	3.00E+01	6	0.000000E+00	-8.410506E-03	0.000000E+00	-1.089301E-11
	1.00E+01	6.00E+01	1	0.000000E+00	8.839021E+01	0.000000E+00	5.094141E+01
	1.00E+01	6.00E+01	2	0.000000E+00	8.839021E+01	0.000000E+00	8.823324E+01
	1.00E+01	6.00E+01	3	8.493436E-02	-1.785603E+02	-8.490756E-02	-1.066962E-01
	1.00E+01	6.00E+01	4	0.000000E+00	8.839021E+01	0.000000E+00	9.655608E+02
	1.00E+01	6.00E+01	5	0.000000E+00	-9.160979E+01	0.000000E+00	-5.574714E+02
	1.00E+01	6.00E+01	6	0.000000E+00	-8.393222E-03	0.000000E+00	-1.089300E-11
	1.00E+01	9.00E+01	1	0.000000E+00	-9.160980E+01	0.000000E+00	-4.453444E-06
	1.00E+01	9.00E+01	2	0.000000E+00	8.839021E+01	0.000000E+00	1.018828E+02
	1.00E+01	9.00E+01	3	8.494652E-02	-1.785607E+02	-8.491972E-02	-1.066833E-01
	1.00E+01	9.00E+01	4	0.000000E+00	8.839021E+01	0.000000E+00	1.114938E+03
	1.00E+01	9.00E+01	5	0.000000E+00	8.839021E+01	0.000000E+00	4.873559E-05
	1.00E+01	9.00E+01	6	0.000000E+00	9.000000E+01	0.000000E+00	1.099614E-18
	1.00E+01	1.20E+02	1	0.000000E+00	-9.160980E+01	0.000000E+00	-5.094144E+01
	1.00E+01	1.20E+02	2	0.000000E+00	8.839021E+01	0.000000E+00	8.823328E+01
	1.00E+01	1.20E+02	3	8.493300E-02	-1.785603E+02	-8.490620E-02	-1.066948E-01
	1.00E+01	1.20E+02	4	0.000000E+00	8.839021E+01	0.000000E+00	9.655610E+02
	1.00E+01	1.20E+02	5	0.000000E+00	8.839021E+01	0.000000E+00	5.574715E+02
	1.00E+01	1.20E+02	6	0.000000E+00	1.799916E+02	0.000000E+00	1.089300E-11
	1.00E+01	1.50E+02	1	0.000000E+00	-9.160980E+01	0.000000E+00	-8.823327E+01
	1.00E+01	1.50E+02	2	0.000000E+00	8.839021E+01	0.000000E+00	5.094138E+01
	1.00E+01	1.50E+02	3	8.494346E-02	-1.785605E+02	-8.491666E-02	-1.066927E-01
	1.00E+01	1.50E+02	4	0.000000E+00	8.839021E+01	0.000000E+00	5.574694E+02
	1.00E+01	1.50E+02	5	0.000000E+00	8.839020E+01	0.000000E+00	9.655602E+02
	1.00E+01	1.50E+02	6	0.000000E+00	1.799916E+02	0.000000E+00	1.089300E-11
	1.00E+01	1.80E+02	1	0.000000E+00	-9.160979E+01	0.000000E+00	-1.018834E+02
	1.00E+01	1.80E+02	2	0.000000E+00	-9.160979E+01	0.000000E+00	-8.906897E-06
	1.00E+01	1.80E+02	3	8.493920E-02	-1.785605E+02	-8.491240E-02	-1.066922E-01
	1.00E+01	1.80E+02	4	0.000000E+00	-9.160979E+01	0.000000E+00	-9.747110E-05
	1.00E+01	1.80E+02	5	0.000000E+00	8.839021E+01	0.000000E+00	1.114940E+03
	1.00E+01	1.80E+02	6	0.000000E+00	-9.000000E+01	0.000000E+00	-2.199231E-18
	1.05E+01	-1.80E+02	1	0.000000E+00	-9.127924E+01	0.000000E+00	-9.566712E+01
	1.05E+01	-1.80E+02	2	0.000000E+00	8.872076E+01	0.000000E+00	8.363460E-06
	1.05E+01	-1.80E+02	3	2.842568E-02	-1.788102E+02	-2.841956E-02	-2.951198E-02
	1.05E+01	-1.80E+02	4	0.000000E+00	8.872076E+01	0.000000E+00	9.291116E-05
	1.05E+01	-1.80E+02	5	0.000000E+00	8.872076E+01	0.000000E+00	1.062778E+03
	1.05E+01	-1.80E+02	6	0.000000E+00	9.000000E+01	0.000000E+00	1.229924E-18
	1.05E+01	-1.50E+02	1	0.000000E+00	-9.127924E+01	0.000000E+00	-8.285010E+01
	1.05E+01	-1.50E+02	2	0.000000E+00	-9.127923E+01	0.000000E+00	-4.783356E+01
	1.05E+01	-1.50E+02	3	2.842274E-02	-1.788102E+02	-2.841662E-02	-2.951018E-02
	1.05E+01	-1.50E+02	4	0.000000E+00	-9.127924E+01	0.000000E+00	-5.313904E+02
	1.05E+01	-1.50E+02	5	0.000000E+00	8.872076E+01	0.000000E+00	9.203961E+02
	1.05E+01	-1.50E+02	6	0.000000E+00	-5.540622E-03	0.000000E+00	-6.091926E-12
	1.05E+01	-1.20E+02	1	0.000000E+00	-9.127924E+01	0.000000E+00	-4.783347E+01
	1.05E+01	-1.20E+02	2	0.000000E+00	-9.127924E+01	0.000000E+00	-8.284993E+01
	1.05E+01	-1.20E+02	3	2.842478E-02	-1.788101E+02	-2.841864E-02	-2.951413E-02
	1.05E+01	-1.20E+02	4	0.000000E+00	-9.127924E+01	0.000000E+00	-9.203945E+02
	1.05E+01	-1.20E+02	5	0.000000E+00	8.872076E+01	0.000000E+00	5.313925E+02
	1.05E+01	-1.20E+02	6	0.000000E+00	-5.531003E-03	0.000000E+00	-6.091921E-12
	1.05E+01	-9.00E+01	1	0.000000E+00	-9.127924E+01	0.000000E+00	-4.181743E-06
	1.05E+01	-9.00E+01	2	0.000000E+00	-9.127923E+01	0.000000E+00	-9.566701E+01
	1.05E+01	-9.00E+01	3	2.842296E-02	-1.788100E+02	-2.841682E-02	-2.951425E-02
	1.05E+01	-9.00E+01	4	0.000000E+00	-9.127924E+01	0.000000E+00	-1.062777E+03
	1.05E+01	-9.00E+01	5	0.000000E+00	8.872076E+01	0.000000E+00	4.645555E-05
	1.05E+01	-9.00E+01	6	0.000000E+00	-9.000000E+01	0.000000E+00	-6.149619E-19
	1.05E+01	-6.00E+01	1	0.000000E+00	8.872076E+01	0.000000E+00	4.783345E+01
	1.05E+01	-6.00E+01	2	0.000000E+00	-9.127924E+01	0.000000E+00	-8.284998E+01
	1.05E+01	-6.00E+01	3	2.842542E-02	-1.788103E+02	-2.841928E-02	-2.951057E-02
	1.05E+01	-6.00E+01	4	0.000000E+00	-9.127924E+01	0.000000E+00	-9.203950E+02
	1.05E+01	-6.00E+01	5	0.000000E+00	-9.127924E+01	0.000000E+00	-5.313922E+02
	1.05E+01	-6.00E+01	6	0.000000E+00	1.799945E+02	0.000000E+00	6.091922E-12
	1.05E+01	-3.00E+01	1	0.000000E+00	8.872076E+01	0.000000E+00	8.285006E+01
	1.05E+01	-3.00E+01	2	0.000000E+00	-9.127923E+01	0.000000E+00	-4.783358E+01
	1.05E+01	-3.00E+01	3	2.842306E-02	-1.788101E+02	-2.841694E-02	-2.951138E-02
	1.05E+01	-3.00E+01	4	0.000000E+00	-9.127923E+01	0.000000E+00	-5.313909E+02
	1.05E+01	-3.00E+01	5	0.000000E+00	-9.127924E+01	0.000000E+00	-9.203962E+02
	1.05E+01	-3.00E+01	6	0.000000E+00	1.799945E+02	0.000000E+00	6.091920E-12
	1.05E+01	0.00E+00	1	0.000000E+00	8.872076E+01	0.000000E+00	9.566712E+01
	1.05E+01	0.00E+00	2	0.000000E+00	9.000000E+01	0.000000E+00	0.000000E+00
	1.05E+01	0.00E+00	3	2.842568E-02	-1.788102E+02	-2.841956E-02	-2.951198E-02
	1.05E+01	0.00E+00	4	0.000000E+00	9.000000E+01	0.000000E+00	0.000000E+00
	1.05E+01	0.00E+00	5	0.000000E+00	-9.127924E+01	0.000000E+00	-1.062778E+03
	1.05E+01	0.00E+00	6	0.000000E+00	9.000000E+01	0.000000E+00	0.000000E+00
	1.05E+01	3.00E+01	1	0.000000E+00	8.872076E+01	0.000000E+00	8.285006E+01
	1.05E+01	3.00E+01	2	0.000000E+00	8.872077E+01	0.000000E+00	4.783358E+01
	1.05E+01	3.00E+01	3	2.842306E-02	-1.788101E+02	-2.841694E-02	-2.951138E-02
	1.05E+01	3.00E+01	4	0.000000E+00	8.872077E+01	0.000000E+00	5.313909E+02
	1.05E+01	3.00E+01	5	0.000000E+00	-9.127924E+01	0.000000E+00	-9.203962E+02
	1.05E+01	3.00E+01	6	0.000000E+00	-5.540616E-03	0.000000E+00	-6.091920E-12
	1.05E+01	6.00E+01	1	0.000000E+00	8.872076E+01	0.000000E+00	4.783345E+01
	1.05E+01	6.00E+01	2	0.000000E+00	8.872076E+01	0.000000E+00	8.284998E+01
	1.05E+01	6.00E+01	3	2.842542E-02	-1.788103E+02	-2.841928E-02	-2.951057E-02
	1.05E+01	6.00E+01	4	0.000000E+00	8.872076E+01	0.000000E+00	9.203950E+02
	1.05E+01	6.00E+01	5	0.000000E+00	-9.127924E+01	0.000000E+00	-5.313922E+02
	1.05E+01	6.00E+01	6	0.000000E+00	-5.531002E-03	0.000000E+00	-6.091922E-12
	1.05E+01	9.00E+01	1	0.000000E+00	-9.127924E+01	0.000000E+00	-4.181743E-06
	1.05E+01	9.00E+01	2	0.000000E+00	8.872077E+01	0.000000E+00	9.566701E+01
	1.05E+01	9.00E+01	3	2.842296E-02	-1.788100E+02	-2.841682E-02	-2.951425E-02
	1.05E+01	9.00E+01	4	0.000000E+00	8.872076E+01	0.000000E+00	1.062777E+03
	1.05E+01	9.00E+01	5	0.000000E+00	8.872076E+01	0.000000E+00	4.645555E-05
	1.05E+01	9.00E+01	6	0.000000E+00	9.000000E+01	0.000000E+00	6.149619E-19
	1.05E+01	1.20E+02	1	0.000000E+00	-9.127924E+01	0.000000E+00	-4.783347E+01
	1.05E+01	1.20E+02	2	0.000000E+00	8.872076E+01	0.000000E+00	8.284993E+01
	1.05E+01	1.20E+02	3	2.842478E-02	-1.788101E+02	-2.841864E-02	-2.951413E-02
	1.05E+01	1.20E+02	4	0.000000E+00	8.872076E+01	0.000000E+00	9.203945E+02
	1.05E+01	1.20E+02	5	0.000000E+00	8.872076E+01	0.000000E+00	5.313925E+02
	1.05E+01	1.20E+02	6	0.000000E+00	1.799945E+02	0.000000E+00	6.091921E-12
	1.05E+01	1.50E+02	1	0.000000E+00	-9.127924E+01	0.000000E+00	-8.285010E+01
	1.05E+01	1.50E+02	2	0.000000E+00	8.872077E+01	0.000000E+00	4.783356E+01
	1.05E+01	1.50E+02	3	2.842274E-02	-1.788102E+02	-2.841662E-02	-2.951018E-02
	1.05E+01	1.50E+02	4	0.000000E+00	8.872077E+01	0.000000E+00	5.313904E+02
	1.05E+01	1.50E+02	5	0.000000E+00	8.872076E+01	0.000000E+00	9.203961E+02
	1.05E+01	1.50E+02	6	0.000000E+00	1.799945E+02	0.000000E+00	6.091926E-12
	1.05E+01	1.80E+02	1	0.000000E+00	-9.127924E+01	0.000000E+00	-9.566712E+01
	1.05E+01	1.80E+02	2	0.000000E+00	-9.127924E+01	0.000000E+00	-8.363460E-06
	1.05E+01	1.80E+02	3	2.842568E-02	-1.788102E+02	-2.841956E-02	-2.951198E-02
	1.05E+01	1.80E+02	4	0.000000E+00	-9.127924E+01	0.000000E+00	-9.291116E-05
	1.05E+01	1.80E+02	5	0.000000E+00	8.872076E+01	0.000000E+00	1.062778E+03
	1.05E+01	1.80E+02	6	0.000000E+00	-9.000000E+01	0.000000E+00	-1.229924E-18
	1.10E+01	-1.80E+02	1	0.000000E+00	-9.102305E+01	0.000000E+00	-8.984446E+01
	1.10E+01	-1.80E+02	2	0.000000E+00	8.897696E+01	0.000000E+00	7.854450E-06
	1.10E+01	-1.80E+02	3	3.090064E-02	9.973806E-01	3.089596E-02	2.689390E-02
	1.10E+01	-1.80E+02	4	0.000000E+00	8.897696E+01	0.000000E+00	8.837447E-05
	1.10E+01	-1.80E+02	5	0.000000E+00	8.897694E+01	0.000000E+00	1.010883E+03
	1.10E+01	-1.80E+02	6	0.000000E+00	9.000000E+01	0.000000E+00	7.020902E-19
	1.10E+01	-1.50E+02	1	0.000000E+00	-9.102306E+01	0.000000E+00	-7.780733E+01
	1.10E+01	-1.50E+02	2	0.000000E+00	-9.102305E+01	0.000000E+00	-4.492218E+01
	1.10E+01	-1.50E+02	3	3.089416E-02	9.977323E-01	3.088946E-02	2.689774E-02
	1.10E+01	-1.50E+02	4	0.000000E+00	-9.102305E+01	0.000000E+00	-5.054434E+02
	1.10E+01	-1.50E+02	5	0.000000E+00	8.897696E+01	0.000000E+00	8.754520E+02
	1.10E+01	-1.50E+02	6	0.000000E+00	-3.706334E-03	0.000000E+00	-3.477521E-12
	1.10E+01	-1.20E+02	1	0.000000E+00	-9.102305E+01	0.000000E+00	-4.492218E+01
	1.10E+01	-1.20E+02	2	0.000000E+00	-9.102305E+01	0.000000E+00	-7.780746E+01
	1.10E+01	-1.20E+02	3	3.089908E-02	9.974238E-01	3.089440E-02	2.689371E-02
	1.10E+01	-1.20E+02	4	0.000000E+00	-9.102305E+01	0.000000E+00	-8.754522E+02
	1.10E+01	-1.20E+02	5	0.000000E+00	8.897694E+01	0.000000E+00	5.054435E+02
	1.10E+01	-1.20E+02	6	0.000000E+00	-3.700856E-03	0.000000E+00	-3.477519E-12
	1.10E+01	-9.00E+01	1	0.000000E+00	-9.102305E+01	0.000000E+00	-3.927215E-06
	1.10E+01	-9.00E+01	2	0.000000E+00	-9.102306E+01	0.000000E+00	-8.984398E+01
	1.10E+01	-9.00E+01	3	3.089854E-02	9.974554E-01	3.089386E-02	2.689410E-02
	1.10E+01	-9.00E+01	4	0.000000E+00	-9.102305E+01	0.000000E+00	-1.010891E+03
	1.10E+01	-9.00E+01	5	0.000000E+00	8.897695E+01	0.000000E+00	4.418723E-05
	1.10E+01	-9.00E+01	6	0.000000E+00	-9.000000E+01	0.000000E+00	-3.510453E-19
	1.10E+01	-6.00E+01	1	0.000000E+00	8.897695E+01	0.000000E+00	4.492219E+01
	1.10E+01	-6.00E+01	2	0.000000E+00	-9.102305E+01	0.000000E+00	-7.780750E+01
	1.10E+01	-6.00E+01	3	3.090012E-02	9.973425E-01	3.089544E-02	2.689242E-02
	1.10E+01	-6.00E+01	4	0.000000E+00	-9.102305E+01	0.000000E+00	-8.754529E+02
	1.10E+01	-6.00E+01	5	0.000000E+00	-9.102306E+01	0.000000E+00	-5.054435E+02
	1.10E+01	-6.00E+01	6	0.000000E+00	1.799963E+02	0.000000E+00	3.477516E-12
	1.10E+01	-3.00E+01	1	0.000000E+00	8.897694E+01	0.000000E+00	7.780736E+01
	1.10E+01	-3.00E+01	2	0.000000E+00	-9.102305E+01	0.000000E+00	-4.492221E+01
	1.10E+01	-3.00E+01	3	3.089478E-02	9.977310E-01	3.089010E-02	2.689826E-02
	1.10E+01	-3.00E+01	4	0.000000E+00	-9.102305E+01	0.000000E+00	-5.054432E+02
	1.10E+01	-3.00E+01	5	0.000000E+00	-9.102305E+01	0.000000E+00	-8.754521E+02
	1.10E+01	-3.00E+01	6	0.000000E+00	1.799963E+02	0.000000E+00	3.477519E-12
	1.10E+01	0.00E+00	1	0.000000E+00	8.897695E+01	0.000000E+00	8.984446E+01
	1.10E+01	0.00E+00	2	0.000000E+00	9.000000E+01	0.000000E+00	0.000000E+00
	1.10E+01	0.00E+00	3	3.090064E-02	9.973806E-01	3.089596E-02	2.689390E-02
	1.10E+01	0.00E+00	4	0.000000E+00	9.000000E+01	0.000000E+00	0.000000E+00
	1.10E+01	0.00E+00	5	0.000000E+00	-9.102306E+01	0.000000E+00	-1.010883E+03
	1.10E+01	0.00E+00	6	0.000000E+00	9.000000E+01	0.000000E+00	0.000000E+00
	1.10E+01	3.00E+01	1	0.000000E+00	8.897694E+01	0.000000E+00	7.780736E+01
	1.10E+01	3.00E+01	2	0.000000E+00	8.897695E+01	0.000000E+00	4.492221E+01
	1.10E+01	3.00E+01	3	3.089478E-02	9.977310E-01	3.089010E-02	2.689826E-02
	1.10E+01	3.00E+01	4	0.000000E+00	8.897695E+01	0.000000E+00	5.054432E+02
	1.10E+01	3.00E+01	5	0.000000E+00	-9.102305E+01	0.000000E+00	-8.754521E+02
	1.10E+01	3.00E+01	6	0.000000E+00	-3.706334E-03	0.000000E+00	-3.477519E-12
	1.10E+01	6.00E+01	1	0.000000E+00	8.897695E+01	0.000000E+00	4.492219E+01
	1.10E+01	6.00E+01	2	0.000000E+00	8.897695E+01	0.000000E+00	7.780750E+01
	1.10E+01	6.00E+01	3	3.090012E-02	9.973425E-01	3.089544E-02	2.689242E-02
	1.10E+01	6.00E+01	4	0.000000E+00	8.897696E+01	0.000000E+00	8.754529E+02
	1.10E+01	6.00E+01	5	0.000000E+00	-9.102306E+01	0.000000E+00	-5.054435E+02
	1.10E+01	6.00E+01	6	0.000000E+00	-3.700856E-03	0.000000E+00	-3.477516E-12
	1.10E+01	9.00E+01	1	0.000000E+00	-9.102305E+01	0.000000E+00	-3.927215E-06
	1.10E+01	9.00E+01	2	0.000000E+00	8.897695E+01	0.000000E+00	8.984398E+01
	1.10E+01	9.00E+01	3	3.089854E-02	9.974554E-01	3.089386E-02	2.689410E-02
	1.10E+01	9.00E+01	4	0.000000E+00	8.897696E+01	0.000000E+00	1.010891E+03
	1.10E+01	9.00E+01	5	0.000000E+00	8.897695E+01	0.000000E+00	4.418723E-05
	1.10E+01	9.00E+01	6	0.000000E+00	9.000000E+01	0.000000E+00	3.510453E-19
	1.10E+01	1.20E+02	1	0.000000E+00	-9.102305E+01	0.000000E+00	-4.492218E+01
	1.10E+01	1.20E+02	2	0.000000E+00	8.897695E+01	0.000000E+00	7.780746E+01
	1.10E+01	1.20E+02	3	3.089908E-02	9.974238E-01	3.089440E-02	2.689371E-02
	1.10E+01	1.20E+02	4	0.000000E+00	8.897695E+01	0.000000E+00	8.754522E+02
	1.10E+01	1.20E+02	5	0.000000E+00	8.897694E+01	0.000000E+00	5.054435E+02
	1.10E+01	1.20E+02	6	0.000000E+00	1.799963E+02	0.000000E+00	3.477519E-12
	1.10E+01	1.50E+02	1	0.000000E+00	-9.102306E+01	0.000000E+00	-7.780733E+01
	1.10E+01	1.50E+02	2	0.000000E+00	8.897695E+01	0.000000E+00	4.492218E+01
	1.10E+01	1.50E+02	3	3.089416E-02	9.977323E-01	3.088946E-02	2.689774E-02
	1.10E+01	1.50E+02	4	0.000000E+00	8.897695E+01	0.000000E+00	5.054434E+02
	1.10E+01	1.50E+02	5	0.000000E+00	8.897696E+01	0.000000E+00	8.754520E+02
	1.10E+01	1.50E+02	6	0.000000E+00	1.799963E+02	0.000000E+00	3.477521E-12
	1.10E+01	1.80E+02	1	0.000000E+00	-9.102305E+01	0.000000E+00	-8.984446E+01
	1.10E+01	1.80E+02	2	0.000000E+00	-9.102304E+01	0.000000E+00	-7.854450E-06
	1.10E+01	1.80E+02	3	3.090064E-02	9.973806E-01	3.089596E-02	2.689390E-02
	1.10E+01	1.80E+02	4	0.000000E+00	-9.102305E+01	0.000000E+00	-8.837447E-05
	1.10E+01	1.80E+02	5	0.000000E+00	8.897694E+01	0.000000E+00	1.010883E+03
	1.10E+01	1.80E+02	6	0.000000E+00	-9.000000E+01	0.000000E+00	-7.020902E-19
	1.15E+01	-1.80E+02	1	0.000000E+00	-9.082317E+01	0.000000E+00	-8.442204E+01
	1.15E+01	-1.80E+02	2	0.000000E+00	8.917684E+01	0.000000E+00	7.380393E-06
	1.15E+01	-1.80E+02	3	9.157488E-02	8.474429E-01	9.156488E-02	6.772023E-02
	1.15E+01	-1.80E+02	4	0.000000E+00	8.917683E+01	0.000000E+00	8.394846E-05
	1.15E+01	-1.80E+02	5	0.000000E+00	8.917684E+01	0.000000E+00	9.602619E+02
	1.15E+01	-1.80E+02	6	0.000000E+00	9.000000E+01	0.000000E+00	4.085711E-19
	1.15E+01	-1.50E+02	1	0.000000E+00	-9.082317E+01	0.000000E+00	-7.311176E+01
	1.15E+01	-1.50E+02	2	0.000000E+00	-9.082317E+01	0.000000E+00	-4.221097E+01
	1.15E+01	-1.50E+02	3	9.157508E-02	8.474984E-01	9.156506E-02	6.772480E-02
	1.15E+01	-1.50E+02	4	0.000000E+00	-9.082316E+01	0.000000E+00	-4.801305E+02
	1.15E+01	-1.50E+02	5	0.000000E+00	8.917683E+01	0.000000E+00	8.316100E+02
	1.15E+01	-1.50E+02	6	0.000000E+00	-2.514672E-03	0.000000E+00	-2.023684E-12
	1.15E+01	-1.20E+02	1	0.000000E+00	-9.082317E+01	0.000000E+00	-4.221107E+01
	1.15E+01	-1.20E+02	2	0.000000E+00	-9.082316E+01	0.000000E+00	-7.311147E+01
	1.15E+01	-1.20E+02	3	9.158944E-02	8.472995E-01	9.157942E-02	6.771952E-02
	1.15E+01	-1.20E+02	4	0.000000E+00	-9.082317E+01	0.000000E+00	-8.316104E+02
	1.15E+01	-1.20E+02	5	0.000000E+00	8.917684E+01	0.000000E+00	4.801305E+02
	1.15E+01	-1.20E+02	6	0.000000E+00	-2.511484E-03	0.000000E+00	-2.023681E-12
	1.15E+01	-9.00E+01	1	0.000000E+00	-9.082316E+01	0.000000E+00	-3.690206E-06
	1.15E+01	-9.00E+01	2	0.000000E+00	-9.082317E+01	0.000000E+00	-8.442186E+01
	1.15E+01	-9.00E+01	3	9.158726E-02	8.473318E-01	9.157724E-02	6.772050E-02
	1.15E+01	-9.00E+01	4	0.000000E+00	-9.082316E+01	0.000000E+00	-9.602587E+02
	1.15E+01	-9.00E+01	5	0.000000E+00	8.917683E+01	0.000000E+00	4.197422E-05
	1.15E+01	-9.00E+01	6	0.000000E+00	-9.000000E+01	0.000000E+00	-2.042857E-19
	1.15E+01	-6.00E+01	1	0.000000E+00	8.917683E+01	0.000000E+00	4.221109E+01
	1.15E+01	-6.00E+01	2	0.000000E+00	-9.082316E+01	0.000000E+00	-7.311146E+01
	1.15E+01	-6.00E+01	3	9.158508E-02	8.473227E-01	9.157506E-02	6.771815E-02
	1.15E+01	-6.00E+01	4	0.000000E+00	-9.082317E+01	0.000000E+00	-8.316105E+02
	1.15E+01	-6.00E+01	5	0.000000E+00	-9.082317E+01	0.000000E+00	-4.801299E+02
	1.15E+01	-6.00E+01	6	0.000000E+00	1.799975E+02	0.000000E+00	2.023680E-12
	1.15E+01	-3.00E+01	1	0.000000E+00	8.917683E+01	0.000000E+00	7.311176E+01
	1.15E+01	-3.00E+01	2	0.000000E+00	-9.082316E+01	0.000000E+00	-4.221098E+01
	1.15E+01	-3.00E+01	3	9.157508E-02	8.474984E-01	9.156506E-02	6.772480E-02
	1.15E+01	-3.00E+01	4	0.000000E+00	-9.082316E+01	0.000000E+00	-4.801305E+02
	1.15E+01	-3.00E+01	5	0.000000E+00	-9.082317E+01	0.000000E+00	-8.316102E+02
	1.15E+01	-3.00E+01	6	0.000000E+00	1.799975E+02	0.000000E+00	2.023681E-12
	1.15E+01	0.00E+00	1	0.000000E+00	8.917683E+01	0.000000E+00	8.442204E+01
	1.15E+01	0.00E+00	2	0.000000E+00	9.000000E+01	0.000000E+00	0.000000E+00
	1.15E+01	0.00E+00	3	9.157488E-02	8.474429E-01	9.156488E-02	6.772023E-02
	1.15E+01	0.00E+00	4	0.000000E+00	9.000000E+01	0.000000E+00	0.000000E+00
	1.15E+01	0.00E+00	5	0.000000E+00	-9.082316E+01	0.000000E+00	-9.602619E+02
	1.15E+01	0.00E+00	6	0.000000E+00	9.000000E+01	0.000000E+00	0.000000E+00
	1.15E+01	3.00E+01	1	0.000000E+00	8.917683E+01	0.000000E+00	7.311176E+01
	1.15E+01	3.00E+01	2	0.000000E+00	8.917684E+01	0.000000E+00	4.221098E+01
	1.15E+01	3.00E+01	3	9.157508E-02	8.474984E-01	9.156506E-02	6.772480E-02
	1.15E+01	3.00E+01	4	0.000000E+00	8.917685E+01	0.000000E+00	4.801305E+02
	1.15E+01	3.00E+01	5	0.000000E+00	-9.082317E+01	0.000000E+00	-8.316102E+02
	1.15E+01	3.00E+01	6	0.000000E+00	-2.514669E-03	0.000000E+00	-2.023681E-12
	1.15E+01	6.00E+01	1	0.000000E+00	8.917683E+01	0.000000E+00	4.221109E+01
	1.15E+01	6.00E+01	2	0.000000E+00	8.917684E+01	0.000000E+00	7.311146E+01
	1.15E+01	6.00E+01	3	9.158508E-02	8.473227E-01	9.157506E-02	6.771815E-02
	1.15E+01	6.00E+01	4	0.000000E+00	8.917684E+01	0.000000E+00	8.316105E+02
	1.15E+01	6.00E+01	5	0.000000E+00	-9.082317E+01	0.000000E+00	-4.801299E+02
	1.15E+01	6.00E+01	6	0.000000E+00	-2.511485E-03	0.000000E+00	-2.023680E-12
	1.15E+01	9.00E+01	1	0.000000E+00	-9.082316E+01	0.000000E+00	-3.690206E-06
	1.15E+01	9.00E+01	2	0.000000E+00	8.917684E+01	0.000000E+00	8.442186E+01
	1.15E+01	9.00E+01	3	9.158726E-02	8.473318E-01	9.157724E-02	6.772050E-02
	1.15E+01	9.00E+01	4	0.000000E+00	8.917684E+01	0.000000E+00	9.602587E+02
	1.15E+01	9.00E+01	5	0.000000E+00	8.917683E+01	0.000000E+00	4.197422E-05
	1.15E+01	9.00E+01	6	0.000000E+00	9.000000E+01	0.000000E+00	2.042857E-19
	1.15E+01	1.20E+02	1	0.000000E+00	-9.082317E+01	0.000000E+00	-4.221107E+01
	1.15E+01	1.20E+02	2	0.000000E+00	8.917684E+01	0.000000E+00	7.311147E+01
	1.15E+01	1.20E+02	3	9.158944E-02	8.472995E-01	9.157942E-02	6.771952E-02
	1.15E+01	1.20E+02	4	0.000000E+00	8.917684E+01	0.000000E+00	8.316104E+02
	1.15E+01	1.20E+02	5	0.000000E+00	8.917684E+01	0.000000E+00	4.801305E+02
	1.15E+01	1.20E+02	6	0.000000E+00	1.799975E+02	0.000000E+00	2.023681E-12
	1.15E+01	1.50E+02	1	0.000000E+00	-9.082317E+01	0.000000E+00	-7.311176E+01
	1.15E+01	1.50E+02	2	0.000000E+00	8.917684E+01	0.000000E+00	4.221097E+01
	1.15E+01	1.50E+02	3	9.157508E-02	8.474984E-01	9.156506E-02	6.772480E-02
	1.15E+01	1.50E+02	4	0.000000E+00	8.917684E+01	0.000000E+00	4.801305E+02
	1.15E+01	1.50E+02	5	0.000000E+00	8.917683E+01	0.000000E+00	8.316100E+02
	1.15E+01	1.50E+02	6	0.000000E+00	1.799975E+02	0.000000E+00	2.023684E-12
	1.15E+01	1.80E+02	1	0.000000E+00	-9.082317E+01	0.000000E+00	-8.442204E+01
	1.15E+01	1.80E+02	2	0.000000E+00	-9.082317E+01	0.000000E+00	-7.380393E-06
	1.15E+01	1.80E+02	3	9.157488E-02	8.474429E-01	9.156488E-02	6.772023E-02
	1.15E+01	1.80E+02	4	0.000000E+00	-9.082317E+01	0.000000E+00	-8.394846E-05
	1.15E+01	1.80E+02	5	0.000000E+00	8.917684E+01	0.000000E+00	9.602619E+02
	1.15E+01	1.80E+02	6	0.000000E+00	-9.000000E+01	0.000000E+00	-4.085711E-19
	1.20E+01	-1.80E+02	1	0.000000E+00	-9.066618E+01	0.000000E+00	-7.939294E+01
	1.20E+01	-1.80E+02	2	0.000000E+00	8.933382E+01	0.000000E+00	6.940749E-06
	1.20E+01	-1.80E+02	3	1.525054E-01	7.280681E-01	1.524930E-01	9.689307E-02
	1.20E+01	-1.80E+02	4	0.000000E+00	8.933382E+01	0.000000E+00	7.969003E-05
	1.20E+01	-1.80E+02	5	0.000000E+00	8.933382E+01	0.000000E+00	9.115493E+02
	1.20E+01	-1.80E+02	6	0.000000E+00	9.000000E+01	0.000000E+00	2.421127E-19
	1.20E+01	-1.50E+02	1	0.000000E+00	-9.066618E+01	0.000000E+00	-6.875629E+01
	1.20E+01	-1.50E+02	2	0.000000E+00	-9.066618E+01	0.000000E+00	-3.969647E+01
	1.20E+01	-1.50E+02	3	1.525043E-01	7.280727E-01	1.524920E-01	9.689302E-02
	1.20E+01	-1.50E+02	4	0.000000E+00	-9.066618E+01	0.000000E+00	-4.557742E+02
	1.20E+01	-1.50E+02	5	0.000000E+00	8.933382E+01	0.000000E+00	7.894233E+02
	1.20E+01	-1.50E+02	6	0.000000E+00	-1.728747E-03	0.000000E+00	-1.199206E-12
	1.20E+01	-1.20E+02	1	0.000000E+00	-9.066618E+01	0.000000E+00	-3.969648E+01
	1.20E+01	-1.20E+02	2	0.000000E+00	-9.066618E+01	0.000000E+00	-6.875606E+01
	1.20E+01	-1.20E+02	3	1.525007E-01	7.280859E-01	1.524884E-01	9.689249E-02
	1.20E+01	-1.20E+02	4	0.000000E+00	-9.066618E+01	0.000000E+00	-7.894215E+02
	1.20E+01	-1.20E+02	5	0.000000E+00	8.933382E+01	0.000000E+00	4.557733E+02
	1.20E+01	-1.20E+02	6	0.000000E+00	-1.726868E-03	0.000000E+00	-1.199206E-12
	1.20E+01	-9.00E+01	1	0.000000E+00	-9.066618E+01	0.000000E+00	-3.470384E-06
	1.20E+01	-9.00E+01	2	0.000000E+00	-9.066618E+01	0.000000E+00	-7.939292E+01
	1.20E+01	-9.00E+01	3	1.525007E-01	7.280849E-01	1.524884E-01	9.689238E-02
	1.20E+01	-9.00E+01	4	0.000000E+00	-9.066618E+01	0.000000E+00	-9.115453E+02
	1.20E+01	-9.00E+01	5	0.000000E+00	8.933382E+01	0.000000E+00	3.984500E-05
	1.20E+01	-9.00E+01	6	0.000000E+00	-9.000000E+01	0.000000E+00	-1.210565E-19
	1.20E+01	-6.00E+01	1	0.000000E+00	8.933382E+01	0.000000E+00	3.969645E+01
	1.20E+01	-6.00E+01	2	0.000000E+00	-9.066618E+01	0.000000E+00	-6.875610E+01
	1.20E+01	-6.00E+01	3	1.525019E-01	7.280679E-01	1.524895E-01	9.689083E-02
	1.20E+01	-6.00E+01	4	0.000000E+00	-9.066618E+01	0.000000E+00	-7.894224E+02
	1.20E+01	-6.00E+01	5	0.000000E+00	-9.066618E+01	0.000000E+00	-4.557733E+02
	1.20E+01	-6.00E+01	6	0.000000E+00	1.799983E+02	0.000000E+00	1.199207E-12
	1.20E+01	-3.00E+01	1	0.000000E+00	8.933382E+01	0.000000E+00	6.875632E+01
	1.20E+01	-3.00E+01	2	0.000000E+00	-9.066618E+01	0.000000E+00	-3.969647E+01
	1.20E+01	-3.00E+01	3	1.525043E-01	7.280727E-01	1.524920E-01	9.689302E-02
	1.20E+01	-3.00E+01	4	0.000000E+00	-9.066618E+01	0.000000E+00	-4.557737E+02
	1.20E+01	-3.00E+01	5	0.000000E+00	-9.066618E+01	0.000000E+00	-7.894230E+02
	1.20E+01	-3.00E+01	6	0.000000E+00	1.799983E+02	0.000000E+00	1.199206E-12
	1.20E+01	0.00E+00	1	0.000000E+00	8.933382E+01	0.000000E+00	7.939294E+01
	1.20E+01	0.00E+00	2	0.000000E+00	9.000000E+01	0.000000E+00	0.000000E+00
	1.20E+01	0.00E+00	3	1.525054E-01	7.280681E-01	1.524930E-01	9.689307E-02
	1.20E+01	0.00E+00	4	0.000000E+00	9.000000E+01	0.000000E+00	0.000000E+00
	1.20E+01	0.00E+00	5	0.000000E+00	-9.066618E+01	0.000000E+00	-9.115493E+02
	1.20E+01	0.00E+00	6	0.000000E+00	9.000000E+01	0.000000E+00	0.000000E+00
	1.20E+01	3.00E+01	1	0.000000E+00	8.933382E+01	0.000000E+00	6.875632E+01
	1.20E+01	3.00E+01	2	0.000000E+00	8.933382E+01	0.000000E+00	3.969647E+01
	1.20E+01	3.00E+01	3	1.525043E-01	7.280727E-01	1.524920E-01	9.689302E-02
	1.20E+01	3.00E+01	4	0.000000E+00	8.933382E+01	0.000000E+00	4.557737E+02
	1.20E+01	3.00E+01	5	0.000000E+00	-9.066618E+01	0.000000E+00	-7.894230E+02
	1.20E+01	3.00E+01	6	0.000000E+00	-1.728745E-03	0.000000E+00	-1.199206E-12
	1.20E+01	6.00E+01	1	0.000000E+00	8.933382E+01	0.000000E+00	3.969645E+01
	1.20E+01	6.00E+01	2	0.000000E+00	8.933382E+01	0.000000E+00	6.875610E+01
	1.20E+01	6.00E+01	3	1.525019E-01	7.280679E-01	1.524895E-01	9.689083E-02
	1.20E+01	6.00E+01	4	0.000000E+00	8.933382E+01	0.000000E+00	7.894224E+02
	1.20E+01	6.00E+01	5	0.000000E+00	-9.066618E+01	0.000000E+00	-4.557733E+02
	1.20E+01	6.00E+01	6	0.000000E+00	-1.726867E-03	0.000000E+00	-1.199207E-12
	1.20E+01	9.00E+01	1	0.000000E+00	-9.066618E+01	0.000000E+00	-3.470384E-06
	1.20E+01	9.00E+01	2	0.000000E+00	8.933382E+01	0.000000E+00	7.939292E+01
	1.20E+01	9.00E+01	3	1.525007E-01	7.280849E-01	1.524884E-01	9.689238E-02
	1.20E+01	9.00E+01	4	0.000000E+00	8.933382E+01	0.000000E+00	9.115453E+02
	1.20E+01	9.00E+01	5	0.000000E+00	8.933382E+01	0.000000E+00	3.984500E-05
	1.20E+01	9.00E+01	6	0.000000E+00	9.000000E+01	0.000000E+00	1.210565E-19
	1.20E+01	1.20E+02	1	0.000000E+00	-9.066618E+01	0.000000E+00	-3.969648E+01
	1.20E+01	1.20E+02	2	0.000000E+00	8.933382E+01	0.000000E+00	6.875606E+01
	1.20E+01	1.20E+02	3	1.525007E-01	7.280859E-01	1.524884E-01	9.689249E-02
	1.20E+01	1.20E+02	4	0.000000E+00	8.933382E+01	0.000000E+00	7.894215E+02
	1.20E+01	1.20E+02	5	0.000000E+00	8.933382E+01	0.000000E+00	4.557733E+02
	1.20E+01	1.20E+02	6	0.000000E+00	1.799983E+02	0.000000E+00	1.199206E-12
	1.20E+01	1.50E+02	1	0.000000E+00	-9.066618E+01	0.000000E+00	-6.875629E+01
	1.20E+01	1.50E+02	2	0.000000E+00	8.933382E+01	0.000000E+00	3.969647E+01
	1.20E+01	1.50E+02	3	1.525043E-01	7.280727E-01	1.524920E-01	9.689302E-02
	1.20E+01	1.50E+02	4	0.000000E+00	8.933382E+01	0.000000E+00	4.557742E+02
	1.20E+01	1.50E+02	5	0.000000E+00	8.933382E+01	0.000000E+00	7.894233E+02
	1.20E+01	1.50E+02	6	0.000000E+00	1.799983E+02	0.000000E+00	1.199206E-12
	1.20E+01	1.80E+02	1	0.000000E+00	-9.066618E+01	0.000000E+00	-7.939294E+01
	1.20E+01	1.80E+02	2	0.000000E+00	-9.066618E+01	0.000000E+00	-6.940749E-06
	1.20E+01	1.80E+02	3	1.525054E-01	7.280681E-01	1.524930E-01	9.689307E-02
	1.20E+01	1.80E+02	4	0.000000E+00	-9.066618E+01	0.000000E+00	-7.969003E-05
	1.20E+01	1.80E+02	5	0.000000E+00	8.933382E+01	0.000000E+00	9.115493E+02
	1.20E+01	1.80E+02	6	0.000000E+00	-9.000000E+01	0.000000E+00	-2.421127E-19
	1.25E+01	-1.80E+02	1	0.000000E+00	-9.054211E+01	0.000000E+00	-7.474308E+01
	1.25E+01	-1.80E+02	2	0.000000E+00	8.945790E+01	0.000000E+00	6.534241E-06
	1.25E+01	-1.80E+02	3	2.129134E-01	6.323745E-01	2.129004E-01	1.174941E-01
	1.25E+01	-1.80E+02	4	0.000000E+00	8.945789E+01	0.000000E+00	7.563409E-05
	1.25E+01	-1.80E+02	5	0.000000E+00	8.945790E+01	0.000000E+00	8.651544E+02
	1.25E+01	-1.80E+02	6	0.000000E+00	9.000000E+01	0.000000E+00	1.459776E-19
	1.25E+01	-1.50E+02	1	0.000000E+00	-9.054211E+01	0.000000E+00	-6.472939E+01
	1.25E+01	-1.50E+02	2	0.000000E+00	-9.054211E+01	0.000000E+00	-3.737157E+01
	1.25E+01	-1.50E+02	3	2.129228E-01	6.323280E-01	2.129098E-01	1.174906E-01
	1.25E+01	-1.50E+02	4	0.000000E+00	-9.054211E+01	0.000000E+00	-4.325752E+02
	1.25E+01	-1.50E+02	5	0.000000E+00	8.945789E+01	0.000000E+00	7.492396E+02
	1.25E+01	-1.50E+02	6	0.000000E+00	-1.203272E-03	0.000000E+00	-7.230392E-13
	1.25E+01	-1.20E+02	1	0.000000E+00	-9.054211E+01	0.000000E+00	-3.737146E+01
	1.25E+01	-1.20E+02	2	0.000000E+00	-9.054211E+01	0.000000E+00	-6.472939E+01
	1.25E+01	-1.20E+02	3	2.129200E-01	6.323654E-01	2.129070E-01	1.174960E-01
	1.25E+01	-1.20E+02	4	0.000000E+00	-9.054211E+01	0.000000E+00	-7.492393E+02
	1.25E+01	-1.20E+02	5	0.000000E+00	8.945789E+01	0.000000E+00	4.325737E+02
	1.25E+01	-1.20E+02	6	0.000000E+00	-1.202135E-03	0.000000E+00	-7.230395E-13
	1.25E+01	-9.00E+01	1	0.000000E+00	-9.054211E+01	0.000000E+00	-3.267126E-06
	1.25E+01	-9.00E+01	2	0.000000E+00	-9.054211E+01	0.000000E+00	-7.474315E+01
	1.25E+01	-9.00E+01	3	2.129152E-01	6.323617E-01	2.129022E-01	1.174927E-01
	1.25E+01	-9.00E+01	4	0.000000E+00	-9.054210E+01	0.000000E+00	-8.651545E+02
	1.25E+01	-9.00E+01	5	0.000000E+00	8.945789E+01	0.000000E+00	3.781687E-05
	1.25E+01	-9.00E+01	6	0.000000E+00	-9.000000E+01	0.000000E+00	-7.298890E-20
	1.25E+01	-6.00E+01	1	0.000000E+00	8.945789E+01	0.000000E+00	3.737146E+01
	1.25E+01	-6.00E+01	2	0.000000E+00	-9.054211E+01	0.000000E+00	-6.472945E+01
	1.25E+01	-6.00E+01	3	2.129196E-01	6.323590E-01	2.129068E-01	1.174947E-01
	1.25E+01	-6.00E+01	4	0.000000E+00	-9.054211E+01	0.000000E+00	-7.492399E+02
	1.25E+01	-6.00E+01	5	0.000000E+00	-9.054211E+01	0.000000E+00	-4.325735E+02
	1.25E+01	-6.00E+01	6	0.000000E+00	1.799988E+02	0.000000E+00	7.230389E-13
	1.25E+01	-3.00E+01	1	0.000000E+00	8.945789E+01	0.000000E+00	6.472934E+01
	1.25E+01	-3.00E+01	2	0.000000E+00	-9.054211E+01	0.000000E+00	-3.737157E+01
	1.25E+01	-3.00E+01	3	2.129228E-01	6.323339E-01	2.129098E-01	1.174917E-01
	1.25E+01	-3.00E+01	4	0.000000E+00	-9.054211E+01	0.000000E+00	-4.325751E+02
	1.25E+01	-3.00E+01	5	0.000000E+00	-9.054211E+01	0.000000E+00	-7.492393E+02
	1.25E+01	-3.00E+01	6	0.000000E+00	1.799988E+02	0.000000E+00	7.230388E-13
	1.25E+01	0.00E+00	1	0.000000E+00	8.945789E+01	0.000000E+00	7.474308E+01
	1.25E+01	0.00E+00	2	0.000000E+00	9.000000E+01	0.000000E+00	0.000000E+00
	1.25E+01	0.00E+00	3	2.129134E-01	6.323745E-01	2.129004E-01	1.174941E-01
	1.25E+01	0.00E+00	4	0.000000E+00	9.000000E+01	0.000000E+00	0.000000E+00
	1.25E+01	0.00E+00	5	0.000000E+00	-9.054211E+01	0.000000E+00	-8.651544E+02
	1.25E+01	0.00E+00	6	0.000000E+00	9.000000E+01	0.000000E+00	0.000000E+00
	1.25E+01	3.00E+01	1	0.000000E+00	8.945789E+01	0.000000E+00	6.472934E+01
	1.25E+01	3.00E+01	2	0.000000E+00	8.945789E+01	0.000000E+00	3.737157E+01
	1.25E+01	3.00E+01	3	2.129228E-01	6.323339E-01	2.129098E-01	1.174917E-01
	1.25E+01	3.00E+01	4	0.000000E+00	8.945789E+01	0.000000E+00	4.325751E+02
	1.25E+01	3.00E+01	5	0.000000E+00	-9.054211E+01	0.000000E+00	-7.492393E+02
	1.25E+01	3.00E+01	6	0.000000E+00	-1.203273E-03	0.000000E+00	-7.230388E-13
	1.25E+01	6.00E+01	1	0.000000E+00	8.945789E+01	0.000000E+00	3.737146E+01
	1.25E+01	6.00E+01	2	0.000000E+00	8.945789E+01	0.000000E+00	6.472945E+01
	1.25E+01	6.00E+01	3	2.129196E-01	6.323590E-01	2.129068E-01	1.174947E-01
	1.25E+01	6.00E+01	4	0.000000E+00	8.945789E+01	0.000000E+00	7.492399E+02
	1.25E+01	6.00E+01	5	0.000000E+00	-9.054211E+01	0.000000E+00	-4.325735E+02
	1.25E+01	6.00E+01	6	0.000000E+00	-1.202134E-03	0.000000E+00	-7.230389E-13
	1.25E+01	9.00E+01	1	0.000000E+00	-9.054211E+01	0.000000E+00	-3.267126E-06
	1.25E+01	9.00E+01	2	0.000000E+00	8.945789E+01	0.000000E+00	7.474315E+01
	1.25E+01	9.00E+01	3	2.129152E-01	6.323617E-01	2.129022E-01	1.174927E-01
	1.25E+01	9.00E+01	4	0.000000E+00	8.945790E+01	0.000000E+00	8.651545E+02
	1.25E+01	9.00E+01	5	0.000000E+00	8.945789E+01	0.000000E+00	3.781687E-05
	1.25E+01	9.00E+01	6	0.000000E+00	9.000000E+01	0.000000E+00	7.298890E-20
	1.25E+01	1.20E+02	1	0.000000E+00	-9.054211E+01	0.000000E+00	-3.737146E+01
	1.25E+01	1.20E+02	2	0.000000E+00	8.945789E+01	0.000000E+00	6.472939E+01
	1.25E+01	1.20E+02	3	2.129200E-01	6.323654E-01	2.129070E-01	1.174960E-01
	1.25E+01	1.20E+02	4	0.000000E+00	8.945789E+01	0.000000E+00	7.492393E+02
	1.25E+01	1.20E+02	5	0.000000E+00	8.945789E+01	0.000000E+00	4.325737E+02
	1.25E+01	1.20E+02	6	0.000000E+00	1.799988E+02	0.000000E+00	7.230395E-13
	1.25E+01	1.50E+02	1	0.000000E+00	-9.054211E+01	0.000000E+00	-6.472939E+01
	1.25E+01	1.50E+02	2	0.000000E+00	8.945789E+01	0.000000E+00	3.737157E+01
	1.25E+01	1.50E+02	3	2.129228E-01	6.323280E-01	2.129098E-01	1.174906E-01
	1.25E+01	1.50E+02	4	0.000000E+00	8.945789E+01	0.000000E+00	4.325752E+02
	1.25E+01	1.50E+02	5	0.000000E+00	8.945789E+01	0.000000E+00	7.492396E+02
	1.25E+01	1.50E+02	6	0.000000E+00	1.799988E+02	0.000000E+00	7.230392E-13
	1.25E+01	1.80E+02	1	0.000000E+00	-9.054211E+01	0.000000E+00	-7.474308E+01
	1.25E+01	1.80E+02	2	0.000000E+00	-9.054211E+01	0.000000E+00	-6.534241E-06
	1.25E+01	1.80E+02	3	2.129134E-01	6.323745E-01	2.129004E-01	1.174941E-01
	1.25E+01	1.80E+02	4	0.000000E+00	-9.054211E+01	0.000000E+00	-7.563409E-05
	1.25E+01	1.80E+02	5	0.000000E+00	8.945790E+01	0.000000E+00	8.651544E+02
	1.25E+01	1.80E+02	6	0.000000E+00	-9.000000E+01	0.000000E+00	-1.459776E-19
	1.30E+01	-1.80E+02	1	0.000000E+00	-9.044350E+01	0.000000E+00	-7.045419E+01
	1.30E+01	-1.80E+02	2	0.000000E+00	8.955650E+01	0.000000E+00	6.159282E-06
	1.30E+01	-1.80E+02	3	2.721722E-01	5.536783E-01	2.721594E-01	1.315049E-01
	1.30E+01	-1.80E+02	4	0.000000E+00	8.955651E+01	0.000000E+00	7.180058E-05
	1.30E+01	-1.80E+02	5	0.000000E+00	8.955651E+01	0.000000E+00	8.213047E+02
	1.30E+01	-1.80E+02	6	0.000000E+00	9.000000E+01	0.000000E+00	8.949449E-20
	1.30E+01	-1.50E+02	1	0.000000E+00	-9.044349E+01	0.000000E+00	-6.101526E+01
	1.30E+01	-1.50E+02	2	0.000000E+00	-9.044350E+01	0.000000E+00	-3.522699E+01
	1.30E+01	-1.50E+02	3	2.721844E-01	5.536533E-01	2.721716E-01	1.315048E-01
	1.30E+01	-1.50E+02	4	0.000000E+00	-9.044350E+01	0.000000E+00	-4.106501E+02
	1.30E+01	-1.50E+02	5	0.000000E+00	8.955650E+01	0.000000E+00	7.112696E+02
	1.30E+01	-1.50E+02	6	0.000000E+00	-8.474592E-04	0.000000E+00	-4.432745E-13
	1.30E+01	-1.20E+02	1	0.000000E+00	-9.044350E+01	0.000000E+00	-3.522704E+01
	1.30E+01	-1.20E+02	2	0.000000E+00	-9.044350E+01	0.000000E+00	-6.101498E+01
	1.30E+01	-1.20E+02	3	2.721776E-01	5.536752E-01	2.721648E-01	1.315068E-01
	1.30E+01	-1.20E+02	4	0.000000E+00	-9.044350E+01	0.000000E+00	-7.112693E+02
	1.30E+01	-1.20E+02	5	0.000000E+00	8.955650E+01	0.000000E+00	4.106499E+02
	1.30E+01	-1.20E+02	6	0.000000E+00	-8.467642E-04	0.000000E+00	-4.432745E-13
	1.30E+01	-9.00E+01	1	0.000000E+00	-9.044350E+01	0.000000E+00	-3.079648E-06
	1.30E+01	-9.00E+01	2	0.000000E+00	-9.044350E+01	0.000000E+00	-7.045397E+01
	1.30E+01	-9.00E+01	3	2.721714E-01	5.536759E-01	2.721588E-01	1.315040E-01
	1.30E+01	-9.00E+01	4	0.000000E+00	-9.044350E+01	0.000000E+00	-8.213026E+02
	1.30E+01	-9.00E+01	5	0.000000E+00	8.955651E+01	0.000000E+00	3.590036E-05
	1.30E+01	-9.00E+01	6	0.000000E+00	-9.000000E+01	0.000000E+00	-4.474722E-20
	1.30E+01	-6.00E+01	1	0.000000E+00	8.955650E+01	0.000000E+00	3.522701E+01
	1.30E+01	-6.00E+01	2	0.000000E+00	-9.044350E+01	0.000000E+00	-6.101496E+01
	1.30E+01	-6.00E+01	3	2.721788E-01	5.536695E-01	2.721660E-01	1.315059E-01
	1.30E+01	-6.00E+01	4	0.000000E+00	-9.044350E+01	0.000000E+00	-7.112693E+02
	1.30E+01	-6.00E+01	5	0.000000E+00	-9.044350E+01	0.000000E+00	-4.106500E+02
	1.30E+01	-6.00E+01	6	0.000000E+00	1.799992E+02	0.000000E+00	4.432746E-13
	1.30E+01	-3.00E+01	1	0.000000E+00	8.955651E+01	0.000000E+00	6.101523E+01
	1.30E+01	-3.00E+01	2	0.000000E+00	-9.044350E+01	0.000000E+00	-3.522697E+01
	1.30E+01	-3.00E+01	3	2.721860E-01	5.536425E-01	2.721732E-01	1.315030E-01
	1.30E+01	-3.00E+01	4	0.000000E+00	-9.044350E+01	0.000000E+00	-4.106499E+02
	1.30E+01	-3.00E+01	5	0.000000E+00	-9.044350E+01	0.000000E+00	-7.112707E+02
	1.30E+01	-3.00E+01	6	0.000000E+00	1.799992E+02	0.000000E+00	4.432744E-13
	1.30E+01	0.00E+00	1	0.000000E+00	8.955650E+01	0.000000E+00	7.045419E+01
	1.30E+01	0.00E+00	2	0.000000E+00	9.000000E+01	0.000000E+00	0.000000E+00
	1.30E+01	0.00E+00	3	2.721722E-01	5.536783E-01	2.721594E-01	1.315049E-01
	1.30E+01	0.00E+00	4	0.000000E+00	9.000000E+01	0.000000E+00	0.000000E+00
	1.30E+01	0.00E+00	5	0.000000E+00	-9.044350E+01	0.000000E+00	-8.213047E+02
	1.30E+01	0.00E+00	6	0.000000E+00	9.000000E+01	0.000000E+00	0.000000E+00
	1.30E+01	3.00E+01	1	0.000000E+00	8.955651E+01	0.000000E+00	6.101523E+01
	1.30E+01	3.00E+01	2	0.000000E+00	8.955650E+01	0.000000E+00	3.522697E+01
	1.30E+01	3.00E+01	3	2.721860E-01	5.536425E-01	2.721732E-01	1.315030E-01
	1.30E+01	3.00E+01	4	0.000000E+00	8.955650E+01	0.000000E+00	4.106499E+02
	1.30E+01	3.00E+01	5	0.000000E+00	-9.044350E+01	0.000000E+00	-7.112707E+02
	1.30E+01	3.00E+01	6	0.000000E+00	-8.474585E-04	0.000000E+00	-4.432744E-13
	1.30E+01	6.00E+01	1	0.000000E+00	8.955650E+01	0.000000E+00	3.522701E+01
	1.30E+01	6.00E+01	2	0.000000E+00	8.955650E+01	0.000000E+00	6.101496E+01
	1.30E+01	6.00E+01	3	2.721788E-01	5.536695E-01	2.721660E-01	1.315059E-01
	1.30E+01	6.00E+01	4	0.000000E+00	8.955650E+01	0.000000E+00	7.112693E+02
	1.30E+01	6.00E+01	5	0.000000E+00	-9.044350E+01	0.000000E+00	-4.106500E+02
	1.30E+01	6.00E+01	6	0.000000E+00	-8.467642E-04	0.000000E+00	-4.432746E-13
	1.30E+01	9.00E+01	1	0.000000E+00	-9.044350E+01	0.000000E+00	-3.079648E-06
	1.30E+01	9.00E+01	2	0.000000E+00	8.955650E+01	0.000000E+00	7.045397E+01
	1.30E+01	9.00E+01	3	2.721714E-01	5.536759E-01	2.721588E-01	1.315040E-01
	1.30E+01	9.00E+01	4	0.000000E+00	8.955651E+01	0.000000E+00	8.213026E+02
	1.30E+01	9.00E+01	5	0.000000E+00	8.955651E+01	0.000000E+00	3.590036E-05
	1.30E+01	9.00E+01	6	0.000000E+00	9.000000E+01	0.000000E+00	4.474722E-20
	1.30E+01	1.20E+02	1	0.000000E+00	-9.044350E+01	0.000000E+00	-3.522704E+01
	1.30E+01	1.20E+02	2	0.000000E+00	8.955651E+01	0.000000E+00	6.101498E+01
	1.30E+01	1.20E+02	3	2.721776E-01	5.536752E-01	2.721648E-01	1.315068E-01
	1.30E+01	1.20E+02	4	0.000000E+00	8.955650E+01	0.000000E+00	7.112693E+02
	1.30E+01	1.20E+02	5	0.000000E+00	8.955650E+01	0.000000E+00	4.106499E+02
	1.30E+01	1.20E+02	6	0.000000E+00	1.799992E+02	0.000000E+00	4.432745E-13
	1.30E+01	1.50E+02	1	0.000000E+00	-9.044349E+01	0.000000E+00	-6.101526E+01
	1.30E+01	1.50E+02	2	0.000000E+00	8.955650E+01	0.000000E+00	3.522699E+01
	1.30E+01	1.50E+02	3	2.721844E-01	5.536533E-01	2.721716E-01	1.315048E-01
	1.30E+01	1.50E+02	4	0.000000E+00	8.955650E+01	0.000000E+00	4.106501E+02
	1.30E+01	1.50E+02	5	0.000000E+00	8.955650E+01	0.000000E+00	7.112696E+02
	1.30E+01	1.50E+02	6	0.000000E+00	1.799992E+02	0.000000E+00	4.432745E-13
	1.30E+01	1.80E+02	1	0.000000E+00	-9.044350E+01	0.000000E+00	-7.045419E+01
	1.30E+01	1.80E+02	2	0.000000E+00	-9.044350E+01	0.000000E+00	-6.159282E-06
	1.30E+01	1.80E+02	3	2.721722E-01	5.536783E-01	2.721594E-01	1.315049E-01
	1.30E+01	1.80E+02	4	0.000000E+00	-9.044350E+01	0.000000E+00	-7.180058E-05
	1.30E+01	1.80E+02	5	0.000000E+00	8.955651E+01	0.000000E+00	8.213047E+02
	1.30E+01	1.80E+02	6	0.000000E+00	-9.000000E+01	0.000000E+00	-8.949449E-20
	1.35E+01	-1.80E+02	1	0.000000E+00	-9.036470E+01	0.000000E+00	-6.650583E+01
	1.35E+01	-1.80E+02	2	0.000000E+00	8.963531E+01	0.000000E+00	5.814106E-06
	1.35E+01	-1.80E+02	3	3.299118E-01	4.881856E-01	3.298998E-01	1.405481E-01
	1.35E+01	-1.80E+02	4	0.000000E+00	8.963531E+01	0.000000E+00	6.819955E-05
	1.35E+01	-1.80E+02	5	0.000000E+00	8.963530E+01	0.000000E+00	7.801130E+02
	1.35E+01	-1.80E+02	6	0.000000E+00	9.000000E+01	0.000000E+00	5.576697E-20
	1.35E+01	-1.50E+02	1	0.000000E+00	-9.036469E+01	0.000000E+00	-5.759598E+01
	1.35E+01	-1.50E+02	2	0.000000E+00	-9.036470E+01	0.000000E+00	-3.325281E+01
	1.35E+01	-1.50E+02	3	3.299216E-01	4.881806E-01	3.299096E-01	1.405508E-01
	1.35E+01	-1.50E+02	4	0.000000E+00	-9.036470E+01	0.000000E+00	-3.900563E+02
	1.35E+01	-1.50E+02	5	0.000000E+00	8.963530E+01	0.000000E+00	6.755974E+02
	1.35E+01	-1.50E+02	6	0.000000E+00	-6.037044E-04	0.000000E+00	-2.762184E-13
	1.35E+01	-1.20E+02	1	0.000000E+00	-9.036470E+01	0.000000E+00	-3.325281E+01
	1.35E+01	-1.20E+02	2	0.000000E+00	-9.036470E+01	0.000000E+00	-5.759571E+01
	1.35E+01	-1.20E+02	3	3.299114E-01	4.881825E-01	3.298996E-01	1.405470E-01
	1.35E+01	-1.20E+02	4	0.000000E+00	-9.036470E+01	0.000000E+00	-6.755987E+02
	1.35E+01	-1.20E+02	5	0.000000E+00	8.963530E+01	0.000000E+00	3.900564E+02
	1.35E+01	-1.20E+02	6	0.000000E+00	-6.032712E-04	0.000000E+00	-2.762180E-13
	1.35E+01	-9.00E+01	1	0.000000E+00	-9.036470E+01	0.000000E+00	-2.907055E-06
	1.35E+01	-9.00E+01	2	0.000000E+00	-9.036470E+01	0.000000E+00	-6.650563E+01
	1.35E+01	-9.00E+01	3	3.299148E-01	4.881993E-01	3.299028E-01	1.405533E-01
	1.35E+01	-9.00E+01	4	0.000000E+00	-9.036470E+01	0.000000E+00	-7.801111E+02
	1.35E+01	-9.00E+01	5	0.000000E+00	8.963531E+01	0.000000E+00	3.409974E-05
	1.35E+01	-9.00E+01	6	0.000000E+00	-9.000000E+01	0.000000E+00	-2.788347E-20
	1.35E+01	-6.00E+01	1	0.000000E+00	8.963530E+01	0.000000E+00	3.325282E+01
	1.35E+01	-6.00E+01	2	0.000000E+00	-9.036470E+01	0.000000E+00	-5.759571E+01
	1.35E+01	-6.00E+01	3	3.299124E-01	4.881804E-01	3.299004E-01	1.405468E-01
	1.35E+01	-6.00E+01	4	0.000000E+00	-9.036470E+01	0.000000E+00	-6.755986E+02
	1.35E+01	-6.00E+01	5	0.000000E+00	-9.036470E+01	0.000000E+00	-3.900563E+02
	1.35E+01	-6.00E+01	6	0.000000E+00	1.799994E+02	0.000000E+00	2.762186E-13
	1.35E+01	-3.00E+01	1	0.000000E+00	8.963531E+01	0.000000E+00	5.759596E+01
	1.35E+01	-3.00E+01	2	0.000000E+00	-9.036470E+01	0.000000E+00	-3.325278E+01
	1.35E+01	-3.00E+01	3	3.299232E-01	4.881730E-01	3.299114E-01	1.405493E-01
	1.35E+01	-3.00E+01	4	0.000000E+00	-9.036470E+01	0.000000E+00	-3.900562E+02
	1.35E+01	-3.00E+01	5	0.000000E+00	-9.036470E+01	0.000000E+00	-6.755972E+02
	1.35E+01	-3.00E+01	6	0.000000E+00	1.799994E+02	0.000000E+00	2.762184E-13
	1.35E+01	0.00E+00	1	0.000000E+00	8.963530E+01	0.000000E+00	6.650583E+01
	1.35E+01	0.00E+00	2	0.000000E+00	9.000000E+01	0.000000E+00	0.000000E+00
	1.35E+01	0.00E+00	3	3.299118E-01	4.881856E-01	3.298998E-01	1.405481E-01
	1.35E+01	0.00E+00	4	0.000000E+00	9.000000E+01	0.000000E+00	0.000000E+00
	1.35E+01	0.00E+00	5	0.000000E+00	-9.036470E+01	0.000000E+00	-7.801130E+02
	1.35E+01	0.00E+00	6	0.000000E+00	9.000000E+01	0.000000E+00	0.000000E+00
	1.35E+01	3.00E+01	1	0.000000E+00	8.963531E+01	0.000000E+00	5.759596E+01
	1.35E+01	3.00E+01	2	0.000000E+00	8.963530E+01	0.000000E+00	3.325278E+01
	1.35E+01	3.00E+01	3	3.299232E-01	4.881730E-01	3.299114E-01	1.405493E-01
	1.35E+01	3.00E+01	4	0.000000E+00	8.963530E+01	0.000000E+00	3.900562E+02
	1.35E+01	3.00E+01	5	0.000000E+00	-9.036470E+01	0.000000E+00	-6.755972E+02
	1.35E+01	3.00E+01	6	0.000000E+00	-6.037044E-04	0.000000E+00	-2.762184E-13
	1.35E+01	6.00E+01	1	0.000000E+00	8.963530E+01	0.000000E+00	3.325282E+01
	1.35E+01	6.00E+01	2	0.000000E+00	8.963531E+01	0.000000E+00	5.759571E+01
	1.35E+01	6.00E+01	3	3.299124E-01	4.881804E-01	3.299004E-01	1.405468E-01
	1.35E+01	6.00E+01	4	0.000000E+00	8.963530E+01	0.000000E+00	6.755986E+02
	1.35E+01	6.00E+01	5	0.000000E+00	-9.036470E+01	0.000000E+00	-3.900563E+02
	1.35E+01	6.00E+01	6	0.000000E+00	-6.032729E-04	0.000000E+00	-2.762186E-13
	1.35E+01	9.00E+01	1	0.000000E+00	-9.036470E+01	0.000000E+00	-2.907055E-06
	1.35E+01	9.00E+01	2	0.000000E+00	8.963531E+01	0.000000E+00	6.650563E+01
	1.35E+01	9.00E+01	3	3.299148E-01	4.881993E-01	3.299028E-01	1.405533E-01
	1.35E+01	9.00E+01	4	0.000000E+00	8.963530E+01	0.000000E+00	7.801111E+02
	1.35E+01	9.00E+01	5	0.000000E+00	8.963531E+01	0.000000E+00	3.409974E-05
	1.35E+01	9.00E+01	6	0.000000E+00	9.000000E+01	0.000000E+00	2.788347E-20
	1.35E+01	1.20E+02	1	0.000000E+00	-9.036470E+01	0.000000E+00	-3.325281E+01
	1.35E+01	1.20E+02	2	0.000000E+00	8.963531E+01	0.000000E+00	5.759571E+01
	1.35E+01	1.20E+02	3	3.299114E-01	4.881825E-01	3.298996E-01	1.405470E-01
	1.35E+01	1.20E+02	4	0.000000E+00	8.963530E+01	0.000000E+00	6.755987E+02
	1.35E+01	1.20E+02	5	0.000000E+00	8.963530E+01	0.000000E+00	3.900564E+02
	1.35E+01	1.20E+02	6	0.000000E+00	1.799994E+02	0.000000E+00	2.762180E-13
	1.35E+01	1.50E+02	1	0.000000E+00	-9.036469E+01	0.000000E+00	-5.759598E+01
	1.35E+01	1.50E+02	2	0.000000E+00	8.963530E+01	0.000000E+00	3.325281E+01
	1.35E+01	1.50E+02	3	3.299216E-01	4.881806E-01	3.299096E-01	1.405508E-01
	1.35E+01	1.50E+02	4	0.000000E+00	8.963531E+01	0.000000E+00	3.900563E+02
	1.35E+01	1.50E+02	5	0.000000E+00	8.963530E+01	0.000000E+00	6.755974E+02
	1.35E+01	1.50E+02	6	0.000000E+00	1.799994E+02	0.000000E+00	2.762184E-13
	1.35E+01	1.80E+02	1	0.000000E+00	-9.036470E+01	0.000000E+00	-6.650583E+01
	1.35E+01	1.80E+02	2	0.000000E+00	-9.036470E+01	0.000000E+00	-5.814106E-06
	1.35E+01	1.80E+02	3	3.299118E-01	4.881856E-01	3.298998E-01	1.405481E-01
	1.35E+01	1.80E+02	4	0.000000E+00	-9.036470E+01	0.000000E+00	-6.819955E-05
	1.35E+01	1.80E+02	5	0.000000E+00	8.963530E+01	0.000000E+00	7.801130E+02
	1.35E+01	1.80E+02	6	0.000000E+00	-9.000000E+01	0.000000E+00	-5.576697E-20
	1.40E+01	-1.80E+02	1	0.000000E+00	-9.030145E+01	0.000000E+00	-6.287724E+01
	1.40E+01	-1.80E+02	2	0.000000E+00	8.969855E+01	0.000000E+00	5.496873E-06
	1.40E+01	-1.80E+02	3	3.858426E-01	4.332030E-01	3.858316E-01	1.458629E-01
	1.40E+01	-1.80E+02	4	0.000000E+00	8.969855E+01	0.000000E+00	6.483377E-05
	1.40E+01	-1.80E+02	5	0.000000E+00	8.969855E+01	0.000000E+00	7.416064E+02
	1.40E+01	-1.80E+02	6	0.000000E+00	9.000000E+01	0.000000E+00	3.531231E-20
	1.40E+01	-1.50E+02	1	0.000000E+00	-9.030145E+01	0.000000E+00	-5.445308E+01
	1.40E+01	-1.50E+02	2	0.000000E+00	-9.030145E+01	0.000000E+00	-3.143842E+01
	1.40E+01	-1.50E+02	3	3.858358E-01	4.332170E-01	3.858248E-01	1.458651E-01
	1.40E+01	-1.50E+02	4	0.000000E+00	-9.030145E+01	0.000000E+00	-3.708052E+02
	1.40E+01	-1.50E+02	5	0.000000E+00	8.969855E+01	0.000000E+00	6.422542E+02
	1.40E+01	-1.50E+02	6	0.000000E+00	-4.348892E-04	0.000000E+00	-1.749053E-13
	1.40E+01	-1.20E+02	1	0.000000E+00	-9.030145E+01	0.000000E+00	-3.143858E+01
	1.40E+01	-1.20E+02	2	0.000000E+00	-9.030145E+01	0.000000E+00	-5.445317E+01
	1.40E+01	-1.20E+02	3	3.858202E-01	4.332283E-01	3.858090E-01	1.458629E-01
	1.40E+01	-1.20E+02	4	0.000000E+00	-9.030145E+01	0.000000E+00	-6.422559E+02
	1.40E+01	-1.20E+02	5	0.000000E+00	8.969855E+01	0.000000E+00	3.708042E+02
	1.40E+01	-1.20E+02	6	0.000000E+00	-4.346144E-04	0.000000E+00	-1.749052E-13
	1.40E+01	-9.00E+01	1	0.000000E+00	-9.030145E+01	0.000000E+00	-2.748445E-06
	1.40E+01	-9.00E+01	2	0.000000E+00	-9.030145E+01	0.000000E+00	-6.287693E+01
	1.40E+01	-9.00E+01	3	3.858324E-01	4.332226E-01	3.858214E-01	1.458657E-01
	1.40E+01	-9.00E+01	4	0.000000E+00	-9.030145E+01	0.000000E+00	-7.416082E+02
	1.40E+01	-9.00E+01	5	0.000000E+00	8.969855E+01	0.000000E+00	3.241682E-05
	1.40E+01	-9.00E+01	6	0.000000E+00	-9.000000E+01	0.000000E+00	-1.765615E-20
	1.40E+01	-6.00E+01	1	0.000000E+00	8.969855E+01	0.000000E+00	3.143855E+01
	1.40E+01	-6.00E+01	2	0.000000E+00	-9.030145E+01	0.000000E+00	-5.445319E+01
	1.40E+01	-6.00E+01	3	3.858234E-01	4.332200E-01	3.858124E-01	1.458614E-01
	1.40E+01	-6.00E+01	4	0.000000E+00	-9.030145E+01	0.000000E+00	-6.422555E+02
	1.40E+01	-6.00E+01	5	0.000000E+00	-9.030145E+01	0.000000E+00	-3.708040E+02
	1.40E+01	-6.00E+01	6	0.000000E+00	1.799996E+02	0.000000E+00	1.749054E-13
	1.40E+01	-3.00E+01	1	0.000000E+00	8.969855E+01	0.000000E+00	5.445308E+01
	1.40E+01	-3.00E+01	2	0.000000E+00	-9.030145E+01	0.000000E+00	-3.143841E+01
	1.40E+01	-3.00E+01	3	3.858358E-01	4.332170E-01	3.858248E-01	1.458651E-01
	1.40E+01	-3.00E+01	4	0.000000E+00	-9.030145E+01	0.000000E+00	-3.708051E+02
	1.40E+01	-3.00E+01	5	0.000000E+00	-9.030145E+01	0.000000E+00	-6.422543E+02
	1.40E+01	-3.00E+01	6	0.000000E+00	1.799996E+02	0.000000E+00	1.749053E-13
	1.40E+01	0.00E+00	1	0.000000E+00	8.969855E+01	0.000000E+00	6.287724E+01
	1.40E+01	0.00E+00	2	0.000000E+00	9.000000E+01	0.000000E+00	0.000000E+00
	1.40E+01	0.00E+00	3	3.858426E-01	4.332030E-01	3.858316E-01	1.458629E-01
	1.40E+01	0.00E+00	4	0.000000E+00	9.000000E+01	0.000000E+00	0.000000E+00
	1.40E+01	0.00E+00	5	0.000000E+00	-9.030145E+01	0.000000E+00	-7.416064E+02
	1.40E+01	0.00E+00	6	0.000000E+00	9.000000E+01	0.000000E+00	0.000000E+00
	1.40E+01	3.00E+01	1	0.000000E+00	8.969855E+01	0.000000E+00	5.445308E+01
	1.40E+01	3.00E+01	2	0.000000E+00	8.969855E+01	0.000000E+00	3.143841E+01
	1.40E+01	3.00E+01	3	3.858358E-01	4.332170E-01	3.858248E-01	1.458651E-01
	1.40E+01	3.00E+01	4	0.000000E+00	8.969855E+01	0.000000E+00	3.708051E+02
	1.40E+01	3.00E+01	5	0.000000E+00	-9.030145E+01	0.000000E+00	-6.422543E+02
	1.40E+01	3.00E+01	6	0.000000E+00	-4.348899E-04	0.000000E+00	-1.749053E-13
	1.40E+01	6.00E+01	1	0.000000E+00	8.969855E+01	0.000000E+00	3.143855E+01
	1.40E+01	6.00E+01	2	0.000000E+00	8.969855E+01	0.000000E+00	5.445319E+01
	1.40E+01	6.00E+01	3	3.858234E-01	4.332200E-01	3.858124E-01	1.458614E-01
	1.40E+01	6.00E+01	4	0.000000E+00	8.969855E+01	0.000000E+00	6.422555E+02
	1.40E+01	6.00E+01	5	0.000000E+00	-9.030145E+01	0.000000E+00	-3.708040E+02
	1.40E+01	6.00E+01	6	0.000000E+00	-4.346150E-04	0.000000E+00	-1.749054E-13
	1.40E+01	9.00E+01	1	0.000000E+00	-9.030145E+01	0.000000E+00	-2.748445E-06
	1.40E+01	9.00E+01	2	0.000000E+00	8.969855E+01	0.000000E+00	6.287693E+01
	1.40E+01	9.00E+01	3	3.858324E-01	4.332226E-01	3.858214E-01	1.458657E-01
	1.40E+01	9.00E+01	4	0.000000E+00	8.969855E+01	0.000000E+00	7.416082E+02
	1.40E+01	9.00E+01	5	0.000000E+00	8.969855E+01	0.000000E+00	3.241682E-05
	1.40E+01	9.00E+01	6	0.000000E+00	9.000000E+01	0.000000E+00	1.765615E-20
	1.40E+01	1.20E+02	1	0.000000E+00	-9.030145E+01	0.000000E+00	-3.143858E+01
	1.40E+01	1.20E+02	2	0.000000E+00	8.969855E+01	0.000000E+00	5.445317E+01
	1.40E+01	1.20E+02	3	3.858202E-01	4.332283E-01	3.858090E-01	1.458629E-01
	1.40E+01	1.20E+02	4	0.000000E+00	8.969855E+01	0.000000E+00	6.422559E+02
	1.40E+01	1.20E+02	5	0.000000E+00	8.969855E+01	0.000000E+00	3.708042E+02
	1.40E+01	1.20E+02	6	0.000000E+00	1.799996E+02	0.000000E+00	1.749052E-13
	1.40E+01	1.50E+02	1	0.000000E+00	-9.030145E+01	0.000000E+00	-5.445308E+01
	1.40E+01	1.50E+02	2	0.000000E+00	8.969855E+01	0.000000E+00	3.143842E+01
	1.40E+01	1.50E+02	3	3.858358E-01	4.332170E-01	3.858248E-01	1.458651E-01
	1.40E+01	1.50E+02	4	0.000000E+00	8.969855E+01	0.000000E+00	3.708052E+02
	1.40E+01	1.50E+02	5	0.000000E+00	8.969855E+01	0.000000E+00	6.422542E+02
	1.40E+01	1.50E+02	6	0.000000E+00	1.799996E+02	0.000000E+00	1.749053E-13
	1.40E+01	1.80E+02	1	0.000000E+00	-9.030145E+01	0.000000E+00	-6.287724E+01
	1.40E+01	1.80E+02	2	0.000000E+00	-9.030145E+01	0.000000E+00	-5.496873E-06
	1.40E+01	1.80E+02	3	3.858426E-01	4.332030E-01	3.858316E-01	1.458629E-01
	1.40E+01	1.80E+02	4	0.000000E+00	-9.030145E+01	0.000000E+00	-6.483377E-05
	1.40E+01	1.80E+02	5	0.000000E+00	8.969855E+01	0.000000E+00	7.416064E+02
	1.40E+01	1.80E+02	6	0.000000E+00	-9.000000E+01	0.000000E+00	-3.531231E-20
	1.45E+01	-1.80E+02	1	0.000000E+00	-9.025048E+01	0.000000E+00	-5.954624E+01
	1.45E+01	-1.80E+02	2	0.000000E+00	8.974952E+01	0.000000E+00	5.205697E-06
	1.45E+01	-1.80E+02	3	4.397410E-01	3.863006E-01	4.397310E-01	1.482403E-01
	1.45E+01	-1.80E+02	4	0.000000E+00	8.974952E+01	0.000000E+00	6.169952E-05
	1.45E+01	-1.80E+02	5	0.000000E+00	8.974952E+01	0.000000E+00	7.057592E+02
	1.45E+01	-1.80E+02	6	0.000000E+00	9.000000E+01	0.000000E+00	2.271996E-20
	1.45E+01	-1.50E+02	1	0.000000E+00	-9.025048E+01	0.000000E+00	-5.156849E+01
	1.45E+01	-1.50E+02	2	0.000000E+00	-9.025048E+01	0.000000E+00	-2.977312E+01
	1.45E+01	-1.50E+02	3	4.397426E-01	3.862975E-01	4.397326E-01	1.482397E-01
	1.45E+01	-1.50E+02	4	0.000000E+00	-9.025048E+01	0.000000E+00	-3.528787E+02
	1.45E+01	-1.50E+02	5	0.000000E+00	8.974952E+01	0.000000E+00	6.112037E+02
	1.45E+01	-1.50E+02	6	0.000000E+00	-3.167646E-04	0.000000E+00	-1.125340E-13
	1.45E+01	-1.20E+02	1	0.000000E+00	-9.025048E+01	0.000000E+00	-2.977324E+01
	1.45E+01	-1.20E+02	2	0.000000E+00	-9.025048E+01	0.000000E+00	-5.156849E+01
	1.45E+01	-1.20E+02	3	4.397316E-01	3.863072E-01	4.397216E-01	1.482397E-01
	1.45E+01	-1.20E+02	4	0.000000E+00	-9.025048E+01	0.000000E+00	-6.112060E+02
	1.45E+01	-1.20E+02	5	0.000000E+00	8.974952E+01	0.000000E+00	3.528801E+02
	1.45E+01	-1.20E+02	6	0.000000E+00	-3.165885E-04	0.000000E+00	-1.125339E-13
	1.45E+01	-9.00E+01	1	0.000000E+00	-9.025048E+01	0.000000E+00	-2.602847E-06
	1.45E+01	-9.00E+01	2	0.000000E+00	-9.025048E+01	0.000000E+00	-5.954625E+01
	1.45E+01	-9.00E+01	3	4.397370E-01	3.862988E-01	4.397270E-01	1.482383E-01
	1.45E+01	-9.00E+01	4	0.000000E+00	-9.025048E+01	0.000000E+00	-7.057572E+02
	1.45E+01	-9.00E+01	5	0.000000E+00	8.974952E+01	0.000000E+00	3.084988E-05
	1.45E+01	-9.00E+01	6	0.000000E+00	-9.000000E+01	0.000000E+00	-1.135997E-20
	1.45E+01	-6.00E+01	1	0.000000E+00	8.974952E+01	0.000000E+00	2.977323E+01
	1.45E+01	-6.00E+01	2	0.000000E+00	-9.025048E+01	0.000000E+00	-5.156846E+01
	1.45E+01	-6.00E+01	3	4.397304E-01	3.863095E-01	4.397204E-01	1.482401E-01
	1.45E+01	-6.00E+01	4	0.000000E+00	-9.025048E+01	0.000000E+00	-6.112062E+02
	1.45E+01	-6.00E+01	5	0.000000E+00	-9.025048E+01	0.000000E+00	-3.528801E+02
	1.45E+01	-6.00E+01	6	0.000000E+00	1.799997E+02	0.000000E+00	1.125338E-13
	1.45E+01	-3.00E+01	1	0.000000E+00	8.974952E+01	0.000000E+00	5.156852E+01
	1.45E+01	-3.00E+01	2	0.000000E+00	-9.025048E+01	0.000000E+00	-2.977313E+01
	1.45E+01	-3.00E+01	3	4.397426E-01	3.863009E-01	4.397326E-01	1.482410E-01
	1.45E+01	-3.00E+01	4	0.000000E+00	-9.025048E+01	0.000000E+00	-3.528790E+02
	1.45E+01	-3.00E+01	5	0.000000E+00	-9.025048E+01	0.000000E+00	-6.112036E+02
	1.45E+01	-3.00E+01	6	0.000000E+00	1.799997E+02	0.000000E+00	1.125340E-13
	1.45E+01	0.00E+00	1	0.000000E+00	8.974952E+01	0.000000E+00	5.954624E+01
	1.45E+01	0.00E+00	2	0.000000E+00	9.000000E+01	0.000000E+00	0.000000E+00
	1.45E+01	0.00E+00	3	4.397410E-01	3.863006E-01	4.397310E-01	1.482403E-01
	1.45E+01	0.00E+00	4	0.000000E+00	9.000000E+01	0.000000E+00	0.000000E+00
	1.45E+01	0.00E+00	5	0.000000E+00	-9.025048E+01	0.000000E+00	-7.057592E+02
	1.45E+01	0.00E+00	6	0.000000E+00	9.000000E+01	0.000000E+00	0.000000E+00
	1.45E+01	3.00E+01	1	0.000000E+00	8.974952E+01	0.000000E+00	5.156852E+01
	1.45E+01	3.00E+01	2	0.000000E+00	8.974952E+01	0.000000E+00	2.977313E+01
	1.45E+01	3.00E+01	3	4.397426E-01	3.863009E-01	4.397326E-01	1.482410E-01
	1.45E+01	3.00E+01	4	0.000000E+00	8.974952E+01	0.000000E+00	3.528790E+02
	1.45E+01	3.00E+01	5	0.000000E+00	-9.025048E+01	0.000000E+00	-6.112036E+02
	1.45E+01	3.00E+01	6	0.000000E+00	-3.167643E-04	0.000000E+00	-1.125340E-13
	1.45E+01	6.00E+01	1	0.000000E+00	8.974952E+01	0.000000E+00	2.977323E+01
	1.45E+01	6.00E+01	2	0.000000E+00	8.974952E+01	0.000000E+00	5.156846E+01
	1.45E+01	6.00E+01	3	4.397304E-01	3.863095E-01	4.397204E-01	1.482401E-01
	1.45E+01	6.00E+01	4	0.000000E+00	8.974952E+01	0.000000E+00	6.112062E+02
	1.45E+01	6.00E+01	5	0.000000E+00	-9.025048E+01	0.000000E+00	-3.528801E+02
	1.45E+01	6.00E+01	6	0.000000E+00	-3.165882E-04	0.000000E+00	-1.125338E-13
	1.45E+01	9.00E+01	1	0.000000E+00	-9.025048E+01	0.000000E+00	-2.602847E-06
	1.45E+01	9.00E+01	2	0.000000E+00	8.974952E+01	0.000000E+00	5.954625E+01
	1.45E+01	9.00E+01	3	4.397370E-01	3.862988E-01	4.397270E-01	1.482383E-01
	1.45E+01	9.00E+01	4	0.000000E+00	8.974952E+01	0.000000E+00	7.057572E+02
	1.45E+01	9.00E+01	5	0.000000E+00	8.974952E+01	0.000000E+00	3.084988E-05
	1.45E+01	9.00E+01	6	0.000000E+00	9.000000E+01	0.000000E+00	1.135997E-20
	1.45E+01	1.20E+02	1	0.000000E+00	-9.025048E+01	0.000000E+00	-2.977324E+01
	1.45E+01	1.20E+02	2	0.000000E+00	8.974952E+01	0.000000E+00	5.156849E+01
	1.45E+01	1.20E+02	3	4.397316E-01	3.863072E-01	4.397216E-01	1.482397E-01
	1.45E+01	1.20E+02	4	0.000000E+00	8.974952E+01	0.000000E+00	6.112060E+02
	1.45E+01	1.20E+02	5	0.000000E+00	8.974952E+01	0.000000E+00	3.528801E+02
	1.45E+01	1.20E+02	6	0.000000E+00	1.799997E+02	0.000000E+00	1.125339E-13
	1.45E+01	1.50E+02	1	0.000000E+00	-9.025048E+01	0.000000E+00	-5.156849E+01
	1.45E+01	1.50E+02	2	0.000000E+00	8.974952E+01	0.000000E+00	2.977312E+01
	1.45E+01	1.50E+02	3	4.397426E-01	3.862975E-01	4.397326E-01	1.482397E-01
	1.45E+01	1.50E+02	4	0.000000E+00	8.974952E+01	0.000000E+00	3.528787E+02
	1.45E+01	1.50E+02	5	0.000000E+00	8.974952E+01	0.000000E+00	6.112037E+02
	1.45E+01	1.50E+02	6	0.000000E+00	1.799997E+02	0.000000E+00	1.125340E-13
	1.45E+01	1.80E+02	1	0.000000E+00	-9.025048E+01	0.000000E+00	-5.954624E+01
	1.45E+01	1.80E+02	2	0.000000E+00	-9.025048E+01	0.000000E+00	-5.205697E-06
	1.45E+01	1.80E+02	3	4.397410E-01	3.863006E-01	4.397310E-01	1.482403E-01
	1.45E+01	1.80E+02	4	0.000000E+00	-9.025048E+01	0.000000E+00	-6.169952E-05
	1.45E+01	1.80E+02	5	0.000000E+00	8.974952E+01	0.000000E+00	7.057592E+02
	1.45E+01	1.80E+02	6	0.000000E+00	-9.000000E+01	0.000000E+00	-2.271996E-20
	1.50E+01	-1.80E+02	1	0.000000E+00	-9.020925E+01	0.000000E+00	-5.649225E+01
	1.50E+01	-1.80E+02	2	0.000000E+00	8.979075E+01	0.000000E+00	4.938700E-06
	1.50E+01	-1.80E+02	3	4.914744E-01	3.459212E-01	4.914654E-01	1.483621E-01
	1.50E+01	-1.80E+02	4	0.000000E+00	8.979075E+01	0.000000E+00	5.879008E-05
	1.50E+01	-1.80E+02	5	0.000000E+00	8.979075E+01	0.000000E+00	6.724781E+02
	1.50E+01	-1.80E+02	6	0.000000E+00	9.000000E+01	0.000000E+00	1.485371E-20
	1.50E+01	-1.50E+02	1	0.000000E+00	-9.020925E+01	0.000000E+00	-4.892366E+01
	1.50E+01	-1.50E+02	2	0.000000E+00	-9.020925E+01	0.000000E+00	-2.824606E+01
	1.50E+01	-1.50E+02	3	4.914718E-01	3.459193E-01	4.914628E-01	1.483604E-01
	1.50E+01	-1.50E+02	4	0.000000E+00	-9.020925E+01	0.000000E+00	-3.362399E+02
	1.50E+01	-1.50E+02	5	0.000000E+00	8.979075E+01	0.000000E+00	5.823811E+02
	1.50E+01	-1.50E+02	6	0.000000E+00	-2.333007E-04	0.000000E+00	-7.357166E-14
	1.50E+01	-1.20E+02	1	0.000000E+00	-9.020925E+01	0.000000E+00	-2.824611E+01
	1.50E+01	-1.20E+02	2	0.000000E+00	-9.020925E+01	0.000000E+00	-4.892356E+01
	1.50E+01	-1.20E+02	3	4.914712E-01	3.459239E-01	4.914622E-01	1.483622E-01
	1.50E+01	-1.20E+02	4	0.000000E+00	-9.020925E+01	0.000000E+00	-5.823807E+02
	1.50E+01	-1.20E+02	5	0.000000E+00	8.979075E+01	0.000000E+00	3.362385E+02
	1.50E+01	-1.20E+02	6	0.000000E+00	-2.331858E-04	0.000000E+00	-7.357173E-14
	1.50E+01	-9.00E+01	1	0.000000E+00	-9.020925E+01	0.000000E+00	-2.469344E-06
	1.50E+01	-9.00E+01	2	0.000000E+00	-9.020925E+01	0.000000E+00	-5.649215E+01
	1.50E+01	-9.00E+01	3	4.914640E-01	3.459263E-01	4.914552E-01	1.483611E-01
	1.50E+01	-9.00E+01	4	0.000000E+00	-9.020925E+01	0.000000E+00	-6.724784E+02
	1.50E+01	-9.00E+01	5	0.000000E+00	8.979075E+01	0.000000E+00	2.939493E-05
	1.50E+01	-9.00E+01	6	0.000000E+00	-9.000000E+01	0.000000E+00	-7.426837E-21
	1.50E+01	-6.00E+01	1	0.000000E+00	8.979075E+01	0.000000E+00	2.824612E+01
	1.50E+01	-6.00E+01	2	0.000000E+00	-9.020925E+01	0.000000E+00	-4.892354E+01
	1.50E+01	-6.00E+01	3	4.914712E-01	3.459239E-01	4.914622E-01	1.483622E-01
	1.50E+01	-6.00E+01	4	0.000000E+00	-9.020925E+01	0.000000E+00	-5.823809E+02
	1.50E+01	-6.00E+01	5	0.000000E+00	-9.020925E+01	0.000000E+00	-3.362384E+02
	1.50E+01	-6.00E+01	6	0.000000E+00	1.799998E+02	0.000000E+00	7.357160E-14
	1.50E+01	-3.00E+01	1	0.000000E+00	8.979075E+01	0.000000E+00	4.892368E+01
	1.50E+01	-3.00E+01	2	0.000000E+00	-9.020925E+01	0.000000E+00	-2.824607E+01
	1.50E+01	-3.00E+01	3	4.914718E-01	3.459193E-01	4.914628E-01	1.483604E-01
	1.50E+01	-3.00E+01	4	0.000000E+00	-9.020925E+01	0.000000E+00	-3.362397E+02
	1.50E+01	-3.00E+01	5	0.000000E+00	-9.020925E+01	0.000000E+00	-5.823814E+02
	1.50E+01	-3.00E+01	6	0.000000E+00	1.799998E+02	0.000000E+00	7.357166E-14
	1.50E+01	0.00E+00	1	0.000000E+00	8.979075E+01	0.000000E+00	5.649225E+01
	1.50E+01	0.00E+00	2	0.000000E+00	9.000000E+01	0.000000E+00	0.000000E+00
	1.50E+01	0.00E+00	3	4.914744E-01	3.459212E-01	4.914654E-01	1.483621E-01
	1.50E+01	0.00E+00	4	0.000000E+00	9.000000E+01	0.000000E+00	0.000000E+00
	1.50E+01	0.00E+00	5	0.000000E+00	-9.020925E+01	0.000000E+00	-6.724781E+02
	1.50E+01	0.00E+00	6	0.000000E+00	9.000000E+01	0.000000E+00	0.000000E+00
	1.50E+01	3.00E+01	1	0.000000E+00	8.979075E+01	0.000000E+00	4.892368E+01
	1.50E+01	3.00E+01	2	0.000000E+00	8.979075E+01	0.000000E+00	2.824607E+01
	1.50E+01	3.00E+01	3	4.914718E-01	3.459193E-01	4.914628E-01	1.483604E-01
	1.50E+01	3.00E+01	4	0.000000E+00	8.979075E+01	0.000000E+00	3.362397E+02
	1.50E+01	3.00E+01	5	0.000000E+00	-9.020925E+01	0.000000E+00	-5.823814E+02
	1.50E+01	3.00E+01	6	0.000000E+00	-2.333005E-04	0.000000E+00	-7.357166E-14
	1.50E+01	6.00E+01	1	0.000000E+00	8.979075E+01	0.000000E+00	2.824612E+01
	1.50E+01	6.00E+01	2	0.000000E+00	8.979075E+01	0.000000E+00	4.892354E+01
	1.50E+01	6.00E+01	3	4.914712E-01	3.459239E-01	4.914622E-01	1.483622E-01
	1.50E+01	6.00E+01	4	0.000000E+00	8.979075E+01	0.000000E+00	5.823809E+02
	1.50E+01	6.00E+01	5	0.000000E+00	-9.020925E+01	0.000000E+00	-3.362384E+02
	1.50E+01	6.00E+01	6	0.000000E+00	-2.331854E-04	0.000000E+00	-7.357160E-14
	1.50E+01	9.00E+01	1	0.000000E+00	-9.020925E+01	0.000000E+00	-2.469344E-06
	1.50E+01	9.00E+01	2	0.000000E+00	8.979075E+01	0.000000E+00	5.649215E+01
	1.50E+01	9.00E+01	3	4.914640E-01	3.459263E-01	4.914552E-01	1.483611E-01
	1.50E+01	9.00E+01	4	0.000000E+00	8.979075E+01	0.000000E+00	6.724784E+02
	1.50E+01	9.00E+01	5	0.000000E+00	8.979075E+01	0.000000E+00	2.939493E-05
	1.50E+01	9.00E+01	6	0.000000E+00	9.000000E+01	0.000000E+00	7.426837E-21
	1.50E+01	1.20E+02	1	0.000000E+00	-9.020925E+01	0.000000E+00	-2.824611E+01
	1.50E+01	1.20E+02	2	0.000000E+00	8.979075E+01	0.000000E+00	4.892356E+01
	1.50E+01	1.20E+02	3	4.914712E-01	3.459239E-01	4.914622E-01	1.483622E-01
	1.50E+01	1.20E+02	4	0.000000E+00	8.979075E+01	0.000000E+00	5.823807E+02
	1.50E+01	1.20E+02	5	0.000000E+00	8.979075E+01	0.000000E+00	3.362385E+02
	1.50E+01	1.20E+02	6	0.000000E+00	1.799998E+02	0.000000E+00	7.357173E-14
	1.50E+01	1.50E+02	1	0.000000E+00	-9.020925E+01	0.000000E+00	-4.892366E+01
	1.50E+01	1.50E+02	2	0.000000E+00	8.979075E+01	0.000000E+00	2.824606E+01
	1.50E+01	1.50E+02	3	4.914718E-01	3.459193E-01	4.914628E-01	1.483604E-01
	1.50E+01	1.50E+02	4	0.000000E+00	8.979075E+01	0.000000E+00	3.362399E+02
	1.50E+01	1.50E+02	5	0.000000E+00	8.979075E+01	0.000000E+00	5.823811E+02
	1.50E+01	1.50E+02	6	0.000000E+00	1.799998E+02	0.000000E+00	7.357166E-14
	1.50E+01	1.80E+02	1	0.000000E+00	-9.020925E+01	0.000000E+00	-5.649225E+01
	1.50E+01	1.80E+02	2	0.000000E+00	-9.020925E+01	0.000000E+00	-4.938700E-06
	1.50E+01	1.80E+02	3	4.914744E-01	3.459212E-01	4.914654E-01	1.483621E-01
	1.50E+01	1.80E+02	4	0.000000E+00	-9.020925E+01	0.000000E+00	-5.879008E-05
	1.50E+01	1.80E+02	5	0.000000E+00	8.979075E+01	0.000000E+00	6.724781E+02
	1.50E+01	1.80E+02	6	0.000000E+00	-9.000000E+01	0.000000E+00	-1.485371E-20
	1.55E+01	-1.80E+02	1	0.000000E+00	-9.017579E+01	0.000000E+00	-5.369331E+01
	1.55E+01	-1.80E+02	2	0.000000E+00	8.982421E+01	0.000000E+00	4.694008E-06
	1.55E+01	-1.80E+02	3	5.410298E-01	3.110062E-01	5.410218E-01	1.468370E-01
	1.55E+01	-1.80E+02	4	0.000000E+00	8.982421E+01	0.000000E+00	5.609509E-05
	1.55E+01	-1.80E+02	5	0.000000E+00	8.982421E+01	0.000000E+00	6.416558E+02
	1.55E+01	-1.80E+02	6	0.000000E+00	9.000000E+01	0.000000E+00	9.867210E-21
	1.55E+01	-1.50E+02	1	0.000000E+00	-9.017579E+01	0.000000E+00	-4.649971E+01
	1.55E+01	-1.50E+02	2	0.000000E+00	-9.017579E+01	0.000000E+00	-2.684662E+01
	1.55E+01	-1.50E+02	3	5.410286E-01	3.110038E-01	5.410206E-01	1.468355E-01
	1.55E+01	-1.50E+02	4	0.000000E+00	-9.017579E+01	0.000000E+00	-3.208282E+02
	1.55E+01	-1.50E+02	5	0.000000E+00	8.982421E+01	0.000000E+00	5.556930E+02
	1.55E+01	-1.50E+02	6	0.000000E+00	-1.737461E-04	0.000000E+00	-4.887311E-14
	1.55E+01	-1.20E+02	1	0.000000E+00	-9.017579E+01	0.000000E+00	-2.684668E+01
	1.55E+01	-1.20E+02	2	0.000000E+00	-9.017579E+01	0.000000E+00	-4.649979E+01
	1.55E+01	-1.20E+02	3	5.410270E-01	3.109995E-01	5.410190E-01	1.468331E-01
	1.55E+01	-1.20E+02	4	0.000000E+00	-9.017579E+01	0.000000E+00	-5.556910E+02
	1.55E+01	-1.20E+02	5	0.000000E+00	8.982421E+01	0.000000E+00	3.208276E+02
	1.55E+01	-1.20E+02	6	0.000000E+00	-1.736696E-04	0.000000E+00	-4.887309E-14
	1.55E+01	-9.00E+01	1	0.000000E+00	-9.017579E+01	0.000000E+00	-2.346997E-06
	1.55E+01	-9.00E+01	2	0.000000E+00	-9.017579E+01	0.000000E+00	-5.369338E+01
	1.55E+01	-9.00E+01	3	5.410274E-01	3.110025E-01	5.410194E-01	1.468346E-01
	1.55E+01	-9.00E+01	4	0.000000E+00	-9.017579E+01	0.000000E+00	-6.416577E+02
	1.55E+01	-9.00E+01	5	0.000000E+00	8.982421E+01	0.000000E+00	2.804748E-05
	1.55E+01	-9.00E+01	6	0.000000E+00	-9.000000E+01	0.000000E+00	-4.933598E-21
	1.55E+01	-6.00E+01	1	0.000000E+00	8.982421E+01	0.000000E+00	2.684666E+01
	1.55E+01	-6.00E+01	2	0.000000E+00	-9.017579E+01	0.000000E+00	-4.649977E+01
	1.55E+01	-6.00E+01	3	5.410270E-01	3.109995E-01	5.410190E-01	1.468331E-01
	1.55E+01	-6.00E+01	4	0.000000E+00	-9.017579E+01	0.000000E+00	-5.556917E+02
	1.55E+01	-6.00E+01	5	0.000000E+00	-9.017579E+01	0.000000E+00	-3.208281E+02
	1.55E+01	-6.00E+01	6	0.000000E+00	1.799998E+02	0.000000E+00	4.887309E-14
	1.55E+01	-3.00E+01	1	0.000000E+00	8.982421E+01	0.000000E+00	4.649968E+01
	1.55E+01	-3.00E+01	2	0.000000E+00	-9.017579E+01	0.000000E+00	-2.684662E+01
	1.55E+01	-3.00E+01	3	5.410286E-01	3.110038E-01	5.410206E-01	1.468355E-01
	1.55E+01	-3.00E+01	4	0.000000E+00	-9.017579E+01	0.000000E+00	-3.208281E+02
	1.55E+01	-3.00E+01	5	0.000000E+00	-9.017579E+01	0.000000E+00	-5.556929E+02
	1.55E+01	-3.00E+01	6	0.000000E+00	1.799998E+02	0.000000E+00	4.887317E-14
	1.55E+01	0.00E+00	1	0.000000E+00	8.982421E+01	0.000000E+00	5.369331E+01
	1.55E+01	0.00E+00	2	0.000000E+00	9.000000E+01	0.000000E+00	0.000000E+00
	1.55E+01	0.00E+00	3	5.410298E-01	3.110062E-01	5.410218E-01	1.468370E-01
	1.55E+01	0.00E+00	4	0.000000E+00	9.000000E+01	0.000000E+00	0.000000E+00
	1.55E+01	0.00E+00	5	0.000000E+00	-9.017579E+01	0.000000E+00	-6.416558E+02
	1.55E+01	0.00E+00	6	0.000000E+00	9.000000E+01	0.000000E+00	0.000000E+00
	1.55E+01	3.00E+01	1	0.000000E+00	8.982421E+01	0.000000E+00	4.649968E+01
	1.55E+01	3.00E+01	2	0.000000E+00	8.982421E+01	0.000000E+00	2.684662E+01
	1.55E+01	3.00E+01	3	5.410286E-01	3.110038E-01	5.410206E-01	1.468355E-01
	1.55E+01	3.00E+01	4	0.000000E+00	8.982421E+01	0.000000E+00	3.208281E+02
	1.55E+01	3.00E+01	5	0.000000E+00	-9.017579E+01	0.000000E+00	-5.556929E+02
	1.55E+01	3.00E+01	6	0.000000E+00	-1.737465E-04	0.000000E+00	-4.887317E-14
	1.55E+01	6.00E+01	1	0.000000E+00	8.982421E+01	0.000000E+00	2.684666E+01
	1.55E+01	6.00E+01	2	0.000000E+00	8.982421E+01	0.000000E+00	4.649977E+01
	1.55E+01	6.00E+01	3	5.410270E-01	3.109995E-01	5.410190E-01	1.468331E-01
	1.55E+01	6.00E+01	4	0.000000E+00	8.982421E+01	0.000000E+00	5.556917E+02
	1.55E+01	6.00E+01	5	0.000000E+00	-9.017579E+01	0.000000E+00	-3.208281E+02
	1.55E+01	6.00E+01	6	0.000000E+00	-1.736696E-04	0.000000E+00	-4.887309E-14
	1.55E+01	9.00E+01	1	0.000000E+00	-9.017579E+01	0.000000E+00	-2.346997E-06
	1.55E+01	9.00E+01	2	0.000000E+00	8.982421E+01	0.000000E+00	5.369338E+01
	1.55E+01	9.00E+01	3	5.410274E-01	3.110025E-01	5.410194E-01	1.468346E-01
	1.55E+01	9.00E+01	4	0.000000E+00	8.982421E+01	0.000000E+00	6.416577E+02
	1.55E+01	9.00E+01	5	0.000000E+00	8.982421E+01	0.000000E+00	2.804748E-05
	1.55E+01	9.00E+01	6	0.000000E+00	9.000000E+01	0.000000E+00	4.933598E-21
	1.55E+01	1.20E+02	1	0.000000E+00	-9.017579E+01	0.000000E+00	-2.684668E+01
	1.55E+01	1.20E+02	2	0.000000E+00	8.982421E+01	0.000000E+00	4.649979E+01
	1.55E+01	1.20E+02	3	5.410270E-01	3.109995E-01	5.410190E-01	1.468331E-01
	1.55E+01	1.20E+02	4	0.000000E+00	8.982421E+01	0.000000E+00	5.556910E+02
	1.55E+01	1.20E+02	5	0.000000E+00	8.982421E+01	0.000000E+00	3.208276E+02
	1.55E+01	1.20E+02	6	0.000000E+00	1.799998E+02	0.000000E+00	4.887309E-14
	1.55E+01	1.50E+02	1	0.000000E+00	-9.017579E+01	0.000000E+00	-4.649971E+01
	1.55E+01	1.50E+02	2	0.000000E+00	8.982421E+01	0.000000E+00	2.684662E+01
	1.55E+01	1.50E+02	3	5.410286E-01	3.110038E-01	5.410206E-01	1.468355E-01
	1.55E+01	1.50E+02	4	0.000000E+00	8.982421E+01	0.000000E+00	3.208282E+02
	1.55E+01	1.50E+02	5	0.000000E+00	8.982421E+01	0.000000E+00	5.556930E+02
	1.55E+01	1.50E+02	6	0.000000E+00	1.799998E+02	0.000000E+00	4.887311E-14
	1.55E+01	1.80E+02	1	0.000000E+00	-9.017579E+01	0.000000E+00	-5.369331E+01
	1.55E+01	1.80E+02	2	0.000000E+00	-9.017579E+01	0.000000E+00	-4.694008E-06
	1.55E+01	1.80E+02	3	5.410298E-01	3.110062E-01	5.410218E-01	1.468370E-01
	1.55E+01	1.80E+02	4	0.000000E+00	-9.017579E+01	0.000000E+00	-5.609509E-05
	1.55E+01	1.80E+02	5	0.000000E+00	8.982421E+01	0.000000E+00	6.416558E+02
	1.55E+01	1.80E+02	6	0.000000E+00	-9.000000E+01	0.000000E+00	-9.867210E-21
	1.60E+01	-1.80E+02	1	0.000000E+00	-9.014854E+01	0.000000E+00	-5.112875E+01
	1.60E+01	-1.80E+02	2	0.000000E+00	8.985146E+01	0.000000E+00	4.469798E-06
	1.60E+01	-1.80E+02	3	5.882862E-01	2.805720E-01	5.882792E-01	1.440385E-01
	1.60E+01	-1.80E+02	4	0.000000E+00	8.985146E+01	0.000000E+00	5.360341E-05
	1.60E+01	-1.80E+02	5	0.000000E+00	8.985146E+01	0.000000E+00	6.131526E+02
	1.60E+01	-1.80E+02	6	0.000000E+00	9.000000E+01	0.000000E+00	6.660916E-21
	1.60E+01	-1.50E+02	1	0.000000E+00	-9.014854E+01	0.000000E+00	-4.427837E+01
	1.60E+01	-1.50E+02	2	0.000000E+00	-9.014854E+01	0.000000E+00	-2.556434E+01
	1.60E+01	-1.50E+02	3	5.882938E-01	2.805723E-01	5.882866E-01	1.440405E-01
	1.60E+01	-1.50E+02	4	0.000000E+00	-9.014854E+01	0.000000E+00	-3.065747E+02
	1.60E+01	-1.50E+02	5	0.000000E+00	8.985146E+01	0.000000E+00	5.310048E+02
	1.60E+01	-1.50E+02	6	0.000000E+00	-1.308623E-04	0.000000E+00	-3.299216E-14
	1.60E+01	-1.20E+02	1	0.000000E+00	-9.014854E+01	0.000000E+00	-2.556444E+01
	1.60E+01	-1.20E+02	2	0.000000E+00	-9.014854E+01	0.000000E+00	-4.427874E+01
	1.60E+01	-1.20E+02	3	5.882972E-01	2.805685E-01	5.882902E-01	1.440394E-01
	1.60E+01	-1.20E+02	4	0.000000E+00	-9.014854E+01	0.000000E+00	-5.310050E+02
	1.60E+01	-1.20E+02	5	0.000000E+00	8.985146E+01	0.000000E+00	3.065759E+02
	1.60E+01	-1.20E+02	6	0.000000E+00	-1.308104E-04	0.000000E+00	-3.299211E-14
	1.60E+01	-9.00E+01	1	0.000000E+00	-9.014854E+01	0.000000E+00	-2.234904E-06
	1.60E+01	-9.00E+01	2	0.000000E+00	-9.014854E+01	0.000000E+00	-5.112843E+01
	1.60E+01	-9.00E+01	3	5.883000E-01	2.805687E-01	5.882930E-01	1.440402E-01
	1.60E+01	-9.00E+01	4	0.000000E+00	-9.014854E+01	0.000000E+00	-6.131529E+02
	1.60E+01	-9.00E+01	5	0.000000E+00	8.985146E+01	0.000000E+00	2.680165E-05
	1.60E+01	-9.00E+01	6	0.000000E+00	-9.000000E+01	0.000000E+00	-3.330463E-21
	1.60E+01	-6.00E+01	1	0.000000E+00	8.985146E+01	0.000000E+00	2.556443E+01
	1.60E+01	-6.00E+01	2	0.000000E+00	-9.014854E+01	0.000000E+00	-4.427874E+01
	1.60E+01	-6.00E+01	3	5.882972E-01	2.805685E-01	5.882902E-01	1.440394E-01
	1.60E+01	-6.00E+01	4	0.000000E+00	-9.014854E+01	0.000000E+00	-5.310049E+02
	1.60E+01	-6.00E+01	5	0.000000E+00	-9.014854E+01	0.000000E+00	-3.065758E+02
	1.60E+01	-6.00E+01	6	0.000000E+00	1.799999E+02	0.000000E+00	3.299208E-14
	1.60E+01	-3.00E+01	1	0.000000E+00	8.985146E+01	0.000000E+00	4.427841E+01
	1.60E+01	-3.00E+01	2	0.000000E+00	-9.014854E+01	0.000000E+00	-2.556433E+01
	1.60E+01	-3.00E+01	3	5.882938E-01	2.805723E-01	5.882866E-01	1.440405E-01
	1.60E+01	-3.00E+01	4	0.000000E+00	-9.014854E+01	0.000000E+00	-3.065746E+02
	1.60E+01	-3.00E+01	5	0.000000E+00	-9.014854E+01	0.000000E+00	-5.310049E+02
	1.60E+01	-3.00E+01	6	0.000000E+00	1.799999E+02	0.000000E+00	3.299213E-14
	1.60E+01	0.00E+00	1	0.000000E+00	8.985146E+01	0.000000E+00	5.112875E+01
	1.60E+01	0.00E+00	2	0.000000E+00	9.000000E+01	0.000000E+00	0.000000E+00
	1.60E+01	0.00E+00	3	5.882862E-01	2.805720E-01	5.882792E-01	1.440385E-01
	1.60E+01	0.00E+00	4	0.000000E+00	9.000000E+01	0.000000E+00	0.000000E+00
	1.60E+01	0.00E+00	5	0.000000E+00	-9.014854E+01	0.000000E+00	-6.131526E+02
	1.60E+01	0.00E+00	6	0.000000E+00	9.000000E+01	0.000000E+00	0.000000E+00
	1.60E+01	3.00E+01	1	0.000000E+00	8.985146E+01	0.000000E+00	4.427841E+01
	1.60E+01	3.00E+01	2	0.000000E+00	8.985146E+01	0.000000E+00	2.556433E+01
	1.60E+01	3.00E+01	3	5.882938E-01	2.805723E-01	5.882866E-01	1.440405E-01
	1.60E+01	3.00E+01	4	0.000000E+00	8.985146E+01	0.000000E+00	3.065746E+02
	1.60E+01	3.00E+01	5	0.000000E+00	-9.014854E+01	0.000000E+00	-5.310049E+02
	1.60E+01	3.00E+01	6	0.000000E+00	-1.308622E-04	0.000000E+00	-3.299213E-14
	1.60E+01	6.00E+01	1	0.000000E+00	8.985146E+01	0.000000E+00	2.556443E+01
	1.60E+01	6.00E+01	2	0.000000E+00	8.985146E+01	0.000000E+00	4.427874E+01
	1.60E+01	6.00E+01	3	5.882972E-01	2.805685E-01	5.882902E-01	1.440394E-01
	1.60E+01	6.00E+01	4	0.000000E+00	8.985146E+01	0.000000E+00	5.310049E+02
	1.60E+01	6.00E+01	5	0.000000E+00	-9.014854E+01	0.000000E+00	-3.065758E+02
	1.60E+01	6.00E+01	6	0.000000E+00	-1.308102E-04	0.000000E+00	-3.299208E-14
	1.60E+01	9.00E+01	1	0.000000E+00	-9.014854E+01	0.000000E+00	-2.234904E-06
	1.60E+01	9.00E+01	2	0.000000E+00	8.985146E+01	0.000000E+00	5.112843E+01
	1.60E+01	9.00E+01	3	5.883000E-01	2.805687E-01	5.882930E-01	1.440402E-01
	1.60E+01	9.00E+01	4	0.000000E+00	8.985146E+01	0.000000E+00	6.131529E+02
	1.60E+01	9.00E+01	5	0.000000E+00	8.985146E+01	0.000000E+00	2.680165E-05
	1.60E+01	9.00E+01	6	0.000000E+00	9.000000E+01	0.000000E+00	3.330463E-21
	1.60E+01	1.20E+02	1	0.000000E+00	-9.014854E+01	0.000000E+00	-2.556444E+01
	1.60E+01	1.20E+02	2	0.000000E+00	8.985146E+01	0.000000E+00	4.427874E+01
	1.60E+01	1.20E+02	3	5.882972E-01	2.805685E-01	5.882902E-01	1.440394E-01
	1.60E+01	1.20E+02	4	0.000000E+00	8.985146E+01	0.000000E+00	5.310050E+02
	1.60E+01	1.20E+02	5	0.000000E+00	8.985146E+01	0.000000E+00	3.065759E+02
	1.60E+01	1.20E+02	6	0.000000E+00	1.799999E+02	0.000000E+00	3.299211E-14
	1.60E+01	1.50E+02	1	0.000000E+00	-9.014854E+01	0.000000E+00	-4.427837E+01
	1.60E+01	1.50E+02	2	0.000000E+00	8.985146E+01	0.000000E+00	2.556434E+01
	1.60E+01	1.50E+02	3	5.882938E-01	2.805723E-01	5.882866E-01	1.440405E-01
	1.60E+01	1.50E+02	4	0.000000E+00	8.985146E+01	0.000000E+00	3.065747E+02
	1.60E+01	1.50E+02	5	0.000000E+00	8.985146E+01	0.000000E+00	5.310048E+02
	1.60E+01	1.50E+02	6	0.000000E+00	1.799999E+02	0.000000E+00	3.299216E-14
	1.60E+01	1.80E+02	1	0.000000E+00	-9.014854E+01	0.000000E+00	-5.112875E+01
	1.60E+01	1.80E+02	2	0.000000E+00	-9.014854E+01	0.000000E+00	-4.469798E-06
	1.60E+01	1.80E+02	3	5.882862E-01	2.805720E-01	5.882792E-01	1.440385E-01
	1.60E+01	1.80E+02	4	0.000000E+00	-9.014854E+01	0.000000E+00	-5.360341E-05
	1.60E+01	1.80E+02	5	0.000000E+00	8.985146E+01	0.000000E+00	6.131526E+02
	1.60E+01	1.80E+02	6	0.000000E+00	-9.000000E+01	0.000000E+00	-6.660916E-21
	1.65E+01	-1.80E+02	1	0.000000E+00	-9.012627E+01	0.000000E+00	-4.877790E+01
	1.65E+01	-1.80E+02	2	0.000000E+00	8.987373E+01	0.000000E+00	4.264295E-06
	1.65E+01	-1.80E+02	3	6.333280E-01	2.539751E-01	6.333218E-01	1.403673E-01
	1.65E+01	-1.80E+02	4	0.000000E+00	8.987373E+01	0.000000E+00	5.130081E-05
	1.65E+01	-1.80E+02	5	0.000000E+00	8.987373E+01	0.000000E+00	5.868136E+02
	1.65E+01	-1.80E+02	6	0.000000E+00	9.000000E+01	0.000000E+00	4.568653E-21
	1.65E+01	-1.50E+02	1	0.000000E+00	-9.012627E+01	0.000000E+00	-4.224277E+01
	1.65E+01	-1.50E+02	2	0.000000E+00	-9.012627E+01	0.000000E+00	-2.438888E+01
	1.65E+01	-1.50E+02	3	6.333206E-01	2.539805E-01	6.333142E-01	1.403686E-01
	1.65E+01	-1.50E+02	4	0.000000E+00	-9.012627E+01	0.000000E+00	-2.934091E+02
	1.65E+01	-1.50E+02	5	0.000000E+00	8.987373E+01	0.000000E+00	5.081953E+02
	1.65E+01	-1.50E+02	6	0.000000E+00	-9.967606E-05	0.000000E+00	-2.262901E-14
	1.65E+01	-1.20E+02	1	0.000000E+00	-9.012627E+01	0.000000E+00	-2.438893E+01
	1.65E+01	-1.20E+02	2	0.000000E+00	-9.012627E+01	0.000000E+00	-4.224276E+01
	1.65E+01	-1.20E+02	3	6.333340E-01	2.539744E-01	6.333278E-01	1.403682E-01
	1.65E+01	-1.20E+02	4	0.000000E+00	-9.012627E+01	0.000000E+00	-5.081966E+02
	1.65E+01	-1.20E+02	5	0.000000E+00	8.987373E+01	0.000000E+00	2.934089E+02
	1.65E+01	-1.20E+02	6	0.000000E+00	-9.964068E-05	0.000000E+00	-2.262902E-14
	1.65E+01	-9.00E+01	1	0.000000E+00	-9.012627E+01	0.000000E+00	-2.132158E-06
	1.65E+01	-9.00E+01	2	0.000000E+00	-9.012627E+01	0.000000E+00	-4.877788E+01
	1.65E+01	-9.00E+01	3	6.333326E-01	2.539738E-01	6.333264E-01	1.403676E-01
	1.65E+01	-9.00E+01	4	0.000000E+00	-9.012627E+01	0.000000E+00	-5.868151E+02
	1.65E+01	-9.00E+01	5	0.000000E+00	8.987373E+01	0.000000E+00	2.565040E-05
	1.65E+01	-9.00E+01	6	0.000000E+00	-9.000000E+01	0.000000E+00	-2.284329E-21
	1.65E+01	-6.00E+01	1	0.000000E+00	8.987373E+01	0.000000E+00	2.438894E+01
	1.65E+01	-6.00E+01	2	0.000000E+00	-9.012627E+01	0.000000E+00	-4.224274E+01
	1.65E+01	-6.00E+01	3	6.333340E-01	2.539744E-01	6.333278E-01	1.403682E-01
	1.65E+01	-6.00E+01	4	0.000000E+00	-9.012627E+01	0.000000E+00	-5.081969E+02
	1.65E+01	-6.00E+01	5	0.000000E+00	-9.012627E+01	0.000000E+00	-2.934087E+02
	1.65E+01	-6.00E+01	6	0.000000E+00	1.799999E+02	0.000000E+00	2.262900E-14
	1.65E+01	-3.00E+01	1	0.000000E+00	8.987373E+01	0.000000E+00	4.224276E+01
	1.65E+01	-3.00E+01	2	0.000000E+00	-9.012627E+01	0.000000E+00	-2.438888E+01
	1.65E+01	-3.00E+01	3	6.333206E-01	2.539805E-01	6.333142E-01	1.403686E-01
	1.65E+01	-3.00E+01	4	0.000000E+00	-9.012627E+01	0.000000E+00	-2.934093E+02
	1.65E+01	-3.00E+01	5	0.000000E+00	-9.012627E+01	0.000000E+00	-5.081947E+02
	1.65E+01	-3.00E+01	6	0.000000E+00	1.799999E+02	0.000000E+00	2.262902E-14
	1.65E+01	0.00E+00	1	0.000000E+00	8.987373E+01	0.000000E+00	4.877790E+01
	1.65E+01	0.00E+00	2	0.000000E+00	9.000000E+01	0.000000E+00	0.000000E+00
	1.65E+01	0.00E+00	3	6.333280E-01	2.539751E-01	6.333218E-01	1.403673E-01
	1.65E+01	0.00E+00	4	0.000000E+00	9.000000E+01	0.000000E+00	0.000000E+00
	1.65E+01	0.00E+00	5	0.000000E+00	-9.012627E+01	0.000000E+00	-5.868136E+02
	1.65E+01	0.00E+00	6	0.000000E+00	9.000000E+01	0.000000E+00	0.000000E+00
	1.65E+01	3.00E+01	1	0.000000E+00	8.987373E+01	0.000000E+00	4.224276E+01
	1.65E+01	3.00E+01	2	0.000000E+00	8.987373E+01	0.000000E+00	2.438888E+01
	1.65E+01	3.00E+01	3	6.333206E-01	2.539805E-01	6.333142E-01	1.403686E-01
	1.65E+01	3.00E+01	4	0.000000E+00	8.987373E+01	0.000000E+00	2.934093E+02
	1.65E+01	3.00E+01	5	0.000000E+00	-9.012627E+01	0.000000E+00	-5.081947E+02
	1.65E+01	3.00E+01	6	0.000000E+00	-9.967614E-05	0.000000E+00	-2.262902E-14
	1.65E+01	6.00E+01	1	0.000000E+00	8.987373E+01	0.000000E+00	2.438894E+01
	1.65E+01	6.00E+01	2	0.000000E+00	8.987373E+01	0.000000E+00	4.224274E+01
	1.65E+01	6.00E+01	3	6.333340E-01	2.539744E-01	6.333278E-01	1.403682E-01
	1.65E+01	6.00E+01	4	0.000000E+00	8.987373E+01	0.000000E+00	5.081969E+02
	1.65E+01	6.00E+01	5	0.000000E+00	-9.012627E+01	0.000000E+00	-2.934087E+02
	1.65E+01	6.00E+01	6	0.000000E+00	-9.964058E-05	0.000000E+00	-2.262900E-14
	1.65E+01	9.00E+01	1	0.000000E+00	-9.012627E+01	0.000000E+00	-2.132158E-06
	1.65E+01	9.00E+01	2	0.000000E+00	8.987373E+01	0.000000E+00	4.877788E+01
	1.65E+01	9.00E+01	3	6.333326E-01	2.539738E-01	6.333264E-01	1.403676E-01
	1.65E+01	9.00E+01	4	0.000000E+00	8.987373E+01	0.000000E+00	5.868151E+02
	1.65E+01	9.00E+01	5	0.000000E+00	8.987373E+01	0.000000E+00	2.565040E-05
	1.65E+01	9.00E+01	6	0.000000E+00	9.000000E+01	0.000000E+00	2.284329E-21
	1.65E+01	1.20E+02	1	0.000000E+00	-9.012627E+01	0.000000E+00	-2.438893E+01
	1.65E+01	1.20E+02	2	0.000000E+00	8.987373E+01	0.000000E+00	4.224276E+01
	1.65E+01	1.20E+02	3	6.333340E-01	2.539744E-01	6.333278E-01	1.403682E-01
	1.65E+01	1.20E+02	4	0.000000E+00	8.987373E+01	0.000000E+00	5.081966E+02
	1.65E+01	1.20E+02	5	0.000000E+00	8.987373E+01	0.000000E+00	2.934089E+02
	1.65E+01	1.20E+02	6	0.000000E+00	1.799999E+02	0.000000E+00	2.262902E-14
	1.65E+01	1.50E+02	1	0.000000E+00	-9.012627E+01	0.000000E+00	-4.224277E+01
	1.65E+01	1.50E+02	2	0.000000E+00	8.987373E+01	0.000000E+00	2.438888E+01
	1.65E+01	1.50E+02	3	6.333206E-01	2.539805E-01	6.333142E-01	1.403686E-01
	1.65E+01	1.50E+02	4	0.000000E+00	8.987373E+01	0.000000E+00	2.934091E+02
	1.65E+01	1.50E+02	5	0.000000E+00	8.987373E+01	0.000000E+00	5.081953E+02
	1.65E+01	1.50E+02	6	0.000000E+00	1.799999E+02	0.000000E+00	2.262901E-14
	1.65E+01	1.80E+02	1	0.000000E+00	-9.012627E+01	0.000000E+00	-4.877790E+01
	1.65E+01	1.80E+02	2	0.000000E+00	-9.012627E+01	0.000000E+00	-4.264295E-06
	1.65E+01	1.80E+02	3	6.333280E-01	2.539751E-01	6.333218E-01	1.403673E-01
	1.65E+01	1.80E+02	4	0.000000E+00	-9.012627E+01	0.000000E+00	-5.130081E-05
	1.65E+01	1.80E+02	5	0.000000E+00	8.987373E+01	0.000000E+00	5.868136E+02
	1.65E+01	1.80E+02	6	0.000000E+00	-9.000000E+01	0.000000E+00	-4.568653E-21
	1.70E+01	-1.80E+02	1	0.000000E+00	-9.010800E+01	0.000000E+00	-4.662151E+01
	1.70E+01	-1.80E+02	2	0.000000E+00	8.989200E+01	0.000000E+00	4.075795E-06
	1.70E+01	-1.80E+02	3	6.760752E-01	2.305972E-01	6.760698E-01	1.360490E-01
	1.70E+01	-1.80E+02	4	0.000000E+00	8.989201E+01	0.000000E+00	4.917372E-05
	1.70E+01	-1.80E+02	5	0.000000E+00	8.989201E+01	0.000000E+00	5.624846E+02
	1.70E+01	-1.80E+02	6	0.000000E+00	9.000000E+01	0.000000E+00	3.183210E-21
	1.70E+01	-1.50E+02	1	0.000000E+00	-9.010800E+01	0.000000E+00	-4.037539E+01
	1.70E+01	-1.50E+02	2	0.000000E+00	-9.010800E+01	0.000000E+00	-2.331081E+01
	1.70E+01	-1.50E+02	3	6.760642E-01	2.306039E-01	6.760586E-01	1.360507E-01
	1.70E+01	-1.50E+02	4	0.000000E+00	-9.010800E+01	0.000000E+00	-2.812418E+02
	1.70E+01	-1.50E+02	5	0.000000E+00	8.989200E+01	0.000000E+00	4.871207E+02
	1.70E+01	-1.50E+02	6	0.000000E+00	-7.677285E-05	0.000000E+00	-1.576668E-14
	1.70E+01	-1.20E+02	1	0.000000E+00	-9.010800E+01	0.000000E+00	-2.331078E+01
	1.70E+01	-1.20E+02	2	0.000000E+00	-9.010800E+01	0.000000E+00	-4.037540E+01
	1.70E+01	-1.20E+02	3	6.760592E-01	2.306008E-01	6.760538E-01	1.360479E-01
	1.70E+01	-1.20E+02	4	0.000000E+00	-9.010800E+01	0.000000E+00	-4.871212E+02
	1.70E+01	-1.20E+02	5	0.000000E+00	8.989201E+01	0.000000E+00	2.812427E+02
	1.70E+01	-1.20E+02	6	0.000000E+00	-7.674849E-05	0.000000E+00	-1.576670E-14
	1.70E+01	-9.00E+01	1	0.000000E+00	-9.010800E+01	0.000000E+00	-2.037891E-06
	1.70E+01	-9.00E+01	2	0.000000E+00	-9.010800E+01	0.000000E+00	-4.662157E+01
	1.70E+01	-9.00E+01	3	6.760696E-01	2.305976E-01	6.760640E-01	1.360481E-01
	1.70E+01	-9.00E+01	4	0.000000E+00	-9.010800E+01	0.000000E+00	-5.624819E+02
	1.70E+01	-9.00E+01	5	0.000000E+00	8.989200E+01	0.000000E+00	2.458685E-05
	1.70E+01	-9.00E+01	6	0.000000E+00	-9.000000E+01	0.000000E+00	-1.591606E-21
	1.70E+01	-6.00E+01	1	0.000000E+00	8.989200E+01	0.000000E+00	2.331078E+01
	1.70E+01	-6.00E+01	2	0.000000E+00	-9.010800E+01	0.000000E+00	-4.037539E+01
	1.70E+01	-6.00E+01	3	6.760618E-01	2.305998E-01	6.760564E-01	1.360478E-01
	1.70E+01	-6.00E+01	4	0.000000E+00	-9.010800E+01	0.000000E+00	-4.871212E+02
	1.70E+01	-6.00E+01	5	0.000000E+00	-9.010800E+01	0.000000E+00	-2.812430E+02
	1.70E+01	-6.00E+01	6	0.000000E+00	1.799999E+02	0.000000E+00	1.576668E-14
	1.70E+01	-3.00E+01	1	0.000000E+00	8.989200E+01	0.000000E+00	4.037539E+01
	1.70E+01	-3.00E+01	2	0.000000E+00	-9.010800E+01	0.000000E+00	-2.331080E+01
	1.70E+01	-3.00E+01	3	6.760600E-01	2.306054E-01	6.760544E-01	1.360507E-01
	1.70E+01	-3.00E+01	4	0.000000E+00	-9.010800E+01	0.000000E+00	-2.812411E+02
	1.70E+01	-3.00E+01	5	0.000000E+00	-9.010800E+01	0.000000E+00	-4.871208E+02
	1.70E+01	-3.00E+01	6	0.000000E+00	1.799999E+02	0.000000E+00	1.576669E-14
	1.70E+01	0.00E+00	1	0.000000E+00	8.989200E+01	0.000000E+00	4.662151E+01
	1.70E+01	0.00E+00	2	0.000000E+00	9.000000E+01	0.000000E+00	0.000000E+00
	1.70E+01	0.00E+00	3	6.760752E-01	2.305972E-01	6.760698E-01	1.360490E-01
	1.70E+01	0.00E+00	4	0.000000E+00	9.000000E+01	0.000000E+00	0.000000E+00
	1.70E+01	0.00E+00	5	0.000000E+00	-9.010800E+01	0.000000E+00	-5.624846E+02
	1.70E+01	0.00E+00	6	0.000000E+00	9.000000E+01	0.000000E+00	0.000000E+00
	1.70E+01	3.00E+01	1	0.000000E+00	8.989200E+01	0.000000E+00	4.037539E+01
	1.70E+01	3.00E+01	2	0.000000E+00	8.989200E+01	0.000000E+00	2.331080E+01
	1.70E+01	3.00E+01	3	6.760600E-01	2.306054E-01	6.760544E-01	1.360507E-01
	1.70E+01	3.00E+01	4	0.000000E+00	8.989200E+01	0.000000E+00	2.812411E+02
	1.70E+01	3.00E+01	5	0.000000E+00	-9.010800E+01	0.000000E+00	-4.871208E+02
	1.70E+01	3.00E+01	6	0.000000E+00	-7.677286E-05	0.000000E+00	-1.576669E-14
	1.70E+01	6.00E+01	1	0.000000E+00	8.989200E+01	0.000000E+00	2.331078E+01
	1.70E+01	6.00E+01	2	0.000000E+00	8.989200E+01	0.000000E+00	4.037539E+01
	1.70E+01	6.00E+01	3	6.760618E-01	2.305998E-01	6.760564E-01	1.360478E-01
	1.70E+01	6.00E+01	4	0.000000E+00	8.989200E+01	0.000000E+00	4.871212E+02
	1.70E+01	6.00E+01	5	0.000000E+00	-9.010800E+01	0.000000E+00	-2.812430E+02
	1.70E+01	6.00E+01	6	0.000000E+00	-7.674845E-05	0.000000E+00	-1.576668E-14
	1.70E+01	9.00E+01	1	0.000000E+00	-9.010800E+01	0.000000E+00	-2.037891E-06
	1.70E+01	9.00E+01	2	0.000000E+00	8.989200E+01	0.000000E+00	4.662157E+01
	1.70E+01	9.00E+01	3	6.760696E-01	2.305976E-01	6.760640E-01	1.360481E-01
	1.70E+01	9.00E+01	4	0.000000E+00	8.989200E+01	0.000000E+00	5.624819E+02
	1.70E+01	9.00E+01	5	0.000000E+00	8.989200E+01	0.000000E+00	2.458685E-05
	1.70E+01	9.00E+01	6	0.000000E+00	9.000000E+01	0.000000E+00	1.591606E-21
	1.70E+01	1.20E+02	1	0.000000E+00	-9.010800E+01	0.000000E+00	-2.331078E+01
	1.70E+01	1.20E+02	2	0.000000E+00	8.989200E+01	0.000000E+00	4.037540E+01
	1.70E+01	1.20E+02	3	6.760592E-01	2.306008E-01	6.760538E-01	1.360479E-01
	1.70E+01	1.20E+02	4	0.000000E+00	8.989200E+01	0.000000E+00	4.871212E+02
	1.70E+01	1.20E+02	5	0.000000E+00	8.989201E+01	0.000000E+00	2.812427E+02
	1.70E+01	1.20E+02	6	0.000000E+00	1.799999E+02	0.000000E+00	1.576670E-14
	1.70E+01	1.50E+02	1	0.000000E+00	-9.010800E+01	0.000000E+00	-4.037539E+01
	1.70E+01	1.50E+02	2	0.000000E+00	8.989200E+01	0.000000E+00	2.331081E+01
	1.70E+01	1.50E+02	3	6.760642E-01	2.306039E-01	6.760586E-01	1.360507E-01
	1.70E+01	1.50E+02	4	0.000000E+00	8.989200E+01	0.000000E+00	2.812418E+02
	1.70E+01	1.50E+02	5	0.000000E+00	8.989200E+01	0.000000E+00	4.871207E+02
	1.70E+01	1.50E+02	6	0.000000E+00	1.799999E+02	0.000000E+00	1.576668E-14
	1.70E+01	1.80E+02	1	0.000000E+00	-9.010800E+01	0.000000E+00	-4.662151E+01
	1.70E+01	1.80E+02	2	0.000000E+00	-9.010800E+01	0.000000E+00	-4.075795E-06
	1.70E+01	1.80E+02	3	6.760752E-01	2.305972E-01	6.760698E-01	1.360490E-01
	1.70E+01	1.80E+02	4	0.000000E+00	-9.010800E+01	0.000000E+00	-4.917372E-05
	1.70E+01	1.80E+02	5	0.000000E+00	8.989201E+01	0.000000E+00	5.624846E+02
	1.70E+01	1.80E+02	6	0.000000E+00	-9.000000E+01	0.000000E+00	-3.183210E-21
	1.75E+01	-1.80E+02	1	0.000000E+00	-9.009295E+01	0.000000E+00	-4.464135E+01
	1.75E+01	-1.80E+02	2	0.000000E+00	8.990705E+01	0.000000E+00	3.902676E-06
	1.75E+01	-1.80E+02	3	7.166332E-01	2.100624E-01	7.166284E-01	1.313686E-01
	1.75E+01	-1.80E+02	4	0.000000E+00	8.990705E+01	0.000000E+00	4.720768E-05
	1.75E+01	-1.80E+02	5	0.000000E+00	8.990705E+01	0.000000E+00	5.399946E+02
	1.75E+01	-1.80E+02	6	0.000000E+00	9.000000E+01	0.000000E+00	2.252149E-21
	1.75E+01	-1.50E+02	1	0.000000E+00	-9.009295E+01	0.000000E+00	-3.866051E+01
	1.75E+01	-1.50E+02	2	0.000000E+00	-9.009295E+01	0.000000E+00	-2.232072E+01
	1.75E+01	-1.50E+02	3	7.166426E-01	2.100619E-01	7.166378E-01	1.313701E-01
	1.75E+01	-1.50E+02	4	0.000000E+00	-9.009295E+01	0.000000E+00	-2.699973E+02
	1.75E+01	-1.50E+02	5	0.000000E+00	8.990705E+01	0.000000E+00	4.676473E+02
	1.75E+01	-1.50E+02	6	0.000000E+00	-5.978376E-05	0.000000E+00	-1.115513E-14
	1.75E+01	-1.20E+02	1	0.000000E+00	-9.009295E+01	0.000000E+00	-2.232074E+01
	1.75E+01	-1.20E+02	2	0.000000E+00	-9.009295E+01	0.000000E+00	-3.866055E+01
	1.75E+01	-1.20E+02	3	7.166314E-01	2.100655E-01	7.166266E-01	1.313702E-01
	1.75E+01	-1.20E+02	4	0.000000E+00	-9.009295E+01	0.000000E+00	-4.676480E+02
	1.75E+01	-1.20E+02	5	0.000000E+00	8.990705E+01	0.000000E+00	2.699975E+02
	1.75E+01	-1.20E+02	6	0.000000E+00	-5.976623E-05	0.000000E+00	-1.115512E-14
	1.75E+01	-9.00E+01	1	0.000000E+00	-9.009295E+01	0.000000E+00	-1.951343E-06
	1.75E+01	-9.00E+01	2	0.000000E+00	-9.009295E+01	0.000000E+00	-4.464139E+01
	1.75E+01	-9.00E+01	3	7.166360E-01	2.100627E-01	7.166312E-01	1.313693E-01
	1.75E+01	-9.00E+01	4	0.000000E+00	-9.009295E+01	0.000000E+00	-5.399940E+02
	1.75E+01	-9.00E+01	5	0.000000E+00	8.990705E+01	0.000000E+00	2.360388E-05
	1.75E+01	-9.00E+01	6	0.000000E+00	-9.000000E+01	0.000000E+00	-1.126075E-21
	1.75E+01	-6.00E+01	1	0.000000E+00	8.990705E+01	0.000000E+00	2.232074E+01
	1.75E+01	-6.00E+01	2	0.000000E+00	-9.009295E+01	0.000000E+00	-3.866056E+01
	1.75E+01	-6.00E+01	3	7.166314E-01	2.100655E-01	7.166266E-01	1.313702E-01
	1.75E+01	-6.00E+01	4	0.000000E+00	-9.009295E+01	0.000000E+00	-4.676477E+02
	1.75E+01	-6.00E+01	5	0.000000E+00	-9.009295E+01	0.000000E+00	-2.699973E+02
	1.75E+01	-6.00E+01	6	0.000000E+00	1.799999E+02	0.000000E+00	1.115513E-14
	1.75E+01	-3.00E+01	1	0.000000E+00	8.990705E+01	0.000000E+00	3.866049E+01
	1.75E+01	-3.00E+01	2	0.000000E+00	-9.009295E+01	0.000000E+00	-2.232071E+01
	1.75E+01	-3.00E+01	3	7.166426E-01	2.100619E-01	7.166378E-01	1.313701E-01
	1.75E+01	-3.00E+01	4	0.000000E+00	-9.009295E+01	0.000000E+00	-2.699973E+02
	1.75E+01	-3.00E+01	5	0.000000E+00	-9.009295E+01	0.000000E+00	-4.676469E+02
	1.75E+01	-3.00E+01	6	0.000000E+00	1.799999E+02	0.000000E+00	1.115514E-14
	1.75E+01	0.00E+00	1	0.000000E+00	8.990705E+01	0.000000E+00	4.464135E+01
	1.75E+01	0.00E+00	2	0.000000E+00	9.000000E+01	0.000000E+00	0.000000E+00
	1.75E+01	0.00E+00	3	7.166332E-01	2.100624E-01	7.166284E-01	1.313686E-01
	1.75E+01	0.00E+00	4	0.000000E+00	9.000000E+01	0.000000E+00	0.000000E+00
	1.75E+01	0.00E+00	5	0.000000E+00	-9.009295E+01	0.000000E+00	-5.399946E+02
	1.75E+01	0.00E+00	6	0.000000E+00	9.000000E+01	0.000000E+00	0.000000E+00
	1.75E+01	3.00E+01	1	0.000000E+00	8.990705E+01	0.000000E+00	3.866049E+01
	1.75E+01	3.00E+01	2	0.000000E+00	8.990705E+01	0.000000E+00	2.232071E+01
	1.75E+01	3.00E+01	3	7.166426E-01	2.100619E-01	7.166378E-01	1.313701E-01
	1.75E+01	3.00E+01	4	0.000000E+00	8.990705E+01	0.000000E+00	2.699973E+02
	1.75E+01	3.00E+01	5	0.000000E+00	-9.009295E+01	0.000000E+00	-4.676469E+02
	1.75E+01	3.00E+01	6	0.000000E+00	-5.978378E-05	0.000000E+00	-1.115514E-14
	1.75E+01	6.00E+01	1	0.000000E+00	8.990705E+01	0.000000E+00	2.232074E+01
	1.75E+01	6.00E+01	2	0.000000E+00	8.990705E+01	0.000000E+00	3.866056E+01
	1.75E+01	6.00E+01	3	7.166314E-01	2.100655E-01	7.166266E-01	1.313702E-01
	1.75E+01	6.00E+01	4	0.000000E+00	8.990705E+01	0.000000E+00	4.676477E+02
	1.75E+01	6.00E+01	5	0.000000E+00	-9.009295E+01	0.000000E+00	-2.699973E+02
	1.75E+01	6.00E+01	6	0.000000E+00	-5.976634E-05	0.000000E+00	-1.115513E-14
	1.75E+01	9.00E+01	1	0.000000E+00	-9.009295E+01	0.000000E+00	-1.951343E-06
	1.75E+01	9.00E+01	2	0.000000E+00	8.990705E+01	0.000000E+00	4.464139E+01
	1.75E+01	9.00E+01	3	7.166360E-01	2.100627E-01	7.166312E-01	1.313693E-01
	1.75E+01	9.00E+01	4	0.000000E+00	8.990705E+01	0.000000E+00	5.399940E+02
	1.75E+01	9.00E+01	5	0.000000E+00	8.990705E+01	0.000000E+00	2.360388E-05
	1.75E+01	9.00E+01	6	0.000000E+00	9.000000E+01	0.000000E+00	1.126075E-21
	1.75E+01	1.20E+02	1	0.000000E+00	-9.009295E+01	0.000000E+00	-2.232074E+01
	1.75E+01	1.20E+02	2	0.000000E+00	8.990705E+01	0.000000E+00	3.866055E+01
	1.75E+01	1.20E+02	3	7.166314E-01	2.100655E-01	7.166266E-01	1.313702E-01
	1.75E+01	1.20E+02	4	0.000000E+00	8.990705E+01	0.000000E+00	4.676480E+02
	1.75E+01	1.20E+02	5	0.000000E+00	8.990705E+01	0.000000E+00	2.699975E+02
	1.75E+01	1.20E+02	6	0.000000E+00	1.799999E+02	0.000000E+00	1.115512E-14
	1.75E+01	1.50E+02	1	0.000000E+00	-9.009295E+01	0.000000E+00	-3.866051E+01
	1.75E+01	1.50E+02	2	0.000000E+00	8.990705E+01	0.000000E+00	2.232072E+01
	1.75E+01	1.50E+02	3	7.166426E-01	2.100619E-01	7.166378E-01	1.313701E-01
	1.75E+01	1.50E+02	4	0.000000E+00	8.990705E+01	0.000000E+00	2.699973E+02
	1.75E+01	1.50E+02	5	0.000000E+00	8.990705E+01	0.000000E+00	4.676473E+02
	1.75E+01	1.50E+02	6	0.000000E+00	1.799999E+02	0.000000E+00	1.115513E-14
	1.75E+01	1.80E+02	1	0.000000E+00	-9.009295E+01	0.000000E+00	-4.464135E+01
	1.75E+01	1.80E+02	2	0.000000E+00	-9.009295E+01	0.000000E+00	-3.902676E-06
	1.75E+01	1.80E+02	3	7.166332E-01	2.100624E-01	7.166284E-01	1.313686E-01
	1.75E+01	1.80E+02	4	0.000000E+00	-9.009295E+01	0.000000E+00	-4.720768E-05
	1.75E+01	1.80E+02	5	0.000000E+00	8.990705E+01	0.000000E+00	5.399946E+02
	1.75E+01	1.80E+02	6	0.000000E+00	-9.000000E+01	0.000000E+00	-2.252149E-21
	1.80E+01	-1.80E+02	1	0.000000E+00	-9.008050E+01	0.000000E+00	-4.282030E+01
	1.80E+01	-1.80E+02	2	0.000000E+00	8.991950E+01	0.000000E+00	3.743479E-06
	1.80E+01	-1.80E+02	3	7.550644E-01	1.919119E-01	7.550602E-01	1.264540E-01
	1.80E+01	-1.80E+02	4	0.000000E+00	8.991950E+01	0.000000E+00	4.538939E-05
	1.80E+01	-1.80E+02	5	0.000000E+00	8.991950E+01	0.000000E+00	5.191926E+02
	1.80E+01	-1.80E+02	6	0.000000E+00	9.000000E+01	0.000000E+00	1.617641E-21
	1.80E+01	-1.50E+02	1	0.000000E+00	-9.008050E+01	0.000000E+00	-3.708355E+01
	1.80E+01	-1.50E+02	2	0.000000E+00	-9.008050E+01	0.000000E+00	-2.141022E+01
	1.80E+01	-1.50E+02	3	7.550606E-01	1.919154E-01	7.550564E-01	1.264556E-01
	1.80E+01	-1.50E+02	4	0.000000E+00	-9.008050E+01	0.000000E+00	-2.595977E+02
	1.80E+01	-1.50E+02	5	0.000000E+00	8.991950E+01	0.000000E+00	4.496344E+02
	1.80E+01	-1.50E+02	6	0.000000E+00	-4.706391E-05	0.000000E+00	-8.012338E-15
	1.80E+01	-1.20E+02	1	0.000000E+00	-9.008050E+01	0.000000E+00	-2.141018E+01
	1.80E+01	-1.20E+02	2	0.000000E+00	-9.008050E+01	0.000000E+00	-3.708345E+01
	1.80E+01	-1.20E+02	3	7.550640E-01	1.919152E-01	7.550598E-01	1.264561E-01
	1.80E+01	-1.20E+02	4	0.000000E+00	-9.008050E+01	0.000000E+00	-4.496339E+02
	1.80E+01	-1.20E+02	5	0.000000E+00	8.991950E+01	0.000000E+00	2.595965E+02
	1.80E+01	-1.20E+02	6	0.000000E+00	-4.705138E-05	0.000000E+00	-8.012328E-15
	1.80E+01	-9.00E+01	1	0.000000E+00	-9.008050E+01	0.000000E+00	-1.871747E-06
	1.80E+01	-9.00E+01	2	0.000000E+00	-9.008050E+01	0.000000E+00	-4.282043E+01
	1.80E+01	-9.00E+01	3	7.550816E-01	1.919105E-01	7.550774E-01	1.264559E-01
	1.80E+01	-9.00E+01	4	0.000000E+00	-9.008050E+01	0.000000E+00	-5.191956E+02
	1.80E+01	-9.00E+01	5	0.000000E+00	8.991950E+01	0.000000E+00	2.269468E-05
	1.80E+01	-9.00E+01	6	0.000000E+00	-9.000000E+01	0.000000E+00	-8.088217E-22
	1.80E+01	-6.00E+01	1	0.000000E+00	8.991950E+01	0.000000E+00	2.141016E+01
	1.80E+01	-6.00E+01	2	0.000000E+00	-9.008050E+01	0.000000E+00	-3.708347E+01
	1.80E+01	-6.00E+01	3	7.550640E-01	1.919152E-01	7.550598E-01	1.264561E-01
	1.80E+01	-6.00E+01	4	0.000000E+00	-9.008050E+01	0.000000E+00	-4.496339E+02
	1.80E+01	-6.00E+01	5	0.000000E+00	-9.008050E+01	0.000000E+00	-2.595966E+02
	1.80E+01	-6.00E+01	6	0.000000E+00	1.800000E+02	0.000000E+00	8.012323E-15
	1.80E+01	-3.00E+01	1	0.000000E+00	8.991950E+01	0.000000E+00	3.708356E+01
	1.80E+01	-3.00E+01	2	0.000000E+00	-9.008050E+01	0.000000E+00	-2.141019E+01
	1.80E+01	-3.00E+01	3	7.550606E-01	1.919154E-01	7.550564E-01	1.264556E-01
	1.80E+01	-3.00E+01	4	0.000000E+00	-9.008050E+01	0.000000E+00	-2.595976E+02
	1.80E+01	-3.00E+01	5	0.000000E+00	-9.008050E+01	0.000000E+00	-4.496345E+02
	1.80E+01	-3.00E+01	6	0.000000E+00	1.800000E+02	0.000000E+00	8.012337E-15
	1.80E+01	0.00E+00	1	0.000000E+00	8.991950E+01	0.000000E+00	4.282030E+01
	1.80E+01	0.00E+00	2	0.000000E+00	9.000000E+01	0.000000E+00	0.000000E+00
	1.80E+01	0.00E+00	3	7.550644E-01	1.919119E-01	7.550602E-01	1.264540E-01
	1.80E+01	0.00E+00	4	0.000000E+00	9.000000E+01	0.000000E+00	0.000000E+00
	1.80E+01	0.00E+00	5	0.000000E+00	-9.008050E+01	0.000000E+00	-5.191926E+02
	1.80E+01	0.00E+00	6	0.000000E+00	9.000000E+01	0.000000E+00	0.000000E+00
	1.80E+01	3.00E+01	1	0.000000E+00	8.991950E+01	0.000000E+00	3.708356E+01
	1.80E+01	3.00E+01	2	0.000000E+00	8.991950E+01	0.000000E+00	2.141019E+01
	1.80E+01	3.00E+01	3	7.550606E-01	1.919154E-01	7.550564E-01	1.264556E-01
	1.80E+01	3.00E+01	4	0.000000E+00	8.991950E+01	0.000000E+00	2.595976E+02
	1.80E+01	3.00E+01	5	0.000000E+00	-9.008050E+01	0.000000E+00	-4.496345E+02
	1.80E+01	3.00E+01	6	0.000000E+00	-4.706391E-05	0.000000E+00	-8.012337E-15
	1.80E+01	6.00E+01	1	0.000000E+00	8.991950E+01	0.000000E+00	2.141016E+01
	1.80E+01	6.00E+01	2	0.000000E+00	8.991950E+01	0.000000E+00	3.708347E+01
	1.80E+01	6.00E+01	3	7.550640E-01	1.919152E-01	7.550598E-01	1.264561E-01
	1.80E+01	6.00E+01	4	0.000000E+00	8.991950E+01	0.000000E+00	4.496339E+02
	1.80E+01	6.00E+01	5	0.000000E+00	-9.008050E+01	0.000000E+00	-2.595966E+02
	1.80E+01	6.00E+01	6	0.000000E+00	-4.705140E-05	0.000000E+00	-8.012323E-15
	1.80E+01	9.00E+01	1	0.000000E+00	-9.008050E+01	0.000000E+00	-1.871747E-06
	1.80E+01	9.00E+01	2	0.000000E+00	8.991950E+01	0.000000E+00	4.282043E+01
	1.80E+01	9.00E+01	3	7.550816E-01	1.919105E-01	7.550774E-01	1.264559E-01
	1.80E+01	9.00E+01	4	0.000000E+00	8.991950E+01	0.000000E+00	5.191956E+02
	1.80E+01	9.00E+01	5	0.000000E+00	8.991950E+01	0.000000E+00	2.269468E-05
	1.80E+01	9.00E+01	6	0.000000E+00	9.000000E+01	0.000000E+00	8.088217E-22
	1.80E+01	1.20E+02	1	0.000000E+00	-9.008050E+01	0.000000E+00	-2.141018E+01
	1.80E+01	1.20E+02	2	0.000000E+00	8.991950E+01	0.000000E+00	3.708345E+01
	1.80E+01	1.20E+02	3	7.550640E-01	1.919152E-01	7.550598E-01	1.264561E-01
	1.80E+01	1.20E+02	4	0.000000E+00	8.991950E+01	0.000000E+00	4.496339E+02
	1.80E+01	1.20E+02	5	0.000000E+00	8.991950E+01	0.000000E+00	2.595965E+02
	1.80E+01	1.20E+02	6	0.000000E+00	1.800000E+02	0.000000E+00	8.012328E-15
	1.80E+01	1.50E+02	1	0.000000E+00	-9.008050E+01	0.000000E+00	-3.708355E+01
	1.80E+01	1.50E+02	2	0.000000E+00	8.991950E+01	0.000000E+00	2.141022E+01
	1.80E+01	1.50E+02	3	7.550606E-01	1.919154E-01	7.550564E-01	1.264556E-01
	1.80E+01	1.50E+02	4	0.000000E+00	8.991950E+01	0.000000E+00	2.595977E+02
	1.80E+01	1.50E+02	5	0.000000E+00	8.991950E+01	0.000000E+00	4.496344E+02
	1.80E+01	1.50E+02	6	0.000000E+00	1.800000E+02	0.000000E+00	8.012338E-15
	1.80E+01	1.80E+02	1	0.000000E+00	-9.008050E+01	0.000000E+00	-4.282030E+01
	1.80E+01	1.80E+02	2	0.000000E+00	-9.008050E+01	0.000000E+00	-3.743479E-06
	1.80E+01	1.80E+02	3	7.550644E-01	1.919119E-01	7.550602E-01	1.264540E-01
	1.80E+01	1.80E+02	4	0.000000E+00	-9.008050E+01	0.000000E+00	-4.538939E-05
	1.80E+01	1.80E+02	5	0.000000E+00	8.991950E+01	0.000000E+00	5.191926E+02
	1.80E+01	1.80E+02	6	0.000000E+00	-9.000000E+01	0.000000E+00	-1.617641E-21
	1.85E+01	-1.80E+02	1	0.000000E+00	-9.007014E+01	0.000000E+00	-4.114255E+01
	1.85E+01	-1.80E+02	2	0.000000E+00	8.992986E+01	0.000000E+00	3.596808E-06
	1.85E+01	-1.80E+02	3	7.914416E-01	1.758678E-01	7.914378E-01	1.214652E-01
	1.85E+01	-1.80E+02	4	0.000000E+00	8.992986E+01	0.000000E+00	4.370563E-05
	1.85E+01	-1.80E+02	5	0.000000E+00	8.992986E+01	0.000000E+00	4.999301E+02
	1.85E+01	-1.80E+02	6	0.000000E+00	9.000000E+01	0.000000E+00	1.178693E-21
	1.85E+01	-1.50E+02	1	0.000000E+00	-9.007014E+01	0.000000E+00	-3.563043E+01
	1.85E+01	-1.50E+02	2	0.000000E+00	-9.007014E+01	0.000000E+00	-2.057127E+01
	1.85E+01	-1.50E+02	3	7.914408E-01	1.758699E-01	7.914372E-01	1.214665E-01
	1.85E+01	-1.50E+02	4	0.000000E+00	-9.007014E+01	0.000000E+00	-2.499665E+02
	1.85E+01	-1.50E+02	5	0.000000E+00	8.992986E+01	0.000000E+00	4.329515E+02
	1.85E+01	-1.50E+02	6	0.000000E+00	-3.743668E-05	0.000000E+00	-5.838168E-15
	1.85E+01	-1.20E+02	1	0.000000E+00	-9.007014E+01	0.000000E+00	-2.057116E+01
	1.85E+01	-1.20E+02	2	0.000000E+00	-9.007014E+01	0.000000E+00	-3.563054E+01
	1.85E+01	-1.20E+02	3	7.914224E-01	1.758709E-01	7.914186E-01	1.214644E-01
	1.85E+01	-1.20E+02	4	0.000000E+00	-9.007014E+01	0.000000E+00	-4.329531E+02
	1.85E+01	-1.20E+02	5	0.000000E+00	8.992986E+01	0.000000E+00	2.499655E+02
	1.85E+01	-1.20E+02	6	0.000000E+00	-3.742744E-05	0.000000E+00	-5.838167E-15
	1.85E+01	-9.00E+01	1	0.000000E+00	-9.007014E+01	0.000000E+00	-1.798406E-06
	1.85E+01	-9.00E+01	2	0.000000E+00	-9.007014E+01	0.000000E+00	-4.114259E+01
	1.85E+01	-9.00E+01	3	7.914374E-01	1.758694E-01	7.914336E-01	1.214657E-01
	1.85E+01	-9.00E+01	4	0.000000E+00	-9.007014E+01	0.000000E+00	-4.999326E+02
	1.85E+01	-9.00E+01	5	0.000000E+00	8.992986E+01	0.000000E+00	2.185268E-05
	1.85E+01	-9.00E+01	6	0.000000E+00	-9.000000E+01	0.000000E+00	-5.893462E-22
	1.85E+01	-6.00E+01	1	0.000000E+00	8.992986E+01	0.000000E+00	2.057115E+01
	1.85E+01	-6.00E+01	2	0.000000E+00	-9.007014E+01	0.000000E+00	-3.563054E+01
	1.85E+01	-6.00E+01	3	7.914224E-01	1.758709E-01	7.914186E-01	1.214644E-01
	1.85E+01	-6.00E+01	4	0.000000E+00	-9.007014E+01	0.000000E+00	-4.329534E+02
	1.85E+01	-6.00E+01	5	0.000000E+00	-9.007014E+01	0.000000E+00	-2.499657E+02
	1.85E+01	-6.00E+01	6	0.000000E+00	1.800000E+02	0.000000E+00	5.838171E-15
	1.85E+01	-3.00E+01	1	0.000000E+00	8.992986E+01	0.000000E+00	3.563042E+01
	1.85E+01	-3.00E+01	2	0.000000E+00	-9.007014E+01	0.000000E+00	-2.057126E+01
	1.85E+01	-3.00E+01	3	7.914386E-01	1.758703E-01	7.914348E-01	1.214664E-01
	1.85E+01	-3.00E+01	4	0.000000E+00	-9.007014E+01	0.000000E+00	-2.499664E+02
	1.85E+01	-3.00E+01	5	0.000000E+00	-9.007014E+01	0.000000E+00	-4.329516E+02
	1.85E+01	-3.00E+01	6	0.000000E+00	1.800000E+02	0.000000E+00	5.838173E-15
	1.85E+01	0.00E+00	1	0.000000E+00	8.992986E+01	0.000000E+00	4.114255E+01
	1.85E+01	0.00E+00	2	0.000000E+00	9.000000E+01	0.000000E+00	0.000000E+00
	1.85E+01	0.00E+00	3	7.914416E-01	1.758678E-01	7.914378E-01	1.214652E-01
	1.85E+01	0.00E+00	4	0.000000E+00	9.000000E+01	0.000000E+00	0.000000E+00
	1.85E+01	0.00E+00	5	0.000000E+00	-9.007014E+01	0.000000E+00	-4.999301E+02
	1.85E+01	0.00E+00	6	0.000000E+00	9.000000E+01	0.000000E+00	0.000000E+00
	1.85E+01	3.00E+01	1	0.000000E+00	8.992986E+01	0.000000E+00	3.563042E+01
	1.85E+01	3.00E+01	2	0.000000E+00	8.992986E+01	0.000000E+00	2.057126E+01
	1.85E+01	3.00E+01	3	7.914386E-01	1.758703E-01	7.914348E-01	1.214664E-01
	1.85E+01	3.00E+01	4	0.000000E+00	8.992986E+01	0.000000E+00	2.499664E+02
	1.85E+01	3.00E+01	5	0.000000E+00	-9.007014E+01	0.000000E+00	-4.329516E+02
	1.85E+01	3.00E+01	6	0.000000E+00	-3.743670E-05	0.000000E+00	-5.838173E-15
	1.85E+01	6.00E+01	1	0.000000E+00	8.992986E+01	0.000000E+00	2.057115E+01
	1.85E+01	6.00E+01	2	0.000000E+00	8.992986E+01	0.000000E+00	3.563054E+01
	1.85E+01	6.00E+01	3	7.914224E-01	1.758709E-01	7.914186E-01	1.214644E-01
	1.85E+01	6.00E+01	4	0.000000E+00	8.992986E+01	0.000000E+00	4.329534E+02
	1.85E+01	6.00E+01	5	0.000000E+00	-9.007014E+01	0.000000E+00	-2.499657E+02
	1.85E+01	6.00E+01	6	0.000000E+00	-3.742748E-05	0.000000E+00	-5.838171E-15
	1.85E+01	9.00E+01	1	0.000000E+00	-9.007014E+01	0.000000E+00	-1.798406E-06
	1.85E+01	9.00E+01	2	0.000000E+00	8.992986E+01	0.000000E+00	4.114259E+01
	1.85E+01	9.00E+01	3	7.914374E-01	1.758694E-01	7.914336E-01	1.214657E-01
	1.85E+01	9.00E+01	4	0.000000E+00	8.992986E+01	0.000000E+00	4.999326E+02
	1.85E+01	9.00E+01	5	0.000000E+00	8.992986E+01	0.000000E+00	2.185268E-05
	1.85E+01	9.00E+01	6	0.000000E+00	9.000000E+01	0.000000E+00	5.893462E-22
	1.85E+01	1.20E+02	1	0.000000E+00	-9.007014E+01	0.000000E+00	-2.057116E+01
	1.85E+01	1.20E+02	2	0.000000E+00	8.992986E+01	0.000000E+00	3.563054E+01
	1.85E+01	1.20E+02	3	7.914224E-01	1.758709E-01	7.914186E-01	1.214644E-01
	1.85E+01	1.20E+02	4	0.000000E+00	8.992986E+01	0.000000E+00	4.329531E+02
	1.85E+01	1.20E+02	5	0.000000E+00	8.992986E+01	0.000000E+00	2.499655E+02
	1.85E+01	1.20E+02	6	0.000000E+00	1.800000E+02	0.000000E+00	5.838167E-15
	1.85E+01	1.50E+02	1	0.000000E+00	-9.007014E+01	0.000000E+00	-3.563043E+01
	1.85E+01	1.50E+02	2	0.000000E+00	8.992986E+01	0.000000E+00	2.057127E+01
	1.85E+01	1.50E+02	3	7.914408E-01	1.758699E-01	7.914372E-01	1.214665E-01
	1.85E+01	1.50E+02	4	0.000000E+00	8.992986E+01	0.000000E+00	2.499665E+02
	1.85E+01	1.50E+02	5	0.000000E+00	8.992986E+01	0.000000E+00	4.329515E+02
	1.85E+01	1.50E+02	6	0.000000E+00	1.800000E+02	0.000000E+00	5.838168E-15
	1.85E+01	1.80E+02	1	0.000000E+00	-9.007014E+01	0.000000E+00	-4.114255E+01
	1.85E+01	1.80E+02	2	0.000000E+00	-9.007014E+01	0.000000E+00	-3.596808E-06
	1.85E+01	1.80E+02	3	7.914416E-01	1.758678E-01	7.914378E-01	1.214652E-01
	1.85E+01	1.80E+02	4	0.000000E+00	-9.007014E+01	0.000000E+00	-4.370563E-05
	1.85E+01	1.80E+02	5	0.000000E+00	8.992986E+01	0.000000E+00	4.999301E+02
	1.85E+01	1.80E+02	6	0.000000E+00	-9.000000E+01	0.000000E+00	-1.178693E-21
	1.90E+01	-1.80E+02	1	0.000000E+00	-9.006149E+01	0.000000E+00	-3.959396E+01
	1.90E+01	-1.80E+02	2	0.000000E+00	8.993851E+01	0.000000E+00	3.461409E-06
	1.90E+01	-1.80E+02	3	8.258150E-01	1.616422E-01	8.258118E-01	1.164889E-01
	1.90E+01	-1.80E+02	4	0.000000E+00	8.993851E+01	0.000000E+00	4.214397E-05
	1.90E+01	-1.80E+02	5	0.000000E+00	8.993851E+01	0.000000E+00	4.820650E+02
	1.90E+01	-1.80E+02	6	0.000000E+00	9.000000E+01	0.000000E+00	8.706359E-22
	1.90E+01	-1.50E+02	1	0.000000E+00	-9.006149E+01	0.000000E+00	-3.428942E+01
	1.90E+01	-1.50E+02	2	0.000000E+00	-9.006149E+01	0.000000E+00	-1.979696E+01
	1.90E+01	-1.50E+02	3	8.258022E-01	1.616427E-01	8.257988E-01	1.164874E-01
	1.90E+01	-1.50E+02	4	0.000000E+00	-9.006149E+01	0.000000E+00	-2.410331E+02
	1.90E+01	-1.50E+02	5	0.000000E+00	8.993851E+01	0.000000E+00	4.174843E+02
	1.90E+01	-1.50E+02	6	0.000000E+00	-3.007387E-05	0.000000E+00	-4.312328E-15
	1.90E+01	-1.20E+02	1	0.000000E+00	-9.006149E+01	0.000000E+00	-1.979698E+01
	1.90E+01	-1.20E+02	2	0.000000E+00	-9.006149E+01	0.000000E+00	-3.428940E+01
	1.90E+01	-1.20E+02	3	8.258072E-01	1.616432E-01	8.258038E-01	1.164884E-01
	1.90E+01	-1.20E+02	4	0.000000E+00	-9.006149E+01	0.000000E+00	-4.174827E+02
	1.90E+01	-1.20E+02	5	0.000000E+00	8.993851E+01	0.000000E+00	2.410325E+02
	1.90E+01	-1.20E+02	6	0.000000E+00	-3.006708E-05	0.000000E+00	-4.312328E-15
	1.90E+01	-9.00E+01	1	0.000000E+00	-9.006149E+01	0.000000E+00	-1.730710E-06
	1.90E+01	-9.00E+01	2	0.000000E+00	-9.006149E+01	0.000000E+00	-3.959393E+01
	1.90E+01	-9.00E+01	3	8.258022E-01	1.616430E-01	8.257990E-01	1.164876E-01
	1.90E+01	-9.00E+01	4	0.000000E+00	-9.006149E+01	0.000000E+00	-4.820682E+02
	1.90E+01	-9.00E+01	5	0.000000E+00	8.993851E+01	0.000000E+00	2.107195E-05
	1.90E+01	-9.00E+01	6	0.000000E+00	-9.000000E+01	0.000000E+00	-4.353173E-22
	1.90E+01	-6.00E+01	1	0.000000E+00	8.993851E+01	0.000000E+00	1.979698E+01
	1.90E+01	-6.00E+01	2	0.000000E+00	-9.006149E+01	0.000000E+00	-3.428941E+01
	1.90E+01	-6.00E+01	3	8.258072E-01	1.616432E-01	8.258038E-01	1.164884E-01
	1.90E+01	-6.00E+01	4	0.000000E+00	-9.006149E+01	0.000000E+00	-4.174830E+02
	1.90E+01	-6.00E+01	5	0.000000E+00	-9.006149E+01	0.000000E+00	-2.410324E+02
	1.90E+01	-6.00E+01	6	0.000000E+00	1.800000E+02	0.000000E+00	4.312324E-15
	1.90E+01	-3.00E+01	1	0.000000E+00	8.993851E+01	0.000000E+00	3.428942E+01
	1.90E+01	-3.00E+01	2	0.000000E+00	-9.006149E+01	0.000000E+00	-1.979695E+01
	1.90E+01	-3.00E+01	3	8.258014E-01	1.616436E-01	8.257982E-01	1.164880E-01
	1.90E+01	-3.00E+01	4	0.000000E+00	-9.006149E+01	0.000000E+00	-2.410329E+02
	1.90E+01	-3.00E+01	5	0.000000E+00	-9.006149E+01	0.000000E+00	-4.174840E+02
	1.90E+01	-3.00E+01	6	0.000000E+00	1.800000E+02	0.000000E+00	4.312319E-15
	1.90E+01	0.00E+00	1	0.000000E+00	8.993851E+01	0.000000E+00	3.959396E+01
	1.90E+01	0.00E+00	2	0.000000E+00	9.000000E+01	0.000000E+00	0.000000E+00
	1.90E+01	0.00E+00	3	8.258150E-01	1.616422E-01	8.258118E-01	1.164889E-01
	1.90E+01	0.00E+00	4	0.000000E+00	9.000000E+01	0.000000E+00	0.000000E+00
	1.90E+01	0.00E+00	5	0.000000E+00	-9.006149E+01	0.000000E+00	-4.820650E+02
	1.90E+01	0.00E+00	6	0.000000E+00	9.000000E+01	0.000000E+00	0.000000E+00
	1.90E+01	3.00E+01	1	0.000000E+00	8.993851E+01	0.000000E+00	3.428942E+01
	1.90E+01	3.00E+01	2	0.000000E+00	8.993851E+01	0.000000E+00	1.979695E+01
	1.90E+01	3.00E+01	3	8.258014E-01	1.616436E-01	8.257982E-01	1.164880E-01
	1.90E+01	3.00E+01	4	0.000000E+00	8.993851E+01	0.000000E+00	2.410329E+02
	1.90E+01	3.00E+01	5	0.000000E+00	-9.006149E+01	0.000000E+00	-4.174840E+02
	1.90E+01	3.00E+01	6	0.000000E+00	-3.007379E-05	0.000000E+00	-4.312319E-15
	1.90E+01	6.00E+01	1	0.000000E+00	8.993851E+01	0.000000E+00	1.979698E+01
	1.90E+01	6.00E+01	2	0.000000E+00	8.993851E+01	0.000000E+00	3.428941E+01
	1.90E+01	6.00E+01	3	8.258072E-01	1.616432E-01	8.258038E-01	1.164884E-01
	1.90E+01	6.00E+01	4	0.000000E+00	8.993851E+01	0.000000E+00	4.174830E+02
	1.90E+01	6.00E+01	5	0.000000E+00	-9.006149E+01	0.000000E+00	-2.410324E+02
	1.90E+01	6.00E+01	6	0.000000E+00	-3.006709E-05	0.000000E+00	-4.312324E-15
	1.90E+01	9.00E+01	1	0.000000E+00	-9.006149E+01	0.000000E+00	-1.730710E-06
	1.90E+01	9.00E+01	2	0.000000E+00	8.993851E+01	0.000000E+00	3.959393E+01
	1.90E+01	9.00E+01	3	8.258022E-01	1.616430E-01	8.257990E-01	1.164876E-01
	1.90E+01	9.00E+01	4	0.000000E+00	8.993851E+01	0.000000E+00	4.820682E+02
	1.90E+01	9.00E+01	5	0.000000E+00	8.993851E+01	0.000000E+00	2.107195E-05
	1.90E+01	9.00E+01	6	0.000000E+00	9.000000E+01	0.000000E+00	4.353173E-22
	1.90E+01	1.20E+02	1	0.000000E+00	-9.006149E+01	0.000000E+00	-1.979698E+01
	1.90E+01	1.20E+02	2	0.000000E+00	8.993851E+01	0.000000E+00	3.428940E+01
	1.90E+01	1.20E+02	3	8.258072E-01	1.616432E-01	8.258038E-01	1.164884E-01
	1.90E+01	1.20E+02	4	0.000000E+00	8.993851E+01	0.000000E+00	4.174827E+02
	1.90E+01	1.20E+02	5	0.000000E+00	8.993851E+01	0.000000E+00	2.410325E+02
	1.90E+01	1.20E+02	6	0.000000E+00	1.800000E+02	0.000000E+00	4.312328E-15
	1.90E+01	1.50E+02	1	0.000000E+00	-9.006149E+01	0.000000E+00	-3.428942E+01
	1.90E+01	1.50E+02	2	0.000000E+00	8.993851E+01	0.000000E+00	1.979696E+01
	1.90E+01	1.50E+02	3	8.258022E-01	1.616427E-01	8.257988E-01	1.164874E-01
	1.90E+01	1.50E+02	4	0.000000E+00	8.993851E+01	0.000000E+00	2.410331E+02
	1.90E+01	1.50E+02	5	0.000000E+00	8.993851E+01	0.000000E+00	4.174843E+02
	1.90E+01	1.50E+02	6	0.000000E+00	1.800000E+02	0.000000E+00	4.312328E-15
	1.90E+01	1.80E+02	1	0.000000E+00	-9.006149E+01	0.000000E+00	-3.959396E+01
	1.90E+01	1.80E+02	2	0.000000E+00	-9.006149E+01	0.000000E+00	-3.461409E-06
	1.90E+01	1.80E+02	3	8.258150E-01	1.616422E-01	8.258118E-01	1.164889E-01
	1.90E+01	1.80E+02	4	0.000000E+00	-9.006149E+01	0.000000E+00	-4.214397E-05
	1.90E+01	1.80E+02	5	0.000000E+00	8.993851E+01	0.000000E+00	4.820650E+02
	1.90E+01	1.80E+02	6	0.000000E+00	-9.000000E+01	0.000000E+00	-8.706359E-22
	1.95E+01	-1.80E+02	1	0.000000E+00	-9.005422E+01	0.000000E+00	-3.816121E+01
	1.95E+01	-1.80E+02	2	0.000000E+00	8.994578E+01	0.000000E+00	3.336171E-06
	1.95E+01	-1.80E+02	3	8.582898E-01	1.489702E-01	8.582868E-01	1.115784E-01
	1.95E+01	-1.80E+02	4	0.000000E+00	8.994578E+01	0.000000E+00	4.069310E-05
	1.95E+01	-1.80E+02	5	0.000000E+00	8.994578E+01	0.000000E+00	4.654689E+02
	1.95E+01	-1.80E+02	6	0.000000E+00	9.000000E+01	0.000000E+00	6.518470E-22
	1.95E+01	-1.50E+02	1	0.000000E+00	-9.005422E+01	0.000000E+00	-3.304869E+01
	1.95E+01	-1.50E+02	2	0.000000E+00	-9.005422E+01	0.000000E+00	-1.908069E+01
	1.95E+01	-1.50E+02	3	8.582854E-01	1.489705E-01	8.582826E-01	1.115781E-01
	1.95E+01	-1.50E+02	4	0.000000E+00	-9.005422E+01	0.000000E+00	-2.327366E+02
	1.95E+01	-1.50E+02	5	0.000000E+00	8.994578E+01	0.000000E+00	4.031105E+02
	1.95E+01	-1.50E+02	6	0.000000E+00	-2.440134E-05	0.000000E+00	-3.228646E-15
	1.95E+01	-1.20E+02	1	0.000000E+00	-9.005422E+01	0.000000E+00	-1.908067E+01
	1.95E+01	-1.20E+02	2	0.000000E+00	-9.005422E+01	0.000000E+00	-3.304871E+01
	1.95E+01	-1.20E+02	3	8.582844E-01	1.489708E-01	8.582814E-01	1.115781E-01
	1.95E+01	-1.20E+02	4	0.000000E+00	-9.005422E+01	0.000000E+00	-4.031112E+02
	1.95E+01	-1.20E+02	5	0.000000E+00	8.994578E+01	0.000000E+00	2.327347E+02
	1.95E+01	-1.20E+02	6	0.000000E+00	-2.439641E-05	0.000000E+00	-3.228654E-15
	1.95E+01	-9.00E+01	1	0.000000E+00	-9.005422E+01	0.000000E+00	-1.668094E-06
	1.95E+01	-9.00E+01	2	0.000000E+00	-9.005422E+01	0.000000E+00	-3.816129E+01
	1.95E+01	-9.00E+01	3	8.582734E-01	1.489726E-01	8.582706E-01	1.115781E-01
	1.95E+01	-9.00E+01	4	0.000000E+00	-9.005422E+01	0.000000E+00	-4.654717E+02
	1.95E+01	-9.00E+01	5	0.000000E+00	8.994578E+01	0.000000E+00	2.034653E-05
	1.95E+01	-9.00E+01	6	0.000000E+00	-9.000000E+01	0.000000E+00	-3.259235E-22
	1.95E+01	-6.00E+01	1	0.000000E+00	8.994578E+01	0.000000E+00	1.908067E+01
	1.95E+01	-6.00E+01	2	0.000000E+00	-9.005422E+01	0.000000E+00	-3.304871E+01
	1.95E+01	-6.00E+01	3	8.582844E-01	1.489708E-01	8.582814E-01	1.115781E-01
	1.95E+01	-6.00E+01	4	0.000000E+00	-9.005422E+01	0.000000E+00	-4.031111E+02
	1.95E+01	-6.00E+01	5	0.000000E+00	-9.005422E+01	0.000000E+00	-2.327348E+02
	1.95E+01	-6.00E+01	6	0.000000E+00	1.800000E+02	0.000000E+00	3.228656E-15
	1.95E+01	-3.00E+01	1	0.000000E+00	8.994578E+01	0.000000E+00	3.304873E+01
	1.95E+01	-3.00E+01	2	0.000000E+00	-9.005422E+01	0.000000E+00	-1.908068E+01
	1.95E+01	-3.00E+01	3	8.582852E-01	1.489705E-01	8.582824E-01	1.115781E-01
	1.95E+01	-3.00E+01	4	0.000000E+00	-9.005422E+01	0.000000E+00	-2.327366E+02
	1.95E+01	-3.00E+01	5	0.000000E+00	-9.005422E+01	0.000000E+00	-4.031106E+02
	1.95E+01	-3.00E+01	6	0.000000E+00	1.800000E+02	0.000000E+00	3.228650E-15
	1.95E+01	0.00E+00	1	0.000000E+00	8.994578E+01	0.000000E+00	3.816121E+01
	1.95E+01	0.00E+00	2	0.000000E+00	9.000000E+01	0.000000E+00	0.000000E+00
	1.95E+01	0.00E+00	3	8.582898E-01	1.489702E-01	8.582868E-01	1.115784E-01
	1.95E+01	0.00E+00	4	0.000000E+00	9.000000E+01	0.000000E+00	0.000000E+00
	1.95E+01	0.00E+00	5	0.000000E+00	-9.005422E+01	0.000000E+00	-4.654689E+02
	1.95E+01	0.00E+00	6	0.000000E+00	9.000000E+01	0.000000E+00	0.000000E+00
	1.95E+01	3.00E+01	1	0.000000E+00	8.994578E+01	0.000000E+00	3.304873E+01
	1.95E+01	3.00E+01	2	0.000000E+00	8.994578E+01	0.000000E+00	1.908068E+01
	1.95E+01	3.00E+01	3	8.582852E-01	1.489705E-01	8.582824E-01	1.115781E-01
	1.95E+01	3.00E+01	4	0.000000E+00	8.994578E+01	0.000000E+00	2.327366E+02
	1.95E+01	3.00E+01	5	0.000000E+00	-9.005422E+01	0.000000E+00	-4.031106E+02
	1.95E+01	3.00E+01	6	0.000000E+00	-2.440139E-05	0.000000E+00	-3.228650E-15
	1.95E+01	6.00E+01	1	0.000000E+00	8.994578E+01	0.000000E+00	1.908067E+01
	1.95E+01	6.00E+01	2	0.000000E+00	8.994578E+01	0.000000E+00	3.304871E+01
	1.95E+01	6.00E+01	3	8.582844E-01	1.489708E-01	8.582814E-01	1.115781E-01
	1.95E+01	6.00E+01	4	0.000000E+00	8.994578E+01	0.000000E+00	4.031111E+02
	1.95E+01	6.00E+01	5	0.000000E+00	-9.005422E+01	0.000000E+00	-2.327348E+02
	1.95E+01	6.00E+01	6	0.000000E+00	-2.439648E-05	0.000000E+00	-3.228656E-15
	1.95E+01	9.00E+01	1	0.000000E+00	-9.005422E+01	0.000000E+00	-1.668094E-06
	1.95E+01	9.00E+01	2	0.000000E+00	8.994578E+01	0.000000E+00	3.816129E+01
	1.95E+01	9.00E+01	3	8.582734E-01	1.489726E-01	8.582706E-01	1.115781E-01
	1.95E+01	9.00E+01	4	0.000000E+00	8.994578E+01	0.000000E+00	4.654717E+02
	1.95E+01	9.00E+01	5	0.000000E+00	8.994578E+01	0.000000E+00	2.034653E-05
	1.95E+01	9.00E+01	6	0.000000E+00	9.000000E+01	0.000000E+00	3.259235E-22
	1.95E+01	1.20E+02	1	0.000000E+00	-9.005422E+01	0.000000E+00	-1.908067E+01
	1.95E+01	1.20E+02	2	0.000000E+00	8.994578E+01	0.000000E+00	3.304871E+01
	1.95E+01	1.20E+02	3	8.582844E-01	1.489708E-01	8.582814E-01	1.115781E-01
	1.95E+01	1.20E+02	4	0.000000E+00	8.994578E+01	0.000000E+00	4.031112E+02
	1.95E+01	1.20E+02	5	0.000000E+00	8.994578E+01	0.000000E+00	2.327347E+02
	1.95E+01	1.20E+02	6	0.000000E+00	1.800000E+02	0.000000E+00	3.228654E-15
	1.95E+01	1.50E+02	1	0.000000E+00	-9.005422E+01	0.000000E+00	-3.304869E+01
	1.95E+01	1.50E+02	2	0.000000E+00	8.994578E+01	0.000000E+00	1.908069E+01
	1.95E+01	1.50E+02	3	8.582854E-01	1.489705E-01	8.582826E-01	1.115781E-01
	1.95E+01	1.50E+02	4	0.000000E+00	8.994578E+01	0.000000E+00	2.327366E+02
	1.95E+01	1.50E+02	5	0.000000E+00	8.994578E+01	0.000000E+00	4.031105E+02
	1.95E+01	1.50E+02	6	0.000000E+00	1.800000E+02	0.000000E+00	3.228646E-15
	1.95E+01	1.80E+02	1	0.000000E+00	-9.005422E+01	0.000000E+00	-3.816121E+01
	1.95E+01	1.80E+02	2	0.000000E+00	-9.005422E+01	0.000000E+00	-3.336171E-06
	1.95E+01	1.80E+02	3	8.582898E-01	1.489702E-01	8.582868E-01	1.115784E-01
	1.95E+01	1.80E+02	4	0.000000E+00	-9.005422E+01	0.000000E+00	-4.069310E-05
	1.95E+01	1.80E+02	5	0.000000E+00	8.994578E+01	0.000000E+00	4.654689E+02
	1.95E+01	1.80E+02	6	0.000000E+00	-9.000000E+01	0.000000E+00	-6.518470E-22
	2.00E+01	-1.80E+02	1	0.000000E+00	-9.004808E+01	0.000000E+00	-3.683326E+01
	2.00E+01	-1.80E+02	2	0.000000E+00	8.995192E+01	0.000000E+00	3.220068E-06
	2.00E+01	-1.80E+02	3	8.889586E-01	1.377033E-01	8.889560E-01	1.068250E-01
	2.00E+01	-1.80E+02	4	0.000000E+00	8.995192E+01	0.000000E+00	3.934235E-05
	2.00E+01	-1.80E+02	5	0.000000E+00	8.995192E+01	0.000000E+00	4.500216E+02
	2.00E+01	-1.80E+02	6	0.000000E+00	9.000000E+01	0.000000E+00	4.940751E-22
	2.00E+01	-1.50E+02	1	0.000000E+00	-9.004808E+01	0.000000E+00	-3.189857E+01
	2.00E+01	-1.50E+02	2	0.000000E+00	-9.004808E+01	0.000000E+00	-1.841664E+01
	2.00E+01	-1.50E+02	3	8.889508E-01	1.377036E-01	8.889482E-01	1.068243E-01
	2.00E+01	-1.50E+02	4	0.000000E+00	-9.004808E+01	0.000000E+00	-2.250120E+02
	2.00E+01	-1.50E+02	5	0.000000E+00	8.995192E+01	0.000000E+00	3.897304E+02
	2.00E+01	-1.50E+02	6	0.000000E+00	-1.997723E-05	0.000000E+00	-2.447195E-15
	2.00E+01	-1.20E+02	1	0.000000E+00	-9.004808E+01	0.000000E+00	-1.841663E+01
	2.00E+01	-1.20E+02	2	0.000000E+00	-9.004808E+01	0.000000E+00	-3.189853E+01
	2.00E+01	-1.20E+02	3	8.889654E-01	1.377019E-01	8.889628E-01	1.068247E-01
	2.00E+01	-1.20E+02	4	0.000000E+00	-9.004808E+01	0.000000E+00	-3.897311E+02
	2.00E+01	-1.20E+02	5	0.000000E+00	8.995192E+01	0.000000E+00	2.250110E+02
	2.00E+01	-1.20E+02	6	0.000000E+00	-1.997335E-05	0.000000E+00	-2.447191E-15
	2.00E+01	-9.00E+01	1	0.000000E+00	-9.004808E+01	0.000000E+00	-1.610039E-06
	2.00E+01	-9.00E+01	2	0.000000E+00	-9.004808E+01	0.000000E+00	-3.683335E+01
	2.00E+01	-9.00E+01	3	8.889550E-01	1.377020E-01	8.889524E-01	1.068236E-01
	2.00E+01	-9.00E+01	4	0.000000E+00	-9.004808E+01	0.000000E+00	-4.500217E+02
	2.00E+01	-9.00E+01	5	0.000000E+00	8.995192E+01	0.000000E+00	1.967106E-05
	2.00E+01	-9.00E+01	6	0.000000E+00	-9.000000E+01	0.000000E+00	-2.470375E-22
	2.00E+01	-6.00E+01	1	0.000000E+00	8.995192E+01	0.000000E+00	1.841664E+01
	2.00E+01	-6.00E+01	2	0.000000E+00	-9.004808E+01	0.000000E+00	-3.189856E+01
	2.00E+01	-6.00E+01	3	8.889646E-01	1.377020E-01	8.889620E-01	1.068247E-01
	2.00E+01	-6.00E+01	4	0.000000E+00	-9.004808E+01	0.000000E+00	-3.897310E+02
	2.00E+01	-6.00E+01	5	0.000000E+00	-9.004808E+01	0.000000E+00	-2.250112E+02
	2.00E+01	-6.00E+01	6	0.000000E+00	1.800000E+02	0.000000E+00	2.447194E-15
	2.00E+01	-3.00E+01	1	0.000000E+00	8.995192E+01	0.000000E+00	3.189856E+01
	2.00E+01	-3.00E+01	2	0.000000E+00	-9.004808E+01	0.000000E+00	-1.841663E+01
	2.00E+01	-3.00E+01	3	8.889516E-01	1.377037E-01	8.889490E-01	1.068244E-01
	2.00E+01	-3.00E+01	4	0.000000E+00	-9.004808E+01	0.000000E+00	-2.250120E+02
	2.00E+01	-3.00E+01	5	0.000000E+00	-9.004808E+01	0.000000E+00	-3.897300E+02
	2.00E+01	-3.00E+01	6	0.000000E+00	1.800000E+02	0.000000E+00	2.447196E-15
	2.00E+01	0.00E+00	1	0.000000E+00	8.995192E+01	0.000000E+00	3.683326E+01
	2.00E+01	0.00E+00	2	0.000000E+00	9.000000E+01	0.000000E+00	0.000000E+00
	2.00E+01	0.00E+00	3	8.889586E-01	1.377033E-01	8.889560E-01	1.068250E-01
	2.00E+01	0.00E+00	4	0.000000E+00	9.000000E+01	0.000000E+00	0.000000E+00
	2.00E+01	0.00E+00	5	0.000000E+00	-9.004808E+01	0.000000E+00	-4.500216E+02
	2.00E+01	0.00E+00	6	0.000000E+00	9.000000E+01	0.000000E+00	0.000000E+00
	2.00E+01	3.00E+01	1	0.000000E+00	8.995192E+01	0.000000E+00	3.189856E+01
	2.00E+01	3.00E+01	2	0.000000E+00	8.995192E+01	0.000000E+00	1.841663E+01
	2.00E+01	3.00E+01	3	8.889516E-01	1.377037E-01	8.889490E-01	1.068244E-01
	2.00E+01	3.00E+01	4	0.000000E+00	8.995192E+01	0.000000E+00	2.250120E+02
	2.00E+01	3.00E+01	5	0.000000E+00	-9.004808E+01	0.000000E+00	-3.897300E+02
	2.00E+01	3.00E+01	6	0.000000E+00	-1.997726E-05	0.000000E+00	-2.447196E-15
	2.00E+01	6.00E+01	1	0.000000E+00	8.995192E+01	0.000000E+00	1.841664E+01
	2.00E+01	6.00E+01	2	0.000000E+00	8.995192E+01	0.000000E+00	3.189856E+01
	2.00E+01	6.00E+01	3	8.889646E-01	1.377020E-01	8.889620E-01	1.068247E-01
	2.00E+01	6.00E+01	4	0.000000E+00	8.995192E+01	0.000000E+00	3.897310E+02
	2.00E+01	6.00E+01	5	0.000000E+00	-9.004808E+01	0.000000E+00	-2.250112E+02
	2.00E+01	6.00E+01	6	0.000000E+00	-1.997339E-05	0.000000E+00	-2.447194E-15
	2.00E+01	9.00E+01	1	0.000000E+00	-9.004808E+01	0.000000E+00	-1.610039E-06
	2.00E+01	9.00E+01	2	0.000000E+00	8.995192E+01	0.000000E+00	3.683335E+01
	2.00E+01	9.00E+01	3	8.889550E-01	1.377020E-01	8.889524E-01	1.068236E-01
	2.00E+01	9.00E+01	4	0.000000E+00	8.995192E+01	0.000000E+00	4.500217E+02
	2.00E+01	9.00E+01	5	0.000000E+00	8.995192E+01	0.000000E+00	1.967106E-05
	2.00E+01	9.00E+01	6	0.000000E+00	9.000000E+01	0.000000E+00	2.470375E-22
	2.00E+01	1.20E+02	1	0.000000E+00	-9.004808E+01	0.000000E+00	-1.841663E+01
	2.00E+01	1.20E+02	2	0.000000E+00	8.995192E+01	0.000000E+00	3.189853E+01
	2.00E+01	1.20E+02	3	8.889654E-01	1.377019E-01	8.889628E-01	1.068247E-01
	2.00E+01	1.20E+02	4	0.000000E+00	8.995192E+01	0.000000E+00	3.897311E+02
	2.00E+01	1.20E+02	5	0.000000E+00	8.995192E+01	0.000000E+00	2.250110E+02
	2.00E+01	1.20E+02	6	0.000000E+00	1.800000E+02	0.000000E+00	2.447191E-15
	2.00E+01	1.50E+02	1	0.000000E+00	-9.004808E+01	0.000000E+00	-3.189857E+01
	2.00E+01	1.50E+02	2	0.000000E+00	8.995192E+01	0.000000E+00	1.841664E+01
	2.00E+01	1.50E+02	3	8.889508E-01	1.377036E-01	8.889482E-01	1.068243E-01
	2.00E+01	1.50E+02	4	0.000000E+00	8.995192E+01	0.000000E+00	2.250120E+02
	2.00E+01	1.50E+02	5	0.000000E+00	8.995192E+01	0.000000E+00	3.897304E+02
	2.00E+01	1.50E+02	6	0.000000E+00	1.800000E+02	0.000000E+00	2.447195E-15
	2.00E+01	1.80E+02	1	0.000000E+00	-9.004808E+01	0.000000E+00	-3.683326E+01
	2.00E+01	1.80E+02	2	0.000000E+00	-9.004808E+01	0.000000E+00	-3.220068E-06
	2.00E+01	1.80E+02	3	8.889586E-01	1.377033E-01	8.889560E-01	1.068250E-01
	2.00E+01	1.80E+02	4	0.000000E+00	-9.004808E+01	0.000000E+00	-3.934235E-05
	2.00E+01	1.80E+02	5	0.000000E+00	8.995192E+01	0.000000E+00	4.500216E+02
	2.00E+01	1.80E+02	6	0.000000E+00	-9.000000E+01	0.000000E+00	-4.940751E-22
	2.05E+01	-1.80E+02	1	0.000000E+00	-9.004287E+01	0.000000E+00	-3.559936E+01
	2.05E+01	-1.80E+02	2	0.000000E+00	8.995713E+01	0.000000E+00	3.112189E-06
	2.05E+01	-1.80E+02	3	9.179224E-01	1.276166E-01	9.179202E-01	1.022257E-01
	2.05E+01	-1.80E+02	4	0.000000E+00	8.995713E+01	0.000000E+00	3.808319E-05
	2.05E+01	-1.80E+02	5	0.000000E+00	8.995713E+01	0.000000E+00	4.356179E+02
	2.05E+01	-1.80E+02	6	0.000000E+00	9.000000E+01	0.000000E+00	3.789233E-22
	2.05E+01	-1.50E+02	1	0.000000E+00	-9.004287E+01	0.000000E+00	-3.082981E+01
	2.05E+01	-1.50E+02	2	0.000000E+00	-9.004287E+01	0.000000E+00	-1.779964E+01
	2.05E+01	-1.50E+02	3	9.179188E-01	1.276168E-01	9.179166E-01	1.022255E-01
	2.05E+01	-1.50E+02	4	0.000000E+00	-9.004287E+01	0.000000E+00	-2.178091E+02
	2.05E+01	-1.50E+02	5	0.000000E+00	8.995713E+01	0.000000E+00	3.772549E+02
	2.05E+01	-1.50E+02	6	0.000000E+00	-1.649727E-05	0.000000E+00	-1.876841E-15
	2.05E+01	-1.20E+02	1	0.000000E+00	-9.004287E+01	0.000000E+00	-1.779959E+01
	2.05E+01	-1.20E+02	2	0.000000E+00	-9.004287E+01	0.000000E+00	-3.082992E+01
	2.05E+01	-1.20E+02	3	9.179242E-01	1.276153E-01	9.179220E-01	1.022248E-01
	2.05E+01	-1.20E+02	4	0.000000E+00	-9.004287E+01	0.000000E+00	-3.772555E+02
	2.05E+01	-1.20E+02	5	0.000000E+00	8.995713E+01	0.000000E+00	2.178091E+02
	2.05E+01	-1.20E+02	6	0.000000E+00	-1.649434E-05	0.000000E+00	-1.876839E-15
	2.05E+01	-9.00E+01	1	0.000000E+00	-9.004287E+01	0.000000E+00	-1.556095E-06
	2.05E+01	-9.00E+01	2	0.000000E+00	-9.004287E+01	0.000000E+00	-3.559921E+01
	2.05E+01	-9.00E+01	3	9.179316E-01	1.276166E-01	9.179292E-01	1.022267E-01
	2.05E+01	-9.00E+01	4	0.000000E+00	-9.004287E+01	0.000000E+00	-4.356179E+02
	2.05E+01	-9.00E+01	5	0.000000E+00	8.995714E+01	0.000000E+00	1.904154E-05
	2.05E+01	-9.00E+01	6	0.000000E+00	-9.000000E+01	0.000000E+00	-1.894616E-22
	2.05E+01	-6.00E+01	1	0.000000E+00	8.995713E+01	0.000000E+00	1.779960E+01
	2.05E+01	-6.00E+01	2	0.000000E+00	-9.004287E+01	0.000000E+00	-3.082992E+01
	2.05E+01	-6.00E+01	3	9.179242E-01	1.276153E-01	9.179220E-01	1.022248E-01
	2.05E+01	-6.00E+01	4	0.000000E+00	-9.004287E+01	0.000000E+00	-3.772553E+02
	2.05E+01	-6.00E+01	5	0.000000E+00	-9.004287E+01	0.000000E+00	-2.178091E+02
	2.05E+01	-6.00E+01	6	0.000000E+00	1.800000E+02	0.000000E+00	1.876839E-15
	2.05E+01	-3.00E+01	1	0.000000E+00	8.995713E+01	0.000000E+00	3.082981E+01
	2.05E+01	-3.00E+01	2	0.000000E+00	-9.004287E+01	0.000000E+00	-1.779963E+01
	2.05E+01	-3.00E+01	3	9.179188E-01	1.276168E-01	9.179166E-01	1.022255E-01
	2.05E+01	-3.00E+01	4	0.000000E+00	-9.004287E+01	0.000000E+00	-2.178092E+02
	2.05E+01	-3.00E+01	5	0.000000E+00	-9.004287E+01	0.000000E+00	-3.772552E+02
	2.05E+01	-3.00E+01	6	0.000000E+00	1.800000E+02	0.000000E+00	1.876842E-15
	2.05E+01	0.00E+00	1	0.000000E+00	8.995713E+01	0.000000E+00	3.559936E+01
	2.05E+01	0.00E+00	2	0.000000E+00	9.000000E+01	0.000000E+00	0.000000E+00
	2.05E+01	0.00E+00	3	9.179224E-01	1.276166E-01	9.179202E-01	1.022257E-01
	2.05E+01	0.00E+00	4	0.000000E+00	9.000000E+01	0.000000E+00	0.000000E+00
	2.05E+01	0.00E+00	5	0.000000E+00	-9.004287E+01	0.000000E+00	-4.356179E+02
	2.05E+01	0.00E+00	6	0.000000E+00	9.000000E+01	0.000000E+00	0.000000E+00
	2.05E+01	3.00E+01	1	0.000000E+00	8.995713E+01	0.000000E+00	3.082981E+01
	2.05E+01	3.00E+01	2	0.000000E+00	8.995713E+01	0.000000E+00	1.779963E+01
	2.05E+01	3.00E+01	3	9.179188E-01	1.276168E-01	9.179166E-01	1.022255E-01
	2.05E+01	3.00E+01	4	0.000000E+00	8.995713E+01	0.000000E+00	2.178092E+02
	2.05E+01	3.00E+01	5	0.000000E+00	-9.004287E+01	0.000000E+00	-3.772552E+02
	2.05E+01	3.00E+01	6	0.000000E+00	-1.649724E-05	0.000000E+00	-1.876842E-15
	2.05E+01	6.00E+01	1	0.000000E+00	8.995713E+01	0.000000E+00	1.779960E+01
	2.05E+01	6.00E+01	2	0.000000E+00	8.995713E+01	0.000000E+00	3.082992E+01
	2.05E+01	6.00E+01	3	9.179242E-01	1.276153E-01	9.179220E-01	1.022248E-01
	2.05E+01	6.00E+01	4	0.000000E+00	8.995713E+01	0.000000E+00	3.772553E+02
	2.05E+01	6.00E+01	5	0.000000E+00	-9.004287E+01	0.000000E+00	-2.178091E+02
	2.05E+01	6.00E+01	6	0.000000E+00	-1.649432E-05	0.000000E+00	-1.876839E-15
	2.05E+01	9.00E+01	1	0.000000E+00	-9.004287E+01	0.000000E+00	-1.556095E-06
	2.05E+01	9.00E+01	2	0.000000E+00	8.995713E+01	0.000000E+00	3.559921E+01
	2.05E+01	9.00E+01	3	9.179316E-01	1.276166E-01	9.179292E-01	1.022267E-01
	2.05E+01	9.00E+01	4	0.000000E+00	8.995713E+01	0.000000E+00	4.356179E+02
	2.05E+01	9.00E+01	5	0.000000E+00	8.995714E+01	0.000000E+00	1.904154E-05
	2.05E+01	9.00E+01	6	0.000000E+00	9.000000E+01	0.000000E+00	1.894616E-22
	2.05E+01	1.20E+02	1	0.000000E+00	-9.004287E+01	0.000000E+00	-1.779959E+01
	2.05E+01	1.20E+02	2	0.000000E+00	8.995713E+01	0.000000E+00	3.082992E+01
	2.05E+01	1.20E+02	3	9.179242E-01	1.276153E-01	9.179220E-01	1.022248E-01
	2.05E+01	1.20E+02	4	0.000000E+00	8.995713E+01	0.000000E+00	3.772555E+02
	2.05E+01	1.20E+02	5	0.000000E+00	8.995713E+01	0.000000E+00	2.178091E+02
	2.05E+01	1.20E+02	6	0.000000E+00	1.800000E+02	0.000000E+00	1.876839E-15
	2.05E+01	1.50E+02	1	0.000000E+00	-9.004287E+01	0.000000E+00	-3.082981E+01
	2.05E+01	1.50E+02	2	0.000000E+00	8.995713E+01	0.000000E+00	1.779964E+01
	2.05E+01	1.50E+02	3	9.179188E-01	1.276168E-01	9.179166E-01	1.022255E-01
	2.05E+01	1.50E+02	4	0.000000E+00	8.995713E+01	0.000000E+00	2.178091E+02
	2.05E+01	1.50E+02	5	0.000000E+00	8.995713E+01	0.000000E+00	3.772549E+02
	2.05E+01	1.50E+02	6	0.000000E+00	1.800000E+02	0.000000E+00	1.876841E-15
	2.05E+01	1.80E+02	1	0.000000E+00	-9.004287E+01	0.000000E+00	-3.559936E+01
	2.05E+01	1.80E+02	2	0.000000E+00	-9.004287E+01	0.000000E+00	-3.112189E-06
	2.05E+01	1.80E+02	3	9.179224E-01	1.276166E-01	9.179202E-01	1.022257E-01
	2.05E+01	1.80E+02	4	0.000000E+00	-9.004287E+01	0.000000E+00	-3.808319E-05
	2.05E+01	1.80E+02	5	0.000000E+00	8.995713E+01	0.000000E+00	4.356179E+02
	2.05E+01	1.80E+02	6	0.000000E+00	-9.000000E+01	0.000000E+00	-3.789233E-22
	2.10E+01	-1.80E+02	1	0.000000E+00	-9.003841E+01	0.000000E+00	-3.445010E+01
	2.10E+01	-1.80E+02	2	0.000000E+00	8.996159E+01	0.000000E+00	3.011728E-06
	2.10E+01	-1.80E+02	3	9.452688E-01	1.185813E-01	9.452668E-01	9.781791E-02
	2.10E+01	-1.80E+02	4	0.000000E+00	8.996159E+01	0.000000E+00	3.690619E-05
	2.10E+01	-1.80E+02	5	0.000000E+00	8.996159E+01	0.000000E+00	4.221574E+02
	2.10E+01	-1.80E+02	6	0.000000E+00	9.000000E+01	0.000000E+00	2.939936E-22
	2.10E+01	-1.50E+02	1	0.000000E+00	-9.003841E+01	0.000000E+00	-2.983479E+01
	2.10E+01	-1.50E+02	2	0.000000E+00	-9.003841E+01	0.000000E+00	-1.722506E+01
	2.10E+01	-1.50E+02	3	9.452778E-01	1.185796E-01	9.452758E-01	9.781746E-02
	2.10E+01	-1.50E+02	4	0.000000E+00	-9.003841E+01	0.000000E+00	-2.110784E+02
	2.10E+01	-1.50E+02	5	0.000000E+00	8.996159E+01	0.000000E+00	3.655992E+02
	2.10E+01	-1.50E+02	6	0.000000E+00	-1.374194E-05	0.000000E+00	-1.456173E-15
	2.10E+01	-1.20E+02	1	0.000000E+00	-9.003841E+01	0.000000E+00	-1.722507E+01
	2.10E+01	-1.20E+02	2	0.000000E+00	-9.003841E+01	0.000000E+00	-2.983470E+01
	2.10E+01	-1.20E+02	3	9.452886E-01	1.185792E-01	9.452866E-01	9.781831E-02
	2.10E+01	-1.20E+02	4	0.000000E+00	-9.003841E+01	0.000000E+00	-3.655994E+02
	2.10E+01	-1.20E+02	5	0.000000E+00	8.996159E+01	0.000000E+00	2.110783E+02
	2.10E+01	-1.20E+02	6	0.000000E+00	-1.373968E-05	0.000000E+00	-1.456173E-15
	2.10E+01	-9.00E+01	1	0.000000E+00	-9.003841E+01	0.000000E+00	-1.505864E-06
	2.10E+01	-9.00E+01	2	0.000000E+00	-9.003841E+01	0.000000E+00	-3.445003E+01
	2.10E+01	-9.00E+01	3	9.452772E-01	1.185803E-01	9.452752E-01	9.781796E-02
	2.10E+01	-9.00E+01	4	0.000000E+00	-9.003841E+01	0.000000E+00	-4.221581E+02
	2.10E+01	-9.00E+01	5	0.000000E+00	8.996159E+01	0.000000E+00	1.845313E-05
	2.10E+01	-9.00E+01	6	0.000000E+00	-9.000000E+01	0.000000E+00	-1.469968E-22
	2.10E+01	-6.00E+01	1	0.000000E+00	8.996159E+01	0.000000E+00	1.722507E+01
	2.10E+01	-6.00E+01	2	0.000000E+00	-9.003841E+01	0.000000E+00	-2.983471E+01
	2.10E+01	-6.00E+01	3	9.452886E-01	1.185792E-01	9.452866E-01	9.781831E-02
	2.10E+01	-6.00E+01	4	0.000000E+00	-9.003841E+01	0.000000E+00	-3.655997E+02
	2.10E+01	-6.00E+01	5	0.000000E+00	-9.003841E+01	0.000000E+00	-2.110782E+02
	2.10E+01	-6.00E+01	6	0.000000E+00	1.800000E+02	0.000000E+00	1.456172E-15
	2.10E+01	-3.00E+01	1	0.000000E+00	8.996159E+01	0.000000E+00	2.983479E+01
	2.10E+01	-3.00E+01	2	0.000000E+00	-9.003841E+01	0.000000E+00	-1.722507E+01
	2.10E+01	-3.00E+01	3	9.452778E-01	1.185796E-01	9.452758E-01	9.781746E-02
	2.10E+01	-3.00E+01	4	0.000000E+00	-9.003841E+01	0.000000E+00	-2.110786E+02
	2.10E+01	-3.00E+01	5	0.000000E+00	-9.003841E+01	0.000000E+00	-3.655993E+02
	2.10E+01	-3.00E+01	6	0.000000E+00	1.800000E+02	0.000000E+00	1.456172E-15
	2.10E+01	0.00E+00	1	0.000000E+00	8.996159E+01	0.000000E+00	3.445010E+01
	2.10E+01	0.00E+00	2	0.000000E+00	9.000000E+01	0.000000E+00	0.000000E+00
	2.10E+01	0.00E+00	3	9.452688E-01	1.185813E-01	9.452668E-01	9.781791E-02
	2.10E+01	0.00E+00	4	0.000000E+00	9.000000E+01	0.000000E+00	0.000000E+00
	2.10E+01	0.00E+00	5	0.000000E+00	-9.003841E+01	0.000000E+00	-4.221574E+02
	2.10E+01	0.00E+00	6	0.000000E+00	9.000000E+01	0.000000E+00	0.000000E+00
	2.10E+01	3.00E+01	1	0.000000E+00	8.996159E+01	0.000000E+00	2.983479E+01
	2.10E+01	3.00E+01	2	0.000000E+00	8.996159E+01	0.000000E+00	1.722507E+01
	2.10E+01	3.00E+01	3	9.452778E-01	1.185796E-01	9.452758E-01	9.781746E-02
	2.10E+01	3.00E+01	4	0.000000E+00	8.996159E+01	0.000000E+00	2.110786E+02
	2.10E+01	3.00E+01	5	0.000000E+00	-9.003841E+01	0.000000E+00	-3.655993E+02
	2.10E+01	3.00E+01	6	0.000000E+00	-1.374193E-05	0.000000E+00	-1.456172E-15
	2.10E+01	6.00E+01	1	0.000000E+00	8.996159E+01	0.000000E+00	1.722507E+01
	2.10E+01	6.00E+01	2	0.000000E+00	8.996159E+01	0.000000E+00	2.983471E+01
	2.10E+01	6.00E+01	3	9.452886E-01	1.185792E-01	9.452866E-01	9.781831E-02
	2.10E+01	6.00E+01	4	0.000000E+00	8.996159E+01	0.000000E+00	3.655997E+02
	2.10E+01	6.00E+01	5	0.000000E+00	-9.003841E+01	0.000000E+00	-2.110782E+02
	2.10E+01	6.00E+01	6	0.000000E+00	-1.373968E-05	0.000000E+00	-1.456172E-15
	2.10E+01	9.00E+01	1	0.000000E+00	-9.003841E+01	0.000000E+00	-1.505864E-06
	2.10E+01	9.00E+01	2	0.000000E+00	8.996159E+01	0.000000E+00	3.445003E+01
	2.10E+01	9.00E+01	3	9.452772E-01	1.185803E-01	9.452752E-01	9.781796E-02
	2.10E+01	9.00E+01	4	0.000000E+00	8.996159E+01	0.000000E+00	4.221581E+02
	2.10E+01	9.00E+01	5	0.000000E+00	8.996159E+01	0.000000E+00	1.845313E-05
	2.10E+01	9.00E+01	6	0.000000E+00	9.000000E+01	0.000000E+00	1.469968E-22
	2.10E+01	1.20E+02	1	0.000000E+00	-9.003841E+01	0.000000E+00	-1.722507E+01
	2.10E+01	1.20E+02	2	0.000000E+00	8.996159E+01	0.000000E+00	2.983470E+01
	2.10E+01	1.20E+02	3	9.452886E-01	1.185792E-01	9.452866E-01	9.781831E-02
	2.10E+01	1.20E+02	4	0.000000E+00	8.996159E+01	0.000000E+00	3.655994E+02
	2.10E+01	1.20E+02	5	0.000000E+00	8.996159E+01	0.000000E+00	2.110783E+02
	2.10E+01	1.20E+02	6	0.000000E+00	1.800000E+02	0.000000E+00	1.456173E-15
	2.10E+01	1.50E+02	1	0.000000E+00	-9.003841E+01	0.000000E+00	-2.983479E+01
	2.10E+01	1.50E+02	2	0.000000E+00	8.996159E+01	0.000000E+00	1.722506E+01
	2.10E+01	1.50E+02	3	9.452778E-01	1.185796E-01	9.452758E-01	9.781746E-02
	2.10E+01	1.50E+02	4	0.000000E+00	8.996159E+01	0.000000E+00	2.110784E+02
	2.10E+01	1.50E+02	5	0.000000E+00	8.996159E+01	0.000000E+00	3.655992E+02
	2.10E+01	1.50E+02	6	0.000000E+00	1.800000E+02	0.000000E+00	1.456173E-15
	2.10E+01	1.80E+02	1	0.000000E+00	-9.003841E+01	0.000000E+00	-3.445010E+01
	2.10E+01	1.80E+02	2	0.000000E+00	-9.003841E+01	0.000000E+00	-3.011728E-06
	2.10E+01	1.80E+02	3	9.452688E-01	1.185813E-01	9.452668E-01	9.781791E-02
	2.10E+01	1.80E+02	4	0.000000E+00	-9.003841E+01	0.000000E+00	-3.690619E-05
	2.10E+01	1.80E+02	5	0.000000E+00	8.996159E+01	0.000000E+00	4.221574E+02
	2.10E+01	1.80E+02	6	0.000000E+00	-9.000000E+01	0.000000E+00	-2.939936E-22
	2.15E+01	-1.80E+02	1	0.000000E+00	-9.003459E+01	0.000000E+00	-3.337753E+01
	2.15E+01	-1.80E+02	2	0.000000E+00	8.996541E+01	0.000000E+00	2.917951E-06
	2.15E+01	-1.80E+02	3	9.710790E-01	1.104559E-01	9.710772E-01	9.360314E-02
	2.15E+01	-1.80E+02	4	0.000000E+00	8.996541E+01	0.000000E+00	3.580441E-05
	2.15E+01	-1.80E+02	5	0.000000E+00	8.996541E+01	0.000000E+00	4.095523E+02
	2.15E+01	-1.80E+02	6	0.000000E+00	9.000000E+01	0.000000E+00	2.303921E-22
	2.15E+01	-1.50E+02	1	0.000000E+00	-9.003459E+01	0.000000E+00	-2.890594E+01
	2.15E+01	-1.50E+02	2	0.000000E+00	-9.003459E+01	0.000000E+00	-1.668876E+01
	2.15E+01	-1.50E+02	3	9.710800E-01	1.104544E-01	9.710782E-01	9.360203E-02
	2.15E+01	-1.50E+02	4	0.000000E+00	-9.003459E+01	0.000000E+00	-2.047778E+02
	2.15E+01	-1.50E+02	5	0.000000E+00	8.996541E+01	0.000000E+00	3.546846E+02
	2.15E+01	-1.50E+02	6	0.000000E+00	-1.153040E-05	0.000000E+00	-1.141152E-15
	2.15E+01	-1.20E+02	1	0.000000E+00	-9.003459E+01	0.000000E+00	-1.668877E+01
	2.15E+01	-1.20E+02	2	0.000000E+00	-9.003459E+01	0.000000E+00	-2.890579E+01
	2.15E+01	-1.20E+02	3	9.710726E-01	1.104553E-01	9.710708E-01	9.360209E-02
	2.15E+01	-1.20E+02	4	0.000000E+00	-9.003459E+01	0.000000E+00	-3.546854E+02
	2.15E+01	-1.20E+02	5	0.000000E+00	8.996541E+01	0.000000E+00	2.047776E+02
	2.15E+01	-1.20E+02	6	0.000000E+00	-1.152864E-05	0.000000E+00	-1.141152E-15
	2.15E+01	-9.00E+01	1	0.000000E+00	-9.003459E+01	0.000000E+00	-1.458977E-06
	2.15E+01	-9.00E+01	2	0.000000E+00	-9.003459E+01	0.000000E+00	-3.337755E+01
	2.15E+01	-9.00E+01	3	9.710958E-01	1.104544E-01	9.710940E-01	9.360351E-02
	2.15E+01	-9.00E+01	4	0.000000E+00	-9.003459E+01	0.000000E+00	-4.095540E+02
	2.15E+01	-9.00E+01	5	0.000000E+00	8.996541E+01	0.000000E+00	1.790218E-05
	2.15E+01	-9.00E+01	6	0.000000E+00	-9.000000E+01	0.000000E+00	-1.151961E-22
	2.15E+01	-6.00E+01	1	0.000000E+00	8.996541E+01	0.000000E+00	1.668876E+01
	2.15E+01	-6.00E+01	2	0.000000E+00	-9.003459E+01	0.000000E+00	-2.890581E+01
	2.15E+01	-6.00E+01	3	9.710766E-01	1.104559E-01	9.710746E-01	9.360297E-02
	2.15E+01	-6.00E+01	4	0.000000E+00	-9.003459E+01	0.000000E+00	-3.546855E+02
	2.15E+01	-6.00E+01	5	0.000000E+00	-9.003459E+01	0.000000E+00	-2.047775E+02
	2.15E+01	-6.00E+01	6	0.000000E+00	1.800000E+02	0.000000E+00	1.141154E-15
	2.15E+01	-3.00E+01	1	0.000000E+00	8.996541E+01	0.000000E+00	2.890595E+01
	2.15E+01	-3.00E+01	2	0.000000E+00	-9.003459E+01	0.000000E+00	-1.668875E+01
	2.15E+01	-3.00E+01	3	9.710800E-01	1.104544E-01	9.710782E-01	9.360203E-02
	2.15E+01	-3.00E+01	4	0.000000E+00	-9.003459E+01	0.000000E+00	-2.047776E+02
	2.15E+01	-3.00E+01	5	0.000000E+00	-9.003459E+01	0.000000E+00	-3.546846E+02
	2.15E+01	-3.00E+01	6	0.000000E+00	1.800000E+02	0.000000E+00	1.141153E-15
	2.15E+01	0.00E+00	1	0.000000E+00	8.996541E+01	0.000000E+00	3.337753E+01
	2.15E+01	0.00E+00	2	0.000000E+00	9.000000E+01	0.000000E+00	0.000000E+00
	2.15E+01	0.00E+00	3	9.710790E-01	1.104559E-01	9.710772E-01	9.360314E-02
	2.15E+01	0.00E+00	4	0.000000E+00	9.000000E+01	0.000000E+00	0.000000E+00
	2.15E+01	0.00E+00	5	0.000000E+00	-9.003459E+01	0.000000E+00	-4.095523E+02
	2.15E+01	0.00E+00	6	0.000000E+00	9.000000E+01	0.000000E+00	0.000000E+00
	2.15E+01	3.00E+01	1	0.000000E+00	8.996541E+01	0.000000E+00	2.890595E+01
	2.15E+01	3.00E+01	2	0.000000E+00	8.996541E+01	0.000000E+00	1.668875E+01
	2.15E+01	3.00E+01	3	9.710800E-01	1.104544E-01	9.710782E-01	9.360203E-02
	2.15E+01	3.00E+01	4	0.000000E+00	8.996541E+01	0.000000E+00	2.047776E+02
	2.15E+01	3.00E+01	5	0.000000E+00	-9.003459E+01	0.000000E+00	-3.546846E+02
	2.15E+01	3.00E+01	6	0.000000E+00	-1.153042E-05	0.000000E+00	-1.141153E-15
	2.15E+01	6.00E+01	1	0.000000E+00	8.996541E+01	0.000000E+00	1.668876E+01
	2.15E+01	6.00E+01	2	0.000000E+00	8.996541E+01	0.000000E+00	2.890581E+01
	2.15E+01	6.00E+01	3	9.710766E-01	1.104559E-01	9.710746E-01	9.360297E-02
	2.15E+01	6.00E+01	4	0.000000E+00	8.996541E+01	0.000000E+00	3.546855E+02
	2.15E+01	6.00E+01	5	0.000000E+00	-9.003459E+01	0.000000E+00	-2.047775E+02
	2.15E+01	6.00E+01	6	0.000000E+00	-1.152864E-05	0.000000E+00	-1.141154E-15
	2.15E+01	9.00E+01	1	0.000000E+00	-9.003459E+01	0.000000E+00	-1.458977E-06
	2.15E+01	9.00E+01	2	0.000000E+00	8.996541E+01	0.000000E+00	3.337755E+01
	2.15E+01	9.00E+01	3	9.710958E-01	1.104544E-01	9.710940E-01	9.360351E-02
	2.15E+01	9.00E+01	4	0.000000E+00	8.996541E+01	0.000000E+00	4.095540E+02
	2.15E+01	9.00E+01	5	0.000000E+00	8.996541E+01	0.000000E+00	1.790218E-05
	2.15E+01	9.00E+01	6	0.000000E+00	9.000000E+01	0.000000E+00	1.151961E-22
	2.15E+01	1.20E+02	1	0.000000E+00	-9.003459E+01	0.000000E+00	-1.668877E+01
	2.15E+01	1.20E+02	2	0.000000E+00	8.996541E+01	0.000000E+00	2.890579E+01
	2.15E+01	1.20E+02	3	9.710726E-01	1.104553E-01	9.710708E-01	9.360209E-02
	2.15E+01	1.20E+02	4	0.000000E+00	8.996541E+01	0.000000E+00	3.546854E+02
	2.15E+01	1.20E+02	5	0.000000E+00	8.996541E+01	0.000000E+00	2.047776E+02
	2.15E+01	1.20E+02	6	0.000000E+00	1.800000E+02	0.000000E+00	1.141152E-15
	2.15E+01	1.50E+02	1	0.000000E+00	-9.003459E+01	0.000000E+00	-2.890594E+01
	2.15E+01	1.50E+02	2	0.000000E+00	8.996541E+01	0.000000E+00	1.668876E+01
	2.15E+01	1.50E+02	3	9.710800E-01	1.104544E-01	9.710782E-01	9.360203E-02
	2.15E+01	1.50E+02	4	0.000000E+00	8.996541E+01	0.000000E+00	2.047778E+02
	2.15E+01	1.50E+02	5	0.000000E+00	8.996541E+01	0.000000E+00	3.546846E+02
	2.15E+01	1.50E+02	6	0.000000E+00	1.800000E+02	0.000000E+00	1.141152E-15
	2.15E+01	1.80E+02	1	0.000000E+00	-9.003459E+01	0.000000E+00	-3.337753E+01
	2.15E+01	1.80E+02	2	0.000000E+00	-9.003459E+01	0.000000E+00	-2.917951E-06
	2.15E+01	1.80E+02	3	9.710790E-01	1.104559E-01	9.710772E-01	9.360314E-02
	2.15E+01	1.80E+02	4	0.000000E+00	-9.003459E+01	0.000000E+00	-3.580441E-05
	2.15E+01	1.80E+02	5	0.000000E+00	8.996541E+01	0.000000E+00	4.095523E+02
	2.15E+01	1.80E+02	6	0.000000E+00	-9.000000E+01	0.000000E+00	-2.303921E-22
	2.20E+01	-1.80E+02	1	0.000000E+00	-9.003130E+01	0.000000E+00	-3.237436E+01
	2.20E+01	-1.80E+02	2	0.000000E+00	8.996870E+01	0.000000E+00	2.830257E-06
	2.20E+01	-1.80E+02	3	9.954782E-01	1.031286E-01	9.954766E-01	8.958966E-02
	2.20E+01	-1.80E+02	4	0.000000E+00	8.996870E+01	0.000000E+00	3.477090E-05
	2.20E+01	-1.80E+02	5	0.000000E+00	8.996870E+01	0.000000E+00	3.977315E+02
	2.20E+01	-1.80E+02	6	0.000000E+00	9.000000E+01	0.000000E+00	1.823713E-22
	2.20E+01	-1.50E+02	1	0.000000E+00	-9.003130E+01	0.000000E+00	-2.803706E+01
	2.20E+01	-1.50E+02	2	0.000000E+00	-9.003130E+01	0.000000E+00	-1.618718E+01
	2.20E+01	-1.50E+02	3	9.954900E-01	1.031283E-01	9.954884E-01	8.959047E-02
	2.20E+01	-1.50E+02	4	0.000000E+00	-9.003130E+01	0.000000E+00	-1.988660E+02
	2.20E+01	-1.50E+02	5	0.000000E+00	8.996870E+01	0.000000E+00	3.444454E+02
	2.20E+01	-1.50E+02	6	0.000000E+00	-9.747492E-06	0.000000E+00	-9.033024E-16
	2.20E+01	-1.20E+02	1	0.000000E+00	-9.003130E+01	0.000000E+00	-1.618717E+01
	2.20E+01	-1.20E+02	2	0.000000E+00	-9.003130E+01	0.000000E+00	-2.803697E+01
	2.20E+01	-1.20E+02	3	9.954934E-01	1.031288E-01	9.954918E-01	8.959120E-02
	2.20E+01	-1.20E+02	4	0.000000E+00	-9.003130E+01	0.000000E+00	-3.444464E+02
	2.20E+01	-1.20E+02	5	0.000000E+00	8.996870E+01	0.000000E+00	1.988659E+02
	2.20E+01	-1.20E+02	6	0.000000E+00	-9.746079E-06	0.000000E+00	-9.033024E-16
	2.20E+01	-9.00E+01	1	0.000000E+00	-9.003130E+01	0.000000E+00	-1.415130E-06
	2.20E+01	-9.00E+01	2	0.000000E+00	-9.003130E+01	0.000000E+00	-3.237436E+01
	2.20E+01	-9.00E+01	3	9.954842E-01	1.031286E-01	9.954826E-01	8.959021E-02
	2.20E+01	-9.00E+01	4	0.000000E+00	-9.003130E+01	0.000000E+00	-3.977318E+02
	2.20E+01	-9.00E+01	5	0.000000E+00	8.996870E+01	0.000000E+00	1.738543E-05
	2.20E+01	-9.00E+01	6	0.000000E+00	-9.000000E+01	0.000000E+00	-9.118558E-23
	2.20E+01	-6.00E+01	1	0.000000E+00	8.996870E+01	0.000000E+00	1.618718E+01
	2.20E+01	-6.00E+01	2	0.000000E+00	-9.003130E+01	0.000000E+00	-2.803698E+01
	2.20E+01	-6.00E+01	3	9.954934E-01	1.031289E-01	9.954918E-01	8.959135E-02
	2.20E+01	-6.00E+01	4	0.000000E+00	-9.003130E+01	0.000000E+00	-3.444465E+02
	2.20E+01	-6.00E+01	5	0.000000E+00	-9.003130E+01	0.000000E+00	-1.988658E+02
	2.20E+01	-6.00E+01	6	0.000000E+00	1.800000E+02	0.000000E+00	9.033034E-16
	2.20E+01	-3.00E+01	1	0.000000E+00	8.996870E+01	0.000000E+00	2.803707E+01
	2.20E+01	-3.00E+01	2	0.000000E+00	-9.003130E+01	0.000000E+00	-1.618716E+01
	2.20E+01	-3.00E+01	3	9.954900E-01	1.031283E-01	9.954884E-01	8.959047E-02
	2.20E+01	-3.00E+01	4	0.000000E+00	-9.003130E+01	0.000000E+00	-1.988660E+02
	2.20E+01	-3.00E+01	5	0.000000E+00	-9.003130E+01	0.000000E+00	-3.444455E+02
	2.20E+01	-3.00E+01	6	0.000000E+00	1.800000E+02	0.000000E+00	9.033007E-16
	2.20E+01	0.00E+00	1	0.000000E+00	8.996870E+01	0.000000E+00	3.237436E+01
	2.20E+01	0.00E+00	2	0.000000E+00	9.000000E+01	0.000000E+00	0.000000E+00
	2.20E+01	0.00E+00	3	9.954782E-01	1.031286E-01	9.954766E-01	8.958966E-02
	2.20E+01	0.00E+00	4	0.000000E+00	9.000000E+01	0.000000E+00	0.000000E+00
	2.20E+01	0.00E+00	5	0.000000E+00	-9.003130E+01	0.000000E+00	-3.977315E+02
	2.20E+01	0.00E+00	6	0.000000E+00	9.000000E+01	0.000000E+00	0.000000E+00
	2.20E+01	3.00E+01	1	0.000000E+00	8.996870E+01	0.000000E+00	2.803707E+01
	2.20E+01	3.00E+01	2	0.000000E+00	8.996870E+01	0.000000E+00	1.618716E+01
	2.20E+01	3.00E+01	3	9.954900E-01	1.031283E-01	9.954884E-01	8.959047E-02
	2.20E+01	3.00E+01	4	0.000000E+00	8.996870E+01	0.000000E+00	1.988660E+02
	2.20E+01	3.00E+01	5	0.000000E+00	-9.003130E+01	0.000000E+00	-3.444455E+02
	2.20E+01	3.00E+01	6	0.000000E+00	-9.747459E-06	0.000000E+00	-9.033007E-16
	2.20E+01	6.00E+01	1	0.000000E+00	8.996870E+01	0.000000E+00	1.618718E+01
	2.20E+01	6.00E+01	2	0.000000E+00	8.996870E+01	0.000000E+00	2.803698E+01
	2.20E+01	6.00E+01	3	9.954934E-01	1.031289E-01	9.954918E-01	8.959135E-02
	2.20E+01	6.00E+01	4	0.000000E+00	8.996870E+01	0.000000E+00	3.444465E+02
	2.20E+01	6.00E+01	5	0.000000E+00	-9.003130E+01	0.000000E+00	-1.988658E+02
	2.20E+01	6.00E+01	6	0.000000E+00	-9.746080E-06	0.000000E+00	-9.033034E-16
	2.20E+01	9.00E+01	1	0.000000E+00	-9.003130E+01	0.000000E+00	-1.415130E-06
	2.20E+01	9.00E+01	2	0.000000E+00	8.996870E+01	0.000000E+00	3.237436E+01
	2.20E+01	9.00E+01	3	9.954842E-01	1.031286E-01	9.954826E-01	8.959021E-02
	2.20E+01	9.00E+01	4	0.000000E+00	8.996870E+01	0.000000E+00	3.977318E+02
	2.20E+01	9.00E+01	5	0.000000E+00	8.996870E+01	0.000000E+00	1.738543E-05
	2.20E+01	9.00E+01	6	0.000000E+00	9.000000E+01	0.000000E+00	9.118558E-23
	2.20E+01	1.20E+02	1	0.000000E+00	-9.003130E+01	0.000000E+00	-1.618717E+01
	2.20E+01	1.20E+02	2	0.000000E+00	8.996870E+01	0.000000E+00	2.803697E+01
	2.20E+01	1.20E+02	3	9.954934E-01	1.031288E-01	9.954918E-01	8.959120E-02
	2.20E+01	1.20E+02	4	0.000000E+00	8.996870E+01	0.000000E+00	3.444464E+02
	2.20E+01	1.20E+02	5	0.000000E+00	8.996870E+01	0.000000E+00	1.988659E+02
	2.20E+01	1.20E+02	6	0.000000E+00	1.800000E+02	0.000000E+00	9.033024E-16
	2.20E+01	1.50E+02	1	0.000000E+00	-9.003130E+01	0.000000E+00	-2.803706E+01
	2.20E+01	1.50E+02	2	0.000000E+00	8.996870E+01	0.000000E+00	1.618718E+01
	2.20E+01	1.50E+02	3	9.954900E-01	1.031283E-01	9.954884E-01	8.959047E-02
	2.20E+01	1.50E+02	4	0.000000E+00	8.996870E+01	0.000000E+00	1.988660E+02
	2.20E+01	1.50E+02	5	0.000000E+00	8.996870E+01	0.000000E+00	3.444454E+02
	2.20E+01	1.50E+02	6	0.000000E+00	1.800000E+02	0.000000E+00	9.033024E-16
	2.20E+01	1.80E+02	1	0.000000E+00	-9.003130E+01	0.000000E+00	-3.237436E+01
	2.20E+01	1.80E+02	2	0.000000E+00	-9.003130E+01	0.000000E+00	-2.830257E-06
	2.20E+01	1.80E+02	3	9.954782E-01	1.031286E-01	9.954766E-01	8.958966E-02
	2.20E+01	1.80E+02	4	0.000000E+00	-9.003130E+01	0.000000E+00	-3.477090E-05
	2.20E+01	1.80E+02	5	0.000000E+00	8.996870E+01	0.000000E+00	3.977315E+02
	2.20E+01	1.80E+02	6	0.000000E+00	-9.000000E+01	0.000000E+00	-1.823713E-22
	2.25E+01	-1.80E+02	1	0.000000E+00	-9.002843E+01	0.000000E+00	-3.143422E+01
	2.25E+01	-1.80E+02	2	0.000000E+00	8.997157E+01	0.000000E+00	2.748049E-06
	2.25E+01	-1.80E+02	3	1.018531E+00	9.651382E-02	1.018530E+00	8.578491E-02
	2.25E+01	-1.80E+02	4	0.000000E+00	8.997157E+01	0.000000E+00	3.379926E-05
	2.25E+01	-1.80E+02	5	0.000000E+00	8.997157E+01	0.000000E+00	3.866183E+02
	2.25E+01	-1.80E+02	6	0.000000E+00	9.000000E+01	0.000000E+00	1.456904E-22
	2.25E+01	-1.50E+02	1	0.000000E+00	-9.002843E+01	0.000000E+00	-2.722279E+01
	2.25E+01	-1.50E+02	2	0.000000E+00	-9.002843E+01	0.000000E+00	-1.571702E+01
	2.25E+01	-1.50E+02	3	1.018523E+00	9.651284E-02	1.018522E+00	8.578341E-02
	2.25E+01	-1.50E+02	4	0.000000E+00	-9.002843E+01	0.000000E+00	-1.933094E+02
	2.25E+01	-1.50E+02	5	0.000000E+00	8.997157E+01	0.000000E+00	3.348232E+02
	2.25E+01	-1.50E+02	6	0.000000E+00	-8.296403E-06	0.000000E+00	-7.216181E-16
	2.25E+01	-1.20E+02	1	0.000000E+00	-9.002843E+01	0.000000E+00	-1.571710E+01
	2.25E+01	-1.20E+02	2	0.000000E+00	-9.002843E+01	0.000000E+00	-2.722265E+01
	2.25E+01	-1.20E+02	3	1.018530E+00	9.651364E-02	1.018528E+00	8.578462E-02
	2.25E+01	-1.20E+02	4	0.000000E+00	-9.002843E+01	0.000000E+00	-3.348226E+02
	2.25E+01	-1.20E+02	5	0.000000E+00	8.997157E+01	0.000000E+00	1.933090E+02
	2.25E+01	-1.20E+02	6	0.000000E+00	-8.295279E-06	0.000000E+00	-7.216185E-16
	2.25E+01	-9.00E+01	1	0.000000E+00	-9.002843E+01	0.000000E+00	-1.374021E-06
	2.25E+01	-9.00E+01	2	0.000000E+00	-9.002843E+01	0.000000E+00	-3.143399E+01
	2.25E+01	-9.00E+01	3	1.018523E+00	9.651319E-02	1.018522E+00	8.578368E-02
	2.25E+01	-9.00E+01	4	0.000000E+00	-9.002843E+01	0.000000E+00	-3.866185E+02
	2.25E+01	-9.00E+01	5	0.000000E+00	8.997157E+01	0.000000E+00	1.689959E-05
	2.25E+01	-9.00E+01	6	0.000000E+00	-9.000000E+01	0.000000E+00	-7.284523E-23
	2.25E+01	-6.00E+01	1	0.000000E+00	8.997157E+01	0.000000E+00	1.571711E+01
	2.25E+01	-6.00E+01	2	0.000000E+00	-9.002843E+01	0.000000E+00	-2.722265E+01
	2.25E+01	-6.00E+01	3	1.018530E+00	9.651364E-02	1.018528E+00	8.578462E-02
	2.25E+01	-6.00E+01	4	0.000000E+00	-9.002843E+01	0.000000E+00	-3.348226E+02
	2.25E+01	-6.00E+01	5	0.000000E+00	-9.002843E+01	0.000000E+00	-1.933091E+02
	2.25E+01	-6.00E+01	6	0.000000E+00	1.800000E+02	0.000000E+00	7.216182E-16
	2.25E+01	-3.00E+01	1	0.000000E+00	8.997157E+01	0.000000E+00	2.722280E+01
	2.25E+01	-3.00E+01	2	0.000000E+00	-9.002843E+01	0.000000E+00	-1.571701E+01
	2.25E+01	-3.00E+01	3	1.018523E+00	9.651284E-02	1.018522E+00	8.578341E-02
	2.25E+01	-3.00E+01	4	0.000000E+00	-9.002843E+01	0.000000E+00	-1.933095E+02
	2.25E+01	-3.00E+01	5	0.000000E+00	-9.002843E+01	0.000000E+00	-3.348233E+02
	2.25E+01	-3.00E+01	6	0.000000E+00	1.800000E+02	0.000000E+00	7.216187E-16
	2.25E+01	0.00E+00	1	0.000000E+00	8.997157E+01	0.000000E+00	3.143422E+01
	2.25E+01	0.00E+00	2	0.000000E+00	9.000000E+01	0.000000E+00	0.000000E+00
	2.25E+01	0.00E+00	3	1.018531E+00	9.651382E-02	1.018530E+00	8.578491E-02
	2.25E+01	0.00E+00	4	0.000000E+00	9.000000E+01	0.000000E+00	0.000000E+00
	2.25E+01	0.00E+00	5	0.000000E+00	-9.002843E+01	0.000000E+00	-3.866183E+02
	2.25E+01	0.00E+00	6	0.000000E+00	9.000000E+01	0.000000E+00	0.000000E+00
	2.25E+01	3.00E+01	1	0.000000E+00	8.997157E+01	0.000000E+00	2.722280E+01
	2.25E+01	3.00E+01	2	0.000000E+00	8.997157E+01	0.000000E+00	1.571701E+01
	2.25E+01	3.00E+01	3	1.018523E+00	9.651284E-02	1.018522E+00	8.578341E-02
	2.25E+01	3.00E+01	4	0.000000E+00	8.997157E+01	0.000000E+00	1.933095E+02
	2.25E+01	3.00E+01	5	0.000000E+00	-9.002843E+01	0.000000E+00	-3.348233E+02
	2.25E+01	3.00E+01	6	0.000000E+00	-8.296411E-06	0.000000E+00	-7.216187E-16
	2.25E+01	6.00E+01	1	0.000000E+00	8.997157E+01	0.000000E+00	1.571711E+01
	2.25E+01	6.00E+01	2	0.000000E+00	8.997157E+01	0.000000E+00	2.722265E+01
	2.25E+01	6.00E+01	3	1.018530E+00	9.651364E-02	1.018528E+00	8.578462E-02
	2.25E+01	6.00E+01	4	0.000000E+00	8.997157E+01	0.000000E+00	3.348226E+02
	2.25E+01	6.00E+01	5	0.000000E+00	-9.002843E+01	0.000000E+00	-1.933091E+02
	2.25E+01	6.00E+01	6	0.000000E+00	-8.295256E-06	0.000000E+00	-7.216182E-16
	2.25E+01	9.00E+01	1	0.000000E+00	-9.002843E+01	0.000000E+00	-1.374021E-06
	2.25E+01	9.00E+01	2	0.000000E+00	8.997157E+01	0.000000E+00	3.143399E+01
	2.25E+01	9.00E+01	3	1.018523E+00	9.651319E-02	1.018522E+00	8.578368E-02
	2.25E+01	9.00E+01	4	0.000000E+00	8.997157E+01	0.000000E+00	3.866185E+02
	2.25E+01	9.00E+01	5	0.000000E+00	8.997157E+01	0.000000E+00	1.689959E-05
	2.25E+01	9.00E+01	6	0.000000E+00	9.000000E+01	0.000000E+00	7.284523E-23
	2.25E+01	1.20E+02	1	0.000000E+00	-9.002843E+01	0.000000E+00	-1.571710E+01
	2.25E+01	1.20E+02	2	0.000000E+00	8.997157E+01	0.000000E+00	2.722265E+01
	2.25E+01	1.20E+02	3	1.018530E+00	9.651364E-02	1.018528E+00	8.578462E-02
	2.25E+01	1.20E+02	4	0.000000E+00	8.997157E+01	0.000000E+00	3.348226E+02
	2.25E+01	1.20E+02	5	0.000000E+00	8.997157E+01	0.000000E+00	1.933090E+02
	2.25E+01	1.20E+02	6	0.000000E+00	1.800000E+02	0.000000E+00	7.216185E-16
	2.25E+01	1.50E+02	1	0.000000E+00	-9.002843E+01	0.000000E+00	-2.722279E+01
	2.25E+01	1.50E+02	2	0.000000E+00	8.997157E+01	0.000000E+00	1.571702E+01
	2.25E+01	1.50E+02	3	1.018523E+00	9.651284E-02	1.018522E+00	8.578341E-02
	2.25E+01	1.50E+02	4	0.000000E+00	8.997157E+01	0.000000E+00	1.933094E+02
	2.25E+01	1.50E+02	5	0.000000E+00	8.997157E+01	0.000000E+00	3.348232E+02
	2.25E+01	1.50E+02	6	0.000000E+00	1.800000E+02	0.000000E+00	7.216181E-16
	2.25E+01	1.80E+02	1	0.000000E+00	-9.002843E+01	0.000000E+00	-3.143422E+01
	2.25E+01	1.80E+02	2	0.000000E+00	-9.002843E+01	0.000000E+00	-2.748049E-06
	2.25E+01	1.80E+02	3	1.018531E+00	9.651382E-02	1.018530E+00	8.578491E-02
	2.25E+01	1.80E+02	4	0.000000E+00	-9.002843E+01	0.000000E+00	-3.379926E-05
	2.25E+01	1.80E+02	5	0.000000E+00	8.997157E+01	0.000000E+00	3.866183E+02
	2.25E+01	1.80E+02	6	0.000000E+00	-9.000000E+01	0.000000E+00	-1.456904E-22
	2.30E+01	-1.80E+02	1	0.000000E+00	-9.002594E+01	0.000000E+00	-3.055091E+01
	2.30E+01	-1.80E+02	2	0.000000E+00	8.997406E+01	0.000000E+00	2.670828E-06
	2.30E+01	-1.80E+02	3	1.040335E+00	9.052860E-02	1.040333E+00	8.218756E-02
	2.30E+01	-1.80E+02	4	0.000000E+00	8.997406E+01	0.000000E+00	3.288439E-05
	2.30E+01	-1.80E+02	5	0.000000E+00	8.997406E+01	0.000000E+00	3.761528E+02
	2.30E+01	-1.80E+02	6	0.000000E+00	9.000000E+01	0.000000E+00	1.173860E-22
	2.30E+01	-1.50E+02	1	0.000000E+00	-9.002594E+01	0.000000E+00	-2.645783E+01
	2.30E+01	-1.50E+02	2	0.000000E+00	-9.002594E+01	0.000000E+00	-1.527542E+01
	2.30E+01	-1.50E+02	3	1.040327E+00	9.052926E-02	1.040325E+00	8.218753E-02
	2.30E+01	-1.50E+02	4	0.000000E+00	-9.002594E+01	0.000000E+00	-1.880764E+02
	2.30E+01	-1.50E+02	5	0.000000E+00	8.997406E+01	0.000000E+00	3.257574E+02
	2.30E+01	-1.50E+02	6	0.000000E+00	-7.106090E-06	0.000000E+00	-5.814250E-16
	2.30E+01	-1.20E+02	1	0.000000E+00	-9.002594E+01	0.000000E+00	-1.527546E+01
	2.30E+01	-1.20E+02	2	0.000000E+00	-9.002594E+01	0.000000E+00	-2.645774E+01
	2.30E+01	-1.20E+02	3	1.040324E+00	9.052879E-02	1.040323E+00	8.218691E-02
	2.30E+01	-1.20E+02	4	0.000000E+00	-9.002594E+01	0.000000E+00	-3.257585E+02
	2.30E+01	-1.20E+02	5	0.000000E+00	8.997406E+01	0.000000E+00	1.880761E+02
	2.30E+01	-1.20E+02	6	0.000000E+00	-7.105185E-06	0.000000E+00	-5.814249E-16
	2.30E+01	-9.00E+01	1	0.000000E+00	-9.002594E+01	0.000000E+00	-1.335415E-06
	2.30E+01	-9.00E+01	2	0.000000E+00	-9.002594E+01	0.000000E+00	-3.055075E+01
	2.30E+01	-9.00E+01	3	1.040327E+00	9.052823E-02	1.040326E+00	8.218662E-02
	2.30E+01	-9.00E+01	4	0.000000E+00	-9.002594E+01	0.000000E+00	-3.761528E+02
	2.30E+01	-9.00E+01	5	0.000000E+00	8.997406E+01	0.000000E+00	1.644222E-05
	2.30E+01	-9.00E+01	6	0.000000E+00	-9.000000E+01	0.000000E+00	-5.869308E-23
	2.30E+01	-6.00E+01	1	0.000000E+00	8.997406E+01	0.000000E+00	1.527544E+01
	2.30E+01	-6.00E+01	2	0.000000E+00	-9.002594E+01	0.000000E+00	-2.645772E+01
	2.30E+01	-6.00E+01	3	1.040324E+00	9.052879E-02	1.040323E+00	8.218691E-02
	2.30E+01	-6.00E+01	4	0.000000E+00	-9.002594E+01	0.000000E+00	-3.257589E+02
	2.30E+01	-6.00E+01	5	0.000000E+00	-9.002594E+01	0.000000E+00	-1.880756E+02
	2.30E+01	-6.00E+01	6	0.000000E+00	1.800000E+02	0.000000E+00	5.814242E-16
	2.30E+01	-3.00E+01	1	0.000000E+00	8.997406E+01	0.000000E+00	2.645781E+01
	2.30E+01	-3.00E+01	2	0.000000E+00	-9.002594E+01	0.000000E+00	-1.527541E+01
	2.30E+01	-3.00E+01	3	1.040327E+00	9.052926E-02	1.040325E+00	8.218753E-02
	2.30E+01	-3.00E+01	4	0.000000E+00	-9.002594E+01	0.000000E+00	-1.880766E+02
	2.30E+01	-3.00E+01	5	0.000000E+00	-9.002594E+01	0.000000E+00	-3.257575E+02
	2.30E+01	-3.00E+01	6	0.000000E+00	1.800000E+02	0.000000E+00	5.814253E-16
	2.30E+01	0.00E+00	1	0.000000E+00	8.997406E+01	0.000000E+00	3.055091E+01
	2.30E+01	0.00E+00	2	0.000000E+00	9.000000E+01	0.000000E+00	0.000000E+00
	2.30E+01	0.00E+00	3	1.040335E+00	9.052860E-02	1.040333E+00	8.218756E-02
	2.30E+01	0.00E+00	4	0.000000E+00	9.000000E+01	0.000000E+00	0.000000E+00
	2.30E+01	0.00E+00	5	0.000000E+00	-9.002594E+01	0.000000E+00	-3.761528E+02
	2.30E+01	0.00E+00	6	0.000000E+00	9.000000E+01	0.000000E+00	0.000000E+00
	2.30E+01	3.00E+01	1	0.000000E+00	8.997406E+01	0.000000E+00	2.645781E+01
	2.30E+01	3.00E+01	2	0.000000E+00	8.997406E+01	0.000000E+00	1.527541E+01
	2.30E+01	3.00E+01	3	1.040327E+00	9.052926E-02	1.040325E+00	8.218753E-02
	2.30E+01	3.00E+01	4	0.000000E+00	8.997406E+01	0.000000E+00	1.880766E+02
	2.30E+01	3.00E+01	5	0.000000E+00	-9.002594E+01	0.000000E+00	-3.257575E+02
	2.30E+01	3.00E+01	6	0.000000E+00	-7.106097E-06	0.000000E+00	-5.814253E-16
	2.30E+01	6.00E+01	1	0.000000E+00	8.997406E+01	0.000000E+00	1.527544E+01
	2.30E+01	6.00E+01	2	0.000000E+00	8.997406E+01	0.000000E+00	2.645772E+01
	2.30E+01	6.00E+01	3	1.040324E+00	9.052879E-02	1.040323E+00	8.218691E-02
	2.30E+01	6.00E+01	4	0.000000E+00	8.997406E+01	0.000000E+00	3.257589E+02
	2.30E+01	6.00E+01	5	0.000000E+00	-9.002594E+01	0.000000E+00	-1.880756E+02
	2.30E+01	6.00E+01	6	0.000000E+00	-7.105184E-06	0.000000E+00	-5.814242E-16
	2.30E+01	9.00E+01	1	0.000000E+00	-9.002594E+01	0.000000E+00	-1.335415E-06
	2.30E+01	9.00E+01	2	0.000000E+00	8.997406E+01	0.000000E+00	3.055075E+01
	2.30E+01	9.00E+01	3	1.040327E+00	9.052823E-02	1.040326E+00	8.218662E-02
	2.30E+01	9.00E+01	4	0.000000E+00	8.997406E+01	0.000000E+00	3.761528E+02
	2.30E+01	9.00E+01	5	0.000000E+00	8.997406E+01	0.000000E+00	1.644222E-05
	2.30E+01	9.00E+01	6	0.000000E+00	9.000000E+01	0.000000E+00	5.869308E-23
	2.30E+01	1.20E+02	1	0.000000E+00	-9.002594E+01	0.000000E+00	-1.527546E+01
	2.30E+01	1.20E+02	2	0.000000E+00	8.997406E+01	0.000000E+00	2.645774E+01
	2.30E+01	1.20E+02	3	1.040324E+00	9.052879E-02	1.040323E+00	8.218691E-02
	2.30E+01	1.20E+02	4	0.000000E+00	8.997406E+01	0.000000E+00	3.257585E+02
	2.30E+01	1.20E+02	5	0.000000E+00	8.997406E+01	0.000000E+00	1.880761E+02
	2.30E+01	1.20E+02	6	0.000000E+00	1.800000E+02	0.000000E+00	5.814249E-16
	2.30E+01	1.50E+02	1	0.000000E+00	-9.002594E+01	0.000000E+00	-2.645783E+01
	2.30E+01	1.50E+02	2	0.000000E+00	8.997406E+01	0.000000E+00	1.527542E+01
	2.30E+01	1.50E+02	3	1.040327E+00	9.052926E-02	1.040325E+00	8.218753E-02
	2.30E+01	1.50E+02	4	0.000000E+00	8.997406E+01	0.000000E+00	1.880764E+02
	2.30E+01	1.50E+02	5	0.000000E+00	8.997406E+01	0.000000E+00	3.257574E+02
	2.30E+01	1.50E+02	6	0.000000E+00	1.800000E+02	0.000000E+00	5.814250E-16
	2.30E+01	1.80E+02	1	0.000000E+00	-9.002594E+01	0.000000E+00	-3.055091E+01
	2.30E+01	1.80E+02	2	0.000000E+00	-9.002594E+01	0.000000E+00	-2.670828E-06
	2.30E+01	1.80E+02	3	1.040335E+00	9.052860E-02	1.040333E+00	8.218756E-02
	2.30E+01	1.80E+02	4	0.000000E+00	-9.002594E+01	0.000000E+00	-3.288439E-05
	2.30E+01	1.80E+02	5	0.000000E+00	8.997406E+01	0.000000E+00	3.761528E+02
	2.30E+01	1.80E+02	6	0.000000E+00	-9.000000E+01	0.000000E+00	-1.173860E-22
	2.35E+01	-1.80E+02	1	0.000000E+00	-9.002375E+01	0.000000E+00	-2.971976E+01
	2.35E+01	-1.80E+02	2	0.000000E+00	8.997625E+01	0.000000E+00	2.598173E-06
	2.35E+01	-1.80E+02	3	1.060934E+00	8.508427E-02	1.060933E+00	7.877439E-02
	2.35E+01	-1.80E+02	4	0.000000E+00	8.997625E+01	0.000000E+00	3.202143E-05
	2.35E+01	-1.80E+02	5	0.000000E+00	8.997625E+01	0.000000E+00	3.662793E+02
	2.35E+01	-1.80E+02	6	0.000000E+00	9.000000E+01	0.000000E+00	9.535721E-23
	2.35E+01	-1.50E+02	1	0.000000E+00	-9.002375E+01	0.000000E+00	-2.573800E+01
	2.35E+01	-1.50E+02	2	0.000000E+00	-9.002375E+01	0.000000E+00	-1.485982E+01
	2.35E+01	-1.50E+02	3	1.060932E+00	8.508319E-02	1.060931E+00	7.877320E-02
	2.35E+01	-1.50E+02	4	0.000000E+00	-9.002375E+01	0.000000E+00	-1.831401E+02
	2.35E+01	-1.50E+02	5	0.000000E+00	8.997625E+01	0.000000E+00	3.172086E+02
	2.35E+01	-1.50E+02	6	0.000000E+00	-6.123732E-06	0.000000E+00	-4.723118E-16
	2.35E+01	-1.20E+02	1	0.000000E+00	-9.002375E+01	0.000000E+00	-1.485989E+01
	2.35E+01	-1.20E+02	2	0.000000E+00	-9.002375E+01	0.000000E+00	-2.573791E+01
	2.35E+01	-1.20E+02	3	1.060946E+00	8.508255E-02	1.060944E+00	7.877362E-02
	2.35E+01	-1.20E+02	4	0.000000E+00	-9.002375E+01	0.000000E+00	-3.172094E+02
	2.35E+01	-1.20E+02	5	0.000000E+00	8.997625E+01	0.000000E+00	1.831395E+02
	2.35E+01	-1.20E+02	6	0.000000E+00	-6.122976E-06	0.000000E+00	-4.723112E-16
	2.35E+01	-9.00E+01	1	0.000000E+00	-9.002375E+01	0.000000E+00	-1.299088E-06
	2.35E+01	-9.00E+01	2	0.000000E+00	-9.002375E+01	0.000000E+00	-2.971965E+01
	2.35E+01	-9.00E+01	3	1.060928E+00	8.508439E-02	1.060927E+00	7.877402E-02
	2.35E+01	-9.00E+01	4	0.000000E+00	-9.002375E+01	0.000000E+00	-3.662792E+02
	2.35E+01	-9.00E+01	5	0.000000E+00	8.997625E+01	0.000000E+00	1.601073E-05
	2.35E+01	-9.00E+01	6	0.000000E+00	-9.000000E+01	0.000000E+00	-4.767865E-23
	2.35E+01	-6.00E+01	1	0.000000E+00	8.997625E+01	0.000000E+00	1.485989E+01
	2.35E+01	-6.00E+01	2	0.000000E+00	-9.002375E+01	0.000000E+00	-2.573794E+01
	2.35E+01	-6.00E+01	3	1.060946E+00	8.508255E-02	1.060944E+00	7.877362E-02
	2.35E+01	-6.00E+01	4	0.000000E+00	-9.002375E+01	0.000000E+00	-3.172098E+02
	2.35E+01	-6.00E+01	5	0.000000E+00	-9.002375E+01	0.000000E+00	-1.831395E+02
	2.35E+01	-6.00E+01	6	0.000000E+00	1.800000E+02	0.000000E+00	4.723114E-16
	2.35E+01	-3.00E+01	1	0.000000E+00	8.997625E+01	0.000000E+00	2.573798E+01
	2.35E+01	-3.00E+01	2	0.000000E+00	-9.002375E+01	0.000000E+00	-1.485981E+01
	2.35E+01	-3.00E+01	3	1.060932E+00	8.508319E-02	1.060931E+00	7.877320E-02
	2.35E+01	-3.00E+01	4	0.000000E+00	-9.002375E+01	0.000000E+00	-1.831400E+02
	2.35E+01	-3.00E+01	5	0.000000E+00	-9.002375E+01	0.000000E+00	-3.172083E+02
	2.35E+01	-3.00E+01	6	0.000000E+00	1.800000E+02	0.000000E+00	4.723117E-16
	2.35E+01	0.00E+00	1	0.000000E+00	8.997625E+01	0.000000E+00	2.971976E+01
	2.35E+01	0.00E+00	2	0.000000E+00	9.000000E+01	0.000000E+00	0.000000E+00
	2.35E+01	0.00E+00	3	1.060934E+00	8.508427E-02	1.060933E+00	7.877439E-02
	2.35E+01	0.00E+00	4	0.000000E+00	9.000000E+01	0.000000E+00	0.000000E+00
	2.35E+01	0.00E+00	5	0.000000E+00	-9.002375E+01	0.000000E+00	-3.662793E+02
	2.35E+01	0.00E+00	6	0.000000E+00	9.000000E+01	0.000000E+00	0.000000E+00
	2.35E+01	3.00E+01	1	0.000000E+00	8.997625E+01	0.000000E+00	2.573798E+01
	2.35E+01	3.00E+01	2	0.000000E+00	8.997625E+01	0.000000E+00	1.485981E+01
	2.35E+01	3.00E+01	3	1.060932E+00	8.508319E-02	1.060931E+00	7.877320E-02
	2.35E+01	3.00E+01	4	0.000000E+00	8.997625E+01	0.000000E+00	1.831400E+02
	2.35E+01	3.00E+01	5	0.000000E+00	-9.002375E+01	0.000000E+00	-3.172083E+02
	2.35E+01	3.00E+01	6	0.000000E+00	-6.123726E-06	0.000000E+00	-4.723117E-16
	2.35E+01	6.00E+01	1	0.000000E+00	8.997625E+01	0.000000E+00	1.485989E+01
	2.35E+01	6.00E+01	2	0.000000E+00	8.997625E+01	0.000000E+00	2.573794E+01
	2.35E+01	6.00E+01	3	1.060946E+00	8.508255E-02	1.060944E+00	7.877362E-02
	2.35E+01	6.00E+01	4	0.000000E+00	8.997625E+01	0.000000E+00	3.172098E+02
	2.35E+01	6.00E+01	5	0.000000E+00	-9.002375E+01	0.000000E+00	-1.831395E+02
	2.35E+01	6.00E+01	6	0.000000E+00	-6.122983E-06	0.000000E+00	-4.723114E-16
	2.35E+01	9.00E+01	1	0.000000E+00	-9.002375E+01	0.000000E+00	-1.299088E-06
	2.35E+01	9.00E+01	2	0.000000E+00	8.997625E+01	0.000000E+00	2.971965E+01
	2.35E+01	9.00E+01	3	1.060928E+00	8.508439E-02	1.060927E+00	7.877402E-02
	2.35E+01	9.00E+01	4	0.000000E+00	8.997625E+01	0.000000E+00	3.662792E+02
	2.35E+01	9.00E+01	5	0.000000E+00	8.997625E+01	0.000000E+00	1.601073E-05
	2.35E+01	9.00E+01	6	0.000000E+00	9.000000E+01	0.000000E+00	4.767865E-23
	2.35E+01	1.20E+02	1	0.000000E+00	-9.002375E+01	0.000000E+00	-1.485989E+01
	2.35E+01	1.20E+02	2	0.000000E+00	8.997625E+01	0.000000E+00	2.573791E+01
	2.35E+01	1.20E+02	3	1.060946E+00	8.508255E-02	1.060944E+00	7.877362E-02
	2.35E+01	1.20E+02	4	0.000000E+00	8.997625E+01	0.000000E+00	3.172094E+02
	2.35E+01	1.20E+02	5	0.000000E+00	8.997625E+01	0.000000E+00	1.831395E+02
	2.35E+01	1.20E+02	6	0.000000E+00	1.800000E+02	0.000000E+00	4.723112E-16
	2.35E+01	1.50E+02	1	0.000000E+00	-9.002375E+01	0.000000E+00	-2.573800E+01
	2.35E+01	1.50E+02	2	0.000000E+00	8.997625E+01	0.000000E+00	1.485982E+01
	2.35E+01	1.50E+02	3	1.060932E+00	8.508319E-02	1.060931E+00	7.877320E-02
	2.35E+01	1.50E+02	4	0.000000E+00	8.997625E+01	0.000000E+00	1.831401E+02
	2.35E+01	1.50E+02	5	0.000000E+00	8.997625E+01	0.000000E+00	3.172086E+02
	2.35E+01	1.50E+02	6	0.000000E+00	1.800000E+02	0.000000E+00	4.723118E-16
	2.35E+01	1.80E+02	1	0.000000E+00	-9.002375E+01	0.000000E+00	-2.971976E+01
	2.35E+01	1.80E+02	2	0.000000E+00	-9.002375E+01	0.000000E+00	-2.598173E-06
	2.35E+01	1.80E+02	3	1.060934E+00	8.508427E-02	1.060933E+00	7.877439E-02
	2.35E+01	1.80E+02	4	0.000000E+00	-9.002375E+01	0.000000E+00	-3.202143E-05
	2.35E+01	1.80E+02	5	0.000000E+00	8.997625E+01	0.000000E+00	3.662793E+02
	2.35E+01	1.80E+02	6	0.000000E+00	-9.000000E+01	0.000000E+00	-9.535721E-23
	2.40E+01	-1.80E+02	1	0.000000E+00	-9.002184E+01	0.000000E+00	-2.893608E+01
	2.40E+01	-1.80E+02	2	0.000000E+00	8.997816E+01	0.000000E+00	2.529656E-06
	2.40E+01	-1.80E+02	3	1.080432E+00	8.011198E-02	1.080431E+00	7.553395E-02
	2.40E+01	-1.80E+02	4	0.000000E+00	8.997816E+01	0.000000E+00	3.120566E-05
	2.40E+01	-1.80E+02	5	0.000000E+00	8.997816E+01	0.000000E+00	3.569509E+02
	2.40E+01	-1.80E+02	6	0.000000E+00	9.000000E+01	0.000000E+00	7.807019E-23
	2.40E+01	-1.50E+02	1	0.000000E+00	-9.002184E+01	0.000000E+00	-2.505914E+01
	2.40E+01	-1.50E+02	2	0.000000E+00	-9.002184E+01	0.000000E+00	-1.446799E+01
	2.40E+01	-1.50E+02	3	1.080425E+00	8.011276E-02	1.080424E+00	7.553418E-02
	2.40E+01	-1.50E+02	4	0.000000E+00	-9.002184E+01	0.000000E+00	-1.784759E+02
	2.40E+01	-1.50E+02	5	0.000000E+00	8.997816E+01	0.000000E+00	3.091282E+02
	2.40E+01	-1.50E+02	6	0.000000E+00	-5.308204E-06	0.000000E+00	-3.866884E-16
	2.40E+01	-1.20E+02	1	0.000000E+00	-9.002184E+01	0.000000E+00	-1.446802E+01
	2.40E+01	-1.20E+02	2	0.000000E+00	-9.002184E+01	0.000000E+00	-2.505926E+01
	2.40E+01	-1.20E+02	3	1.080425E+00	8.011209E-02	1.080424E+00	7.553358E-02
	2.40E+01	-1.20E+02	4	0.000000E+00	-9.002184E+01	0.000000E+00	-3.091292E+02
	2.40E+01	-1.20E+02	5	0.000000E+00	8.997816E+01	0.000000E+00	1.784756E+02
	2.40E+01	-1.20E+02	6	0.000000E+00	-5.307595E-06	0.000000E+00	-3.866885E-16
	2.40E+01	-9.00E+01	1	0.000000E+00	-9.002184E+01	0.000000E+00	-1.264829E-06
	2.40E+01	-9.00E+01	2	0.000000E+00	-9.002184E+01	0.000000E+00	-2.893592E+01
	2.40E+01	-9.00E+01	3	1.080431E+00	8.011114E-02	1.080430E+00	7.553310E-02
	2.40E+01	-9.00E+01	4	0.000000E+00	-9.002184E+01	0.000000E+00	-3.569520E+02
	2.40E+01	-9.00E+01	5	0.000000E+00	8.997816E+01	0.000000E+00	1.560288E-05
	2.40E+01	-9.00E+01	6	0.000000E+00	-9.000000E+01	0.000000E+00	-3.903510E-23
	2.40E+01	-6.00E+01	1	0.000000E+00	8.997816E+01	0.000000E+00	1.446803E+01
	2.40E+01	-6.00E+01	2	0.000000E+00	-9.002184E+01	0.000000E+00	-2.505927E+01
	2.40E+01	-6.00E+01	3	1.080425E+00	8.011209E-02	1.080424E+00	7.553358E-02
	2.40E+01	-6.00E+01	4	0.000000E+00	-9.002184E+01	0.000000E+00	-3.091293E+02
	2.40E+01	-6.00E+01	5	0.000000E+00	-9.002184E+01	0.000000E+00	-1.784755E+02
	2.40E+01	-6.00E+01	6	0.000000E+00	1.800000E+02	0.000000E+00	3.866886E-16
	2.40E+01	-3.00E+01	1	0.000000E+00	8.997816E+01	0.000000E+00	2.505914E+01
	2.40E+01	-3.00E+01	2	0.000000E+00	-9.002184E+01	0.000000E+00	-1.446798E+01
	2.40E+01	-3.00E+01	3	1.080425E+00	8.011276E-02	1.080424E+00	7.553418E-02
	2.40E+01	-3.00E+01	4	0.000000E+00	-9.002184E+01	0.000000E+00	-1.784758E+02
	2.40E+01	-3.00E+01	5	0.000000E+00	-9.002184E+01	0.000000E+00	-3.091281E+02
	2.40E+01	-3.00E+01	6	0.000000E+00	1.800000E+02	0.000000E+00	3.866883E-16
	2.40E+01	0.00E+00	1	0.000000E+00	8.997816E+01	0.000000E+00	2.893608E+01
	2.40E+01	0.00E+00	2	0.000000E+00	9.000000E+01	0.000000E+00	0.000000E+00
	2.40E+01	0.00E+00	3	1.080432E+00	8.011198E-02	1.080431E+00	7.553395E-02
	2.40E+01	0.00E+00	4	0.000000E+00	9.000000E+01	0.000000E+00	0.000000E+00
	2.40E+01	0.00E+00	5	0.000000E+00	-9.002184E+01	0.000000E+00	-3.569509E+02
	2.40E+01	0.00E+00	6	0.000000E+00	9.000000E+01	0.000000E+00	0.000000E+00
	2.40E+01	3.00E+01	1	0.000000E+00	8.997816E+01	0.000000E+00	2.505914E+01
	2.40E+01	3.00E+01	2	0.000000E+00	8.997816E+01	0.000000E+00	1.446798E+01
	2.40E+01	3.00E+01	3	1.080425E+00	8.011276E-02	1.080424E+00	7.553418E-02
	2.40E+01	3.00E+01	4	0.000000E+00	8.997816E+01	0.000000E+00	1.784758E+02
	2.40E+01	3.00E+01	5	0.000000E+00	-9.002184E+01	0.000000E+00	-3.091281E+02
	2.40E+01	3.00E+01	6	0.000000E+00	-5.308201E-06	0.000000E+00	-3.866883E-16
	2.40E+01	6.00E+01	1	0.000000E+00	8.997816E+01	0.000000E+00	1.446803E+01
	2.40E+01	6.00E+01	2	0.000000E+00	8.997816E+01	0.000000E+00	2.505927E+01
	2.40E+01	6.00E+01	3	1.080425E+00	8.011209E-02	1.080424E+00	7.553358E-02
	2.40E+01	6.00E+01	4	0.000000E+00	8.997816E+01	0.000000E+00	3.091293E+02
	2.40E+01	6.00E+01	5	0.000000E+00	-9.002184E+01	0.000000E+00	-1.784755E+02
	2.40E+01	6.00E+01	6	0.000000E+00	-5.307592E-06	0.000000E+00	-3.866886E-16
	2.40E+01	9.00E+01	1	0.000000E+00	-9.002184E+01	0.000000E+00	-1.264829E-06
	2.40E+01	9.00E+01	2	0.000000E+00	8.997816E+01	0.000000E+00	2.893592E+01
	2.40E+01	9.00E+01	3	1.080431E+00	8.011114E-02	1.080430E+00	7.553310E-02
	2.40E+01	9.00E+01	4	0.000000E+00	8.997816E+01	0.000000E+00	3.569520E+02
	2.40E+01	9.00E+01	5	0.000000E+00	8.997816E+01	0.000000E+00	1.560288E-05
	2.40E+01	9.00E+01	6	0.000000E+00	9.000000E+01	0.000000E+00	3.903510E-23
	2.40E+01	1.20E+02	1	0.000000E+00	-9.002184E+01	0.000000E+00	-1.446802E+01
	2.40E+01	1.20E+02	2	0.000000E+00	8.997816E+01	0.000000E+00	2.505926E+01
	2.40E+01	1.20E+02	3	1.080425E+00	8.011209E-02	1.080424E+00	7.553358E-02
	2.40E+01	1.20E+02	4	0.000000E+00	8.997816E+01	0.000000E+00	3.091292E+02
	2.40E+01	1.20E+02	5	0.000000E+00	8.997816E+01	0.000000E+00	1.784756E+02
	2.40E+01	1.20E+02	6	0.000000E+00	1.800000E+02	0.000000E+00	3.866885E-16
	2.40E+01	1.50E+02	1	0.000000E+00	-9.002184E+01	0.000000E+00	-2.505914E+01
	2.40E+01	1.50E+02	2	0.000000E+00	8.997816E+01	0.000000E+00	1.446799E+01
	2.40E+01	1.50E+02	3	1.080425E+00	8.011276E-02	1.080424E+00	7.553418E-02
	2.40E+01	1.50E+02	4	0.000000E+00	8.997816E+01	0.000000E+00	1.784759E+02
	2.40E+01	1.50E+02	5	0.000000E+00	8.997816E+01	0.000000E+00	3.091282E+02
	2.40E+01	1.50E+02	6	0.000000E+00	1.800000E+02	0.000000E+00	3.866884E-16
	2.40E+01	1.80E+02	1	0.000000E+00	-9.002184E+01	0.000000E+00	-2.893608E+01
	2.40E+01	1.80E+02	2	0.000000E+00	-9.002184E+01	0.000000E+00	-2.529656E-06
	2.40E+01	1.80E+02	3	1.080432E+00	8.011198E-02	1.080431E+00	7.553395E-02
	2.40E+01	1.80E+02	4	0.000000E+00	-9.002184E+01	0.000000E+00	-3.120566E-05
	2.40E+01	1.80E+02	5	0.000000E+00	8.997816E+01	0.000000E+00	3.569509E+02
	2.40E+01	1.80E+02	6	0.000000E+00	-9.000000E+01	0.000000E+00	-7.807019E-23
	2.45E+01	-1.80E+02	1	0.000000E+00	-9.002013E+01	0.000000E+00	-2.819571E+01
	2.45E+01	-1.80E+02	2	0.000000E+00	8.997987E+01	0.000000E+00	2.464945E-06
	2.45E+01	-1.80E+02	3	1.098903E+00	7.558999E-02	1.098902E+00	7.248882E-02
	2.45E+01	-1.80E+02	4	0.000000E+00	8.997987E+01	0.000000E+00	3.043377E-05
	2.45E+01	-1.80E+02	5	0.000000E+00	8.997987E+01	0.000000E+00	3.481214E+02
	2.45E+01	-1.80E+02	6	0.000000E+00	9.000000E+01	0.000000E+00	6.437198E-23
	2.45E+01	-1.50E+02	1	0.000000E+00	-9.002013E+01	0.000000E+00	-2.441812E+01
	2.45E+01	-1.50E+02	2	0.000000E+00	-9.002013E+01	0.000000E+00	-1.409779E+01
	2.45E+01	-1.50E+02	3	1.098908E+00	7.559008E-02	1.098907E+00	7.248923E-02
	2.45E+01	-1.50E+02	4	0.000000E+00	-9.002013E+01	0.000000E+00	-1.740603E+02
	2.45E+01	-1.50E+02	5	0.000000E+00	8.997987E+01	0.000000E+00	3.014796E+02
	2.45E+01	-1.50E+02	6	0.000000E+00	-4.625554E-06	0.000000E+00	-3.188408E-16
	2.45E+01	-1.20E+02	1	0.000000E+00	-9.002013E+01	0.000000E+00	-1.409788E+01
	2.45E+01	-1.20E+02	2	0.000000E+00	-9.002013E+01	0.000000E+00	-2.441817E+01
	2.45E+01	-1.20E+02	3	1.098900E+00	7.558972E-02	1.098899E+00	7.248832E-02
	2.45E+01	-1.20E+02	4	0.000000E+00	-9.002013E+01	0.000000E+00	-3.014796E+02
	2.45E+01	-1.20E+02	5	0.000000E+00	8.997987E+01	0.000000E+00	1.740595E+02
	2.45E+01	-1.20E+02	6	0.000000E+00	-4.625051E-06	0.000000E+00	-3.188400E-16
	2.45E+01	-9.00E+01	1	0.000000E+00	-9.002013E+01	0.000000E+00	-1.232465E-06
	2.45E+01	-9.00E+01	2	0.000000E+00	-9.002013E+01	0.000000E+00	-2.819563E+01
	2.45E+01	-9.00E+01	3	1.098906E+00	7.558951E-02	1.098905E+00	7.248851E-02
	2.45E+01	-9.00E+01	4	0.000000E+00	-9.002013E+01	0.000000E+00	-3.481210E+02
	2.45E+01	-9.00E+01	5	0.000000E+00	8.997987E+01	0.000000E+00	1.521684E-05
	2.45E+01	-9.00E+01	6	0.000000E+00	-9.000000E+01	0.000000E+00	-3.218599E-23
	2.45E+01	-6.00E+01	1	0.000000E+00	8.997987E+01	0.000000E+00	1.409788E+01
	2.45E+01	-6.00E+01	2	0.000000E+00	-9.002013E+01	0.000000E+00	-2.441817E+01
	2.45E+01	-6.00E+01	3	1.098900E+00	7.559033E-02	1.098899E+00	7.248895E-02
	2.45E+01	-6.00E+01	4	0.000000E+00	-9.002013E+01	0.000000E+00	-3.014798E+02
	2.45E+01	-6.00E+01	5	0.000000E+00	-9.002013E+01	0.000000E+00	-1.740594E+02
	2.45E+01	-6.00E+01	6	0.000000E+00	1.800000E+02	0.000000E+00	3.188404E-16
	2.45E+01	-3.00E+01	1	0.000000E+00	8.997987E+01	0.000000E+00	2.441811E+01
	2.45E+01	-3.00E+01	2	0.000000E+00	-9.002013E+01	0.000000E+00	-1.409778E+01
	2.45E+01	-3.00E+01	3	1.098908E+00	7.559008E-02	1.098907E+00	7.248923E-02
	2.45E+01	-3.00E+01	4	0.000000E+00	-9.002013E+01	0.000000E+00	-1.740603E+02
	2.45E+01	-3.00E+01	5	0.000000E+00	-9.002013E+01	0.000000E+00	-3.014802E+02
	2.45E+01	-3.00E+01	6	0.000000E+00	1.800000E+02	0.000000E+00	3.188409E-16
	2.45E+01	0.00E+00	1	0.000000E+00	8.997987E+01	0.000000E+00	2.819571E+01
	2.45E+01	0.00E+00	2	0.000000E+00	9.000000E+01	0.000000E+00	0.000000E+00
	2.45E+01	0.00E+00	3	1.098903E+00	7.558999E-02	1.098902E+00	7.248882E-02
	2.45E+01	0.00E+00	4	0.000000E+00	9.000000E+01	0.000000E+00	0.000000E+00
	2.45E+01	0.00E+00	5	0.000000E+00	-9.002013E+01	0.000000E+00	-3.481214E+02
	2.45E+01	0.00E+00	6	0.000000E+00	9.000000E+01	0.000000E+00	0.000000E+00
	2.45E+01	3.00E+01	1	0.000000E+00	8.997987E+01	0.000000E+00	2.441811E+01
	2.45E+01	3.00E+01	2	0.000000E+00	8.997987E+01	0.000000E+00	1.409778E+01
	2.45E+01	3.00E+01	3	1.098908E+00	7.559008E-02	1.098907E+00	7.248923E-02
	2.45E+01	3.00E+01	4	0.000000E+00	8.997987E+01	0.000000E+00	1.740603E+02
	2.45E+01	3.00E+01	5	0.000000E+00	-9.002013E+01	0.000000E+00	-3.014802E+02
	2.45E+01	3.00E+01	6	0.000000E+00	-4.625557E-06	0.000000E+00	-3.188409E-16
	2.45E+01	6.00E+01	1	0.000000E+00	8.997987E+01	0.000000E+00	1.409788E+01
	2.45E+01	6.00E+01	2	0.000000E+00	8.997987E+01	0.000000E+00	2.441817E+01
	2.45E+01	6.00E+01	3	1.098900E+00	7.559033E-02	1.098899E+00	7.248895E-02
	2.45E+01	6.00E+01	4	0.000000E+00	8.997987E+01	0.000000E+00	3.014798E+02
	2.45E+01	6.00E+01	5	0.000000E+00	-9.002013E+01	0.000000E+00	-1.740594E+02
	2.45E+01	6.00E+01	6	0.000000E+00	-4.625052E-06	0.000000E+00	-3.188404E-16
	2.45E+01	9.00E+01	1	0.000000E+00	-9.002013E+01	0.000000E+00	-1.232465E-06
	2.45E+01	9.00E+01	2	0.000000E+00	8.997987E+01	0.000000E+00	2.819563E+01
	2.45E+01	9.00E+01	3	1.098906E+00	7.558951E-02	1.098905E+00	7.248851E-02
	2.45E+01	9.00E+01	4	0.000000E+00	8.997987E+01	0.000000E+00	3.481210E+02
	2.45E+01	9.00E+01	5	0.000000E+00	8.997987E+01	0.000000E+00	1.521684E-05
	2.45E+01	9.00E+01	6	0.000000E+00	9.000000E+01	0.000000E+00	3.218599E-23
	2.45E+01	1.20E+02	1	0.000000E+00	-9.002013E+01	0.000000E+00	-1.409788E+01
	2.45E+01	1.20E+02	2	0.000000E+00	8.997987E+01	0.000000E+00	2.441817E+01
	2.45E+01	1.20E+02	3	1.098900E+00	7.558972E-02	1.098899E+00	7.248832E-02
	2.45E+01	1.20E+02	4	0.000000E+00	8.997987E+01	0.000000E+00	3.014796E+02
	2.45E+01	1.20E+02	5	0.000000E+00	8.997987E+01	0.000000E+00	1.740595E+02
	2.45E+01	1.20E+02	6	0.000000E+00	1.800000E+02	0.000000E+00	3.188400E-16
	2.45E+01	1.50E+02	1	0.000000E+00	-9.002013E+01	0.000000E+00	-2.441812E+01
	2.45E+01	1.50E+02	2	0.000000E+00	8.997987E+01	0.000000E+00	1.409779E+01
	2.45E+01	1.50E+02	3	1.098908E+00	7.559008E-02	1.098907E+00	7.248923E-02
	2.45E+01	1.50E+02	4	0.000000E+00	8.997987E+01	0.000000E+00	1.740603E+02
	2.45E+01	1.50E+02	5	0.000000E+00	8.997987E+01	0.000000E+00	3.014796E+02
	2.45E+01	1.50E+02	6	0.000000E+00	1.800000E+02	0.000000E+00	3.188408E-16
	2.45E+01	1.80E+02	1	0.000000E+00	-9.002013E+01	0.000000E+00	-2.819571E+01
	2.45E+01	1.80E+02	2	0.000000E+00	-9.002013E+01	0.000000E+00	-2.464945E-06
	2.45E+01	1.80E+02	3	1.098903E+00	7.558999E-02	1.098902E+00	7.248882E-02
	2.45E+01	1.80E+02	4	0.000000E+00	-9.002013E+01	0.000000E+00	-3.043377E-05
	2.45E+01	1.80E+02	5	0.000000E+00	8.997987E+01	0.000000E+00	3.481214E+02
	2.45E+01	1.80E+02	6	0.000000E+00	-9.000000E+01	0.000000E+00	-6.437198E-23
	2.50E+01	-1.80E+02	1	0.000000E+00	-9.001862E+01	0.000000E+00	-2.749531E+01
	2.50E+01	-1.80E+02	2	0.000000E+00	8.998138E+01	0.000000E+00	2.403709E-06
	2.50E+01	-1.80E+02	3	1.116357E+00	7.144449E-02	1.116356E+00	6.960158E-02
	2.50E+01	-1.80E+02	4	0.000000E+00	8.998138E+01	0.000000E+00	2.970142E-05
	2.50E+01	-1.80E+02	5	0.000000E+00	8.998138E+01	0.000000E+00	3.397454E+02
	2.50E+01	-1.80E+02	6	0.000000E+00	9.000000E+01	0.000000E+00	5.341968E-23
	2.50E+01	-1.50E+02	1	0.000000E+00	-9.001862E+01	0.000000E+00	-2.381164E+01
	2.50E+01	-1.50E+02	2	0.000000E+00	-9.001862E+01	0.000000E+00	-1.374762E+01
	2.50E+01	-1.50E+02	3	1.116340E+00	7.144580E-02	1.116339E+00	6.960182E-02
	2.50E+01	-1.50E+02	4	0.000000E+00	-9.001862E+01	0.000000E+00	-1.698725E+02
	2.50E+01	-1.50E+02	5	0.000000E+00	8.998138E+01	0.000000E+00	2.942281E+02
	2.50E+01	-1.50E+02	6	0.000000E+00	-4.049738E-06	0.000000E+00	-2.645937E-16
	2.50E+01	-1.20E+02	1	0.000000E+00	-9.001862E+01	0.000000E+00	-1.374766E+01
	2.50E+01	-1.20E+02	2	0.000000E+00	-9.001862E+01	0.000000E+00	-2.381154E+01
	2.50E+01	-1.20E+02	3	1.116351E+00	7.144461E-02	1.116351E+00	6.960134E-02
	2.50E+01	-1.20E+02	4	0.000000E+00	-9.001862E+01	0.000000E+00	-2.942287E+02
	2.50E+01	-1.20E+02	5	0.000000E+00	8.998138E+01	0.000000E+00	1.698725E+02
	2.50E+01	-1.20E+02	6	0.000000E+00	-4.049319E-06	0.000000E+00	-2.645937E-16
	2.50E+01	-9.00E+01	1	0.000000E+00	-9.001862E+01	0.000000E+00	-1.201854E-06
	2.50E+01	-9.00E+01	2	0.000000E+00	-9.001862E+01	0.000000E+00	-2.749529E+01
	2.50E+01	-9.00E+01	3	1.116359E+00	7.144433E-02	1.116358E+00	6.960156E-02
	2.50E+01	-9.00E+01	4	0.000000E+00	-9.001862E+01	0.000000E+00	-3.397463E+02
	2.50E+01	-9.00E+01	5	0.000000E+00	8.998138E+01	0.000000E+00	1.485069E-05
	2.50E+01	-9.00E+01	6	0.000000E+00	-9.000000E+01	0.000000E+00	-2.670989E-23
	2.50E+01	-6.00E+01	1	0.000000E+00	8.998138E+01	0.000000E+00	1.374765E+01
	2.50E+01	-6.00E+01	2	0.000000E+00	-9.001862E+01	0.000000E+00	-2.381156E+01
	2.50E+01	-6.00E+01	3	1.116349E+00	7.144446E-02	1.116348E+00	6.960103E-02
	2.50E+01	-6.00E+01	4	0.000000E+00	-9.001862E+01	0.000000E+00	-2.942289E+02
	2.50E+01	-6.00E+01	5	0.000000E+00	-9.001862E+01	0.000000E+00	-1.698724E+02
	2.50E+01	-6.00E+01	6	0.000000E+00	1.800000E+02	0.000000E+00	2.645937E-16
	2.50E+01	-3.00E+01	1	0.000000E+00	8.998138E+01	0.000000E+00	2.381166E+01
	2.50E+01	-3.00E+01	2	0.000000E+00	-9.001862E+01	0.000000E+00	-1.374762E+01
	2.50E+01	-3.00E+01	3	1.116340E+00	7.144580E-02	1.116339E+00	6.960182E-02
	2.50E+01	-3.00E+01	4	0.000000E+00	-9.001862E+01	0.000000E+00	-1.698726E+02
	2.50E+01	-3.00E+01	5	0.000000E+00	-9.001862E+01	0.000000E+00	-2.942282E+02
	2.50E+01	-3.00E+01	6	0.000000E+00	1.800000E+02	0.000000E+00	2.645935E-16
	2.50E+01	0.00E+00	1	0.000000E+00	8.998138E+01	0.000000E+00	2.749531E+01
	2.50E+01	0.00E+00	2	0.000000E+00	9.000000E+01	0.000000E+00	0.000000E+00
	2.50E+01	0.00E+00	3	1.116357E+00	7.144449E-02	1.116356E+00	6.960158E-02
	2.50E+01	0.00E+00	4	0.000000E+00	9.000000E+01	0.000000E+00	0.000000E+00
	2.50E+01	0.00E+00	5	0.000000E+00	-9.001862E+01	0.000000E+00	-3.397454E+02
	2.50E+01	0.00E+00	6	0.000000E+00	9.000000E+01	0.000000E+00	0.000000E+00
	2.50E+01	3.00E+01	1	0.000000E+00	8.998138E+01	0.000000E+00	2.381166E+01
	2.50E+01	3.00E+01	2	0.000000E+00	8.998138E+01	0.000000E+00	1.374762E+01
	2.50E+01	3.00E+01	3	1.116340E+00	7.144580E-02	1.116339E+00	6.960182E-02
	2.50E+01	3.00E+01	4	0.000000E+00	8.998138E+01	0.000000E+00	1.698726E+02
	2.50E+01	3.00E+01	5	0.000000E+00	-9.001862E+01	0.000000E+00	-2.942282E+02
	2.50E+01	3.00E+01	6	0.000000E+00	-4.049732E-06	0.000000E+00	-2.645935E-16
	2.50E+01	6.00E+01	1	0.000000E+00	8.998138E+01	0.000000E+00	1.374765E+01
	2.50E+01	6.00E+01	2	0.000000E+00	8.998138E+01	0.000000E+00	2.381156E+01
	2.50E+01	6.00E+01	3	1.116349E+00	7.144446E-02	1.116348E+00	6.960103E-02
	2.50E+01	6.00E+01	4	0.000000E+00	8.998138E+01	0.000000E+00	2.942289E+02
	2.50E+01	6.00E+01	5	0.000000E+00	-9.001862E+01	0.000000E+00	-1.698724E+02
	2.50E+01	6.00E+01	6	0.000000E+00	-4.049309E-06	0.000000E+00	-2.645937E-16
	2.50E+01	9.00E+01	1	0.000000E+00	-9.001862E+01	0.000000E+00	-1.201854E-06
	2.50E+01	9.00E+01	2	0.000000E+00	8.998138E+01	0.000000E+00	2.749529E+01
	2.50E+01	9.00E+01	3	1.116359E+00	7.144433E-02	1.116358E+00	6.960156E-02
	2.50E+01	9.00E+01	4	0.000000E+00	8.998138E+01	0.000000E+00	3.397463E+02
	2.50E+01	9.00E+01	5	0.000000E+00	8.998138E+01	0.000000E+00	1.485069E-05
	2.50E+01	9.00E+01	6	0.000000E+00	9.000000E+01	0.000000E+00	2.670989E-23
	2.50E+01	1.20E+02	1	0.000000E+00	-9.001862E+01	0.000000E+00	-1.374766E+01
	2.50E+01	1.20E+02	2	0.000000E+00	8.998138E+01	0.000000E+00	2.381154E+01
	2.50E+01	1.20E+02	3	1.116351E+00	7.144461E-02	1.116351E+00	6.960134E-02
	2.50E+01	1.20E+02	4	0.000000E+00	8.998138E+01	0.000000E+00	2.942287E+02
	2.50E+01	1.20E+02	5	0.000000E+00	8.998138E+01	0.000000E+00	1.698725E+02
	2.50E+01	1.20E+02	6	0.000000E+00	1.800000E+02	0.000000E+00	2.645937E-16
	2.50E+01	1.50E+02	1	0.000000E+00	-9.001862E+01	0.000000E+00	-2.381164E+01
	2.50E+01	1.50E+02	2	0.000000E+00	8.998138E+01	0.000000E+00	1.374762E+01
	2.50E+01	1.50E+02	3	1.116340E+00	7.144580E-02	1.116339E+00	6.960182E-02
	2.50E+01	1.50E+02	4	0.000000E+00	8.998138E+01	0.000000E+00	1.698725E+02
	2.50E+01	1.50E+02	5	0.000000E+00	8.998138E+01	0.000000E+00	2.942281E+02
	2.50E+01	1.50E+02	6	0.000000E+00	1.800000E+02	0.000000E+00	2.645937E-16
	2.50E+01	1.80E+02	1	0.000000E+00	-9.001862E+01	0.000000E+00	-2.749531E+01
	2.50E+01	1.80E+02	2	0.000000E+00	-9.001862E+01	0.000000E+00	-2.403709E-06
	2.50E+01	1.80E+02	3	1.116357E+00	7.144449E-02	1.116356E+00	6.960158E-02
	2.50E+01	1.80E+02	4	0.000000E+00	-9.001862E+01	0.000000E+00	-2.970142E-05
	2.50E+01	1.80E+02	5	0.000000E+00	8.998138E+01	0.000000E+00	3.397454E+02
	2.50E+01	1.80E+02	6	0.000000E+00	-9.000000E+01	0.000000E+00	-5.341968E-23
	2.55E+01	-1.80E+02	1	0.000000E+00	-9.001728E+01	0.000000E+00	-2.683158E+01
	2.55E+01	-1.80E+02	2	0.000000E+00	8.998272E+01	0.000000E+00	2.345677E-06
	2.55E+01	-1.80E+02	3	1.132944E+00	6.762986E-02	1.132943E+00	6.686426E-02
	2.55E+01	-1.80E+02	4	0.000000E+00	8.998272E+01	0.000000E+00	2.900641E-05
	2.55E+01	-1.80E+02	5	0.000000E+00	8.998272E+01	0.000000E+00	3.317955E+02
	2.55E+01	-1.80E+02	6	0.000000E+00	9.000000E+01	0.000000E+00	4.461673E-23
	2.55E+01	-1.50E+02	1	0.000000E+00	-9.001728E+01	0.000000E+00	-2.323664E+01
	2.55E+01	-1.50E+02	2	0.000000E+00	-9.001728E+01	0.000000E+00	-1.341571E+01
	2.55E+01	-1.50E+02	3	1.132951E+00	6.763029E-02	1.132950E+00	6.686513E-02
	2.55E+01	-1.50E+02	4	0.000000E+00	-9.001728E+01	0.000000E+00	-1.658976E+02
	2.55E+01	-1.50E+02	5	0.000000E+00	8.998272E+01	0.000000E+00	2.873423E+02
	2.55E+01	-1.50E+02	6	0.000000E+00	-3.562654E-06	0.000000E+00	-2.209907E-16
	2.55E+01	-1.20E+02	1	0.000000E+00	-9.001728E+01	0.000000E+00	-1.341578E+01
	2.55E+01	-1.20E+02	2	0.000000E+00	-9.001728E+01	0.000000E+00	-2.323666E+01
	2.55E+01	-1.20E+02	3	1.132940E+00	6.762975E-02	1.132940E+00	6.686396E-02
	2.55E+01	-1.20E+02	4	0.000000E+00	-9.001728E+01	0.000000E+00	-2.873421E+02
	2.55E+01	-1.20E+02	5	0.000000E+00	8.998272E+01	0.000000E+00	1.658972E+02
	2.55E+01	-1.20E+02	6	0.000000E+00	-3.562321E-06	0.000000E+00	-2.209914E-16
	2.55E+01	-9.00E+01	1	0.000000E+00	-9.001728E+01	0.000000E+00	-1.172839E-06
	2.55E+01	-9.00E+01	2	0.000000E+00	-9.001728E+01	0.000000E+00	-2.683138E+01
	2.55E+01	-9.00E+01	3	1.132939E+00	6.762980E-02	1.132939E+00	6.686395E-02
	2.55E+01	-9.00E+01	4	0.000000E+00	-9.001728E+01	0.000000E+00	-3.317959E+02
	2.55E+01	-9.00E+01	5	0.000000E+00	8.998272E+01	0.000000E+00	1.450310E-05
	2.55E+01	-9.00E+01	6	0.000000E+00	-9.000000E+01	0.000000E+00	-2.230836E-23
	2.55E+01	-6.00E+01	1	0.000000E+00	8.998272E+01	0.000000E+00	1.341578E+01
	2.55E+01	-6.00E+01	2	0.000000E+00	-9.001728E+01	0.000000E+00	-2.323666E+01
	2.55E+01	-6.00E+01	3	1.132940E+00	6.762975E-02	1.132940E+00	6.686396E-02
	2.55E+01	-6.00E+01	4	0.000000E+00	-9.001728E+01	0.000000E+00	-2.873420E+02
	2.55E+01	-6.00E+01	5	0.000000E+00	-9.001728E+01	0.000000E+00	-1.658972E+02
	2.55E+01	-6.00E+01	6	0.000000E+00	1.800000E+02	0.000000E+00	2.209910E-16
	2.55E+01	-3.00E+01	1	0.000000E+00	8.998272E+01	0.000000E+00	2.323666E+01
	2.55E+01	-3.00E+01	2	0.000000E+00	-9.001728E+01	0.000000E+00	-1.341571E+01
	2.55E+01	-3.00E+01	3	1.132951E+00	6.763029E-02	1.132950E+00	6.686513E-02
	2.55E+01	-3.00E+01	4	0.000000E+00	-9.001728E+01	0.000000E+00	-1.658976E+02
	2.55E+01	-3.00E+01	5	0.000000E+00	-9.001728E+01	0.000000E+00	-2.873422E+02
	2.55E+01	-3.00E+01	6	0.000000E+00	1.800000E+02	0.000000E+00	2.209909E-16
	2.55E+01	0.00E+00	1	0.000000E+00	8.998272E+01	0.000000E+00	2.683158E+01
	2.55E+01	0.00E+00	2	0.000000E+00	9.000000E+01	0.000000E+00	0.000000E+00
	2.55E+01	0.00E+00	3	1.132944E+00	6.762986E-02	1.132943E+00	6.686426E-02
	2.55E+01	0.00E+00	4	0.000000E+00	9.000000E+01	0.000000E+00	0.000000E+00
	2.55E+01	0.00E+00	5	0.000000E+00	-9.001728E+01	0.000000E+00	-3.317955E+02
	2.55E+01	0.00E+00	6	0.000000E+00	9.000000E+01	0.000000E+00	0.000000E+00
	2.55E+01	3.00E+01	1	0.000000E+00	8.998272E+01	0.000000E+00	2.323666E+01
	2.55E+01	3.00E+01	2	0.000000E+00	8.998272E+01	0.000000E+00	1.341571E+01
	2.55E+01	3.00E+01	3	1.132951E+00	6.763029E-02	1.132950E+00	6.686513E-02
	2.55E+01	3.00E+01	4	0.000000E+00	8.998272E+01	0.000000E+00	1.658976E+02
	2.55E+01	3.00E+01	5	0.000000E+00	-9.001728E+01	0.000000E+00	-2.873422E+02
	2.55E+01	3.00E+01	6	0.000000E+00	-3.562659E-06	0.000000E+00	-2.209909E-16
	2.55E+01	6.00E+01	1	0.000000E+00	8.998272E+01	0.000000E+00	1.341578E+01
	2.55E+01	6.00E+01	2	0.000000E+00	8.998272E+01	0.000000E+00	2.323666E+01
	2.55E+01	6.00E+01	3	1.132940E+00	6.762975E-02	1.132940E+00	6.686396E-02
	2.55E+01	6.00E+01	4	0.000000E+00	8.998272E+01	0.000000E+00	2.873420E+02
	2.55E+01	6.00E+01	5	0.000000E+00	-9.001728E+01	0.000000E+00	-1.658972E+02
	2.55E+01	6.00E+01	6	0.000000E+00	-3.562318E-06	0.000000E+00	-2.209910E-16
	2.55E+01	9.00E+01	1	0.000000E+00	-9.001728E+01	0.000000E+00	-1.172839E-06
	2.55E+01	9.00E+01	2	0.000000E+00	8.998272E+01	0.000000E+00	2.683138E+01
	2.55E+01	9.00E+01	3	1.132939E+00	6.762980E-02	1.132939E+00	6.686395E-02
	2.55E+01	9.00E+01	4	0.000000E+00	8.998272E+01	0.000000E+00	3.317959E+02
	2.55E+01	9.00E+01	5	0.000000E+00	8.998272E+01	0.000000E+00	1.450310E-05
	2.55E+01	9.00E+01	6	0.000000E+00	9.000000E+01	0.000000E+00	2.230836E-23
	2.55E+01	1.20E+02	1	0.000000E+00	-9.001728E+01	0.000000E+00	-1.341578E+01
	2.55E+01	1.20E+02	2	0.000000E+00	8.998272E+01	0.000000E+00	2.323666E+01
	2.55E+01	1.20E+02	3	1.132940E+00	6.762975E-02	1.132940E+00	6.686396E-02
	2.55E+01	1.20E+02	4	0.000000E+00	8.998272E+01	0.000000E+00	2.873421E+02
	2.55E+01	1.20E+02	5	0.000000E+00	8.998272E+01	0.000000E+00	1.658972E+02
	2.55E+01	1.20E+02	6	0.000000E+00	1.800000E+02	0.000000E+00	2.209914E-16
	2.55E+01	1.50E+02	1	0.000000E+00	-9.001728E+01	0.000000E+00	-2.323664E+01
	2.55E+01	1.50E+02	2	0.000000E+00	8.998272E+01	0.000000E+00	1.341571E+01
	2.55E+01	1.50E+02	3	1.132951E+00	6.763029E-02	1.132950E+00	6.686513E-02
	2.55E+01	1.50E+02	4	0.000000E+00	8.998272E+01	0.000000E+00	1.658976E+02
	2.55E+01	1.50E+02	5	0.000000E+00	8.998272E+01	0.000000E+00	2.873423E+02
	2.55E+01	1.50E+02	6	0.000000E+00	1.800000E+02	0.000000E+00	2.209907E-16
	2.55E+01	1.80E+02	1	0.000000E+00	-9.001728E+01	0.000000E+00	-2.683158E+01
	2.55E+01	1.80E+02	2	0.000000E+00	-9.001728E+01	0.000000E+00	-2.345677E-06
	2.55E+01	1.80E+02	3	1.132944E+00	6.762986E-02	1.132943E+00	6.686426E-02
	2.55E+01	1.80E+02	4	0.000000E+00	-9.001728E+01	0.000000E+00	-2.900641E-05
	2.55E+01	1.80E+02	5	0.000000E+00	8.998272E+01	0.000000E+00	3.317955E+02
	2.55E+01	1.80E+02	6	0.000000E+00	-9.000000E+01	0.000000E+00	-4.461673E-23
	2.60E+01	-1.80E+02	1	0.000000E+00	-9.001608E+01	0.000000E+00	-2.620123E+01
	2.60E+01	-1.80E+02	2	0.000000E+00	8.998392E+01	0.000000E+00	2.290595E-06
	2.60E+01	-1.80E+02	3	1.148670E+00	6.411981E-02	1.148669E+00	6.427392E-02
	2.60E+01	-1.80E+02	4	0.000000E+00	8.998392E+01	0.000000E+00	2.834534E-05
	2.60E+01	-1.80E+02	5	0.000000E+00	8.998392E+01	0.000000E+00	3.242322E+02
	2.60E+01	-1.80E+02	6	0.000000E+00	9.000000E+01	0.000000E+00	3.747879E-23
	2.60E+01	-1.50E+02	1	0.000000E+00	-9.001608E+01	0.000000E+00	-2.269087E+01
	2.60E+01	-1.50E+02	2	0.000000E+00	-9.001608E+01	0.000000E+00	-1.310064E+01
	2.60E+01	-1.50E+02	3	1.148674E+00	6.411927E-02	1.148673E+00	6.427362E-02
	2.60E+01	-1.50E+02	4	0.000000E+00	-9.001608E+01	0.000000E+00	-1.621165E+02
	2.60E+01	-1.50E+02	5	0.000000E+00	8.998392E+01	0.000000E+00	2.807941E+02
	2.60E+01	-1.50E+02	6	0.000000E+00	-3.147412E-06	0.000000E+00	-1.856357E-16
	2.60E+01	-1.20E+02	1	0.000000E+00	-9.001608E+01	0.000000E+00	-1.310062E+01
	2.60E+01	-1.20E+02	2	0.000000E+00	-9.001608E+01	0.000000E+00	-2.269100E+01
	2.60E+01	-1.20E+02	3	1.148672E+00	6.411923E-02	1.148671E+00	6.427344E-02
	2.60E+01	-1.20E+02	4	0.000000E+00	-9.001608E+01	0.000000E+00	-2.807934E+02
	2.60E+01	-1.20E+02	5	0.000000E+00	8.998392E+01	0.000000E+00	1.621162E+02
	2.60E+01	-1.20E+02	6	0.000000E+00	-3.147123E-06	0.000000E+00	-1.856357E-16
	2.60E+01	-9.00E+01	1	0.000000E+00	-9.001608E+01	0.000000E+00	-1.145302E-06
	2.60E+01	-9.00E+01	2	0.000000E+00	-9.001608E+01	0.000000E+00	-2.620127E+01
	2.60E+01	-9.00E+01	3	1.148662E+00	6.411994E-02	1.148661E+00	6.427361E-02
	2.60E+01	-9.00E+01	4	0.000000E+00	-9.001608E+01	0.000000E+00	-3.242325E+02
	2.60E+01	-9.00E+01	5	0.000000E+00	8.998392E+01	0.000000E+00	1.417261E-05
	2.60E+01	-9.00E+01	6	0.000000E+00	-9.000000E+01	0.000000E+00	-1.873939E-23
	2.60E+01	-6.00E+01	1	0.000000E+00	8.998392E+01	0.000000E+00	1.310061E+01
	2.60E+01	-6.00E+01	2	0.000000E+00	-9.001608E+01	0.000000E+00	-2.269100E+01
	2.60E+01	-6.00E+01	3	1.148671E+00	6.411934E-02	1.148671E+00	6.427352E-02
	2.60E+01	-6.00E+01	4	0.000000E+00	-9.001608E+01	0.000000E+00	-2.807937E+02
	2.60E+01	-6.00E+01	5	0.000000E+00	-9.001608E+01	0.000000E+00	-1.621161E+02
	2.60E+01	-6.00E+01	6	0.000000E+00	1.800000E+02	0.000000E+00	1.856358E-16
	2.60E+01	-3.00E+01	1	0.000000E+00	8.998392E+01	0.000000E+00	2.269090E+01
	2.60E+01	-3.00E+01	2	0.000000E+00	-9.001608E+01	0.000000E+00	-1.310064E+01
	2.60E+01	-3.00E+01	3	1.148674E+00	6.411923E-02	1.148673E+00	6.427356E-02
	2.60E+01	-3.00E+01	4	0.000000E+00	-9.001608E+01	0.000000E+00	-1.621167E+02
	2.60E+01	-3.00E+01	5	0.000000E+00	-9.001608E+01	0.000000E+00	-2.807942E+02
	2.60E+01	-3.00E+01	6	0.000000E+00	1.800000E+02	0.000000E+00	1.856356E-16
	2.60E+01	0.00E+00	1	0.000000E+00	8.998392E+01	0.000000E+00	2.620123E+01
	2.60E+01	0.00E+00	2	0.000000E+00	9.000000E+01	0.000000E+00	0.000000E+00
	2.60E+01	0.00E+00	3	1.148670E+00	6.411981E-02	1.148669E+00	6.427392E-02
	2.60E+01	0.00E+00	4	0.000000E+00	9.000000E+01	0.000000E+00	0.000000E+00
	2.60E+01	0.00E+00	5	0.000000E+00	-9.001608E+01	0.000000E+00	-3.242322E+02
	2.60E+01	0.00E+00	6	0.000000E+00	9.000000E+01	0.000000E+00	0.000000E+00
	2.60E+01	3.00E+01	1	0.000000E+00	8.998392E+01	0.000000E+00	2.269090E+01
	2.60E+01	3.00E+01	2	0.000000E+00	8.998392E+01	0.000000E+00	1.310064E+01
	2.60E+01	3.00E+01	3	1.148674E+00	6.411923E-02	1.148673E+00	6.427356E-02
	2.60E+01	3.00E+01	4	0.000000E+00	8.998392E+01	0.000000E+00	1.621167E+02
	2.60E+01	3.00E+01	5	0.000000E+00	-9.001608E+01	0.000000E+00	-2.807942E+02
	2.60E+01	3.00E+01	6	0.000000E+00	-3.147413E-06	0.000000E+00	-1.856356E-16
	2.60E+01	6.00E+01	1	0.000000E+00	8.998392E+01	0.000000E+00	1.310061E+01
	2.60E+01	6.00E+01	2	0.000000E+00	8.998392E+01	0.000000E+00	2.269100E+01
	2.60E+01	6.00E+01	3	1.148671E+00	6.411934E-02	1.148671E+00	6.427352E-02
	2.60E+01	6.00E+01	4	0.000000E+00	8.998392E+01	0.000000E+00	2.807937E+02
	2.60E+01	6.00E+01	5	0.000000E+00	-9.001608E+01	0.000000E+00	-1.621161E+02
	2.60E+01	6.00E+01	6	0.000000E+00	-3.147124E-06	0.000000E+00	-1.856358E-16
	2.60E+01	9.00E+01	1	0.000000E+00	-9.001608E+01	0.000000E+00	-1.145302E-06
	2.60E+01	9.00E+01	2	0.000000E+00	8.998392E+01	0.000000E+00	2.620127E+01
	2.60E+01	9.00E+01	3	1.148662E+00	6.411994E-02	1.148661E+00	6.427361E-02
	2.60E+01	9.00E+01	4	0.000000E+00	8.998392E+01	0.000000E+00	3.242325E+02
	2.60E+01	9.00E+01	5	0.000000E+00	8.998392E+01	0.000000E+00	1.417261E-05
	2.60E+01	9.00E+01	6	0.000000E+00	9.000000E+01	0.000000E+00	1.873939E-23
	2.60E+01	1.20E+02	1	0.000000E+00	-9.001608E+01	0.000000E+00	-1.310062E+01
	2.60E+01	1.20E+02	2	0.000000E+00	8.998392E+01	0.000000E+00	2.269100E+01
	2.60E+01	1.20E+02	3	1.148672E+00	6.411923E-02	1.148671E+00	6.427344E-02
	2.60E+01	1.20E+02	4	0.000000E+00	8.998392E+01	0.000000E+00	2.807934E+02
	2.60E+01	1.20E+02	5	0.000000E+00	8.998392E+01	0.000000E+00	1.621162E+02
	2.60E+01	1.20E+02	6	0.000000E+00	1.800000E+02	0.000000E+00	1.856357E-16
	2.60E+01	1.50E+02	1	0.000000E+00	-9.001608E+01	0.000000E+00	-2.269087E+01
	2.60E+01	1.50E+02	2	0.000000E+00	8.998392E+01	0.000000E+00	1.310064E+01
	2.60E+01	1.50E+02	3	1.148674E+00	6.411927E-02	1.148673E+00	6.427362E-02
	2.60E+01	1.50E+02	4	0.000000E+00	8.998392E+01	0.000000E+00	1.621165E+02
	2.60E+01	1.50E+02	5	0.000000E+00	8.998392E+01	0.000000E+00	2.807941E+02
	2.60E+01	1.50E+02	6	0.000000E+00	1.800000E+02	0.000000E+00	1.856357E-16
	2.60E+01	1.80E+02	1	0.000000E+00	-9.001608E+01	0.000000E+00	-2.620123E+01
	2.60E+01	1.80E+02	2	0.000000E+00	-9.001608E+01	0.000000E+00	-2.290595E-06
	2.60E+01	1.80E+02	3	1.148670E+00	6.411981E-02	1.148669E+00	6.427392E-02
	2.60E+01	1.80E+02	4	0.000000E+00	-9.001608E+01	0.000000E+00	-2.834534E-05
	2.60E+01	1.80E+02	5	0.000000E+00	8.998392E+01	0.000000E+00	3.242322E+02
	2.60E+01	1.80E+02	6	0.000000E+00	-9.000000E+01	0.000000E+00	-3.747879E-23
	2.65E+01	-1.80E+02	1	0.000000E+00	-9.001500E+01	0.000000E+00	-2.560241E+01
	2.65E+01	-1.80E+02	2	0.000000E+00	8.998501E+01	0.000000E+00	2.238228E-06
	2.65E+01	-1.80E+02	3	1.163582E+00	6.088857E-02	1.163581E+00	6.182727E-02
	2.65E+01	-1.80E+02	4	0.000000E+00	8.998501E+01	0.000000E+00	2.771580E-05
	2.65E+01	-1.80E+02	5	0.000000E+00	8.998501E+01	0.000000E+00	3.170330E+02
	2.65E+01	-1.80E+02	6	0.000000E+00	9.000000E+01	0.000000E+00	3.166446E-23
	2.65E+01	-1.50E+02	1	0.000000E+00	-9.001500E+01	0.000000E+00	-2.217222E+01
	2.65E+01	-1.50E+02	2	0.000000E+00	-9.001500E+01	0.000000E+00	-1.280115E+01
	2.65E+01	-1.50E+02	3	1.163580E+00	6.088850E-02	1.163579E+00	6.182709E-02
	2.65E+01	-1.50E+02	4	0.000000E+00	-9.001500E+01	0.000000E+00	-1.585170E+02
	2.65E+01	-1.50E+02	5	0.000000E+00	8.998501E+01	0.000000E+00	2.745590E+02
	2.65E+01	-1.50E+02	6	0.000000E+00	-2.792614E-06	0.000000E+00	-1.568372E-16
	2.65E+01	-1.20E+02	1	0.000000E+00	-9.001500E+01	0.000000E+00	-1.280120E+01
	2.65E+01	-1.20E+02	2	0.000000E+00	-9.001500E+01	0.000000E+00	-2.217222E+01
	2.65E+01	-1.20E+02	3	1.163582E+00	6.088777E-02	1.163581E+00	6.182644E-02
	2.65E+01	-1.20E+02	4	0.000000E+00	-9.001500E+01	0.000000E+00	-2.745582E+02
	2.65E+01	-1.20E+02	5	0.000000E+00	8.998501E+01	0.000000E+00	1.585166E+02
	2.65E+01	-1.20E+02	6	0.000000E+00	-2.792370E-06	0.000000E+00	-1.568371E-16
	2.65E+01	-9.00E+01	1	0.000000E+00	-9.001500E+01	0.000000E+00	-1.119113E-06
	2.65E+01	-9.00E+01	2	0.000000E+00	-9.001500E+01	0.000000E+00	-2.560235E+01
	2.65E+01	-9.00E+01	3	1.163609E+00	6.088724E-02	1.163608E+00	6.182733E-02
	2.65E+01	-9.00E+01	4	0.000000E+00	-9.001500E+01	0.000000E+00	-3.170330E+02
	2.65E+01	-9.00E+01	5	0.000000E+00	8.998501E+01	0.000000E+00	1.385787E-05
	2.65E+01	-9.00E+01	6	0.000000E+00	-9.000000E+01	0.000000E+00	-1.583222E-23
	2.65E+01	-6.00E+01	1	0.000000E+00	8.998501E+01	0.000000E+00	1.280119E+01
	2.65E+01	-6.00E+01	2	0.000000E+00	-9.001500E+01	0.000000E+00	-2.217222E+01
	2.65E+01	-6.00E+01	3	1.163582E+00	6.088743E-02	1.163582E+00	6.182612E-02
	2.65E+01	-6.00E+01	4	0.000000E+00	-9.001500E+01	0.000000E+00	-2.745583E+02
	2.65E+01	-6.00E+01	5	0.000000E+00	-9.001500E+01	0.000000E+00	-1.585164E+02
	2.65E+01	-6.00E+01	6	0.000000E+00	1.800000E+02	0.000000E+00	1.568372E-16
	2.65E+01	-3.00E+01	1	0.000000E+00	8.998501E+01	0.000000E+00	2.217222E+01
	2.65E+01	-3.00E+01	2	0.000000E+00	-9.001500E+01	0.000000E+00	-1.280116E+01
	2.65E+01	-3.00E+01	3	1.163580E+00	6.088850E-02	1.163579E+00	6.182709E-02
	2.65E+01	-3.00E+01	4	0.000000E+00	-9.001500E+01	0.000000E+00	-1.585167E+02
	2.65E+01	-3.00E+01	5	0.000000E+00	-9.001500E+01	0.000000E+00	-2.745589E+02
	2.65E+01	-3.00E+01	6	0.000000E+00	1.800000E+02	0.000000E+00	1.568373E-16
	2.65E+01	0.00E+00	1	0.000000E+00	8.998501E+01	0.000000E+00	2.560241E+01
	2.65E+01	0.00E+00	2	0.000000E+00	9.000000E+01	0.000000E+00	0.000000E+00
	2.65E+01	0.00E+00	3	1.163582E+00	6.088857E-02	1.163581E+00	6.182727E-02
	2.65E+01	0.00E+00	4	0.000000E+00	9.000000E+01	0.000000E+00	0.000000E+00
	2.65E+01	0.00E+00	5	0.000000E+00	-9.001500E+01	0.000000E+00	-3.170330E+02
	2.65E+01	0.00E+00	6	0.000000E+00	9.000000E+01	0.000000E+00	0.000000E+00
	2.65E+01	3.00E+01	1	0.000000E+00	8.998501E+01	0.000000E+00	2.217222E+01
	2.65E+01	3.00E+01	2	0.000000E+00	8.998501E+01	0.000000E+00	1.280116E+01
	2.65E+01	3.00E+01	3	1.163580E+00	6.088850E-02	1.163579E+00	6.182709E-02
	2.65E+01	3.00E+01	4	0.000000E+00	8.998501E+01	0.000000E+00	1.585167E+02
	2.65E+01	3.00E+01	5	0.000000E+00	-9.001500E+01	0.000000E+00	-2.745589E+02
	2.65E+01	3.00E+01	6	0.000000E+00	-2.792611E-06	0.000000E+00	-1.568373E-16
	2.65E+01	6.00E+01	1	0.000000E+00	8.998501E+01	0.000000E+00	1.280119E+01
	2.65E+01	6.00E+01	2	0.000000E+00	8.998501E+01	0.000000E+00	2.217222E+01
	2.65E+01	6.00E+01	3	1.163582E+00	6.088743E-02	1.163582E+00	6.182612E-02
	2.65E+01	6.00E+01	4	0.000000E+00	8.998501E+01	0.000000E+00	2.745583E+02
	2.65E+01	6.00E+01	5	0.000000E+00	-9.001500E+01	0.000000E+00	-1.585164E+02
	2.65E+01	6.00E+01	6	0.000000E+00	-2.792367E-06	0.000000E+00	-1.568372E-16
	2.65E+01	9.00E+01	1	0.000000E+00	-9.001500E+01	0.000000E+00	-1.119113E-06
	2.65E+01	9.00E+01	2	0.000000E+00	8.998501E+01	0.000000E+00	2.560235E+01
	2.65E+01	9.00E+01	3	1.163609E+00	6.088724E-02	1.163608E+00	6.182733E-02
	2.65E+01	9.00E+01	4	0.000000E+00	8.998501E+01	0.000000E+00	3.170330E+02
	2.65E+01	9.00E+01	5	0.000000E+00	8.998501E+01	0.000000E+00	1.385787E-05
	2.65E+01	9.00E+01	6	0.000000E+00	9.000000E+01	0.000000E+00	1.583222E-23
	2.65E+01	1.20E+02	1	0.000000E+00	-9.001500E+01	0.000000E+00	-1.280120E+01
	2.65E+01	1.20E+02	2	0.000000E+00	8.998501E+01	0.000000E+00	2.217222E+01
	2.65E+01	1.20E+02	3	1.163582E+00	6.088777E-02	1.163581E+00	6.182644E-02
	2.65E+01	1.20E+02	4	0.000000E+00	8.998501E+01	0.000000E+00	2.745582E+02
	2.65E+01	1.20E+02	5	0.000000E+00	8.998501E+01	0.000000E+00	1.585166E+02
	2.65E+01	1.20E+02	6	0.000000E+00	1.800000E+02	0.000000E+00	1.568371E-16
	2.65E+01	1.50E+02	1	0.000000E+00	-9.001500E+01	0.000000E+00	-2.217222E+01
	2.65E+01	1.50E+02	2	0.000000E+00	8.998501E+01	0.000000E+00	1.280115E+01
	2.65E+01	1.50E+02	3	1.163580E+00	6.088850E-02	1.163579E+00	6.182709E-02
	2.65E+01	1.50E+02	4	0.000000E+00	8.998501E+01	0.000000E+00	1.585170E+02
	2.65E+01	1.50E+02	5	0.000000E+00	8.998501E+01	0.000000E+00	2.745590E+02
	2.65E+01	1.50E+02	6	0.000000E+00	1.800000E+02	0.000000E+00	1.568372E-16
	2.65E+01	1.80E+02	1	0.000000E+00	-9.001500E+01	0.000000E+00	-2.560241E+01
	2.65E+01	1.80E+02	2	0.000000E+00	-9.001500E+01	0.000000E+00	-2.238228E-06
	2.65E+01	1.80E+02	3	1.163582E+00	6.088857E-02	1.163581E+00	6.182727E-02
	2.65E+01	1.80E+02	4	0.000000E+00	-9.001500E+01	0.000000E+00	-2.771580E-05
	2.65E+01	1.80E+02	5	0.000000E+00	8.998501E+01	0.000000E+00	3.170330E+02
	2.65E+01	1.80E+02	6	0.000000E+00	-9.000000E+01	0.000000E+00	-3.166446E-23
	2.70E+01	-1.80E+02	1	0.000000E+00	-9.001402E+01	0.000000E+00	-2.503213E+01
	2.70E+01	-1.80E+02	2	0.000000E+00	8.998598E+01	0.000000E+00	2.188379E-06
	2.70E+01	-1.80E+02	3	1.177787E+00	5.790171E-02	1.177786E+00	5.951213E-02
	2.70E+01	-1.80E+02	4	0.000000E+00	8.998598E+01	0.000000E+00	2.711564E-05
	2.70E+01	-1.80E+02	5	0.000000E+00	8.998598E+01	0.000000E+00	3.101665E+02
	2.70E+01	-1.80E+02	6	0.000000E+00	9.000000E+01	0.000000E+00	2.688931E-23
	2.70E+01	-1.50E+02	1	0.000000E+00	-9.001402E+01	0.000000E+00	-2.167842E+01
	2.70E+01	-1.50E+02	2	0.000000E+00	-9.001402E+01	0.000000E+00	-1.251606E+01
	2.70E+01	-1.50E+02	3	1.177792E+00	5.790156E-02	1.177791E+00	5.951223E-02
	2.70E+01	-1.50E+02	4	0.000000E+00	-9.001402E+01	0.000000E+00	-1.550826E+02
	2.70E+01	-1.50E+02	5	0.000000E+00	8.998598E+01	0.000000E+00	2.686152E+02
	2.70E+01	-1.50E+02	6	0.000000E+00	-2.487122E-06	0.000000E+00	-1.331851E-16
	2.70E+01	-1.20E+02	1	0.000000E+00	-9.001402E+01	0.000000E+00	-1.251603E+01
	2.70E+01	-1.20E+02	2	0.000000E+00	-9.001402E+01	0.000000E+00	-2.167843E+01
	2.70E+01	-1.20E+02	3	1.177776E+00	5.790205E-02	1.177775E+00	5.951191E-02
	2.70E+01	-1.20E+02	4	0.000000E+00	-9.001402E+01	0.000000E+00	-2.686136E+02
	2.70E+01	-1.20E+02	5	0.000000E+00	8.998598E+01	0.000000E+00	1.550832E+02
	2.70E+01	-1.20E+02	6	0.000000E+00	-2.486916E-06	0.000000E+00	-1.331849E-16
	2.70E+01	-9.00E+01	1	0.000000E+00	-9.001402E+01	0.000000E+00	-1.094187E-06
	2.70E+01	-9.00E+01	2	0.000000E+00	-9.001402E+01	0.000000E+00	-2.503208E+01
	2.70E+01	-9.00E+01	3	1.177795E+00	5.790126E-02	1.177794E+00	5.951205E-02
	2.70E+01	-9.00E+01	4	0.000000E+00	-9.001402E+01	0.000000E+00	-3.101658E+02
	2.70E+01	-9.00E+01	5	0.000000E+00	8.998598E+01	0.000000E+00	1.355771E-05
	2.70E+01	-9.00E+01	6	0.000000E+00	-9.000000E+01	0.000000E+00	-1.344467E-23
	2.70E+01	-6.00E+01	1	0.000000E+00	8.998598E+01	0.000000E+00	1.251603E+01
	2.70E+01	-6.00E+01	2	0.000000E+00	-9.001402E+01	0.000000E+00	-2.167844E+01
	2.70E+01	-6.00E+01	3	1.177776E+00	5.790205E-02	1.177775E+00	5.951191E-02
	2.70E+01	-6.00E+01	4	0.000000E+00	-9.001402E+01	0.000000E+00	-2.686137E+02
	2.70E+01	-6.00E+01	5	0.000000E+00	-9.001402E+01	0.000000E+00	-1.550830E+02
	2.70E+01	-6.00E+01	6	0.000000E+00	1.800000E+02	0.000000E+00	1.331850E-16
	2.70E+01	-3.00E+01	1	0.000000E+00	8.998598E+01	0.000000E+00	2.167842E+01
	2.70E+01	-3.00E+01	2	0.000000E+00	-9.001402E+01	0.000000E+00	-1.251605E+01
	2.70E+01	-3.00E+01	3	1.177792E+00	5.790156E-02	1.177791E+00	5.951223E-02
	2.70E+01	-3.00E+01	4	0.000000E+00	-9.001402E+01	0.000000E+00	-1.550825E+02
	2.70E+01	-3.00E+01	5	0.000000E+00	-9.001402E+01	0.000000E+00	-2.686152E+02
	2.70E+01	-3.00E+01	6	0.000000E+00	1.800000E+02	0.000000E+00	1.331854E-16
	2.70E+01	0.00E+00	1	0.000000E+00	8.998598E+01	0.000000E+00	2.503213E+01
	2.70E+01	0.00E+00	2	0.000000E+00	9.000000E+01	0.000000E+00	0.000000E+00
	2.70E+01	0.00E+00	3	1.177787E+00	5.790171E-02	1.177786E+00	5.951213E-02
	2.70E+01	0.00E+00	4	0.000000E+00	9.000000E+01	0.000000E+00	0.000000E+00
	2.70E+01	0.00E+00	5	0.000000E+00	-9.001402E+01	0.000000E+00	-3.101665E+02
	2.70E+01	0.00E+00	6	0.000000E+00	9.000000E+01	0.000000E+00	0.000000E+00
	2.70E+01	3.00E+01	1	0.000000E+00	8.998598E+01	0.000000E+00	2.167842E+01
	2.70E+01	3.00E+01	2	0.000000E+00	8.998598E+01	0.000000E+00	1.251605E+01
	2.70E+01	3.00E+01	3	1.177792E+00	5.790156E-02	1.177791E+00	5.951223E-02
	2.70E+01	3.00E+01	4	0.000000E+00	8.998598E+01	0.000000E+00	1.550825E+02
	2.70E+01	3.00E+01	5	0.000000E+00	-9.001402E+01	0.000000E+00	-2.686152E+02
	2.70E+01	3.00E+01	6	0.000000E+00	-2.487128E-06	0.000000E+00	-1.331854E-16
	2.70E+01	6.00E+01	1	0.000000E+00	8.998598E+01	0.000000E+00	1.251603E+01
	2.70E+01	6.00E+01	2	0.000000E+00	8.998598E+01	0.000000E+00	2.167844E+01
	2.70E+01	6.00E+01	3	1.177776E+00	5.790205E-02	1.177775E+00	5.951191E-02
	2.70E+01	6.00E+01	4	0.000000E+00	8.998598E+01	0.000000E+00	2.686137E+02
	2.70E+01	6.00E+01	5	0.000000E+00	-9.001402E+01	0.000000E+00	-1.550830E+02
	2.70E+01	6.00E+01	6	0.000000E+00	-2.486918E-06	0.000000E+00	-1.331850E-16
	2.70E+01	9.00E+01	1	0.000000E+00	-9.001402E+01	0.000000E+00	-1.094187E-06
	2.70E+01	9.00E+01	2	0.000000E+00	8.998598E+01	0.000000E+00	2.503208E+01
	2.70E+01	9.00E+01	3	1.177795E+00	5.790126E-02	1.177794E+00	5.951205E-02
	2.70E+01	9.00E+01	4	0.000000E+00	8.998598E+01	0.000000E+00	3.101658E+02
	2.70E+01	9.00E+01	5	0.000000E+00	8.998598E+01	0.000000E+00	1.355771E-05
	2.70E+01	9.00E+01	6	0.000000E+00	9.000000E+01	0.000000E+00	1.344467E-23
	2.70E+01	1.20E+02	1	0.000000E+00	-9.001402E+01	0.000000E+00	-1.251603E+01
	2.70E+01	1.20E+02	2	0.000000E+00	8.998598E+01	0.000000E+00	2.167843E+01
	2.70E+01	1.20E+02	3	1.177776E+00	5.790205E-02	1.177775E+00	5.951191E-02
	2.70E+01	1.20E+02	4	0.000000E+00	8.998598E+01	0.000000E+00	2.686136E+02
	2.70E+01	1.20E+02	5	0.000000E+00	8.998598E+01	0.000000E+00	1.550832E+02
	2.70E+01	1.20E+02	6	0.000000E+00	1.800000E+02	0.000000E+00	1.331849E-16
	2.70E+01	1.50E+02	1	0.000000E+00	-9.001402E+01	0.000000E+00	-2.167842E+01
	2.70E+01	1.50E+02	2	0.000000E+00	8.998598E+01	0.000000E+00	1.251606E+01
	2.70E+01	1.50E+02	3	1.177792E+00	5.790156E-02	1.177791E+00	5.951223E-02
	2.70E+01	1.50E+02	4	0.000000E+00	8.998598E+01	0.000000E+00	1.550826E+02
	2.70E+01	1.50E+02	5	0.000000E+00	8.998598E+01	0.000000E+00	2.686152E+02
	2.70E+01	1.50E+02	6	0.000000E+00	1.800000E+02	0.000000E+00	1.331851E-16
	2.70E+01	1.80E+02	1	0.000000E+00	-9.001402E+01	0.000000E+00	-2.503213E+01
	2.70E+01	1.80E+02	2	0.000000E+00	-9.001402E+01	0.000000E+00	-2.188379E-06
	2.70E+01	1.80E+02	3	1.177787E+00	5.790171E-02	1.177786E+00	5.951213E-02
	2.70E+01	1.80E+02	4	0.000000E+00	-9.001402E+01	0.000000E+00	-2.711564E-05
	2.70E+01	1.80E+02	5	0.000000E+00	8.998598E+01	0.000000E+00	3.101665E+02
	2.70E+01	1.80E+02	6	0.000000E+00	-9.000000E+01	0.000000E+00	-2.688931E-23
	2.75E+01	-1.80E+02	1	0.000000E+00	-9.001315E+01	0.000000E+00	-2.448860E+01
	2.75E+01	-1.80E+02	2	0.000000E+00	8.998685E+01	0.000000E+00	2.140861E-06
	2.75E+01	-1.80E+02	3	1.191215E+00	5.514927E-02	1.191214E+00	5.732936E-02
	2.75E+01	-1.80E+02	4	0.000000E+00	8.998685E+01	0.000000E+00	2.654263E-05
	2.75E+01	-1.80E+02	5	0.000000E+00	8.998685E+01	0.000000E+00	3.036129E+02
	2.75E+01	-1.80E+02	6	0.000000E+00	9.000000E+01	0.000000E+00	2.295386E-23
	2.75E+01	-1.50E+02	1	0.000000E+00	-9.001315E+01	0.000000E+00	-2.120768E+01
	2.75E+01	-1.50E+02	2	0.000000E+00	-9.001315E+01	0.000000E+00	-1.224430E+01
	2.75E+01	-1.50E+02	3	1.191225E+00	5.514846E-02	1.191224E+00	5.732900E-02
	2.75E+01	-1.50E+02	4	0.000000E+00	-9.001315E+01	0.000000E+00	-1.518067E+02
	2.75E+01	-1.50E+02	5	0.000000E+00	8.998685E+01	0.000000E+00	2.629359E+02
	2.75E+01	-1.50E+02	6	0.000000E+00	-2.223827E-06	0.000000E+00	-1.136927E-16
	2.75E+01	-1.20E+02	1	0.000000E+00	-9.001315E+01	0.000000E+00	-1.224435E+01
	2.75E+01	-1.20E+02	2	0.000000E+00	-9.001315E+01	0.000000E+00	-2.120778E+01
	2.75E+01	-1.20E+02	3	1.191201E+00	5.514964E-02	1.191201E+00	5.732912E-02
	2.75E+01	-1.20E+02	4	0.000000E+00	-9.001315E+01	0.000000E+00	-2.629366E+02
	2.75E+01	-1.20E+02	5	0.000000E+00	8.998685E+01	0.000000E+00	1.518069E+02
	2.75E+01	-1.20E+02	6	0.000000E+00	-2.223644E-06	0.000000E+00	-1.136926E-16
	2.75E+01	-9.00E+01	1	0.000000E+00	-9.001315E+01	0.000000E+00	-1.070430E-06
	2.75E+01	-9.00E+01	2	0.000000E+00	-9.001315E+01	0.000000E+00	-2.448864E+01
	2.75E+01	-9.00E+01	3	1.191209E+00	5.514944E-02	1.191208E+00	5.732925E-02
	2.75E+01	-9.00E+01	4	0.000000E+00	-9.001315E+01	0.000000E+00	-3.036131E+02
	2.75E+01	-9.00E+01	5	0.000000E+00	8.998685E+01	0.000000E+00	1.327129E-05
	2.75E+01	-9.00E+01	6	0.000000E+00	-9.000000E+01	0.000000E+00	-1.147695E-23
	2.75E+01	-6.00E+01	1	0.000000E+00	8.998685E+01	0.000000E+00	1.224436E+01
	2.75E+01	-6.00E+01	2	0.000000E+00	-9.001315E+01	0.000000E+00	-2.120776E+01
	2.75E+01	-6.00E+01	3	1.191204E+00	5.514937E-02	1.191203E+00	5.732895E-02
	2.75E+01	-6.00E+01	4	0.000000E+00	-9.001315E+01	0.000000E+00	-2.629363E+02
	2.75E+01	-6.00E+01	5	0.000000E+00	-9.001315E+01	0.000000E+00	-1.518066E+02
	2.75E+01	-6.00E+01	6	0.000000E+00	1.800000E+02	0.000000E+00	1.136928E-16
	2.75E+01	-3.00E+01	1	0.000000E+00	8.998685E+01	0.000000E+00	2.120769E+01
	2.75E+01	-3.00E+01	2	0.000000E+00	-9.001315E+01	0.000000E+00	-1.224430E+01
	2.75E+01	-3.00E+01	3	1.191223E+00	5.514848E-02	1.191223E+00	5.732896E-02
	2.75E+01	-3.00E+01	4	0.000000E+00	-9.001315E+01	0.000000E+00	-1.518069E+02
	2.75E+01	-3.00E+01	5	0.000000E+00	-9.001315E+01	0.000000E+00	-2.629363E+02
	2.75E+01	-3.00E+01	6	0.000000E+00	1.800000E+02	0.000000E+00	1.136928E-16
	2.75E+01	0.00E+00	1	0.000000E+00	8.998685E+01	0.000000E+00	2.448860E+01
	2.75E+01	0.00E+00	2	0.000000E+00	9.000000E+01	0.000000E+00	0.000000E+00
	2.75E+01	0.00E+00	3	1.191215E+00	5.514927E-02	1.191214E+00	5.732936E-02
	2.75E+01	0.00E+00	4	0.000000E+00	9.000000E+01	0.000000E+00	0.000000E+00
	2.75E+01	0.00E+00	5	0.000000E+00	-9.001315E+01	0.000000E+00	-3.036129E+02
	2.75E+01	0.00E+00	6	0.000000E+00	9.000000E+01	0.000000E+00	0.000000E+00
	2.75E+01	3.00E+01	1	0.000000E+00	8.998685E+01	0.000000E+00	2.120769E+01
	2.75E+01	3.00E+01	2	0.000000E+00	8.998685E+01	0.000000E+00	1.224430E+01
	2.75E+01	3.00E+01	3	1.191223E+00	5.514848E-02	1.191223E+00	5.732896E-02
	2.75E+01	3.00E+01	4	0.000000E+00	8.998685E+01	0.000000E+00	1.518069E+02
	2.75E+01	3.00E+01	5	0.000000E+00	-9.001315E+01	0.000000E+00	-2.629363E+02
	2.75E+01	3.00E+01	6	0.000000E+00	-2.223828E-06	0.000000E+00	-1.136928E-16
	2.75E+01	6.00E+01	1	0.000000E+00	8.998685E+01	0.000000E+00	1.224436E+01
	2.75E+01	6.00E+01	2	0.000000E+00	8.998685E+01	0.000000E+00	2.120776E+01
	2.75E+01	6.00E+01	3	1.191204E+00	5.514937E-02	1.191203E+00	5.732895E-02
	2.75E+01	6.00E+01	4	0.000000E+00	8.998685E+01	0.000000E+00	2.629363E+02
	2.75E+01	6.00E+01	5	0.000000E+00	-9.001315E+01	0.000000E+00	-1.518066E+02
	2.75E+01	6.00E+01	6	0.000000E+00	-2.223646E-06	0.000000E+00	-1.136928E-16
	2.75E+01	9.00E+01	1	0.000000E+00	-9.001315E+01	0.000000E+00	-1.070430E-06
	2.75E+01	9.00E+01	2	0.000000E+00	8.998685E+01	0.000000E+00	2.448864E+01
	2.75E+01	9.00E+01	3	1.191209E+00	5.514944E-02	1.191208E+00	5.732925E-02
	2.75E+01	9.00E+01	4	0.000000E+00	8.998685E+01	0.000000E+00	3.036131E+02
	2.75E+01	9.00E+01	5	0.000000E+00	8.998685E+01	0.000000E+00	1.327129E-05
	2.75E+01	9.00E+01	6	0.000000E+00	9.000000E+01	0.000000E+00	1.147695E-23
	2.75E+01	1.20E+02	1	0.000000E+00	-9.001315E+01	0.000000E+00	-1.224435E+01
	2.75E+01	1.20E+02	2	0.000000E+00	8.998685E+01	0.000000E+00	2.120778E+01
	2.75E+01	1.20E+02	3	1.191201E+00	5.514964E-02	1.191201E+00	5.732912E-02
	2.75E+01	1.20E+02	4	0.000000E+00	8.998685E+01	0.000000E+00	2.629366E+02
	2.75E+01	1.20E+02	5	0.000000E+00	8.998685E+01	0.000000E+00	1.518069E+02
	2.75E+01	1.20E+02	6	0.000000E+00	1.800000E+02	0.000000E+00	1.136926E-16
	2.75E+01	1.50E+02	1	0.000000E+00	-9.001315E+01	0.000000E+00	-2.120768E+01
	2.75E+01	1.50E+02	2	0.000000E+00	8.998685E+01	0.000000E+00	1.224430E+01
	2.75E+01	1.50E+02	3	1.191225E+00	5.514846E-02	1.191224E+00	5.732900E-02
	2.75E+01	1.50E+02	4	0.000000E+00	8.998685E+01	0.000000E+00	1.518067E+02
	2.75E+01	1.50E+02	5	0.000000E+00	8.998685E+01	0.000000E+00	2.629359E+02
	2.75E+01	1.50E+02	6	0.000000E+00	1.800000E+02	0.000000E+00	1.136927E-16
	2.75E+01	1.80E+02	1	0.000000E+00	-9.001315E+01	0.000000E+00	-2.448860E+01
	2.75E+01	1.80E+02	2	0.000000E+00	-9.001315E+01	0.000000E+00	-2.140861E-06
	2.75E+01	1.80E+02	3	1.191215E+00	5.514927E-02	1.191214E+00	5.732936E-02
	2.75E+01	1.80E+02	4	0.000000E+00	-9.001315E+01	0.000000E+00	-2.654263E-05
	2.75E+01	1.80E+02	5	0.000000E+00	8.998685E+01	0.000000E+00	3.036129E+02
	2.75E+01	1.80E+02	6	0.000000E+00	-9.000000E+01	0.000000E+00	-2.295386E-23
	2.80E+01	-1.80E+02	1	0.000000E+00	-9.001235E+01	0.000000E+00	-2.396982E+01
	2.80E+01	-1.80E+02	2	0.000000E+00	8.998766E+01	0.000000E+00	2.095506E-06
	2.80E+01	-1.80E+02	3	1.204056E+00	5.258005E-02	1.204055E+00	5.524778E-02
	2.80E+01	-1.80E+02	4	0.000000E+00	8.998766E+01	0.000000E+00	2.599497E-05
	2.80E+01	-1.80E+02	5	0.000000E+00	8.998766E+01	0.000000E+00	2.973465E+02
	2.80E+01	-1.80E+02	6	0.000000E+00	9.000000E+01	0.000000E+00	1.968003E-23
	2.80E+01	-1.50E+02	1	0.000000E+00	-9.001235E+01	0.000000E+00	-2.075847E+01
	2.80E+01	-1.50E+02	2	0.000000E+00	-9.001235E+01	0.000000E+00	-1.198490E+01
	2.80E+01	-1.50E+02	3	1.204043E+00	5.258006E-02	1.204043E+00	5.524722E-02
	2.80E+01	-1.50E+02	4	0.000000E+00	-9.001235E+01	0.000000E+00	-1.486737E+02
	2.80E+01	-1.50E+02	5	0.000000E+00	8.998766E+01	0.000000E+00	2.575096E+02
	2.80E+01	-1.50E+02	6	0.000000E+00	-1.994666E-06	0.000000E+00	-9.747705E-17
	2.80E+01	-1.20E+02	1	0.000000E+00	-9.001235E+01	0.000000E+00	-1.198489E+01
	2.80E+01	-1.20E+02	2	0.000000E+00	-9.001235E+01	0.000000E+00	-2.075847E+01
	2.80E+01	-1.20E+02	3	1.204052E+00	5.257978E-02	1.204051E+00	5.524732E-02
	2.80E+01	-1.20E+02	4	0.000000E+00	-9.001235E+01	0.000000E+00	-2.575095E+02
	2.80E+01	-1.20E+02	5	0.000000E+00	8.998766E+01	0.000000E+00	1.486736E+02
	2.80E+01	-1.20E+02	6	0.000000E+00	-1.994510E-06	0.000000E+00	-9.747703E-17
	2.80E+01	-9.00E+01	1	0.000000E+00	-9.001235E+01	0.000000E+00	-1.047759E-06
	2.80E+01	-9.00E+01	2	0.000000E+00	-9.001235E+01	0.000000E+00	-2.396982E+01
	2.80E+01	-9.00E+01	3	1.204045E+00	5.258033E-02	1.204045E+00	5.524760E-02
	2.80E+01	-9.00E+01	4	0.000000E+00	-9.001235E+01	0.000000E+00	-2.973472E+02
	2.80E+01	-9.00E+01	5	0.000000E+00	8.998766E+01	0.000000E+00	1.299746E-05
	2.80E+01	-9.00E+01	6	0.000000E+00	-9.000000E+01	0.000000E+00	-9.840009E-24
	2.80E+01	-6.00E+01	1	0.000000E+00	8.998766E+01	0.000000E+00	1.198489E+01
	2.80E+01	-6.00E+01	2	0.000000E+00	-9.001235E+01	0.000000E+00	-2.075848E+01
	2.80E+01	-6.00E+01	3	1.204052E+00	5.257978E-02	1.204051E+00	5.524732E-02
	2.80E+01	-6.00E+01	4	0.000000E+00	-9.001235E+01	0.000000E+00	-2.575096E+02
	2.80E+01	-6.00E+01	5	0.000000E+00	-9.001235E+01	0.000000E+00	-1.486735E+02
	2.80E+01	-6.00E+01	6	0.000000E+00	1.800000E+02	0.000000E+00	9.747722E-17
	2.80E+01	-3.00E+01	1	0.000000E+00	8.998766E+01	0.000000E+00	2.075847E+01
	2.80E+01	-3.00E+01	2	0.000000E+00	-9.001235E+01	0.000000E+00	-1.198489E+01
	2.80E+01	-3.00E+01	3	1.204043E+00	5.258006E-02	1.204043E+00	5.524722E-02
	2.80E+01	-3.00E+01	4	0.000000E+00	-9.001235E+01	0.000000E+00	-1.486737E+02
	2.80E+01	-3.00E+01	5	0.000000E+00	-9.001235E+01	0.000000E+00	-2.575096E+02
	2.80E+01	-3.00E+01	6	0.000000E+00	1.800000E+02	0.000000E+00	9.747717E-17
	2.80E+01	0.00E+00	1	0.000000E+00	8.998766E+01	0.000000E+00	2.396982E+01
	2.80E+01	0.00E+00	2	0.000000E+00	9.000000E+01	0.000000E+00	0.000000E+00
	2.80E+01	0.00E+00	3	1.204056E+00	5.258005E-02	1.204055E+00	5.524778E-02
	2.80E+01	0.00E+00	4	0.000000E+00	9.000000E+01	0.000000E+00	0.000000E+00
	2.80E+01	0.00E+00	5	0.000000E+00	-9.001235E+01	0.000000E+00	-2.973465E+02
	2.80E+01	0.00E+00	6	0.000000E+00	9.000000E+01	0.000000E+00	0.000000E+00
	2.80E+01	3.00E+01	1	0.000000E+00	8.998766E+01	0.000000E+00	2.075847E+01
	2.80E+01	3.00E+01	2	0.000000E+00	8.998766E+01	0.000000E+00	1.198489E+01
	2.80E+01	3.00E+01	3	1.204043E+00	5.258006E-02	1.204043E+00	5.524722E-02
	2.80E+01	3.00E+01	4	0.000000E+00	8.998766E+01	0.000000E+00	1.486737E+02
	2.80E+01	3.00E+01	5	0.000000E+00	-9.001235E+01	0.000000E+00	-2.575096E+02
	2.80E+01	3.00E+01	6	0.000000E+00	-1.994669E-06	0.000000E+00	-9.747717E-17
	2.80E+01	6.00E+01	1	0.000000E+00	8.998766E+01	0.000000E+00	1.198489E+01
	2.80E+01	6.00E+01	2	0.000000E+00	8.998766E+01	0.000000E+00	2.075848E+01
	2.80E+01	6.00E+01	3	1.204052E+00	5.257978E-02	1.204051E+00	5.524732E-02
	2.80E+01	6.00E+01	4	0.000000E+00	8.998766E+01	0.000000E+00	2.575096E+02
	2.80E+01	6.00E+01	5	0.000000E+00	-9.001235E+01	0.000000E+00	-1.486735E+02
	2.80E+01	6.00E+01	6	0.000000E+00	-1.994516E-06	0.000000E+00	-9.747722E-17
	2.80E+01	9.00E+01	1	0.000000E+00	-9.001235E+01	0.000000E+00	-1.047759E-06
	2.80E+01	9.00E+01	2	0.000000E+00	8.998766E+01	0.000000E+00	2.396982E+01
	2.80E+01	9.00E+01	3	1.204045E+00	5.258033E-02	1.204045E+00	5.524760E-02
	2.80E+01	9.00E+01	4	0.000000E+00	8.998766E+01	0.000000E+00	2.973472E+02
	2.80E+01	9.00E+01	5	0.000000E+00	8.998766E+01	0.000000E+00	1.299746E-05
	2.80E+01	9.00E+01	6	0.000000E+00	9.000000E+01	0.000000E+00	9.840009E-24
	2.80E+01	1.20E+02	1	0.000000E+00	-9.001235E+01	0.000000E+00	-1.198489E+01
	2.80E+01	1.20E+02	2	0.000000E+00	8.998766E+01	0.000000E+00	2.075847E+01
	2.80E+01	1.20E+02	3	1.204052E+00	5.257978E-02	1.204051E+00	5.524732E-02
	2.80E+01	1.20E+02	4	0.000000E+00	8.998766E+01	0.000000E+00	2.575095E+02
	2.80E+01	1.20E+02	5	0.000000E+00	8.998766E+01	0.000000E+00	1.486736E+02
	2.80E+01	1.20E+02	6	0.000000E+00	1.800000E+02	0.000000E+00	9.747703E-17
	2.80E+01	1.50E+02	1	0.000000E+00	-9.001235E+01	0.000000E+00	-2.075847E+01
	2.80E+01	1.50E+02	2	0.000000E+00	8.998766E+01	0.000000E+00	1.198490E+01
	2.80E+01	1.50E+02	3	1.204043E+00	5.258006E-02	1.204043E+00	5.524722E-02
	2.80E+01	1.50E+02	4	0.000000E+00	8.998766E+01	0.000000E+00	1.486737E+02
	2.80E+01	1.50E+02	5	0.000000E+00	8.998766E+01	0.000000E+00	2.575096E+02
	2.80E+01	1.50E+02	6	0.000000E+00	1.800000E+02	0.000000E+00	9.747705E-17
	2.80E+01	1.80E+02	1	0.000000E+00	-9.001235E+01	0.000000E+00	-2.396982E+01
	2.80E+01	1.80E+02	2	0.000000E+00	-9.001235E+01	0.000000E+00	-2.095506E-06
	2.80E+01	1.80E+02	3	1.204056E+00	5.258005E-02	1.204055E+00	5.524778E-02
	2.80E+01	1.80E+02	4	0.000000E+00	-9.001235E+01	0.000000E+00	-2.599497E-05
	2.80E+01	1.80E+02	5	0.000000E+00	8.998766E+01	0.000000E+00	2.973465E+02
	2.80E+01	1.80E+02	6	0.000000E+00	-9.000000E+01	0.000000E+00	-1.968003E-23
	2.85E+01	-1.80E+02	1	0.000000E+00	-9.001163E+01	0.000000E+00	-2.347410E+01
	2.85E+01	-1.80E+02	2	0.000000E+00	8.998838E+01	0.000000E+00	2.052179E-06
	2.85E+01	-1.80E+02	3	1.216247E+00	5.019299E-02	1.216246E+00	5.327361E-02
	2.85E+01	-1.80E+02	4	0.000000E+00	8.998838E+01	0.000000E+00	2.547088E-05
	2.85E+01	-1.80E+02	5	0.000000E+00	8.998838E+01	0.000000E+00	2.913517E+02
	2.85E+01	-1.80E+02	6	0.000000E+00	9.000000E+01	0.000000E+00	1.695215E-23
	2.85E+01	-1.50E+02	1	0.000000E+00	-9.001163E+01	0.000000E+00	-2.032916E+01
	2.85E+01	-1.50E+02	2	0.000000E+00	-9.001163E+01	0.000000E+00	-1.173707E+01
	2.85E+01	-1.50E+02	3	1.216248E+00	5.019329E-02	1.216248E+00	5.327398E-02
	2.85E+01	-1.50E+02	4	0.000000E+00	-9.001163E+01	0.000000E+00	-1.456763E+02
	2.85E+01	-1.50E+02	5	0.000000E+00	8.998838E+01	0.000000E+00	2.523180E+02
	2.85E+01	-1.50E+02	6	0.000000E+00	-1.795430E-06	0.000000E+00	-8.396531E-17
	2.85E+01	-1.20E+02	1	0.000000E+00	-9.001163E+01	0.000000E+00	-1.173705E+01
	2.85E+01	-1.20E+02	2	0.000000E+00	-9.001163E+01	0.000000E+00	-2.032916E+01
	2.85E+01	-1.20E+02	3	1.216242E+00	5.019283E-02	1.216241E+00	5.327321E-02
	2.85E+01	-1.20E+02	4	0.000000E+00	-9.001163E+01	0.000000E+00	-2.523191E+02
	2.85E+01	-1.20E+02	5	0.000000E+00	8.998838E+01	0.000000E+00	1.456764E+02
	2.85E+01	-1.20E+02	6	0.000000E+00	-1.795299E-06	0.000000E+00	-8.396532E-17
	2.85E+01	-9.00E+01	1	0.000000E+00	-9.001163E+01	0.000000E+00	-1.026089E-06
	2.85E+01	-9.00E+01	2	0.000000E+00	-9.001163E+01	0.000000E+00	-2.347414E+01
	2.85E+01	-9.00E+01	3	1.216254E+00	5.019311E-02	1.216254E+00	5.327407E-02
	2.85E+01	-9.00E+01	4	0.000000E+00	-9.001163E+01	0.000000E+00	-2.913523E+02
	2.85E+01	-9.00E+01	5	0.000000E+00	8.998838E+01	0.000000E+00	1.273542E-05
	2.85E+01	-9.00E+01	6	0.000000E+00	-9.000000E+01	0.000000E+00	-8.476071E-24
	2.85E+01	-6.00E+01	1	0.000000E+00	8.998838E+01	0.000000E+00	1.173703E+01
	2.85E+01	-6.00E+01	2	0.000000E+00	-9.001163E+01	0.000000E+00	-2.032916E+01
	2.85E+01	-6.00E+01	3	1.216242E+00	5.019283E-02	1.216241E+00	5.327321E-02
	2.85E+01	-6.00E+01	4	0.000000E+00	-9.001163E+01	0.000000E+00	-2.523191E+02
	2.85E+01	-6.00E+01	5	0.000000E+00	-9.001162E+01	0.000000E+00	-1.456764E+02
	2.85E+01	-6.00E+01	6	0.000000E+00	1.800000E+02	0.000000E+00	8.396543E-17
	2.85E+01	-3.00E+01	1	0.000000E+00	8.998838E+01	0.000000E+00	2.032915E+01
	2.85E+01	-3.00E+01	2	0.000000E+00	-9.001163E+01	0.000000E+00	-1.173707E+01
	2.85E+01	-3.00E+01	3	1.216248E+00	5.019329E-02	1.216248E+00	5.327398E-02
	2.85E+01	-3.00E+01	4	0.000000E+00	-9.001163E+01	0.000000E+00	-1.456763E+02
	2.85E+01	-3.00E+01	5	0.000000E+00	-9.001163E+01	0.000000E+00	-2.523181E+02
	2.85E+01	-3.00E+01	6	0.000000E+00	1.800000E+02	0.000000E+00	8.396534E-17
	2.85E+01	0.00E+00	1	0.000000E+00	8.998838E+01	0.000000E+00	2.347410E+01
	2.85E+01	0.00E+00	2	0.000000E+00	9.000000E+01	0.000000E+00	0.000000E+00
	2.85E+01	0.00E+00	3	1.216247E+00	5.019299E-02	1.216246E+00	5.327361E-02
	2.85E+01	0.00E+00	4	0.000000E+00	9.000000E+01	0.000000E+00	0.000000E+00
	2.85E+01	0.00E+00	5	0.000000E+00	-9.001163E+01	0.000000E+00	-2.913517E+02
	2.85E+01	0.00E+00	6	0.000000E+00	9.000000E+01	0.000000E+00	0.000000E+00
	2.85E+01	3.00E+01	1	0.000000E+00	8.998838E+01	0.000000E+00	2.032915E+01
	2.85E+01	3.00E+01	2	0.000000E+00	8.998838E+01	0.000000E+00	1.173707E+01
	2.85E+01	3.00E+01	3	1.216248E+00	5.019329E-02	1.216248E+00	5.327398E-02
	2.85E+01	3.00E+01	4	0.000000E+00	8.998838E+01	0.000000E+00	1.456763E+02
	2.85E+01	3.00E+01	5	0.000000E+00	-9.001163E+01	0.000000E+00	-2.523181E+02
	2.85E+01	3.00E+01	6	0.000000E+00	-1.795428E-06	0.000000E+00	-8.396534E-17
	2.85E+01	6.00E+01	1	0.000000E+00	8.998838E+01	0.000000E+00	1.173703E+01
	2.85E+01	6.00E+01	2	0.000000E+00	8.998838E+01	0.000000E+00	2.032916E+01
	2.85E+01	6.00E+01	3	1.216242E+00	5.019283E-02	1.216241E+00	5.327321E-02
	2.85E+01	6.00E+01	4	0.000000E+00	8.998838E+01	0.000000E+00	2.523191E+02
	2.85E+01	6.00E+01	5	0.000000E+00	-9.001162E+01	0.000000E+00	-1.456764E+02
	2.85E+01	6.00E+01	6	0.000000E+00	-1.795300E-06	0.000000E+00	-8.396543E-17
	2.85E+01	9.00E+01	1	0.000000E+00	-9.001163E+01	0.000000E+00	-1.026089E-06
	2.85E+01	9.00E+01	2	0.000000E+00	8.998838E+01	0.000000E+00	2.347414E+01
	2.85E+01	9.00E+01	3	1.216254E+00	5.019311E-02	1.216254E+00	5.327407E-02
	2.85E+01	9.00E+01	4	0.000000E+00	8.998838E+01	0.000000E+00	2.913523E+02
	2.85E+01	9.00E+01	5	0.000000E+00	8.998838E+01	0.000000E+00	1.273542E-05
	2.85E+01	9.00E+01	6	0.000000E+00	9.000000E+01	0.000000E+00	8.476071E-24
	2.85E+01	1.20E+02	1	0.000000E+00	-9.001163E+01	0.000000E+00	-1.173705E+01
	2.85E+01	1.20E+02	2	0.000000E+00	8.998838E+01	0.000000E+00	2.032916E+01
	2.85E+01	1.20E+02	3	1.216242E+00	5.019283E-02	1.216241E+00	5.327321E-02
	2.85E+01	1.20E+02	4	0.000000E+00	8.998838E+01	0.000000E+00	2.523191E+02
	2.85E+01	1.20E+02	5	0.000000E+00	8.998838E+01	0.000000E+00	1.456764E+02
	2.85E+01	1.20E+02	6	0.000000E+00	1.800000E+02	0.000000E+00	8.396532E-17
	2.85E+01	1.50E+02	1	0.000000E+00	-9.001163E+01	0.000000E+00	-2.032916E+01
	2.85E+01	1.50E+02	2	0.000000E+00	8.998838E+01	0.000000E+00	1.173707E+01
	2.85E+01	1.50E+02	3	1.216248E+00	5.019329E-02	1.216248E+00	5.327398E-02
	2.85E+01	1.50E+02	4	0.000000E+00	8.998838E+01	0.000000E+00	1.456763E+02
	2.85E+01	1.50E+02	5	0.000000E+00	8.998838E+01	0.000000E+00	2.523180E+02
	2.85E+01	1.50E+02	6	0.000000E+00	1.800000E+02	0.000000E+00	8.396531E-17
	2.85E+01	1.80E+02	1	0.000000E+00	-9.001163E+01	0.000000E+00	-2.347410E+01
	2.85E+01	1.80E+02	2	0.000000E+00	-9.001163E+01	0.000000E+00	-2.052179E-06
	2.85E+01	1.80E+02	3	1.216247E+00	5.019299E-02	1.216246E+00	5.327361E-02
	2.85E+01	1.80E+02	4	0.000000E+00	-9.001163E+01	0.000000E+00	-2.547088E-05
	2.85E+01	1.80E+02	5	0.000000E+00	8.998838E+01	0.000000E+00	2.913517E+02
	2.85E+01	1.80E+02	6	0.000000E+00	-9.000000E+01	0.000000E+00	-1.695215E-23
	2.90E+01	-1.80E+02	1	0.000000E+00	-9.001096E+01	0.000000E+00	-2.299986E+01
	2.90E+01	-1.80E+02	2	0.000000E+00	8.998904E+01	0.000000E+00	2.010713E-06
	2.90E+01	-1.80E+02	3	1.227823E+00	4.797629E-02	1.227822E+00	5.140552E-02
	2.90E+01	-1.80E+02	4	0.000000E+00	8.998904E+01	0.000000E+00	2.496877E-05
	2.90E+01	-1.80E+02	5	0.000000E+00	8.998904E+01	0.000000E+00	2.856094E+02
	2.90E+01	-1.80E+02	6	0.000000E+00	9.000000E+01	0.000000E+00	1.466882E-23
	2.90E+01	-1.50E+02	1	0.000000E+00	-9.001096E+01	0.000000E+00	-1.991852E+01
	2.90E+01	-1.50E+02	2	0.000000E+00	-9.001096E+01	0.000000E+00	-1.149997E+01
	2.90E+01	-1.50E+02	3	1.227828E+00	4.797699E-02	1.227828E+00	5.140649E-02
	2.90E+01	-1.50E+02	4	0.000000E+00	-9.001096E+01	0.000000E+00	-1.428043E+02
	2.90E+01	-1.50E+02	5	0.000000E+00	8.998904E+01	0.000000E+00	2.473446E+02
	2.90E+01	-1.50E+02	6	0.000000E+00	-1.621692E-06	0.000000E+00	-7.265575E-17
	2.90E+01	-1.20E+02	1	0.000000E+00	-9.001096E+01	0.000000E+00	-1.149992E+01
	2.90E+01	-1.20E+02	2	0.000000E+00	-9.001096E+01	0.000000E+00	-1.991854E+01
	2.90E+01	-1.20E+02	3	1.227839E+00	4.797643E-02	1.227838E+00	5.140631E-02
	2.90E+01	-1.20E+02	4	0.000000E+00	-9.001096E+01	0.000000E+00	-2.473450E+02
	2.90E+01	-1.20E+02	5	0.000000E+00	8.998904E+01	0.000000E+00	1.428045E+02
	2.90E+01	-1.20E+02	6	0.000000E+00	-1.621577E-06	0.000000E+00	-7.265572E-17
	2.90E+01	-9.00E+01	1	0.000000E+00	-9.001096E+01	0.000000E+00	-1.005356E-06
	2.90E+01	-9.00E+01	2	0.000000E+00	-9.001096E+01	0.000000E+00	-2.299990E+01
	2.90E+01	-9.00E+01	3	1.227832E+00	4.797670E-02	1.227832E+00	5.140635E-02
	2.90E+01	-9.00E+01	4	0.000000E+00	-9.001096E+01	0.000000E+00	-2.856084E+02
	2.90E+01	-9.00E+01	5	0.000000E+00	8.998904E+01	0.000000E+00	1.248435E-05
	2.90E+01	-9.00E+01	6	0.000000E+00	-9.000000E+01	0.000000E+00	-7.334417E-24
	2.90E+01	-6.00E+01	1	0.000000E+00	8.998904E+01	0.000000E+00	1.149993E+01
	2.90E+01	-6.00E+01	2	0.000000E+00	-9.001096E+01	0.000000E+00	-1.991856E+01
	2.90E+01	-6.00E+01	3	1.227838E+00	4.797661E-02	1.227838E+00	5.140650E-02
	2.90E+01	-6.00E+01	4	0.000000E+00	-9.001096E+01	0.000000E+00	-2.473452E+02
	2.90E+01	-6.00E+01	5	0.000000E+00	-9.001096E+01	0.000000E+00	-1.428046E+02
	2.90E+01	-6.00E+01	6	0.000000E+00	1.800000E+02	0.000000E+00	7.265580E-17
	2.90E+01	-3.00E+01	1	0.000000E+00	8.998904E+01	0.000000E+00	1.991854E+01
	2.90E+01	-3.00E+01	2	0.000000E+00	-9.001096E+01	0.000000E+00	-1.149996E+01
	2.90E+01	-3.00E+01	3	1.227828E+00	4.797699E-02	1.227828E+00	5.140649E-02
	2.90E+01	-3.00E+01	4	0.000000E+00	-9.001096E+01	0.000000E+00	-1.428042E+02
	2.90E+01	-3.00E+01	5	0.000000E+00	-9.001096E+01	0.000000E+00	-2.473446E+02
	2.90E+01	-3.00E+01	6	0.000000E+00	1.800000E+02	0.000000E+00	7.265575E-17
	2.90E+01	0.00E+00	1	0.000000E+00	8.998904E+01	0.000000E+00	2.299986E+01
	2.90E+01	0.00E+00	2	0.000000E+00	9.000000E+01	0.000000E+00	0.000000E+00
	2.90E+01	0.00E+00	3	1.227823E+00	4.797629E-02	1.227822E+00	5.140552E-02
	2.90E+01	0.00E+00	4	0.000000E+00	9.000000E+01	0.000000E+00	0.000000E+00
	2.90E+01	0.00E+00	5	0.000000E+00	-9.001096E+01	0.000000E+00	-2.856094E+02
	2.90E+01	0.00E+00	6	0.000000E+00	9.000000E+01	0.000000E+00	0.000000E+00
	2.90E+01	3.00E+01	1	0.000000E+00	8.998904E+01	0.000000E+00	1.991854E+01
	2.90E+01	3.00E+01	2	0.000000E+00	8.998904E+01	0.000000E+00	1.149996E+01
	2.90E+01	3.00E+01	3	1.227828E+00	4.797699E-02	1.227828E+00	5.140649E-02
	2.90E+01	3.00E+01	4	0.000000E+00	8.998904E+01	0.000000E+00	1.428042E+02
	2.90E+01	3.00E+01	5	0.000000E+00	-9.001096E+01	0.000000E+00	-2.473446E+02
	2.90E+01	3.00E+01	6	0.000000E+00	-1.621692E-06	0.000000E+00	-7.265575E-17
	2.90E+01	6.00E+01	1	0.000000E+00	8.998904E+01	0.000000E+00	1.149993E+01
	2.90E+01	6.00E+01	2	0.000000E+00	8.998904E+01	0.000000E+00	1.991856E+01
	2.90E+01	6.00E+01	3	1.227838E+00	4.797661E-02	1.227838E+00	5.140650E-02
	2.90E+01	6.00E+01	4	0.000000E+00	8.998904E+01	0.000000E+00	2.473452E+02
	2.90E+01	6.00E+01	5	0.000000E+00	-9.001096E+01	0.000000E+00	-1.428046E+02
	2.90E+01	6.00E+01	6	0.000000E+00	-1.621574E-06	0.000000E+00	-7.265580E-17
	2.90E+01	9.00E+01	1	0.000000E+00	-9.001096E+01	0.000000E+00	-1.005356E-06
	2.90E+01	9.00E+01	2	0.000000E+00	8.998904E+01	0.000000E+00	2.299990E+01
	2.90E+01	9.00E+01	3	1.227832E+00	4.797670E-02	1.227832E+00	5.140635E-02
	2.90E+01	9.00E+01	4	0.000000E+00	8.998904E+01	0.000000E+00	2.856084E+02
	2.90E+01	9.00E+01	5	0.000000E+00	8.998904E+01	0.000000E+00	1.248435E-05
	2.90E+01	9.00E+01	6	0.000000E+00	9.000000E+01	0.000000E+00	7.334417E-24
	2.90E+01	1.20E+02	1	0.000000E+00	-9.001096E+01	0.000000E+00	-1.149992E+01
	2.90E+01	1.20E+02	2	0.000000E+00	8.998904E+01	0.000000E+00	1.991854E+01
	2.90E+01	1.20E+02	3	1.227839E+00	4.797643E-02	1.227838E+00	5.140631E-02
	2.90E+01	1.20E+02	4	0.000000E+00	8.998904E+01	0.000000E+00	2.473450E+02
	2.90E+01	1.20E+02	5	0.000000E+00	8.998904E+01	0.000000E+00	1.428045E+02
	2.90E+01	1.20E+02	6	0.000000E+00	1.800000E+02	0.000000E+00	7.265572E-17
	2.90E+01	1.50E+02	1	0.000000E+00	-9.001096E+01	0.000000E+00	-1.991852E+01
	2.90E+01	1.50E+02	2	0.000000E+00	8.998904E+01	0.000000E+00	1.149997E+01
	2.90E+01	1.50E+02	3	1.227828E+00	4.797699E-02	1.227828E+00	5.140649E-02
	2.90E+01	1.50E+02	4	0.000000E+00	8.998904E+01	0.000000E+00	1.428043E+02
	2.90E+01	1.50E+02	5	0.000000E+00	8.998904E+01	0.000000E+00	2.473446E+02
	2.90E+01	1.50E+02	6	0.000000E+00	1.800000E+02	0.000000E+00	7.265575E-17
	2.90E+01	1.80E+02	1	0.000000E+00	-9.001096E+01	0.000000E+00	-2.299986E+01
	2.90E+01	1.80E+02	2	0.000000E+00	-9.001096E+01	0.000000E+00	-2.010713E-06
	2.90E+01	1.80E+02	3	1.227823E+00	4.797629E-02	1.227822E+00	5.140552E-02
	2.90E+01	1.80E+02	4	0.000000E+00	-9.001096E+01	0.000000E+00	-2.496877E-05
	2.90E+01	1.80E+02	5	0.000000E+00	8.998904E+01	0.000000E+00	2.856094E+02
	2.90E+01	1.80E+02	6	0.000000E+00	-9.000000E+01	0.000000E+00	-1.466882E-23
	2.95E+01	-1.80E+02	1	0.000000E+00	-9.001036E+01	0.000000E+00	-2.254563E+01
	2.95E+01	-1.80E+02	2	0.000000E+00	8.998964E+01	0.000000E+00	1.971015E-06
	2.95E+01	-1.80E+02	3	1.238887E+00	4.590891E-02	1.238887E+00	4.963364E-02
	2.95E+01	-1.80E+02	4	0.000000E+00	8.998964E+01	0.000000E+00	2.448734E-05
	2.95E+01	-1.80E+02	5	0.000000E+00	8.998964E+01	0.000000E+00	2.801028E+02
	2.95E+01	-1.80E+02	6	0.000000E+00	9.000000E+01	0.000000E+00	1.272031E-23
	2.95E+01	-1.50E+02	1	0.000000E+00	-9.001036E+01	0.000000E+00	-1.952508E+01
	2.95E+01	-1.50E+02	2	0.000000E+00	-9.001036E+01	0.000000E+00	-1.127288E+01
	2.95E+01	-1.50E+02	3	1.238876E+00	4.590907E-02	1.238875E+00	4.963334E-02
	2.95E+01	-1.50E+02	4	0.000000E+00	-9.001036E+01	0.000000E+00	-1.400510E+02
	2.95E+01	-1.50E+02	5	0.000000E+00	8.998964E+01	0.000000E+00	2.425740E+02
	2.95E+01	-1.50E+02	6	0.000000E+00	-1.466397E-06	0.000000E+00	-6.300479E-17
	2.95E+01	-1.20E+02	1	0.000000E+00	-9.001036E+01	0.000000E+00	-1.127283E+01
	2.95E+01	-1.20E+02	2	0.000000E+00	-9.001036E+01	0.000000E+00	-1.952522E+01
	2.95E+01	-1.20E+02	3	1.238895E+00	4.590966E-02	1.238895E+00	4.963477E-02
	2.95E+01	-1.20E+02	4	0.000000E+00	-9.001036E+01	0.000000E+00	-2.425752E+02
	2.95E+01	-1.20E+02	5	0.000000E+00	8.998964E+01	0.000000E+00	1.400517E+02
	2.95E+01	-1.20E+02	6	0.000000E+00	-1.466302E-06	0.000000E+00	-6.300492E-17
	2.95E+01	-9.00E+01	1	0.000000E+00	-9.001036E+01	0.000000E+00	-9.855020E-07
	2.95E+01	-9.00E+01	2	0.000000E+00	-9.001036E+01	0.000000E+00	-2.254574E+01
	2.95E+01	-9.00E+01	3	1.238899E+00	4.590895E-02	1.238899E+00	4.963414E-02
	2.95E+01	-9.00E+01	4	0.000000E+00	-9.001036E+01	0.000000E+00	-2.801020E+02
	2.95E+01	-9.00E+01	5	0.000000E+00	8.998964E+01	0.000000E+00	1.224363E-05
	2.95E+01	-9.00E+01	6	0.000000E+00	-9.000000E+01	0.000000E+00	-6.360150E-24
	2.95E+01	-6.00E+01	1	0.000000E+00	8.998964E+01	0.000000E+00	1.127283E+01
	2.95E+01	-6.00E+01	2	0.000000E+00	-9.001036E+01	0.000000E+00	-1.952521E+01
	2.95E+01	-6.00E+01	3	1.238895E+00	4.590966E-02	1.238895E+00	4.963477E-02
	2.95E+01	-6.00E+01	4	0.000000E+00	-9.001036E+01	0.000000E+00	-2.425751E+02
	2.95E+01	-6.00E+01	5	0.000000E+00	-9.001036E+01	0.000000E+00	-1.400518E+02
	2.95E+01	-6.00E+01	6	0.000000E+00	1.800000E+02	0.000000E+00	6.300484E-17
	2.95E+01	-3.00E+01	1	0.000000E+00	8.998964E+01	0.000000E+00	1.952507E+01
	2.95E+01	-3.00E+01	2	0.000000E+00	-9.001036E+01	0.000000E+00	-1.127288E+01
	2.95E+01	-3.00E+01	3	1.238876E+00	4.590907E-02	1.238875E+00	4.963334E-02
	2.95E+01	-3.00E+01	4	0.000000E+00	-9.001036E+01	0.000000E+00	-1.400510E+02
	2.95E+01	-3.00E+01	5	0.000000E+00	-9.001036E+01	0.000000E+00	-2.425740E+02
	2.95E+01	-3.00E+01	6	0.000000E+00	1.800000E+02	0.000000E+00	6.300475E-17
	2.95E+01	0.00E+00	1	0.000000E+00	8.998964E+01	0.000000E+00	2.254563E+01
	2.95E+01	0.00E+00	2	0.000000E+00	9.000000E+01	0.000000E+00	0.000000E+00
	2.95E+01	0.00E+00	3	1.238887E+00	4.590891E-02	1.238887E+00	4.963364E-02
	2.95E+01	0.00E+00	4	0.000000E+00	9.000000E+01	0.000000E+00	0.000000E+00
	2.95E+01	0.00E+00	5	0.000000E+00	-9.001036E+01	0.000000E+00	-2.801028E+02
	2.95E+01	0.00E+00	6	0.000000E+00	9.000000E+01	0.000000E+00	0.000000E+00
	2.95E+01	3.00E+01	1	0.000000E+00	8.998964E+01	0.000000E+00	1.952507E+01
	2.95E+01	3.00E+01	2	0.000000E+00	8.998964E+01	0.000000E+00	1.127288E+01
	2.95E+01	3.00E+01	3	1.238876E+00	4.590907E-02	1.238875E+00	4.963334E-02
	2.95E+01	3.00E+01	4	0.000000E+00	8.998964E+01	0.000000E+00	1.400510E+02
	2.95E+01	3.00E+01	5	0.000000E+00	-9.001036E+01	0.000000E+00	-2.425740E+02
	2.95E+01	3.00E+01	6	0.000000E+00	-1.466395E-06	0.000000E+00	-6.300475E-17
	2.95E+01	6.00E+01	1	0.000000E+00	8.998964E+01	0.000000E+00	1.127283E+01
	2.95E+01	6.00E+01	2	0.000000E+00	8.998964E+01	0.000000E+00	1.952521E+01
	2.95E+01	6.00E+01	3	1.238895E+00	4.590966E-02	1.238895E+00	4.963477E-02
	2.95E+01	6.00E+01	4	0.000000E+00	8.998964E+01	0.000000E+00	2.425751E+02
	2.95E+01	6.00E+01	5	0.000000E+00	-9.001036E+01	0.000000E+00	-1.400518E+02
	2.95E+01	6.00E+01	6	0.000000E+00	-1.466299E-06	0.000000E+00	-6.300484E-17
	2.95E+01	9.00E+01	1	0.000000E+00	-9.001036E+01	0.000000E+00	-9.855020E-07
	2.95E+01	9.00E+01	2	0.000000E+00	8.998964E+01	0.000000E+00	2.254574E+01
	2.95E+01	9.00E+01	3	1.238899E+00	4.590895E-02	1.238899E+00	4.963414E-02
	2.95E+01	9.00E+01	4	0.000000E+00	8.998964E+01	0.000000E+00	2.801020E+02
	2.95E+01	9.00E+01	5	0.000000E+00	8.998964E+01	0.000000E+00	1.224363E-05
	2.95E+01	9.00E+01	6	0.000000E+00	9.000000E+01	0.000000E+00	6.360150E-24
	2.95E+01	1.20E+02	1	0.000000E+00	-9.001036E+01	0.000000E+00	-1.127283E+01
	2.95E+01	1.20E+02	2	0.000000E+00	8.998964E+01	0.000000E+00	1.952522E+01
	2.95E+01	1.20E+02	3	1.238895E+00	4.590966E-02	1.238895E+00	4.963477E-02
	2.95E+01	1.20E+02	4	0.000000E+00	8.998964E+01	0.000000E+00	2.425752E+02
	2.95E+01	1.20E+02	5	0.000000E+00	8.998964E+01	0.000000E+00	1.400517E+02
	2.95E+01	1.20E+02	6	0.000000E+00	1.800000E+02	0.000000E+00	6.300492E-17
	2.95E+01	1.50E+02	1	0.000000E+00	-9.001036E+01	0.000000E+00	-1.952508E+01
	2.95E+01	1.50E+02	2	0.000000E+00	8.998964E+01	0.000000E+00	1.127288E+01
	2.95E+01	1.50E+02	3	1.238876E+00	4.590907E-02	1.238875E+00	4.963334E-02
	2.95E+01	1.50E+02	4	0.000000E+00	8.998964E+01	0.000000E+00	1.400510E+02
	2.95E+01	1.50E+02	5	0.000000E+00	8.998964E+01	0.000000E+00	2.425740E+02
	2.95E+01	1.50E+02	6	0.000000E+00	1.800000E+02	0.000000E+00	6.300479E-17
	2.95E+01	1.80E+02	1	0.000000E+00	-9.001036E+01	0.000000E+00	-2.254563E+01
	2.95E+01	1.80E+02	2	0.000000E+00	-9.001036E+01	0.000000E+00	-1.971015E-06
	2.95E+01	1.80E+02	3	1.238887E+00	4.590891E-02	1.238887E+00	4.963364E-02
	2.95E+01	1.80E+02	4	0.000000E+00	-9.001036E+01	0.000000E+00	-2.448734E-05
	2.95E+01	1.80E+02	5	0.000000E+00	8.998964E+01	0.000000E+00	2.801028E+02
	2.95E+01	1.80E+02	6	0.000000E+00	-9.000000E+01	0.000000E+00	-1.272031E-23
	3.00E+01	-1.80E+02	1	0.000000E+00	-9.000980E+01	0.000000E+00	-2.211023E+01
	3.00E+01	-1.80E+02	2	0.000000E+00	8.999020E+01	0.000000E+00	1.932941E-06
	3.00E+01	-1.80E+02	3	1.249426E+00	4.397536E-02	1.249425E+00	4.794764E-02
	3.00E+01	-1.80E+02	4	0.000000E+00	8.999020E+01	0.000000E+00	2.402517E-05
	3.00E+01	-1.80E+02	5	0.000000E+00	8.999020E+01	0.000000E+00	2.748163E+02
	3.00E+01	-1.80E+02	6	0.000000E+00	9.000000E+01	0.000000E+00	1.109267E-23
	3.00E+01	-1.50E+02	1	0.000000E+00	-9.000980E+01	0.000000E+00	-1.914805E+01
	3.00E+01	-1.50E+02	2	0.000000E+00	-9.000980E+01	0.000000E+00	-1.105515E+01
	3.00E+01	-1.50E+02	3	1.249421E+00	4.397541E-02	1.249420E+00	4.794750E-02
	3.00E+01	-1.50E+02	4	0.000000E+00	-9.000980E+01	0.000000E+00	-1.374083E+02
	3.00E+01	-1.50E+02	5	0.000000E+00	8.999020E+01	0.000000E+00	2.379974E+02
	3.00E+01	-1.50E+02	6	0.000000E+00	-1.332118E-06	0.000000E+00	-5.494302E-17
	3.00E+01	-1.20E+02	1	0.000000E+00	-9.000980E+01	0.000000E+00	-1.105509E+01
	3.00E+01	-1.20E+02	2	0.000000E+00	-9.000980E+01	0.000000E+00	-1.914806E+01
	3.00E+01	-1.20E+02	3	1.249436E+00	4.397511E-02	1.249436E+00	4.794776E-02
	3.00E+01	-1.20E+02	4	0.000000E+00	-9.000980E+01	0.000000E+00	-2.379984E+02
	3.00E+01	-1.20E+02	5	0.000000E+00	8.999020E+01	0.000000E+00	1.374075E+02
	3.00E+01	-1.20E+02	6	0.000000E+00	-1.332032E-06	0.000000E+00	-5.494301E-17
	3.00E+01	-9.00E+01	1	0.000000E+00	-9.000980E+01	0.000000E+00	-9.664699E-07
	3.00E+01	-9.00E+01	2	0.000000E+00	-9.000980E+01	0.000000E+00	-2.211027E+01
	3.00E+01	-9.00E+01	3	1.249421E+00	4.397578E-02	1.249421E+00	4.794792E-02
	3.00E+01	-9.00E+01	4	0.000000E+00	-9.000980E+01	0.000000E+00	-2.748170E+02
	3.00E+01	-9.00E+01	5	0.000000E+00	8.999020E+01	0.000000E+00	1.201258E-05
	3.00E+01	-9.00E+01	6	0.000000E+00	-9.000000E+01	0.000000E+00	-5.546335E-24
	3.00E+01	-6.00E+01	1	0.000000E+00	8.999020E+01	0.000000E+00	1.105510E+01
	3.00E+01	-6.00E+01	2	0.000000E+00	-9.000980E+01	0.000000E+00	-1.914806E+01
	3.00E+01	-6.00E+01	3	1.249436E+00	4.397511E-02	1.249436E+00	4.794776E-02
	3.00E+01	-6.00E+01	4	0.000000E+00	-9.000980E+01	0.000000E+00	-2.379985E+02
	3.00E+01	-6.00E+01	5	0.000000E+00	-9.000980E+01	0.000000E+00	-1.374075E+02
	3.00E+01	-6.00E+01	6	0.000000E+00	1.800000E+02	0.000000E+00	5.494301E-17
	3.00E+01	-3.00E+01	1	0.000000E+00	8.999020E+01	0.000000E+00	1.914806E+01
	3.00E+01	-3.00E+01	2	0.000000E+00	-9.000980E+01	0.000000E+00	-1.105515E+01
	3.00E+01	-3.00E+01	3	1.249421E+00	4.397541E-02	1.249420E+00	4.794750E-02
	3.00E+01	-3.00E+01	4	0.000000E+00	-9.000980E+01	0.000000E+00	-1.374082E+02
	3.00E+01	-3.00E+01	5	0.000000E+00	-9.000980E+01	0.000000E+00	-2.379975E+02
	3.00E+01	-3.00E+01	6	0.000000E+00	1.800000E+02	0.000000E+00	5.494306E-17
	3.00E+01	0.00E+00	1	0.000000E+00	8.999020E+01	0.000000E+00	2.211023E+01
	3.00E+01	0.00E+00	2	0.000000E+00	9.000000E+01	0.000000E+00	0.000000E+00
	3.00E+01	0.00E+00	3	1.249426E+00	4.397536E-02	1.249425E+00	4.794764E-02
	3.00E+01	0.00E+00	4	0.000000E+00	9.000000E+01	0.000000E+00	0.000000E+00
	3.00E+01	0.00E+00	5	0.000000E+00	-9.000980E+01	0.000000E+00	-2.748163E+02
	3.00E+01	0.00E+00	6	0.000000E+00	9.000000E+01	0.000000E+00	0.000000E+00
	3.00E+01	3.00E+01	1	0.000000E+00	8.999020E+01	0.000000E+00	1.914806E+01
	3.00E+01	3.00E+01	2	0.000000E+00	8.999020E+01	0.000000E+00	1.105515E+01
	3.00E+01	3.00E+01	3	1.249421E+00	4.397541E-02	1.249420E+00	4.794750E-02
	3.00E+01	3.00E+01	4	0.000000E+00	8.999020E+01	0.000000E+00	1.374082E+02
	3.00E+01	3.00E+01	5	0.000000E+00	-9.000980E+01	0.000000E+00	-2.379975E+02
	3.00E+01	3.00E+01	6	0.000000E+00	-1.332120E-06	0.000000E+00	-5.494306E-17
	3.00E+01	6.00E+01	1	0.000000E+00	8.999020E+01	0.000000E+00	1.105510E+01
	3.00E+01	6.00E+01	2	0.000000E+00	8.999020E+01	0.000000E+00	1.914806E+01
	3.00E+01	6.00E+01	3	1.249436E+00	4.397511E-02	1.249436E+00	4.794776E-02
	3.00E+01	6.00E+01	4	0.000000E+00	8.999020E+01	0.000000E+00	2.379985E+02
	3.00E+01	6.00E+01	5	0.000000E+00	-9.000980E+01	0.000000E+00	-1.374075E+02
	3.00E+01	6.00E+01	6	0.000000E+00	-1.332032E-06	0.000000E+00	-5.494301E-17
	3.00E+01	9.00E+01	1	0.000000E+00	-9.000980E+01	0.000000E+00	-9.664699E-07
	3.00E+01	9.00E+01	2	0.000000E+00	8.999020E+01	0.000000E+00	2.211027E+01
	3.00E+01	9.00E+01	3	1.249421E+00	4.397578E-02	1.249421E+00	4.794792E-02
	3.00E+01	9.00E+01	4	0.000000E+00	8.999020E+01	0.000000E+00	2.748170E+02
	3.00E+01	9.00E+01	5	0.000000E+00	8.999020E+01	0.000000E+00	1.201258E-05
	3.00E+01	9.00E+01	6	0.000000E+00	9.000000E+01	0.000000E+00	5.546335E-24
	3.00E+01	1.20E+02	1	0.000000E+00	-9.000980E+01	0.000000E+00	-1.105509E+01
	3.00E+01	1.20E+02	2	0.000000E+00	8.999020E+01	0.000000E+00	1.914806E+01
	3.00E+01	1.20E+02	3	1.249436E+00	4.397511E-02	1.249436E+00	4.794776E-02
	3.00E+01	1.20E+02	4	0.000000E+00	8.999020E+01	0.000000E+00	2.379984E+02
	3.00E+01	1.20E+02	5	0.000000E+00	8.999020E+01	0.000000E+00	1.374075E+02
	3.00E+01	1.20E+02	6	0.000000E+00	1.800000E+02	0.000000E+00	5.494301E-17
	3.00E+01	1.50E+02	1	0.000000E+00	-9.000980E+01	0.000000E+00	-1.914805E+01
	3.00E+01	1.50E+02	2	0.000000E+00	8.999020E+01	0.000000E+00	1.105515E+01
	3.00E+01	1.50E+02	3	1.249421E+00	4.397541E-02	1.249420E+00	4.794750E-02
	3.00E+01	1.50E+02	4	0.000000E+00	8.999020E+01	0.000000E+00	1.374083E+02
	3.00E+01	1.50E+02	5	0.000000E+00	8.999020E+01	0.000000E+00	2.379974E+02
	3.00E+01	1.50E+02	6	0.000000E+00	1.800000E+02	0.000000E+00	5.494302E-17
	3.00E+01	1.80E+02	1	0.000000E+00	-9.000980E+01	0.000000E+00	-2.211023E+01
	3.00E+01	1.80E+02	2	0.000000E+00	-9.000980E+01	0.000000E+00	-1.932941E-06
	3.00E+01	1.80E+02	3	1.249426E+00	4.397536E-02	1.249425E+00	4.794764E-02
	3.00E+01	1.80E+02	4	0.000000E+00	-9.000980E+01	0.000000E+00	-2.402517E-05
	3.00E+01	1.80E+02	5	0.000000E+00	8.999020E+01	0.000000E+00	2.748163E+02
	3.00E+01	1.80E+02	6	0.000000E+00	-9.000000E+01	0.000000E+00	-1.109267E-23
	3.05E+01	-1.80E+02	1	0.000000E+00	-9.000929E+01	0.000000E+00	-2.169233E+01
	3.05E+01	-1.80E+02	2	0.000000E+00	8.999071E+01	0.000000E+00	1.896410E-06
	3.05E+01	-1.80E+02	3	1.259508E+00	4.216399E-02	1.259508E+00	4.634362E-02
	3.05E+01	-1.80E+02	4	0.000000E+00	8.999071E+01	0.000000E+00	2.358113E-05
	3.05E+01	-1.80E+02	5	0.000000E+00	8.999071E+01	0.000000E+00	2.697370E+02
	3.05E+01	-1.80E+02	6	0.000000E+00	9.000000E+01	0.000000E+00	9.691823E-24
	3.05E+01	-1.50E+02	1	0.000000E+00	-9.000929E+01	0.000000E+00	-1.878612E+01
	3.05E+01	-1.50E+02	2	0.000000E+00	-9.000929E+01	0.000000E+00	-1.084620E+01
	3.05E+01	-1.50E+02	3	1.259501E+00	4.216373E-02	1.259501E+00	4.634307E-02
	3.05E+01	-1.50E+02	4	0.000000E+00	-9.000929E+01	0.000000E+00	-1.348688E+02
	3.05E+01	-1.50E+02	5	0.000000E+00	8.999071E+01	0.000000E+00	2.335974E+02
	3.05E+01	-1.50E+02	6	0.000000E+00	-1.211323E-06	0.000000E+00	-4.800454E-17
	3.05E+01	-1.20E+02	1	0.000000E+00	-9.000929E+01	0.000000E+00	-1.084615E+01
	3.05E+01	-1.20E+02	2	0.000000E+00	-9.000929E+01	0.000000E+00	-1.878620E+01
	3.05E+01	-1.20E+02	3	1.259503E+00	4.216306E-02	1.259503E+00	4.634243E-02
	3.05E+01	-1.20E+02	4	0.000000E+00	-9.000929E+01	0.000000E+00	-2.335974E+02
	3.05E+01	-1.20E+02	5	0.000000E+00	8.999071E+01	0.000000E+00	1.348689E+02
	3.05E+01	-1.20E+02	6	0.000000E+00	-1.211249E-06	0.000000E+00	-4.800451E-17
	3.05E+01	-9.00E+01	1	0.000000E+00	-9.000929E+01	0.000000E+00	-9.482084E-07
	3.05E+01	-9.00E+01	2	0.000000E+00	-9.000929E+01	0.000000E+00	-2.169239E+01
	3.05E+01	-9.00E+01	3	1.259481E+00	4.216401E-02	1.259480E+00	4.634264E-02
	3.05E+01	-9.00E+01	4	0.000000E+00	-9.000929E+01	0.000000E+00	-2.697369E+02
	3.05E+01	-9.00E+01	5	0.000000E+00	8.999071E+01	0.000000E+00	1.179051E-05
	3.05E+01	-9.00E+01	6	0.000000E+00	-9.000000E+01	0.000000E+00	-4.845920E-24
	3.05E+01	-6.00E+01	1	0.000000E+00	8.999071E+01	0.000000E+00	1.084616E+01
	3.05E+01	-6.00E+01	2	0.000000E+00	-9.000929E+01	0.000000E+00	-1.878621E+01
	3.05E+01	-6.00E+01	3	1.259504E+00	4.216323E-02	1.259504E+00	4.634264E-02
	3.05E+01	-6.00E+01	4	0.000000E+00	-9.000929E+01	0.000000E+00	-2.335977E+02
	3.05E+01	-6.00E+01	5	0.000000E+00	-9.000929E+01	0.000000E+00	-1.348688E+02
	3.05E+01	-6.00E+01	6	0.000000E+00	1.800000E+02	0.000000E+00	4.800449E-17
	3.05E+01	-3.00E+01	1	0.000000E+00	8.999071E+01	0.000000E+00	1.878613E+01
	3.05E+01	-3.00E+01	2	0.000000E+00	-9.000929E+01	0.000000E+00	-1.084619E+01
	3.05E+01	-3.00E+01	3	1.259501E+00	4.216373E-02	1.259501E+00	4.634307E-02
	3.05E+01	-3.00E+01	4	0.000000E+00	-9.000929E+01	0.000000E+00	-1.348689E+02
	3.05E+01	-3.00E+01	5	0.000000E+00	-9.000929E+01	0.000000E+00	-2.335974E+02
	3.05E+01	-3.00E+01	6	0.000000E+00	1.800000E+02	0.000000E+00	4.800457E-17
	3.05E+01	0.00E+00	1	0.000000E+00	8.999071E+01	0.000000E+00	2.169233E+01
	3.05E+01	0.00E+00	2	0.000000E+00	9.000000E+01	0.000000E+00	0.000000E+00
	3.05E+01	0.00E+00	3	1.259508E+00	4.216399E-02	1.259508E+00	4.634362E-02
	3.05E+01	0.00E+00	4	0.000000E+00	9.000000E+01	0.000000E+00	0.000000E+00
	3.05E+01	0.00E+00	5	0.000000E+00	-9.000929E+01	0.000000E+00	-2.697370E+02
	3.05E+01	0.00E+00	6	0.000000E+00	9.000000E+01	0.000000E+00	0.000000E+00
	3.05E+01	3.00E+01	1	0.000000E+00	8.999071E+01	0.000000E+00	1.878613E+01
	3.05E+01	3.00E+01	2	0.000000E+00	8.999071E+01	0.000000E+00	1.084619E+01
	3.05E+01	3.00E+01	3	1.259501E+00	4.216373E-02	1.259501E+00	4.634307E-02
	3.05E+01	3.00E+01	4	0.000000E+00	8.999071E+01	0.000000E+00	1.348689E+02
	3.05E+01	3.00E+01	5	0.000000E+00	-9.000929E+01	0.000000E+00	-2.335974E+02
	3.05E+01	3.00E+01	6	0.000000E+00	-1.211325E-06	0.000000E+00	-4.800457E-17
	3.05E+01	6.00E+01	1	0.000000E+00	8.999071E+01	0.000000E+00	1.084616E+01
	3.05E+01	6.00E+01	2	0.000000E+00	8.999071E+01	0.000000E+00	1.878621E+01
	3.05E+01	6.00E+01	3	1.259504E+00	4.216323E-02	1.259504E+00	4.634264E-02
	3.05E+01	6.00E+01	4	0.000000E+00	8.999071E+01	0.000000E+00	2.335977E+02
	3.05E+01	6.00E+01	5	0.000000E+00	-9.000929E+01	0.000000E+00	-1.348688E+02
	3.05E+01	6.00E+01	6	0.000000E+00	-1.211248E-06	0.000000E+00	-4.800449E-17
	3.05E+01	9.00E+01	1	0.000000E+00	-9.000929E+01	0.000000E+00	-9.482084E-07
	3.05E+01	9.00E+01	2	0.000000E+00	8.999071E+01	0.000000E+00	2.169239E+01
	3.05E+01	9.00E+01	3	1.259481E+00	4.216401E-02	1.259480E+00	4.634264E-02
	3.05E+01	9.00E+01	4	0.000000E+00	8.999071E+01	0.000000E+00	2.697369E+02
	3.05E+01	9.00E+01	5	0.000000E+00	8.999071E+01	0.000000E+00	1.179051E-05
	3.05E+01	9.00E+01	6	0.000000E+00	9.000000E+01	0.000000E+00	4.845920E-24
	3.05E+01	1.20E+02	1	0.000000E+00	-9.000929E+01	0.000000E+00	-1.084615E+01
	3.05E+01	1.20E+02	2	0.000000E+00	8.999071E+01	0.000000E+00	1.878620E+01
	3.05E+01	1.20E+02	3	1.259503E+00	4.216306E-02	1.259503E+00	4.634243E-02
	3.05E+01	1.20E+02	4	0.000000E+00	8.999071E+01	0.000000E+00	2.335974E+02
	3.05E+01	1.20E+02	5	0.000000E+00	8.999071E+01	0.000000E+00	1.348689E+02
	3.05E+01	1.20E+02	6	0.000000E+00	1.800000E+02	0.000000E+00	4.800451E-17
	3.05E+01	1.50E+02	1	0.000000E+00	-9.000929E+01	0.000000E+00	-1.878612E+01
	3.05E+01	1.50E+02	2	0.000000E+00	8.999071E+01	0.000000E+00	1.084620E+01
	3.05E+01	1.50E+02	3	1.259501E+00	4.216373E-02	1.259501E+00	4.634307E-02
	3.05E+01	1.50E+02	4	0.000000E+00	8.999071E+01	0.000000E+00	1.348688E+02
	3.05E+01	1.50E+02	5	0.000000E+00	8.999071E+01	0.000000E+00	2.335974E+02
	3.05E+01	1.50E+02	6	0.000000E+00	1.800000E+02	0.000000E+00	4.800454E-17
	3.05E+01	1.80E+02	1	0.000000E+00	-9.000929E+01	0.000000E+00	-2.169233E+01
	3.05E+01	1.80E+02	2	0.000000E+00	-9.000929E+01	0.000000E+00	-1.896410E-06
	3.05E+01	1.80E+02	3	1.259508E+00	4.216399E-02	1.259508E+00	4.634362E-02
	3.05E+01	1.80E+02	4	0.000000E+00	-9.000929E+01	0.000000E+00	-2.358113E-05
	3.05E+01	1.80E+02	5	0.000000E+00	8.999071E+01	0.000000E+00	2.697370E+02
	3.05E+01	1.80E+02	6	0.000000E+00	-9.000000E+01	0.000000E+00	-9.691823E-24
